steps,returns
10000,73.71875
20000,93.60156
30000,96.94531
40000,109.765625
50000,105.49219
60000,109.16406
70000,120.421875
80000,121.34375
90000,117.80469
100000,112.32031
