steps,returns
100000.0,842.18256
200000.0,861.08606
300000.0,1215.2175
400000.0,1122.1406
500000.0,825.8817
600000.0,519.04266
700000.0,878.8873
800000.0,903.1865
900000.0,1141.3955
1000000.0,1079.3818
