steps,returns
5000,9.34375
10000,16.921875
15000,44.234375
20000,183.25
25000,162.5
30000,146.53125
35000,100.984375
40000,116.90625
45000,86.25
50000,357.9297
