steps,returns
1000000,-18.125
2000000,-18.390625
3000000,-17.71875
4000000,-17.390625
5000000,-17.4375
6000000,-17.078125
7000000,-17.5625
8000000,-16.78125
9000000,-16.8125
10000000,-15.796875
