steps,returns
100000.0,24.675444
200000.0,-306.89334
300000.0,-914.7302
400000.0,-5970.3643
500000.0,-32093.451
600000.0,-67839.47
700000.0,-140113.62
800000.0,-323282.2
900000.0,-879288.6
1000000.0,-1973666.8
