steps,returns
1000000,227.8125
2000000,71.40625
3000000,121.71875
4000000,104.53125
5000000,220.9375
6000000,262.1875
7000000,29.21875
8000000,226.875
9000000,465.46875
10000000,121.875
