steps,returns
10000,133.3125
20000,33.90625
30000,500.0
40000,24.835938
50000,500.0
60000,500.0
70000,148.16406
80000,500.0
90000,122.78906
100000,500.0
