steps,returns
100000.0,1027.4052
200000.0,977.7175
300000.0,875.36755
400000.0,804.22833
500000.0,724.9678
600000.0,700.9182
700000.0,732.7894
800000.0,710.9226
900000.0,688.87317
1000000.0,649.4475
