steps,returns
100000.0,1071.2114
200000.0,982.05225
300000.0,1000.76636
400000.0,418.33188
500000.0,-605.8376
600000.0,-836.2706
700000.0,-819.968
800000.0,-744.5742
900000.0,-635.2733
1000000.0,-510.99832
