steps,returns
10000,129.03125
20000,236.9375
30000,398.59375
40000,319.5078
50000,500.0
60000,500.0
70000,500.0
80000,493.0547
90000,500.0
100000,487.71094
