steps,returns
100000.0,777.7167
200000.0,778.50195
300000.0,749.4513
400000.0,735.6834
500000.0,711.65485
600000.0,696.3927
700000.0,688.3946
800000.0,688.7721
900000.0,686.64404
1000000.0,686.98944
