steps,returns
10000,199.25781
20000,495.84375
30000,139.82812
40000,500.0
50000,461.6797
60000,500.0
70000,126.83594
80000,500.0
90000,500.0
100000,500.0
