steps,returns
10000,103.140625
20000,442.02344
30000,500.0
40000,65.53125
50000,500.0
60000,500.0
70000,18.851562
80000,500.0
90000,500.0
100000,500.0
