steps,returns
100000.0,1023.7368
200000.0,965.8347
300000.0,867.62354
400000.0,786.57916
500000.0,702.44073
600000.0,602.391
700000.0,476.39136
800000.0,423.0133
900000.0,242.30283
1000000.0,145.1585
