steps,returns
5000,68.63281
10000,22.3125
15000,120.60156
20000,173.8125
25000,134.42969
30000,168.39062
35000,147.9375
40000,143.125
45000,128.76562
50000,119.453125
