steps,returns
100000.0,842.38995
200000.0,537.305
300000.0,388.77298
400000.0,345.90128
500000.0,328.9332
600000.0,317.3457
700000.0,306.89395
800000.0,298.09183
900000.0,294.71564
1000000.0,284.37244
