steps,returns
100000.0,1009.34546
200000.0,1157.3135
300000.0,1134.1334
400000.0,1118.3527
500000.0,977.9805
600000.0,902.0695
700000.0,827.98004
800000.0,780.11206
900000.0,746.9925
1000000.0,757.12524
