steps,returns
100000.0,70.56117
200000.0,38.326065
300000.0,518.1714
400000.0,712.4946
500000.0,964.9631
600000.0,824.6448
700000.0,489.7569
800000.0,559.95856
900000.0,95.616165
1000000.0,-854.5017
