steps,returns
1000000,524.21875
2000000,535.15625
3000000,672.85156
4000000,587.8906
5000000,590.8203
6000000,884.5703
7000000,503.3203
8000000,496.48438
9000000,497.85156
10000000,546.6797
