steps,returns
100000.0,1054.5227
200000.0,561.1372
300000.0,434.66968
400000.0,480.3597
500000.0,551.38684
600000.0,592.00464
700000.0,434.04327
800000.0,523.28705
900000.0,971.01025
1000000.0,1048.987
