steps,returns
5000,77.265625
10000,79.0625
15000,77.08594
20000,84.25781
25000,88.828125
30000,81.75
35000,85.75
40000,88.625
45000,90.1875
50000,87.58594
