steps,returns
1000000,-18.046875
2000000,-17.734375
3000000,-18.21875
4000000,-18.4375
5000000,-18.3125
6000000,-17.8125
7000000,-17.34375
8000000,-17.3125
9000000,-18.421875
10000000,-17.8125
