steps,returns
100000.0,489.40118
200000.0,662.3052
300000.0,462.01984
400000.0,668.1875
500000.0,708.9979
600000.0,1072.7571
700000.0,950.38776
800000.0,1099.0054
900000.0,1194.7732
1000000.0,1318.1631
