steps,returns
1000000,-18.0
2000000,-17.75
3000000,-17.921875
4000000,-18.046875
5000000,-17.796875
6000000,-18.234375
7000000,-17.953125
8000000,-18.125
9000000,-18.015625
10000000,-17.6875
