steps,returns
5000,35.453125
10000,9.390625
15000,21.632812
20000,119.22656
25000,142.25781
30000,121.11719
35000,193.91406
40000,159.33594
45000,159.01562
50000,164.28906
