steps,returns
1000000,202.34375
2000000,515.4297
3000000,713.08594
4000000,675.0
5000000,625.0
6000000,757.8125
7000000,843.3594
8000000,2686.914
9000000,1607.6172
10000000,1857.6172
