steps,returns
100000.0,781.5953
200000.0,631.33044
300000.0,666.1321
400000.0,713.0482
500000.0,789.71497
600000.0,939.2469
700000.0,927.31616
800000.0,919.99756
900000.0,922.56616
1000000.0,918.6228
