steps,returns
100000,-200.0
200000,-200.0
300000,-200.0
400000,-129.85156
500000,-127.171875
600000,-141.59375
700000,-134.38281
800000,-129.42969
900000,-121.96875
1000000,-138.63281
