steps,returns
5000,9.078125
10000,9.0390625
15000,9.2734375
20000,9.2890625
25000,9.390625
30000,9.4296875
35000,9.3671875
40000,9.265625
45000,9.359375
50000,9.1953125
