steps,returns
1000000,425.58594
2000000,575.0
3000000,765.2344
4000000,781.6406
5000000,686.3281
6000000,1718.3594
7000000,700.0
8000000,719.72656
9000000,1712.5
10000000,1597.6562
