steps,returns
1000000,-16.9375
2000000,-17.5625
3000000,-16.84375
4000000,-17.828125
5000000,-16.3125
6000000,-16.8125
7000000,-16.4375
8000000,-16.265625
9000000,-16.4375
10000000,-16.84375
