steps,returns
1000000,176.5625
2000000,293.75
3000000,716.7969
4000000,611.52344
5000000,789.0625
6000000,734.1797
7000000,812.8906
8000000,758.59375
9000000,771.09375
10000000,948.8281
