steps,returns
100000.0,719.4918
200000.0,535.6788
300000.0,539.7671
400000.0,475.39923
500000.0,543.5738
600000.0,253.54672
700000.0,40.084606
800000.0,-151.16263
900000.0,-506.68073
1000000.0,-580.91724
