steps,returns
100000.0,-536.93896
200000.0,-501.71246
300000.0,-1977.7046
400000.0,-5661.503
500000.0,-10706.181
600000.0,-18536.637
700000.0,-37193.16
800000.0,-59219.492
900000.0,-102200.336
1000000.0,-150878.22
