steps,returns
1000000,71.5625
2000000,255.70312
3000000,1700.8594
4000000,168.59375
5000000,2083.6719
6000000,3880.0781
7000000,3312.8906
8000000,3411.875
9000000,4329.6875
10000000,4983.2812
