steps,returns
5000,85.36719
10000,61.914062
15000,47.875
20000,12.359375
25000,14.9453125
30000,9.4609375
35000,26.367188
40000,18.375
45000,35.53125
50000,22.703125
