steps,returns
100000.0,407.5825
200000.0,347.48492
300000.0,413.91907
400000.0,-531.9942
500000.0,-510.57645
600000.0,-2842.3828
700000.0,-9450.6455
800000.0,-8933.968
900000.0,-9563.0
1000000.0,-9569.596
