steps,returns
100000.0,595.92645
200000.0,538.3733
300000.0,485.40094
400000.0,590.6567
500000.0,827.2162
600000.0,808.176
700000.0,689.8238
800000.0,547.3062
900000.0,905.9442
1000000.0,149.77036
