steps,returns
100000.0,1022.17444
200000.0,1022.65784
300000.0,1030.6072
400000.0,1030.7534
500000.0,1027.3408
600000.0,1023.7217
700000.0,1020.30554
800000.0,1021.44916
900000.0,1017.418
1000000.0,1014.2876
