steps,returns
10000,38.179688
20000,199.96094
30000,94.59375
40000,128.33594
50000,77.03906
60000,198.27344
70000,9.234375
80000,9.3671875
90000,9.3046875
100000,9.40625
