steps,returns
1000000,379.6875
2000000,639.84375
3000000,628.125
4000000,730.66406
5000000,732.03125
6000000,600.0
7000000,1089.8438
8000000,3903.125
9000000,4264.258
10000000,4224.6094
