steps,returns
1000000,-18.203125
2000000,-17.75
3000000,-18.3125
4000000,-18.1875
5000000,-18.359375
6000000,-18.078125
7000000,-18.15625
8000000,-18.265625
9000000,-18.09375
10000000,-18.109375
