steps,returns
10000,76.25
20000,91.44531
30000,90.84375
40000,104.61719
50000,93.83594
60000,89.921875
70000,99.0
80000,111.17969
90000,129.02344
100000,124.71094
