steps,returns
100000.0,-452.83185
200000.0,-354.26447
300000.0,-347.76724
400000.0,-359.65454
500000.0,-381.4807
600000.0,-462.02026
700000.0,-347.1453
800000.0,-411.73987
900000.0,-445.858
1000000.0,-397.3573
