steps,returns
100000.0,1010.78064
200000.0,969.28485
300000.0,864.4066
400000.0,733.0918
500000.0,649.33673
600000.0,578.91064
700000.0,525.468
800000.0,439.6633
900000.0,271.83823
1000000.0,231.54733
