steps,returns
10000,165.39062
20000,176.20312
30000,271.97656
40000,387.60938
50000,430.9453
60000,422.28906
70000,431.42188
80000,401.2422
90000,395.6328
100000,441.66406
