steps,returns
1000000,-1.59375
2000000,-1.28125
3000000,-1.28125
4000000,-1.359375
5000000,-1.15625
6000000,-1.296875
7000000,-1.328125
8000000,-1.359375
9000000,-1.265625
10000000,-1.375
