steps,returns
100000.0,92.07706
200000.0,-591.39935
300000.0,-763.2542
400000.0,-1010.4016
500000.0,-879.57434
600000.0,-519.3014
700000.0,-488.00305
800000.0,-501.07968
900000.0,-720.4802
1000000.0,-1286.028
