steps,returns
100000.0,-0.15255314
200000.0,3.749535
300000.0,43.455067
400000.0,32.507393
500000.0,-132.46281
600000.0,-248.70238
700000.0,-351.49396
800000.0,-382.70856
900000.0,-672.67725
1000000.0,-689.026
