steps,returns
100000.0,432.07196
200000.0,318.57593
300000.0,351.04816
400000.0,583.135
500000.0,872.4142
600000.0,848.2565
700000.0,853.08936
800000.0,866.4112
900000.0,862.0122
1000000.0,858.2956
