steps,returns
5000,97.69531
10000,107.890625
15000,198.75
20000,112.640625
25000,154.10156
30000,122.1875
35000,112.32031
40000,110.24219
45000,500.0
50000,104.21875
