steps,returns
1000000,-18.375
2000000,-17.921875
3000000,-18.078125
4000000,-17.328125
5000000,-17.875
6000000,-17.34375
7000000,-17.71875
8000000,-17.828125
9000000,-17.84375
10000000,-17.9375
