steps,returns
5000,9.3046875
10000,9.3203125
15000,19.8125
20000,9.515625
25000,28.757812
30000,55.007812
35000,22.210938
40000,203.40625
45000,97.96875
50000,107.234375
