steps,returns
1000000,125.0
2000000,313.08594
3000000,300.0
4000000,364.0625
5000000,375.0
6000000,665.03906
7000000,602.9297
8000000,609.7656
9000000,623.2422
10000000,666.9922
