steps,returns
100000.0,12.905867
200000.0,11.130129
300000.0,10.857525
400000.0,10.588265
500000.0,10.711721
600000.0,10.709159
700000.0,10.699358
800000.0,10.581566
900000.0,10.730228
1000000.0,10.659846
