steps,returns
1000000,1484.7656
2000000,1691.0938
3000000,2062.9688
4000000,46.25
5000000,108.59375
6000000,243.75
7000000,161.40625
8000000,24.6875
9000000,17.5
10000000,142.34375
