steps,returns
100000.0,365.67416
200000.0,1294.8296
300000.0,1237.9983
400000.0,978.1517
500000.0,1067.2355
600000.0,825.47107
700000.0,844.01373
800000.0,910.4442
900000.0,886.91895
1000000.0,962.2683
