steps,returns
5000,88.71875
10000,86.546875
15000,84.36719
20000,76.359375
25000,68.0
30000,53.851562
35000,54.109375
40000,51.164062
45000,47.515625
50000,39.734375
