steps,returns
100000.0,-5.302411
200000.0,112.646675
300000.0,-163.49393
400000.0,-269.64633
500000.0,-485.9035
600000.0,-667.9258
700000.0,-1164.9365
800000.0,-1373.393
900000.0,-1489.4602
1000000.0,-1507.7168
