steps,returns
10000,108.765625
20000,133.30469
30000,317.52344
40000,350.33594
50000,304.20312
60000,367.6953
70000,344.57812
80000,332.4375
90000,405.35156
100000,368.26562
