steps,returns
100000.0,448.2031
200000.0,385.4048
300000.0,358.07123
400000.0,-160.14864
500000.0,-1409.8113
600000.0,-2536.0437
700000.0,-4693.58
800000.0,-13860.994
900000.0,-37493.42
1000000.0,-207617.31
