steps,returns
100000.0,18.858912
200000.0,14.847681
300000.0,13.260702
400000.0,13.512293
500000.0,13.755428
600000.0,14.024343
700000.0,14.178694
800000.0,13.856347
900000.0,13.854847
1000000.0,13.298117
