steps,returns
10000,92.02344
20000,86.4375
30000,105.5625
40000,107.16406
50000,120.10156
60000,120.140625
70000,124.015625
80000,122.69531
90000,107.015625
100000,100.734375
