steps,returns
1000000,521.09375
2000000,625.97656
3000000,1596.4844
4000000,530.46875
5000000,498.6328
6000000,731.25
7000000,644.53125
8000000,909.375
9000000,500.39062
10000000,889.0625
