steps,returns
1000000,214.84375
2000000,226.95312
3000000,539.4531
4000000,566.40625
5000000,326.3672
6000000,350.0
7000000,616.7969
8000000,261.71875
9000000,668.16406
10000000,676.5625
