steps,returns
100000.0,-214.8654
200000.0,-154.25336
300000.0,-197.63272
400000.0,-164.5959
500000.0,24.91635
600000.0,140.66101
700000.0,269.7002
800000.0,361.16913
900000.0,395.34784
1000000.0,488.04733
