steps,returns
10000,205.64062
20000,163.30469
30000,434.8203
40000,500.0
50000,149.83594
60000,500.0
70000,500.0
80000,500.0
90000,500.0
100000,500.0
