steps,returns
10000,157.875
20000,253.98438
30000,130.38281
40000,414.10156
50000,23.507812
60000,158.09375
70000,20.515625
80000,150.84375
90000,60.882812
100000,102.078125
