steps,returns
100000.0,-1.2338992
200000.0,3.5238361
300000.0,21.951366
400000.0,-199.93225
500000.0,-287.89923
600000.0,-582.9228
700000.0,-1059.3004
800000.0,-607.5555
900000.0,-1353.9976
1000000.0,-1477.6705
