steps,returns
5000,58.90625
10000,62.734375
15000,61.273438
20000,58.554688
25000,59.085938
30000,61.976562
35000,55.84375
40000,56.992188
45000,47.742188
50000,46.328125
