steps,returns
1000000,-17.4375
2000000,-17.71875
3000000,-16.953125
4000000,-17.296875
5000000,-16.140625
6000000,-16.234375
7000000,-17.0
8000000,-15.828125
9000000,-16.859375
10000000,-16.078125
