steps,returns
5000,143.72656
10000,349.09375
15000,94.96094
20000,111.05469
25000,139.30469
30000,87.5625
35000,94.44531
40000,79.47656
45000,469.4375
50000,131.10938
