steps,returns
100000.0,1011.5335
200000.0,934.5187
300000.0,768.0129
400000.0,581.94006
500000.0,462.0784
600000.0,326.7143
700000.0,196.08096
800000.0,413.274
900000.0,498.3034
1000000.0,402.9626
