steps,returns
100000.0,854.532
200000.0,522.00635
300000.0,495.0766
400000.0,556.38513
500000.0,445.5265
600000.0,417.42154
700000.0,325.83148
800000.0,311.00232
900000.0,300.07642
1000000.0,294.3385
