steps,returns
1000000,350.0
2000000,684.5703
3000000,735.15625
4000000,539.2578
5000000,553.90625
6000000,2882.8125
7000000,1747.2656
8000000,600.0
9000000,4325.1953
10000000,4369.5312
