steps,returns
1000000,-18.109375
2000000,-18.609375
3000000,-17.828125
4000000,-17.71875
5000000,-17.9375
6000000,-17.9375
7000000,-18.6875
8000000,-17.953125
9000000,-18.640625
10000000,-17.96875
