steps,returns
10000,107.77344
20000,128.47656
30000,182.67969
40000,205.89062
50000,295.39062
60000,379.71094
70000,486.8828
80000,480.8125
90000,465.92188
100000,451.3672
