steps,returns
100000.0,480.70532
200000.0,688.727
300000.0,644.4148
400000.0,497.95898
500000.0,513.498
600000.0,473.9665
700000.0,562.6223
800000.0,664.729
900000.0,731.651
1000000.0,799.3146
