steps,returns
1000000,-17.78125
2000000,-18.40625
3000000,-18.171875
4000000,-17.65625
5000000,-17.203125
6000000,-18.34375
7000000,-18.015625
8000000,-17.703125
9000000,-18.203125
10000000,-18.03125
