steps,returns
10000,101.1875
20000,170.19531
30000,296.67188
40000,305.78125
50000,70.921875
60000,320.8828
70000,149.92969
80000,352.4453
90000,82.515625
100000,140.26562
