steps,returns
100000.0,601.953
200000.0,857.3967
300000.0,863.81885
400000.0,839.1747
500000.0,750.91345
600000.0,670.55707
700000.0,516.50055
800000.0,416.30814
900000.0,-82.084984
1000000.0,-446.5774
