steps,returns
5000,74.3125
10000,86.78906
15000,95.5
20000,102.671875
25000,117.16406
30000,131.5625
35000,147.98438
40000,151.55469
45000,170.52344
50000,181.375
