steps,returns
100000.0,-1.1529095
200000.0,-1.2712325
300000.0,-1.3817388
400000.0,-1.8240098
500000.0,-3.2965343
600000.0,-5.621217
700000.0,-6.6130133
800000.0,149.1113
900000.0,-102.7963
1000000.0,-378.28802
