steps,returns
1000000,317.3828
2000000,443.9453
3000000,514.2578
4000000,2462.3047
5000000,544.53125
6000000,815.4297
7000000,754.10156
8000000,557.22656
9000000,3290.4297
10000000,4183.789
