steps,returns
1000000,202.34375
2000000,464.6875
3000000,142.65625
4000000,71.5625
5000000,177.5
6000000,130.78125
7000000,17.5
8000000,100.625
9000000,68.125
10000000,86.25
