steps,returns
10000,123.265625
20000,99.52344
30000,106.578125
40000,102.671875
50000,95.703125
60000,94.234375
70000,95.828125
80000,99.30469
90000,102.86719
100000,110.41406
