steps,returns
5000,57.539062
10000,39.390625
15000,25.0
20000,17.75
25000,20.023438
30000,31.460938
35000,53.25
40000,22.757812
45000,16.320312
50000,16.851562
