steps,returns
5000,30.953125
10000,37.007812
15000,41.90625
20000,48.617188
25000,52.164062
30000,54.617188
35000,60.46875
40000,59.546875
45000,63.023438
50000,61.789062
