steps,returns
5000,18.132812
10000,155.25
15000,135.28125
20000,149.72656
25000,182.63281
30000,119.21875
35000,208.22656
40000,128.0
45000,167.5
50000,197.72656
