steps,returns
5000,26.820312
10000,28.992188
15000,31.257812
20000,33.140625
25000,35.9375
30000,39.140625
35000,38.679688
40000,40.578125
45000,44.914062
50000,46.671875
