steps,returns
10000,452.89844
20000,69.625
30000,314.8828
40000,500.0
50000,500.0
60000,150.10938
70000,240.01562
80000,238.09375
90000,41.28125
100000,500.0
