steps,returns
1000000,-18.3125
2000000,-17.890625
3000000,-18.046875
4000000,-17.65625
5000000,-18.046875
6000000,-17.234375
7000000,-18.015625
8000000,-18.140625
9000000,-18.078125
10000000,-17.75
