steps,returns
5000,29.140625
10000,20.90625
15000,244.69531
20000,190.57812
25000,382.83594
30000,162.67188
35000,166.10156
40000,194.91406
45000,160.14062
50000,100.59375
