steps,returns
1000000,249.41406
2000000,139.0625
3000000,238.08594
4000000,172.65625
5000000,351.17188
6000000,283.59375
7000000,523.8281
8000000,245.89844
9000000,250.0
10000000,242.77344
