steps,returns
5000,9.34375
10000,145.33594
15000,228.54688
20000,360.2422
25000,217.0
30000,154.49219
35000,500.0
40000,105.328125
45000,112.88281
50000,110.08594
