steps,returns
5000,33.367188
10000,130.4375
15000,346.35156
20000,213.52344
25000,161.60938
30000,146.65625
35000,137.69531
40000,161.05469
45000,150.54688
50000,288.39844
