steps,returns
5000,9.5625
10000,9.484375
15000,9.4921875
20000,9.4921875
25000,9.4921875
30000,9.515625
35000,9.421875
40000,9.3359375
45000,9.453125
50000,9.40625
