steps,returns
5000,9.3515625
10000,18.078125
15000,50.007812
20000,43.265625
25000,44.0625
30000,55.03125
35000,57.3125
40000,70.9375
45000,252.89062
50000,275.01562
