steps,returns
100000.0,952.0001
200000.0,916.09546
300000.0,796.7964
400000.0,626.88776
500000.0,580.3458
600000.0,600.7467
700000.0,603.31006
800000.0,584.2153
900000.0,606.3042
1000000.0,630.75696
