steps,returns
1000000,-17.625
2000000,-18.234375
3000000,-17.609375
4000000,-18.109375
5000000,-18.25
6000000,-18.0625
7000000,-18.046875
8000000,-17.578125
9000000,-17.53125
10000000,-18.359375
