steps,returns
1000000,-18.28125
2000000,-18.171875
3000000,-18.296875
4000000,-18.34375
5000000,-18.328125
6000000,-18.0625
7000000,-17.984375
8000000,-18.125
9000000,-17.8125
10000000,-17.78125
