steps,returns
10000,454.14062
20000,287.98438
30000,213.10156
40000,175.91406
50000,499.10156
60000,253.20312
70000,494.89062
80000,500.0
90000,495.875
100000,492.07812
