steps,returns
100000.0,58.926754
200000.0,60.713524
300000.0,61.570667
400000.0,61.800713
500000.0,61.425354
600000.0,61.34405
700000.0,61.18547
800000.0,61.245827
900000.0,61.51771
1000000.0,61.375694
