steps,returns
10000,214.125
20000,498.3203
30000,130.375
40000,282.46094
50000,500.0
60000,92.078125
70000,500.0
80000,471.0
90000,500.0
100000,500.0
