steps,returns
10000,109.07031
20000,220.25781
30000,398.33594
40000,400.59375
50000,355.1875
60000,325.76562
70000,455.1953
80000,463.9375
90000,402.5078
100000,499.4297
