steps,returns
100000.0,593.4255
200000.0,542.0453
300000.0,585.5668
400000.0,918.6346
500000.0,741.384
600000.0,888.0723
700000.0,929.80536
800000.0,711.1636
900000.0,750.62085
1000000.0,390.6142
