steps,returns
1000000,555.2344
2000000,365.625
3000000,946.1719
4000000,261.25
5000000,434.92188
6000000,545.78125
7000000,1024.4531
8000000,379.6875
9000000,364.53125
10000000,163.90625
