steps,returns
10000,100.44531
20000,99.8125
30000,105.1875
40000,108.17969
50000,120.24219
60000,140.03906
70000,144.0
80000,147.6875
90000,160.11719
100000,168.09375
