steps,returns
5000,74.140625
10000,13.359375
15000,56.523438
20000,12.484375
25000,21.445312
30000,44.359375
35000,115.94531
40000,211.46875
45000,441.5547
50000,409.8047
