steps,returns
100000.0,31.916279
200000.0,33.5811
300000.0,34.16996
400000.0,34.235355
500000.0,33.888447
600000.0,33.649223
700000.0,34.012047
800000.0,33.52652
900000.0,33.629276
1000000.0,34.078625
