steps,returns
100000.0,739.63464
200000.0,654.6206
300000.0,601.28516
400000.0,611.2283
500000.0,593.18896
600000.0,571.1838
700000.0,677.72754
800000.0,653.82446
900000.0,739.8296
1000000.0,685.8784
