steps,returns
5000,254.61719
10000,499.25
15000,500.0
20000,500.0
25000,496.4453
30000,455.5625
35000,359.54688
40000,310.8203
45000,257.9375
50000,220.25781
