steps,returns
1000000,279.375
2000000,335.3125
3000000,368.20312
4000000,369.84375
5000000,276.71875
6000000,231.40625
7000000,62.5
8000000,201.40625
9000000,295.625
10000000,134.6875
