steps,returns
10000,278.60938
20000,85.99219
30000,447.03125
40000,382.25
50000,114.99219
60000,285.71875
70000,396.7578
80000,103.5625
90000,185.92969
100000,9.453125
