steps,returns
100000.0,56.37238
200000.0,-121.029144
300000.0,-315.15637
400000.0,-391.50018
500000.0,-20.333275
600000.0,-359.09607
700000.0,-668.7669
800000.0,-1207.9788
900000.0,-1742.7646
1000000.0,-2449.376
