steps,returns
5000,9.421875
10000,9.3515625
15000,48.265625
20000,23.710938
25000,144.82031
30000,152.70312
35000,141.32812
40000,173.27344
45000,12.40625
50000,167.07031
