steps,returns
1000000,59.6875
2000000,16.71875
3000000,357.8125
4000000,17.96875
5000000,120.0
6000000,287.96875
7000000,112.5
8000000,17.65625
9000000,635.78125
10000000,446.71875
