steps,returns
1000000,548.4375
2000000,597.46094
3000000,633.39844
4000000,1252.7344
5000000,600.78125
6000000,645.3125
7000000,695.1172
8000000,1433.5938
9000000,3379.6875
10000000,2438.4766
