steps,returns
10000,64.15625
20000,79.55469
30000,72.546875
40000,91.328125
50000,85.171875
60000,80.5625
70000,83.13281
80000,89.66406
90000,88.796875
100000,89.41406
