steps,returns
10000,457.23438
20000,470.7578
30000,161.6875
40000,500.0
50000,500.0
60000,281.29688
70000,500.0
80000,197.1875
90000,471.51562
100000,500.0
