steps,returns
1000000,-16.921875
2000000,-15.0625
3000000,-15.640625
4000000,-16.421875
5000000,-14.359375
6000000,-15.515625
7000000,-14.765625
8000000,-15.625
9000000,-14.015625
10000000,-14.875
