steps,returns
10000,56.882812
20000,228.20312
30000,216.86719
40000,226.99219
50000,317.0547
60000,339.8672
70000,451.35156
80000,473.64062
90000,493.92188
100000,487.59375
