steps,returns
5000,38.773438
10000,119.82031
15000,326.70312
20000,347.14844
25000,195.94531
30000,411.79688
35000,477.32812
40000,455.2422
45000,372.04688
50000,235.79688
