steps,returns
1000000,858.39844
2000000,356.4453
3000000,250.58594
4000000,397.46094
5000000,350.0
6000000,326.5625
7000000,262.10938
8000000,383.98438
9000000,400.0
10000000,388.47656
