steps,returns
10000,-500.0
20000,-500.0
30000,-500.0
40000,-500.0
50000,-285.39062
60000,-387.32812
70000,-472.6953
80000,-500.0
90000,-500.0
100000,-500.0
