steps,returns
100000.0,1003.4776
200000.0,780.2379
300000.0,503.36902
400000.0,447.90863
500000.0,640.2216
600000.0,1044.0684
700000.0,408.52817
800000.0,-5577.651
900000.0,-28462.207
1000000.0,-152410.73
