steps,returns
100000.0,935.891
200000.0,712.90564
300000.0,669.97723
400000.0,749.72565
500000.0,890.16766
600000.0,782.63806
700000.0,1023.5969
800000.0,867.5923
900000.0,670.7047
1000000.0,605.8678
