steps,returns
100000.0,640.67163
200000.0,800.35315
300000.0,829.9751
400000.0,965.18176
500000.0,433.45685
600000.0,-2137.399
700000.0,-14246.842
800000.0,-35122.72
900000.0,-73406.91
1000000.0,-78695.055
