steps,returns
100000.0,1024.123
200000.0,1026.4381
300000.0,1031.5056
400000.0,1020.5133
500000.0,1010.37085
600000.0,1010.79785
700000.0,1005.5802
800000.0,1003.75354
900000.0,995.2261
1000000.0,984.29016
