steps,returns
100000.0,678.52484
200000.0,603.5982
300000.0,639.34454
400000.0,410.9482
500000.0,-706.6902
600000.0,-1301.8865
700000.0,-1105.5508
800000.0,-1137.123
900000.0,-1231.4395
1000000.0,-1294.3794
