steps,returns
1000000,766.0156
2000000,940.46875
3000000,885.625
4000000,1046.7969
5000000,659.1406
6000000,539.84375
7000000,1753.4375
8000000,3240.2344
9000000,5231.172
10000000,5203.5156
