steps,returns
100000.0,369.0437
200000.0,639.98987
300000.0,590.50195
400000.0,600.68207
500000.0,248.90997
600000.0,654.18945
700000.0,676.25934
800000.0,696.8235
900000.0,684.87317
1000000.0,688.72205
