steps,returns
1000000,134.0625
2000000,165.3125
3000000,129.375
4000000,29.375
5000000,270.46875
6000000,140.15625
7000000,99.53125
8000000,113.90625
9000000,433.35938
10000000,25.46875
