steps,returns
5000,9.21875
10000,9.4375
15000,9.3203125
20000,9.171875
25000,9.359375
30000,9.40625
35000,9.4453125
40000,9.3203125
45000,9.4140625
50000,9.3671875
