steps,returns
100000.0,69.78818
200000.0,70.161285
300000.0,70.83712
400000.0,70.390015
500000.0,70.36197
600000.0,70.11763
700000.0,70.41798
800000.0,70.49068
900000.0,70.7975
1000000.0,70.631744
