steps,returns
10000,301.23438
20000,409.26562
30000,430.8125
40000,407.47656
50000,462.5
60000,500.0
70000,274.8125
80000,482.78125
90000,333.01562
100000,450.5703
