steps,returns
100000.0,1188.0415
200000.0,294.74127
300000.0,213.33195
400000.0,734.4658
500000.0,720.0748
600000.0,706.60156
700000.0,694.34033
800000.0,690.9498
900000.0,686.89233
1000000.0,686.9451
