steps,returns
100000.0,168.26541
200000.0,169.88667
300000.0,171.387
400000.0,170.5664
500000.0,171.05185
600000.0,170.59018
700000.0,170.69186
800000.0,170.72986
900000.0,170.50217
1000000.0,170.5849
