steps,returns
100000.0,1014.82654
200000.0,947.57605
300000.0,975.49695
400000.0,670.9929
500000.0,311.28036
600000.0,772.2899
700000.0,681.29
800000.0,-1301.7234
900000.0,-9500.271
1000000.0,-2138.192
