steps,returns
10000,315.77344
20000,500.0
30000,83.421875
40000,10.640625
50000,97.390625
60000,360.45312
70000,102.03906
80000,326.98438
90000,488.2578
100000,483.8828
