steps,returns
1000000,-17.484375
2000000,-17.828125
3000000,-18.015625
4000000,-17.640625
5000000,-17.84375
6000000,-17.953125
7000000,-18.6875
8000000,-18.28125
9000000,-17.578125
10000000,-17.796875
