steps,returns
1000000,-17.75
2000000,-17.84375
3000000,-17.859375
4000000,-17.9375
5000000,-17.34375
6000000,-16.890625
7000000,-17.40625
8000000,-17.296875
9000000,-16.984375
10000000,-17.78125
