steps,returns
100000.0,780.2287
200000.0,445.73187
300000.0,404.42963
400000.0,656.37317
500000.0,203.13193
600000.0,-82.534164
700000.0,-2518.9775
800000.0,-3717.4917
900000.0,-5981.955
1000000.0,-5845.0283
