steps,returns
5000,9.3515625
10000,17.265625
15000,113.14844
20000,86.0625
25000,167.79688
30000,125.22656
35000,38.789062
40000,38.859375
45000,91.71094
50000,359.67188
