steps,returns
1000000,-17.46875
2000000,-17.671875
3000000,-18.078125
4000000,-17.8125
5000000,-17.65625
6000000,-18.515625
7000000,-18.234375
8000000,-17.703125
9000000,-18.34375
10000000,-17.890625
