steps,returns
5000,58.546875
10000,62.914062
15000,65.83594
20000,63.757812
25000,66.91406
30000,64.109375
35000,59.523438
40000,58.226562
45000,47.929688
50000,48.164062
