steps,returns
10000,123.421875
20000,75.50781
30000,101.19531
40000,141.48438
50000,241.89062
60000,416.28906
70000,450.7422
80000,445.6172
90000,439.9297
100000,431.20312
