steps,returns
100000.0,400.65643
200000.0,226.52335
300000.0,-571.9682
400000.0,-3358.735
500000.0,-5511.7017
600000.0,-13131.521
700000.0,-32190.664
800000.0,-116109.03
900000.0,-268427.12
1000000.0,-790847.4
