steps,returns
5000,9.3359375
10000,38.351562
15000,51.0
20000,32.5
25000,14.8125
30000,57.625
35000,198.11719
40000,289.0
45000,260.82812
50000,10.1875
