steps,returns
1000000,125.0
2000000,125.0
3000000,125.0
4000000,250.0
5000000,275.0
6000000,275.97656
7000000,225.0
8000000,300.0
9000000,400.0
10000000,629.10156
