steps,returns
100000.0,883.74036
200000.0,932.6914
300000.0,657.7842
400000.0,1003.4453
500000.0,856.74915
600000.0,284.63898
700000.0,255.97264
800000.0,844.1306
900000.0,855.80237
1000000.0,828.99243
