steps,returns
100000.0,1030.1653
200000.0,1023.035
300000.0,1023.9489
400000.0,1009.25055
500000.0,995.04315
600000.0,976.7628
700000.0,947.1369
800000.0,873.4153
900000.0,767.95935
1000000.0,644.55566
