steps,returns
100000.0,999.54205
200000.0,1043.3804
300000.0,1058.7263
400000.0,1034.9695
500000.0,1062.4282
600000.0,1112.7703
700000.0,1078.9683
800000.0,1053.7937
900000.0,1016.1183
1000000.0,1012.84607
