steps,returns
10000,455.21094
20000,441.22656
30000,169.59375
40000,412.71094
50000,500.0
60000,161.57812
70000,500.0
80000,455.33594
90000,500.0
100000,500.0
