steps,returns
100000.0,665.9498
200000.0,748.87
300000.0,724.47845
400000.0,641.08795
500000.0,655.0998
600000.0,661.3005
700000.0,871.58014
800000.0,886.3733
900000.0,1061.335
1000000.0,1159.5472
