steps,returns
100000.0,1022.60645
200000.0,1025.5801
300000.0,1027.1069
400000.0,1020.97375
500000.0,1017.06476
600000.0,1016.9349
700000.0,1015.14136
800000.0,1014.66724
900000.0,1011.79224
1000000.0,1008.92505
