steps,returns
1000000,-18.0
2000000,-18.234375
3000000,-17.53125
4000000,-18.0625
5000000,-17.5
6000000,-17.828125
7000000,-18.03125
8000000,-17.609375
9000000,-18.34375
10000000,-18.734375
