steps,returns
100000.0,0.75039434
200000.0,65.14877
300000.0,-12.813866
400000.0,-287.64862
500000.0,-367.2674
600000.0,-353.3991
700000.0,-205.5089
800000.0,18.225315
900000.0,181.59052
1000000.0,86.42166
