steps,returns
100000.0,113.96131
200000.0,640.9176
300000.0,666.7948
400000.0,693.9662
500000.0,539.6003
600000.0,699.9312
700000.0,311.33612
800000.0,-2966.623
900000.0,-20251.943
1000000.0,-78626.19
