steps,returns
100000.0,118.82738
200000.0,-585.84155
300000.0,-45074.984
400000.0,-82182.85
500000.0,-95086.05
600000.0,-99611.47
700000.0,-92262.88
800000.0,-86381.07
900000.0,-80722.875
1000000.0,-77334.68
