steps,returns
100000.0,593.62274
200000.0,766.95514
300000.0,877.55237
400000.0,926.378
500000.0,1029.7255
600000.0,904.1029
700000.0,844.4625
800000.0,833.7441
900000.0,1048.6951
1000000.0,905.2036
