steps,returns
5000,75.359375
10000,48.40625
15000,19.328125
20000,43.585938
25000,16.046875
30000,44.367188
35000,18.375
40000,12.4375
45000,14.8828125
50000,20.460938
