steps,returns
100000.0,-7.588099
200000.0,-183.82677
300000.0,-422.90872
400000.0,-1536.1062
500000.0,-1479.8062
600000.0,-1072.8809
700000.0,-860.9475
800000.0,-757.3855
900000.0,-814.5864
1000000.0,-1015.13806
