steps,returns
1000000,228.67188
2000000,124.0625
3000000,48.4375
4000000,17.03125
5000000,126.25
6000000,18.125
7000000,30.9375
8000000,63.4375
9000000,17.03125
10000000,18.28125
