steps,returns
5000,11.203125
10000,147.25781
15000,264.9922
20000,500.0
25000,105.11719
30000,177.42188
35000,103.34375
40000,500.0
45000,97.41406
50000,76.921875
