steps,returns
1000000,-18.890625
2000000,-17.9375
3000000,-17.8125
4000000,-17.375
5000000,-18.15625
6000000,-17.515625
7000000,-18.0
8000000,-17.859375
9000000,-17.640625
10000000,-17.203125
