steps,returns
1000000,55.625
2000000,55.0
3000000,17.96875
4000000,20.9375
5000000,224.375
6000000,133.28125
7000000,17.8125
8000000,239.6875
9000000,166.25
10000000,114.21875
