steps,returns
100000.0,684.9271
200000.0,656.92365
300000.0,689.126
400000.0,730.4318
500000.0,763.6851
600000.0,845.5055
700000.0,939.053
800000.0,928.50085
900000.0,921.4574
1000000.0,912.04016
