steps,returns
1000000,17.1875
2000000,17.5
3000000,18.125
4000000,49.21875
5000000,54.0625
6000000,17.96875
7000000,49.375
8000000,17.1875
9000000,51.40625
10000000,29.375
