steps,returns
1000000,-18.234375
2000000,-18.015625
3000000,-17.875
4000000,-17.75
5000000,-17.984375
6000000,-17.96875
7000000,-17.734375
8000000,-17.796875
9000000,-18.03125
10000000,-18.046875
