steps,returns
10000,-317.97656
20000,-500.0
30000,-500.0
40000,-500.0
50000,-500.0
60000,-480.08594
70000,-156.23438
80000,-219.875
90000,-500.0
100000,-287.58594
