steps,returns
1000000,272.34375
2000000,315.9375
3000000,591.40625
4000000,359.84375
5000000,878.75
6000000,1400.8594
7000000,2006.5625
8000000,2760.7031
9000000,2422.0312
10000000,3342.0312
