steps,returns
1000000,144.84375
2000000,40.3125
3000000,17.65625
4000000,205.9375
5000000,118.4375
6000000,81.5625
7000000,153.4375
8000000,45.78125
9000000,49.84375
10000000,29.53125
