steps,returns
1000000,-17.828125
2000000,-17.5625
3000000,-17.09375
4000000,-17.59375
5000000,-16.921875
6000000,-16.53125
7000000,-16.96875
8000000,-16.34375
9000000,-16.34375
10000000,-15.875
