steps,returns
100000.0,1012.96564
200000.0,1003.2202
300000.0,754.4701
400000.0,581.93396
500000.0,555.9618
600000.0,990.6185
700000.0,771.19354
800000.0,798.94696
900000.0,684.43665
1000000.0,539.0346
