steps,returns
100000.0,-437.44214
200000.0,-401.70407
300000.0,-380.52966
400000.0,-363.0962
500000.0,-355.17703
600000.0,-349.73727
700000.0,-344.21136
800000.0,-343.80698
900000.0,-340.97195
1000000.0,-341.06082
