steps,returns
1000000,78.75
2000000,163.75
3000000,189.375
4000000,468.125
5000000,900.15625
6000000,57.8125
7000000,817.7344
8000000,944.0625
9000000,112.34375
10000000,1417.1875
