{"config": {"hp_config.clip_eps": 0.19172075941288885, "hp_config.ent_coef": 0.3958625190413323, "hp_config.gae_lambda": 0.9057260944586056, "hp_config.learning_rate": 0.0006921859910208612, "hp_config.max_grad_norm": 0.925596638292661, "hp_config.minibatch_size": 128, "hp_config.normalize_advantage": true, "hp_config.vf_clip_eps": 0.01010919872016286, "hp_config.vf_coef": 0.832619845547938}, "score": 0.0, "budget_used": 13, "total_wallclock_time": -4948.438630580902, "total_optimization_time": 0.006924152374267578}
{"config": {"hp_config.clip_eps": 0.08234707824895637, "hp_config.ent_coef": 0.31073920074988176, "hp_config.gae_lambda": 0.9153879948619731, "hp_config.learning_rate": 1.5469066515012492e-05, "hp_config.max_grad_norm": 0.9342139979247938, "hp_config.minibatch_size": 256, "hp_config.normalize_advantage": false, "hp_config.vf_clip_eps": 0.2949549881772855, "hp_config.vf_coef": 0.7301220295167696}, "score": -17757.8125, "budget_used": 26, "total_wallclock_time": -9486.66371178627, "total_optimization_time": 0.6312623023986816}
{"config": {"hp_config.clip_eps": 0.34849862086249367, "hp_config.ent_coef": 0.3893476979705517, "hp_config.gae_lambda": 0.9554037716135657, "hp_config.learning_rate": 1.982041856987241e-05, "hp_config.max_grad_norm": 0.37381313793256143, "hp_config.minibatch_size": 256, "hp_config.normalize_advantage": true, "hp_config.vf_clip_eps": 0.18542639960894436, "hp_config.vf_coef": 0.19705428018563964}, "score": -20382.8125, "budget_used": 39, "total_wallclock_time": -13587.275400876999, "total_optimization_time": 0.7868218421936035}
{"config": {"hp_config.clip_eps": 0.12303159249548223, "hp_config.ent_coef": 0.33292955877959385, "hp_config.gae_lambda": 0.9034099725887376, "hp_config.learning_rate": 0.00013196080073784374, "hp_config.max_grad_norm": 0.554687808661419, "hp_config.minibatch_size": 128, "hp_config.normalize_advantage": false, "hp_config.vf_clip_eps": 0.207428434666782, "hp_config.vf_coef": 0.36054556048589226}, "score": -24156.25, "budget_used": 52, "total_wallclock_time": -22081.969969034195, "total_optimization_time": 1.016014814376831}
{"config": {"hp_config.clip_eps": 0.13582638380307294, "hp_config.ent_coef": 0.2277220747250135, "hp_config.gae_lambda": 0.8803025357223818, "hp_config.learning_rate": 1.746092815608174e-05, "hp_config.max_grad_norm": 0.5058663838253084, "hp_config.minibatch_size": 128, "hp_config.normalize_advantage": true, "hp_config.vf_clip_eps": 0.26248522112713213, "hp_config.vf_coef": 0.7505950229289875}, "score": -45867.1875, "budget_used": 65, "total_wallclock_time": -27948.521158218384, "total_optimization_time": 1.2392687797546387}
{"config": {"hp_config.clip_eps": 0.13582638380307294, "hp_config.ent_coef": 0.2277220747250135, "hp_config.gae_lambda": 0.8803025357223818, "hp_config.learning_rate": 1.746092815608174e-05, "hp_config.max_grad_norm": 0.5058663838253084, "hp_config.minibatch_size": 128, "hp_config.normalize_advantage": true, "hp_config.vf_clip_eps": 0.26248522112713213, "hp_config.vf_coef": 0.7505950229289875}, "score": -45867.1875, "budget_used": 78, "total_wallclock_time": -36803.95412302017, "total_optimization_time": 1.7837824821472168}
{"config": {"hp_config.clip_eps": 0.13582638380307294, "hp_config.ent_coef": 0.2277220747250135, "hp_config.gae_lambda": 0.8803025357223818, "hp_config.learning_rate": 1.746092815608174e-05, "hp_config.max_grad_norm": 0.5058663838253084, "hp_config.minibatch_size": 128, "hp_config.normalize_advantage": true, "hp_config.vf_clip_eps": 0.26248522112713213, "hp_config.vf_coef": 0.7505950229289875}, "score": -45867.1875, "budget_used": 91, "total_wallclock_time": -42514.28705787659, "total_optimization_time": 2.0531346797943115}
{"config": {"hp_config.clip_eps": 0.13582638380307294, "hp_config.ent_coef": 0.2277220747250135, "hp_config.gae_lambda": 0.8803025357223818, "hp_config.learning_rate": 1.746092815608174e-05, "hp_config.max_grad_norm": 0.5058663838253084, "hp_config.minibatch_size": 128, "hp_config.normalize_advantage": true, "hp_config.vf_clip_eps": 0.26248522112713213, "hp_config.vf_coef": 0.7505950229289875}, "score": -45867.1875, "budget_used": 104, "total_wallclock_time": -46480.834250450134, "total_optimization_time": 2.2858715057373047}
{"config": {"hp_config.clip_eps": 0.13582638380307294, "hp_config.ent_coef": 0.2277220747250135, "hp_config.gae_lambda": 0.8803025357223818, "hp_config.learning_rate": 1.746092815608174e-05, "hp_config.max_grad_norm": 0.5058663838253084, "hp_config.minibatch_size": 128, "hp_config.normalize_advantage": true, "hp_config.vf_clip_eps": 0.26248522112713213, "hp_config.vf_coef": 0.7505950229289875}, "score": -45867.1875, "budget_used": 117, "total_wallclock_time": -52209.7309756279, "total_optimization_time": 2.500459909439087}
{"config": {"hp_config.clip_eps": 0.13582638380307294, "hp_config.ent_coef": 0.2277220747250135, "hp_config.gae_lambda": 0.8803025357223818, "hp_config.learning_rate": 1.746092815608174e-05, "hp_config.max_grad_norm": 0.5058663838253084, "hp_config.minibatch_size": 128, "hp_config.normalize_advantage": true, "hp_config.vf_clip_eps": 0.26248522112713213, "hp_config.vf_coef": 0.7505950229289875}, "score": -45867.1875, "budget_used": 130, "total_wallclock_time": -55433.20397400856, "total_optimization_time": 2.959303379058838}
{"config": {"hp_config.clip_eps": 0.13582638380307294, "hp_config.ent_coef": 0.2277220747250135, "hp_config.gae_lambda": 0.8803025357223818, "hp_config.learning_rate": 1.746092815608174e-05, "hp_config.max_grad_norm": 0.5058663838253084, "hp_config.minibatch_size": 128, "hp_config.normalize_advantage": true, "hp_config.vf_clip_eps": 0.26248522112713213, "hp_config.vf_coef": 0.7505950229289875}, "score": -45867.1875, "budget_used": 143, "total_wallclock_time": -59716.338755607605, "total_optimization_time": 3.0952417850494385}
