steps,returns
10000,131.07812
20000,118.66406
30000,124.96094
40000,138.14062
50000,233.39062
60000,215.63281
70000,232.39062
80000,249.10156
90000,264.9453
100000,267.4297
