steps,returns
1000000,-18.65625
2000000,-18.140625
3000000,-17.953125
4000000,-18.265625
5000000,-17.8125
6000000,-18.65625
7000000,-18.40625
8000000,-17.84375
9000000,-18.3125
10000000,-18.3125
