steps,returns
5000,147.13281
10000,12.75
15000,13.03125
20000,21.671875
25000,103.66406
30000,93.328125
35000,206.72656
40000,132.6875
45000,147.72656
50000,193.28906
