steps,returns
5000,9.0078125
10000,9.1640625
15000,9.3515625
20000,9.3515625
25000,9.4140625
30000,9.3515625
35000,9.3828125
40000,9.296875
45000,9.375
50000,9.3515625
