steps,returns
1000000,275.78125
2000000,309.96094
3000000,250.0
4000000,611.71875
5000000,509.375
6000000,471.875
7000000,625.0
8000000,171.875
9000000,250.0
10000000,150.0
