steps,returns
100000.0,315.3922
200000.0,299.62073
300000.0,306.6004
400000.0,403.7779
500000.0,913.21844
600000.0,1340.7145
700000.0,1288.008
800000.0,1266.766
900000.0,1249.1299
1000000.0,1232.1565
