steps,returns
100000.0,533.6303
200000.0,1050.0015
300000.0,969.4999
400000.0,977.0619
500000.0,199.55896
600000.0,493.12445
700000.0,716.8452
800000.0,701.2267
900000.0,871.6349
1000000.0,334.51715
