steps,returns
1000000,28.90625
2000000,48.75
3000000,17.5
4000000,28.28125
5000000,15.625
6000000,17.65625
7000000,28.59375
8000000,17.65625
9000000,51.875
10000000,38.28125
