steps,returns
10000,24.632812
20000,278.16406
30000,110.125
40000,208.08594
50000,58.585938
60000,20.976562
70000,70.16406
80000,55.523438
90000,337.39062
100000,57.171875
