steps,returns
10000,78.53125
20000,73.11719
30000,71.984375
40000,73.015625
50000,74.40625
60000,77.203125
70000,83.38281
80000,76.75
90000,82.85156
100000,87.92969
