steps,returns
1000000,-17.96875
2000000,-18.234375
3000000,-17.765625
4000000,-17.796875
5000000,-17.703125
6000000,-17.8125
7000000,-17.578125
8000000,-17.65625
9000000,-17.796875
10000000,-18.125
