steps,returns
10000,104.99219
20000,98.82031
30000,124.890625
40000,120.046875
50000,118.484375
60000,120.5
70000,132.53906
80000,117.8125
90000,106.58594
100000,113.58594
