steps,returns
100000.0,1028.4728
200000.0,1029.4126
300000.0,1030.5236
400000.0,1022.96436
500000.0,1021.02
600000.0,1016.5141
700000.0,1012.55676
800000.0,1007.64166
900000.0,1002.0094
1000000.0,997.9829
