steps,returns
5000,92.0
10000,46.296875
15000,19.171875
20000,12.421875
25000,22.90625
30000,16.984375
35000,9.328125
40000,11.625
45000,14.90625
50000,20.726562
