steps,returns
100000.0,-0.8232565
200000.0,0.5232935
300000.0,457.28207
400000.0,120.38127
500000.0,-143.91888
600000.0,-335.3772
700000.0,-206.74301
800000.0,-342.9898
900000.0,-324.35944
1000000.0,-276.88693
