steps,returns
5000,9.140625
10000,8.9765625
15000,9.0859375
20000,9.1171875
25000,8.9765625
30000,8.984375
35000,9.0078125
40000,8.9921875
45000,9.03125
50000,9.0390625
