steps,returns
100000.0,1041.1123
200000.0,762.62244
300000.0,880.90814
400000.0,823.0781
500000.0,840.9026
600000.0,866.1355
700000.0,764.6709
800000.0,743.07855
900000.0,793.96277
1000000.0,479.5562
