steps,returns
10000,194.875
20000,141.77344
30000,137.82031
40000,150.04688
50000,149.09375
60000,125.96875
70000,100.41406
80000,99.28906
90000,96.75781
100000,111.21875
