steps,returns
5000,9.21875
10000,9.234375
15000,9.3828125
20000,9.265625
25000,12.1484375
30000,17.890625
35000,31.75
40000,54.898438
45000,61.835938
50000,47.273438
