steps,returns
100000.0,0.9339467
200000.0,11.100721
300000.0,-391.90118
400000.0,-221.41727
500000.0,-432.46045
600000.0,-748.38513
700000.0,-1071.1023
800000.0,-1347.4539
900000.0,-1067.159
1000000.0,-1218.1436
