steps,returns
100000.0,447.14307
200000.0,453.11572
300000.0,843.4331
400000.0,255.73212
500000.0,740.97766
600000.0,867.83716
700000.0,-66.22672
800000.0,-406.38995
900000.0,-549.2817
1000000.0,-1091.7974
