steps,returns
1000000,-19.1875
2000000,-17.328125
3000000,-18.328125
4000000,-18.3125
5000000,-18.1875
6000000,-18.0625
7000000,-17.84375
8000000,-17.703125
9000000,-18.125
10000000,-18.109375
