steps,returns
1000000,17.34375
2000000,16.71875
3000000,57.5
4000000,34.84375
5000000,50.9375
6000000,306.5625
7000000,113.75
8000000,118.90625
9000000,107.8125
10000000,300.15625
