steps,returns
5000,272.6172
10000,141.875
15000,105.640625
20000,114.58594
25000,240.85156
30000,500.0
35000,193.14062
40000,296.9922
45000,145.78906
50000,96.10156
