steps,returns
1000000,17.1875
2000000,58.59375
3000000,18.125
4000000,298.4375
5000000,257.8125
6000000,87.96875
7000000,329.53125
8000000,152.1875
9000000,17.65625
10000000,563.5156
