steps,returns
100000.0,539.9815
200000.0,525.67944
300000.0,536.3199
400000.0,502.15924
500000.0,519.3437
600000.0,603.24225
700000.0,531.3904
800000.0,528.6137
900000.0,596.4634
1000000.0,694.56104
