steps,returns
5000,9.1875
10000,9.3359375
15000,9.296875
20000,9.203125
25000,9.234375
30000,9.296875
35000,9.3125
40000,9.3828125
45000,9.3828125
50000,9.2421875
