steps,returns
5000,9.3984375
10000,9.3359375
15000,9.3515625
20000,54.1875
25000,36.632812
30000,38.6875
35000,56.164062
40000,145.03125
45000,233.98438
50000,179.82812
