steps,returns
5000,50.726562
10000,62.445312
15000,66.63281
20000,64.578125
25000,64.078125
30000,62.320312
35000,58.101562
40000,55.054688
45000,50.710938
50000,49.03125
