steps,returns
100000.0,1007.79834
200000.0,951.68097
300000.0,825.8718
400000.0,454.0533
500000.0,-10.213464
600000.0,-379.5747
700000.0,-656.4133
800000.0,-984.00757
900000.0,-1689.0737
1000000.0,-2059.483
