steps,returns
1000000,392.89062
2000000,468.51562
3000000,367.5
4000000,2245.2344
5000000,3201.0938
6000000,3823.125
7000000,3589.7656
8000000,4096.328
9000000,4643.3594
10000000,4841.953
