steps,returns
5000,86.88281
10000,84.96094
15000,80.92969
20000,74.1875
25000,65.42969
30000,54.59375
35000,49.71875
40000,45.601562
45000,44.390625
50000,37.84375
