steps,returns
5000,72.75
10000,72.72656
15000,71.97656
20000,73.65625
25000,75.03125
30000,74.546875
35000,77.55469
40000,78.83594
45000,79.546875
50000,80.39844
