steps,returns
1000000,838.47656
2000000,782.4219
3000000,861.1328
4000000,724.21875
5000000,1681.25
6000000,742.1875
7000000,588.6719
8000000,741.7969
9000000,511.91406
10000000,1495.3125
