{"config": {"hp_config.clip_eps": 0.48838054409516857, "hp_config.ent_coef": 0.302422759872523, "hp_config.gae_lambda": 0.9477787895217205, "hp_config.learning_rate": 1.5701421102720535e-06, "hp_config.max_grad_norm": 0.2828069625764096, "hp_config.minibatch_size": 32, "hp_config.normalize_advantage": true, "hp_config.vf_clip_eps": 0.05936385947712203, "hp_config.vf_coef": 0.317983179393976}, "score": 189.73744201660156, "budget_used": 13, "total_wallclock_time": -296.7809238433838, "total_optimization_time": 0.018514633178710938}
{"config": {"hp_config.clip_eps": 0.16000857541123392, "hp_config.ent_coef": 0.19173194708594898, "hp_config.gae_lambda": 0.9176045909993658, "hp_config.learning_rate": 0.014296913058545252, "hp_config.max_grad_norm": 0.6289818435911487, "hp_config.minibatch_size": 128, "hp_config.normalize_advantage": true, "hp_config.vf_clip_eps": 0.39902341695628185, "hp_config.vf_coef": 0.1856359443059522}, "score": NaN, "budget_used": 26, "total_wallclock_time": -438.5237441062927, "total_optimization_time": 0.058626413345336914}
{"config": {"hp_config.clip_eps": 0.16000857541123392, "hp_config.ent_coef": 0.19173194708594898, "hp_config.gae_lambda": 0.9176045909993658, "hp_config.learning_rate": 0.014296913058545252, "hp_config.max_grad_norm": 0.6289818435911487, "hp_config.minibatch_size": 128, "hp_config.normalize_advantage": true, "hp_config.vf_clip_eps": 0.39902341695628185, "hp_config.vf_coef": 0.1856359443059522}, "score": NaN, "budget_used": 39, "total_wallclock_time": -589.3816468715668, "total_optimization_time": 0.061928749084472656}
{"config": {"hp_config.clip_eps": 0.16000857541123392, "hp_config.ent_coef": 0.19173194708594898, "hp_config.gae_lambda": 0.9176045909993658, "hp_config.learning_rate": 0.014296913058545252, "hp_config.max_grad_norm": 0.6289818435911487, "hp_config.minibatch_size": 128, "hp_config.normalize_advantage": true, "hp_config.vf_clip_eps": 0.39902341695628185, "hp_config.vf_coef": 0.1856359443059522}, "score": NaN, "budget_used": 52, "total_wallclock_time": -744.6696462631226, "total_optimization_time": 0.07331418991088867}
{"config": {"hp_config.clip_eps": 0.16000857541123392, "hp_config.ent_coef": 0.19173194708594898, "hp_config.gae_lambda": 0.9176045909993658, "hp_config.learning_rate": 0.014296913058545252, "hp_config.max_grad_norm": 0.6289818435911487, "hp_config.minibatch_size": 128, "hp_config.normalize_advantage": true, "hp_config.vf_clip_eps": 0.39902341695628185, "hp_config.vf_coef": 0.1856359443059522}, "score": NaN, "budget_used": 65, "total_wallclock_time": -894.3458504676819, "total_optimization_time": 0.07872366905212402}
{"config": {"hp_config.clip_eps": 0.16000857541123392, "hp_config.ent_coef": 0.19173194708594898, "hp_config.gae_lambda": 0.9176045909993658, "hp_config.learning_rate": 0.014296913058545252, "hp_config.max_grad_norm": 0.6289818435911487, "hp_config.minibatch_size": 128, "hp_config.normalize_advantage": true, "hp_config.vf_clip_eps": 0.39902341695628185, "hp_config.vf_coef": 0.1856359443059522}, "score": NaN, "budget_used": 78, "total_wallclock_time": -1040.3545916080475, "total_optimization_time": 0.0817270278930664}
{"config": {"hp_config.clip_eps": 0.16000857541123392, "hp_config.ent_coef": 0.19173194708594898, "hp_config.gae_lambda": 0.9176045909993658, "hp_config.learning_rate": 0.014296913058545252, "hp_config.max_grad_norm": 0.6289818435911487, "hp_config.minibatch_size": 128, "hp_config.normalize_advantage": true, "hp_config.vf_clip_eps": 0.39902341695628185, "hp_config.vf_coef": 0.1856359443059522}, "score": NaN, "budget_used": 91, "total_wallclock_time": -1183.177842617035, "total_optimization_time": 0.08526802062988281}
{"config": {"hp_config.clip_eps": 0.16000857541123392, "hp_config.ent_coef": 0.19173194708594898, "hp_config.gae_lambda": 0.9176045909993658, "hp_config.learning_rate": 0.014296913058545252, "hp_config.max_grad_norm": 0.6289818435911487, "hp_config.minibatch_size": 128, "hp_config.normalize_advantage": true, "hp_config.vf_clip_eps": 0.39902341695628185, "hp_config.vf_coef": 0.1856359443059522}, "score": NaN, "budget_used": 104, "total_wallclock_time": -1321.9658181667328, "total_optimization_time": 0.08821868896484375}
{"config": {"hp_config.clip_eps": 0.16000857541123392, "hp_config.ent_coef": 0.19173194708594898, "hp_config.gae_lambda": 0.9176045909993658, "hp_config.learning_rate": 0.014296913058545252, "hp_config.max_grad_norm": 0.6289818435911487, "hp_config.minibatch_size": 128, "hp_config.normalize_advantage": true, "hp_config.vf_clip_eps": 0.39902341695628185, "hp_config.vf_coef": 0.1856359443059522}, "score": NaN, "budget_used": 117, "total_wallclock_time": -1464.9261071681976, "total_optimization_time": 0.1365222930908203}
{"config": {"hp_config.clip_eps": 0.16000857541123392, "hp_config.ent_coef": 0.19173194708594898, "hp_config.gae_lambda": 0.9176045909993658, "hp_config.learning_rate": 0.014296913058545252, "hp_config.max_grad_norm": 0.6289818435911487, "hp_config.minibatch_size": 128, "hp_config.normalize_advantage": true, "hp_config.vf_clip_eps": 0.39902341695628185, "hp_config.vf_coef": 0.1856359443059522}, "score": NaN, "budget_used": 130, "total_wallclock_time": -1603.5078134536743, "total_optimization_time": 0.1395587921142578}
{"config": {"hp_config.clip_eps": 0.16000857541123392, "hp_config.ent_coef": 0.19173194708594898, "hp_config.gae_lambda": 0.9176045909993658, "hp_config.learning_rate": 0.014296913058545252, "hp_config.max_grad_norm": 0.6289818435911487, "hp_config.minibatch_size": 128, "hp_config.normalize_advantage": true, "hp_config.vf_clip_eps": 0.39902341695628185, "hp_config.vf_coef": 0.1856359443059522}, "score": NaN, "budget_used": 143, "total_wallclock_time": -1742.2949194908142, "total_optimization_time": 0.145111083984375}
