steps,returns
5000,105.203125
10000,32.085938
15000,40.421875
20000,112.99219
25000,100.53906
30000,91.27344
35000,101.74219
40000,38.6875
45000,90.63281
50000,71.08594
