steps,returns
100000.0,507.19824
200000.0,546.85864
300000.0,573.9984
400000.0,595.0584
500000.0,586.18506
600000.0,634.3929
700000.0,756.0897
800000.0,999.1257
900000.0,1191.4333
1000000.0,1415.4219
