steps,returns
100000.0,656.74304
200000.0,504.3808
300000.0,529.05945
400000.0,557.5178
500000.0,818.6936
600000.0,717.71643
700000.0,675.9303
800000.0,10.0235405
900000.0,-479.70023
1000000.0,-1275.6306
