steps,returns
100000.0,891.96594
200000.0,801.67004
300000.0,770.9756
400000.0,541.5554
500000.0,-453.39206
600000.0,-744.72534
700000.0,-755.2908
800000.0,-685.4065
900000.0,-605.50415
1000000.0,-523.2506
