steps,returns
5000,8.9140625
10000,8.8203125
15000,8.921875
20000,8.890625
25000,9.0546875
30000,8.9765625
35000,9.0234375
40000,9.015625
45000,9.1015625
50000,9.140625
