steps,returns
10000,82.99219
20000,87.15625
30000,88.28906
40000,94.99219
50000,87.390625
60000,83.78125
70000,85.46875
80000,76.578125
90000,73.921875
100000,76.703125
