steps,returns
10000,-500.0
20000,-500.0
30000,-455.64062
40000,-498.0625
50000,-221.20312
60000,-500.0
70000,-500.0
80000,-500.0
90000,-500.0
100000,-274.875
