steps,returns
100000.0,-1.0374058
200000.0,-7.8345337
300000.0,21.347435
400000.0,-92.35304
500000.0,-301.816
600000.0,-464.67047
700000.0,-576.1804
800000.0,-1273.0137
900000.0,-1791.6465
1000000.0,-1930.2185
