steps,returns
100000.0,621.81384
200000.0,471.73047
300000.0,499.45035
400000.0,579.26575
500000.0,1009.0105
600000.0,789.62366
700000.0,630.54694
800000.0,29.63177
900000.0,-833.2797
1000000.0,-2203.2422
