steps,returns
1000000,91.40625
2000000,117.34375
3000000,286.25
4000000,17.96875
5000000,16.71875
6000000,135.9375
7000000,17.34375
8000000,25.3125
9000000,30.625
10000000,1146.0938
