steps,returns
5000,66.02344
10000,274.54688
15000,124.39844
20000,334.3125
25000,129.96094
30000,104.015625
35000,105.71094
40000,104.52344
45000,107.61719
50000,98.88281
