steps,returns
10000,272.625
20000,288.35938
30000,397.16406
40000,485.8672
50000,213.53125
60000,500.0
70000,500.0
80000,381.39062
90000,500.0
100000,500.0
