steps,returns
10000,403.70312
20000,158.28906
30000,500.0
40000,500.0
50000,467.9922
60000,500.0
70000,384.60938
80000,298.98438
90000,500.0
100000,500.0
