steps,returns
1000000,-17.640625
2000000,-17.015625
3000000,-17.671875
4000000,-16.9375
5000000,-17.171875
6000000,-17.234375
7000000,-16.453125
8000000,-16.453125
9000000,-16.28125
10000000,-16.078125
