steps,returns
10000,-155.40625
20000,-182.59375
30000,-170.73438
40000,-163.8125
50000,-197.76562
60000,-196.83594
70000,-231.50781
80000,-262.16406
90000,-251.22656
100000,-245.66406
