steps,returns
1000000,150.0
2000000,125.0
3000000,250.0
4000000,325.0
5000000,236.71875
6000000,319.53125
7000000,237.10938
8000000,282.22656
9000000,191.01562
10000000,250.78125
