steps,returns
1000000,-17.9375
2000000,-17.515625
3000000,-17.71875
4000000,-17.90625
5000000,-17.46875
6000000,-18.03125
7000000,-18.484375
8000000,-17.265625
9000000,-18.34375
10000000,-17.84375
