steps,returns
1000000,656.6406
2000000,676.3672
3000000,871.875
4000000,689.84375
5000000,666.0156
6000000,788.08594
7000000,680.46875
8000000,648.8281
9000000,753.71094
10000000,735.9375
