steps,returns
1000000,-17.703125
2000000,-17.6875
3000000,-17.34375
4000000,-18.328125
5000000,-17.890625
6000000,-17.9375
7000000,-18.203125
8000000,-17.859375
9000000,-18.203125
10000000,-17.953125
