steps,returns
1000000,-17.890625
2000000,-18.0
3000000,-17.875
4000000,-17.890625
5000000,-17.75
6000000,-17.5
7000000,-17.65625
8000000,-17.59375
9000000,-17.921875
10000000,-17.046875
