steps,returns
100000.0,-1020.88135
200000.0,-1052.1182
300000.0,-1019.83325
400000.0,-1029.6785
500000.0,-946.0865
600000.0,-1002.6411
700000.0,-1097.0299
800000.0,-1085.9164
900000.0,-1083.1713
1000000.0,-1081.0547
