steps,returns
1000000,40.78125
2000000,16.71875
3000000,17.5
4000000,17.96875
5000000,29.375
6000000,17.65625
7000000,37.1875
8000000,17.65625
9000000,17.65625
10000000,29.0625
