steps,returns
10000,-500.0
20000,-500.0
30000,-500.0
40000,-500.0
50000,-411.4375
60000,-105.84375
70000,-347.75
80000,-445.52344
90000,-500.0
100000,-495.90625
