steps,returns
5000,35.84375
10000,46.210938
15000,50.3125
20000,56.132812
25000,57.523438
30000,58.578125
35000,54.085938
40000,58.984375
45000,58.382812
50000,58.890625
