steps,returns
100000.0,-572.1405
200000.0,-978.30786
300000.0,-292.37555
400000.0,-557.2466
500000.0,-1359.3818
600000.0,-2346.4277
700000.0,-3175.6587
800000.0,-3753.3408
900000.0,-4490.991
1000000.0,-8031.5166
