steps,returns
1000000,28.4375
2000000,27.96875
3000000,48.75
4000000,18.125
5000000,16.40625
6000000,17.96875
7000000,29.375
8000000,17.1875
9000000,17.65625
10000000,17.65625
