steps,returns
5000,89.28125
10000,85.828125
15000,88.140625
20000,83.14844
25000,87.71094
30000,85.171875
35000,81.046875
40000,74.515625
45000,72.59375
50000,66.64844
