steps,returns
100000.0,1277.342
200000.0,689.71387
300000.0,893.17444
400000.0,862.35223
500000.0,973.15173
600000.0,1024.3357
700000.0,1202.3358
800000.0,1224.1267
900000.0,1177.7411
1000000.0,1153.5547
