steps,returns
100000.0,864.70667
200000.0,726.0251
300000.0,3.7871392
400000.0,2011.9585
500000.0,1287.0387
600000.0,268.2188
700000.0,1416.4263
800000.0,1648.5885
900000.0,1138.6093
1000000.0,1397.8914
