steps,returns
100000.0,1026.7588
200000.0,686.12244
300000.0,727.7325
400000.0,898.0464
500000.0,978.54065
600000.0,964.9456
700000.0,950.9999
800000.0,937.79407
900000.0,927.6194
1000000.0,921.8834
