steps,returns
1000000,-16.359375
2000000,-16.6875
3000000,-15.859375
4000000,-16.640625
5000000,-16.578125
6000000,-16.625
7000000,-16.71875
8000000,-16.1875
9000000,-17.609375
10000000,-16.71875
