{"config": {"hp_config.clip_eps": 0.4030969945230429, "hp_config.ent_coef": 0.35194429177018316, "hp_config.gae_lambda": 0.820035354773729, "hp_config.learning_rate": 0.03957428423834935, "hp_config.max_grad_norm": 0.7142412995491114, "hp_config.minibatch_size": 512, "hp_config.normalize_advantage": true, "hp_config.vf_clip_eps": 0.4340630286841071, "hp_config.vf_coef": 0.16249293467637482}, "score": 0.0, "budget_used": 128, "total_wallclock_time": -5499.673011779785, "total_optimization_time": 0.010685443878173828}
