steps,returns
100000.0,13.475519
200000.0,13.491569
300000.0,13.581081
400000.0,13.568721
500000.0,13.46901
600000.0,13.594798
700000.0,13.590917
800000.0,13.531074
900000.0,
1000000.0,
