steps,returns
100000.0,841.08997
200000.0,771.29553
300000.0,706.6415
400000.0,687.18884
500000.0,1169.3843
600000.0,1068.9368
700000.0,1131.4453
800000.0,1257.0813
900000.0,1309.4873
1000000.0,1301.0461
