steps,returns
100000.0,-290.227
200000.0,-749.98706
300000.0,-193.42722
400000.0,-976.2831
500000.0,-1059.2927
600000.0,-1307.1349
700000.0,-1907.332
800000.0,-2764.715
900000.0,-3657.3735
1000000.0,-5218.5703
