steps,returns
1000000,225.0
2000000,141.40625
3000000,359.96094
4000000,622.85156
5000000,579.4922
6000000,504.10156
7000000,602.14844
8000000,723.2422
9000000,621.4844
10000000,667.3828
