steps,returns
1000000,457.8125
2000000,1232.0312
3000000,355.9375
4000000,80.9375
5000000,1187.9688
6000000,366.09375
7000000,343.125
8000000,890.78125
9000000,92.03125
10000000,1593.125
