steps,returns
100000.0,398.7749
200000.0,856.43774
300000.0,897.3809
400000.0,709.506
500000.0,-48.58908
600000.0,-26800.207
700000.0,-19447.22
800000.0,-65787.64
900000.0,-108556.16
1000000.0,-112732.375
