steps,returns
100000.0,-160.67026
200000.0,-528.9513
300000.0,211.57864
400000.0,213.6875
500000.0,308.01062
600000.0,375.63934
700000.0,519.2086
800000.0,667.2913
900000.0,857.4553
1000000.0,831.4487
