steps,returns
10000,173.16406
20000,500.0
30000,500.0
40000,258.64844
50000,500.0
60000,232.51562
70000,286.89062
80000,500.0
90000,251.59375
100000,500.0
