steps,returns
10000,-288.53906
20000,-317.77344
30000,-335.23438
40000,-359.23438
50000,-411.07812
60000,-455.46875
70000,-486.40625
80000,-436.9297
90000,-440.22656
100000,-497.8047
