steps,returns
10000,-427.46875
20000,-500.0
30000,-481.4297
40000,-497.58594
50000,-500.0
60000,-500.0
70000,-500.0
80000,-500.0
90000,-500.0
100000,-500.0
