steps,returns
5000,9.2265625
10000,9.2109375
15000,9.265625
20000,9.2890625
25000,9.25
30000,9.34375
35000,9.2734375
40000,9.4609375
45000,9.3359375
50000,9.34375
