steps,returns
100000.0,1017.8246
200000.0,1022.53485
300000.0,1017.0355
400000.0,1006.0762
500000.0,988.7798
600000.0,975.99554
700000.0,954.173
800000.0,917.5515
900000.0,857.9299
1000000.0,778.2295
