steps,returns
1000000,-18.03125
2000000,-18.015625
3000000,-18.015625
4000000,-17.53125
5000000,-17.640625
6000000,-17.140625
7000000,-17.109375
8000000,-17.625
9000000,-16.09375
10000000,-16.9375
