steps,returns
100000.0,809.48584
200000.0,34.41298
300000.0,-1955.2703
400000.0,-5075.303
500000.0,-7816.5947
600000.0,-14797.107
700000.0,-23847.71
800000.0,-41427.133
900000.0,-60224.305
1000000.0,-78467.33
