steps,returns
100000.0,1016.05835
200000.0,945.63666
300000.0,781.3296
400000.0,538.03906
500000.0,363.95697
600000.0,188.37798
700000.0,123.382454
800000.0,174.40634
900000.0,191.93591
1000000.0,-7.4457903
