steps,returns
100000.0,-1.2896498
200000.0,-4.6645737
300000.0,24.650908
400000.0,-132.36182
500000.0,-361.04675
600000.0,-496.11093
700000.0,-678.3147
800000.0,-890.27374
900000.0,-1546.3625
1000000.0,-1906.7576
