steps,returns
100000.0,1031.3627
200000.0,1003.48694
300000.0,958.28577
400000.0,891.6666
500000.0,810.7053
600000.0,756.0835
700000.0,768.411
800000.0,740.468
900000.0,759.24506
1000000.0,754.118
