steps,returns
1000000,-17.78125
2000000,-17.8125
3000000,-18.15625
4000000,-17.859375
5000000,-17.78125
6000000,-17.78125
7000000,-17.65625
8000000,-17.640625
9000000,-18.171875
10000000,-18.4375
