steps,returns
100000.0,-252.1417
200000.0,-446.35907
300000.0,-254.87207
400000.0,-714.67755
500000.0,-1901.6423
600000.0,-2386.0073
700000.0,-5014.7725
800000.0,-9872.953
900000.0,-11952.035
1000000.0,-18610.324
