steps,returns
1000000,-18.625
2000000,-18.21875
3000000,-18.15625
4000000,-18.3125
5000000,-18.421875
6000000,-18.125
7000000,-17.703125
8000000,-17.890625
9000000,-17.921875
10000000,-17.453125
