steps,returns
100000.0,992.5122
200000.0,891.58527
300000.0,752.044
400000.0,657.84033
500000.0,613.42267
600000.0,457.97668
700000.0,-76.81831
800000.0,-194.98401
900000.0,-306.12332
1000000.0,-1043.4568
