steps,returns
5000,15.6015625
10000,10.8984375
15000,8.828125
20000,8.8828125
25000,8.875
30000,8.953125
35000,8.8828125
40000,8.875
45000,8.9765625
50000,8.9609375
