steps,returns
1000000,-18.109375
2000000,-17.3125
3000000,-17.6875
4000000,-17.640625
5000000,-18.375
6000000,-18.078125
7000000,-18.234375
8000000,-18.078125
9000000,-17.84375
10000000,-17.9375
