steps,returns
100000.0,-8.627369
200000.0,-133.46884
300000.0,-448.10315
400000.0,-1304.2788
500000.0,-1582.5381
600000.0,-1636.2352
700000.0,-2101.467
800000.0,-2670.5537
900000.0,-2962.1714
1000000.0,-3591.854
