steps,returns
100000.0,587.6832
200000.0,567.4529
300000.0,570.4707
400000.0,566.94214
500000.0,615.8519
600000.0,627.25397
700000.0,994.9191
800000.0,1181.0779
900000.0,1407.2523
1000000.0,1473.5725
