steps,returns
10000,151.5625
20000,212.125
30000,300.9375
40000,205.92188
50000,200.85938
60000,171.03906
70000,163.28125
80000,287.1328
90000,500.0
100000,499.57812
