steps,returns
100000.0,-0.42372647
200000.0,-3.3631053
300000.0,4.9755754
400000.0,-75.62275
500000.0,-299.22656
600000.0,-423.19043
700000.0,-492.46375
800000.0,-682.7798
900000.0,-794.20215
1000000.0,-1831.1163
