steps,returns
1000000,150.0
2000000,244.72656
3000000,300.0
4000000,263.28125
5000000,320.3125
6000000,321.09375
7000000,460.54688
8000000,465.4297
9000000,464.45312
10000000,244.33594
