steps,returns
1000000,17.5
2000000,17.5
3000000,17.03125
4000000,18.125
5000000,15.625
6000000,38.90625
7000000,17.1875
8000000,17.5
9000000,27.03125
10000000,18.4375
