steps,returns
10000,48.101562
20000,36.34375
30000,25.515625
40000,29.867188
50000,54.859375
60000,141.66406
70000,257.3672
80000,196.96094
90000,423.98438
100000,352.71875
