steps,returns
1000000,56.25
2000000,17.5
3000000,60.15625
4000000,421.95312
5000000,270.3125
6000000,19.53125
7000000,472.1875
8000000,1531.1719
9000000,1199.2969
10000000,673.5156
