steps,returns
100000.0,597.21765
200000.0,694.03546
300000.0,197.04813
400000.0,-159.33952
500000.0,-365.89313
600000.0,-837.404
700000.0,-1248.6626
800000.0,-1899.6881
900000.0,-2770.0508
1000000.0,-3899.9233
