steps,returns
1000000,-18.03125
2000000,-17.265625
3000000,-18.234375
4000000,-17.5
5000000,-17.484375
6000000,-17.859375
7000000,-17.828125
8000000,-17.890625
9000000,-17.734375
10000000,-17.765625
