steps,returns
10000,119.78906
20000,71.86719
30000,105.16406
40000,70.66406
50000,463.41406
60000,118.390625
70000,109.0625
80000,195.8125
90000,426.46094
100000,353.0078
