steps,returns
1000000,-18.125
2000000,-18.40625
3000000,-17.640625
4000000,-17.578125
5000000,-16.875
6000000,-16.859375
7000000,-16.90625
8000000,-17.0625
9000000,-16.234375
10000000,-16.09375
