steps,returns
10000,58.148438
20000,128.75781
30000,178.53125
40000,500.0
50000,500.0
60000,462.51562
70000,500.0
80000,498.10938
90000,500.0
100000,500.0
