steps,returns
100000.0,788.5498
200000.0,957.12573
300000.0,928.8854
400000.0,844.5352
500000.0,881.0785
600000.0,825.6424
700000.0,808.55005
800000.0,892.8706
900000.0,912.1571
1000000.0,877.47815
