steps,returns
1000000,396.28906
2000000,826.9531
3000000,469.14062
4000000,685.7422
5000000,735.9375
6000000,1682.0312
7000000,663.8672
8000000,866.0156
9000000,1541.7969
10000000,1451.5625
