steps,returns
5000,44.375
10000,103.52344
15000,114.109375
20000,56.4375
25000,32.796875
30000,146.39844
35000,107.6875
40000,230.125
45000,115.234375
50000,177.44531
