steps,returns
5000,13.5
10000,8.8671875
15000,8.9140625
20000,8.78125
25000,8.9765625
30000,8.9375
35000,9.0078125
40000,9.1171875
45000,9.0078125
50000,9.09375
