steps,returns
100000.0,1021.98224
200000.0,967.7853
300000.0,833.99817
400000.0,712.3221
500000.0,628.1813
600000.0,656.78735
700000.0,658.98376
800000.0,648.15
900000.0,656.259
1000000.0,688.6809
