steps,returns
100000.0,803.22815
200000.0,808.6215
300000.0,1203.2786
400000.0,744.47845
500000.0,935.02454
600000.0,969.90125
700000.0,995.1191
800000.0,394.87457
900000.0,119.56491
1000000.0,659.76306
