steps,returns
1000000,412.3047
2000000,250.0
3000000,297.85156
4000000,165.03906
5000000,455.66406
6000000,192.77344
7000000,416.9922
8000000,457.42188
9000000,292.1875
10000000,157.22656
