steps,returns
100000.0,490.62448
200000.0,536.1146
300000.0,535.00366
400000.0,535.7722
500000.0,532.84454
600000.0,569.9745
700000.0,723.775
800000.0,1010.5977
900000.0,1199.8185
1000000.0,1237.385
