steps,returns
100000.0,967.5089
200000.0,207.87772
300000.0,-693.13153
400000.0,-23333.22
500000.0,-24799.934
600000.0,-60984.992
700000.0,-53028.086
800000.0,-48118.812
900000.0,-43295.21
1000000.0,-39973.164
