steps,returns
100000.0,-136.59183
200000.0,-887.89465
300000.0,-3067.2002
400000.0,-4243.575
500000.0,-9421.503
600000.0,-9314.357
700000.0,-14577.198
800000.0,-26292.895
900000.0,-32140.535
1000000.0,-40024.453
