steps,returns
10000,-325.10938
20000,-500.0
30000,-500.0
40000,-500.0
50000,-500.0
60000,-500.0
70000,-500.0
80000,-464.04688
90000,-471.51562
100000,-500.0
