steps,returns
1000000,125.0
2000000,250.0
3000000,209.76562
4000000,150.0
5000000,239.0625
6000000,205.66406
7000000,200.78125
8000000,599.6094
9000000,626.9531
10000000,491.01562
