steps,returns
100000.0,1026.4885
200000.0,1025.5847
300000.0,1022.14014
400000.0,1003.3933
500000.0,978.9674
600000.0,947.64746
700000.0,901.5195
800000.0,827.8756
900000.0,750.75244
1000000.0,669.09143
