steps,returns
5000,42.703125
10000,54.367188
15000,61.84375
20000,66.375
25000,72.765625
30000,71.5625
35000,73.0625
40000,70.89844
45000,73.15625
50000,75.42969
