steps,returns
10000,75.44531
20000,100.71875
30000,96.89844
40000,104.203125
50000,96.77344
60000,102.99219
70000,102.58594
80000,110.38281
90000,109.828125
100000,108.39844
