steps,returns
1000000,600.0
2000000,772.46094
3000000,594.72656
4000000,743.9453
5000000,861.91406
6000000,1433.5938
7000000,2515.2344
8000000,3353.3203
9000000,2554.1016
10000000,4077.1484
