steps,returns
1000000,51.40625
2000000,27.65625
3000000,28.4375
4000000,17.8125
5000000,16.09375
6000000,30.0
7000000,17.1875
8000000,49.53125
9000000,17.5
10000000,49.0625
