steps,returns
100000.0,1017.0396
200000.0,1014.398
300000.0,1027.6686
400000.0,1028.6714
500000.0,1026.6316
600000.0,1027.729
700000.0,1022.21423
800000.0,1017.973
900000.0,1011.40015
1000000.0,1006.2578
