steps,returns
5000,408.33594
10000,135.54688
15000,149.25781
20000,175.83594
25000,210.15625
30000,227.90625
35000,217.82812
40000,222.85938
45000,195.14062
50000,488.27344
