steps,returns
1000000,-17.609375
2000000,-17.9375
3000000,-18.140625
4000000,-17.796875
5000000,-17.71875
6000000,-18.203125
7000000,-18.234375
8000000,-17.875
9000000,-17.671875
10000000,-17.859375
