steps,returns
1000000,-17.84375
2000000,-18.125
3000000,-17.546875
4000000,-18.0
5000000,-17.5
6000000,-17.875
7000000,-17.65625
8000000,-17.640625
9000000,-18.640625
10000000,-18.015625
