steps,returns
1000000,-18.15625
2000000,-17.765625
3000000,-17.875
4000000,-18.0
5000000,-18.1875
6000000,-17.9375
7000000,-17.78125
8000000,-18.09375
9000000,-18.203125
10000000,-18.078125
