steps,returns
10000,78.71875
20000,101.52344
30000,102.53125
40000,103.72656
50000,112.91406
60000,116.64844
70000,110.55469
80000,115.0625
90000,125.234375
100000,125.71875
