steps,returns
10000,81.88281
20000,67.96094
30000,124.046875
40000,130.92188
50000,146.85938
60000,165.72656
70000,157.23438
80000,146.69531
90000,173.79688
100000,148.78906
