steps,returns
100000.0,473.68976
200000.0,483.36465
300000.0,542.15454
400000.0,534.0785
500000.0,552.5039
600000.0,605.24896
700000.0,902.1378
800000.0,1205.2246
900000.0,1188.5961
1000000.0,1322.4141
