steps,returns
1000000,-17.453125
2000000,-18.171875
3000000,-18.046875
4000000,-18.28125
5000000,-17.46875
6000000,-18.21875
7000000,-17.953125
8000000,-18.046875
9000000,-18.015625
10000000,-17.78125
