steps,returns
100000.0,9.520845
200000.0,-95.15051
300000.0,-628.7976
400000.0,-5054.6763
500000.0,-21543.861
600000.0,-80156.2
700000.0,-157350.23
800000.0,-516079.28
900000.0,-1128407.0
1000000.0,-1776100.2
