steps,returns
1000000,-17.828125
2000000,-16.703125
3000000,-16.515625
4000000,-17.265625
5000000,-17.03125
6000000,-4.40625
7000000,-16.15625
8000000,-16.234375
9000000,-17.78125
10000000,-16.40625
