steps,returns
5000,9.40625
10000,9.5
15000,9.359375
20000,9.390625
25000,9.359375
30000,9.5078125
35000,9.296875
40000,9.3359375
45000,9.4296875
50000,9.5078125
