steps,returns
100000.0,2.0494065
200000.0,19.400146
300000.0,-31.421597
400000.0,-332.98822
500000.0,-415.11847
600000.0,-75.25652
700000.0,284.9754
800000.0,164.64621
900000.0,106.56598
1000000.0,170.9753
