steps,returns
1000000,-17.5625
2000000,-17.46875
3000000,-18.015625
4000000,-18.25
5000000,-17.8125
6000000,-17.375
7000000,-18.15625
8000000,-17.578125
9000000,-18.015625
10000000,-18.0625
