steps,returns
100000.0,656.38104
200000.0,988.18384
300000.0,1006.42554
400000.0,958.84534
500000.0,931.73663
600000.0,933.9683
700000.0,958.34094
800000.0,976.90344
900000.0,1019.1051
1000000.0,1083.6295
