steps,returns
100000.0,766.5832
200000.0,515.8635
300000.0,1030.6511
400000.0,550.24915
500000.0,493.08368
600000.0,431.42657
700000.0,472.62183
800000.0,463.35358
900000.0,487.81583
1000000.0,593.6821
