steps,returns
100000.0,-918.1676
200000.0,-917.15137
300000.0,-920.61127
400000.0,-933.21216
500000.0,-935.3613
600000.0,-937.5123
700000.0,-932.21326
800000.0,-906.82043
900000.0,-903.41327
1000000.0,-923.63934
