steps,returns
100000.0,22.656006
200000.0,22.470917
300000.0,22.98378
400000.0,23.094082
500000.0,22.71072
600000.0,22.4288
700000.0,22.985577
800000.0,22.82265
900000.0,22.644922
1000000.0,22.597216
