steps,returns
100000.0,285.2625
200000.0,286.0217
300000.0,286.4329
400000.0,286.19995
500000.0,285.82986
600000.0,285.6657
700000.0,286.05835
800000.0,286.04605
900000.0,286.24615
1000000.0,286.10693
