steps,returns
100000.0,1021.9292
200000.0,1025.1781
300000.0,1025.6587
400000.0,1020.38403
500000.0,1007.44684
600000.0,1006.31177
700000.0,981.91644
800000.0,971.75055
900000.0,930.8418
1000000.0,873.0072
