steps,returns
100000.0,1026.4606
200000.0,1093.0596
300000.0,1082.2845
400000.0,339.6782
500000.0,1394.3096
600000.0,1351.855
700000.0,175.78787
800000.0,1180.1453
900000.0,992.45966
1000000.0,1115.032
