steps,returns
100000.0,722.1959
200000.0,760.7544
300000.0,804.818
400000.0,822.06854
500000.0,677.1765
600000.0,670.5819
700000.0,646.90125
800000.0,619.855
900000.0,662.5323
1000000.0,613.2439
