steps,returns
100000.0,713.18115
200000.0,1038.3986
300000.0,810.0696
400000.0,894.6221
500000.0,690.06274
600000.0,2410.3164
700000.0,2218.684
800000.0,1293.6233
900000.0,1976.6178
1000000.0,1468.8739
