steps,returns
100000.0,-0.08102432
200000.0,27.874548
300000.0,30.556894
400000.0,170.47786
500000.0,-352.9834
600000.0,-178.78836
700000.0,-744.5663
800000.0,-945.51013
900000.0,-1075.148
1000000.0,-1092.3372
