steps,returns
1000000,458.78906
2000000,513.28125
3000000,625.3906
4000000,1364.2578
5000000,1561.7188
6000000,1622.0703
7000000,2205.664
8000000,4728.5156
9000000,4568.164
10000000,4616.211
