steps,returns
1000000,125.0
2000000,125.0
3000000,125.0
4000000,310.15625
5000000,257.8125
6000000,239.25781
7000000,303.71094
8000000,265.03906
9000000,253.51562
10000000,286.32812
