steps,returns
5000,10.5546875
10000,9.375
15000,9.671875
20000,17.335938
25000,9.40625
30000,55.1875
35000,90.83594
40000,85.35156
45000,22.148438
50000,57.90625
