steps,returns
5000,78.953125
10000,85.53125
15000,88.71094
20000,78.3125
25000,84.109375
30000,79.42969
35000,79.64844
40000,72.421875
45000,61.867188
50000,53.390625
