steps,returns
100000.0,142.83928
200000.0,148.91492
300000.0,144.54001
400000.0,147.3404
500000.0,144.51373
600000.0,146.28539
700000.0,143.06715
800000.0,144.33932
900000.0,143.3816
1000000.0,142.85742
