steps,returns
10000,139.85156
20000,158.72656
30000,229.17969
40000,445.46875
50000,422.03125
60000,490.82812
70000,447.9297
80000,450.40625
90000,463.3125
100000,430.16406
