steps,returns
1000000,125.0
2000000,275.0
3000000,250.0
4000000,303.3203
5000000,275.0
6000000,250.0
7000000,236.71875
8000000,263.67188
9000000,250.0
10000000,307.03125
