steps,returns
10000,431.8672
20000,369.33594
30000,413.34375
40000,458.02344
50000,429.71094
60000,499.6953
70000,293.89844
80000,500.0
90000,499.33594
100000,376.78906
