steps,returns
1000000,150.0
2000000,275.0
3000000,239.64844
4000000,266.40625
5000000,300.0
6000000,307.03125
7000000,239.45312
8000000,225.0
9000000,291.01562
10000000,506.25
