steps,returns
100000.0,881.4992
200000.0,758.0314
300000.0,669.33246
400000.0,783.6509
500000.0,1090.8733
600000.0,1044.1218
700000.0,995.45557
800000.0,942.9793
900000.0,936.759
1000000.0,905.173
