steps,returns
1000000,-17.734375
2000000,-17.96875
3000000,-17.859375
4000000,-18.125
5000000,-17.21875
6000000,-18.078125
7000000,-18.15625
8000000,-18.125
9000000,-17.96875
10000000,-17.625
