steps,returns
100000.0,1029.3644
200000.0,1024.1858
300000.0,1025.3401
400000.0,1019.0825
500000.0,1015.9646
600000.0,1013.64124
700000.0,1012.504
800000.0,1007.53345
900000.0,1002.1549
1000000.0,996.3651
