steps,returns
1000000,-18.09375
2000000,-18.1875
3000000,-18.640625
4000000,-17.625
5000000,-18.140625
6000000,-18.09375
7000000,-17.859375
8000000,-17.703125
9000000,-17.484375
10000000,-17.78125
