steps,returns
5000,9.2734375
10000,9.3828125
15000,9.2890625
20000,9.296875
25000,9.3046875
30000,9.453125
35000,9.3203125
40000,9.28125
45000,9.375
50000,37.851562
