steps,returns
100000.0,987.94824
200000.0,873.6726
300000.0,760.5294
400000.0,360.03778
500000.0,480.93723
600000.0,249.44553
700000.0,400.81363
800000.0,218.58511
900000.0,520.56854
1000000.0,324.27985
