steps,returns
12000,-200.0
24000,-199.875
36000,-200.0
48000,-124.640625
60000,-165.375
72000,-135.21094
84000,-131.85156
96000,-111.953125
108000,-135.57812
120000,-158.73438
