steps,returns
1000000,17.65625
2000000,39.84375
3000000,16.71875
4000000,27.03125
5000000,15.78125
6000000,31.5625
7000000,30.15625
8000000,50.15625
9000000,51.09375
10000000,39.21875
