steps,returns
10000,116.05469
20000,140.4375
30000,331.83594
40000,500.0
50000,461.33594
60000,389.77344
70000,500.0
80000,500.0
90000,500.0
100000,466.21094
