steps,returns
10000,192.32812
20000,499.96094
30000,21.4375
40000,350.92188
50000,500.0
60000,335.2422
70000,420.02344
80000,496.03906
90000,500.0
100000,487.71875
