steps,returns
100000.0,401.21402
200000.0,392.38403
300000.0,389.00165
400000.0,388.2826
500000.0,389.46143
600000.0,386.8613
700000.0,381.21228
800000.0,379.2346
900000.0,378.47165
1000000.0,375.88367
