steps,returns
1000000,-17.890625
2000000,-17.578125
3000000,-17.640625
4000000,-18.203125
5000000,-17.90625
6000000,-17.328125
7000000,-17.171875
8000000,-18.1875
9000000,-17.796875
10000000,-17.890625
