steps,returns
1000000,285.15625
2000000,371.09375
3000000,16.5625
4000000,22.5
5000000,137.34375
6000000,23.4375
7000000,17.5
8000000,118.28125
9000000,43.4375
10000000,60.15625
