steps,returns
1000000,265.78125
2000000,30.78125
3000000,402.96875
4000000,32.5
5000000,306.71875
6000000,413.98438
7000000,486.875
8000000,50.3125
9000000,918.125
10000000,391.95312
