steps,returns
100000.0,432.0724
200000.0,-90.34754
300000.0,-148.46593
400000.0,-280.31647
500000.0,-466.18762
600000.0,-570.6499
700000.0,-672.4481
800000.0,-726.7855
900000.0,-748.2739
1000000.0,-714.1759
