steps,returns
100000.0,-141.24866
200000.0,54.99011
300000.0,378.484
400000.0,577.54004
500000.0,741.73206
600000.0,622.7506
700000.0,718.76276
800000.0,786.0655
900000.0,738.5468
1000000.0,741.13855
