steps,returns
100000.0,988.25244
200000.0,940.889
300000.0,688.13196
400000.0,294.432
500000.0,438.42883
600000.0,328.22284
700000.0,632.76086
800000.0,407.7028
900000.0,99.81246
1000000.0,119.99104
