steps,returns
1000000,502.34375
2000000,519.53125
3000000,486.91406
4000000,727.7344
5000000,947.65625
6000000,633.59375
7000000,573.2422
8000000,678.5156
9000000,622.0703
10000000,752.7344
