steps,returns
100000.0,294.31723
200000.0,713.9813
300000.0,809.1144
400000.0,822.6542
500000.0,827.1791
600000.0,817.4697
700000.0,818.41376
800000.0,821.5685
900000.0,820.65857
1000000.0,823.7412
