steps,returns
100000.0,765.5758
200000.0,549.48474
300000.0,612.474
400000.0,516.57605
500000.0,470.05313
600000.0,510.4568
700000.0,420.9506
800000.0,509.6637
900000.0,489.37744
1000000.0,770.3179
