steps,returns
100000.0,416.00284
200000.0,564.598
300000.0,867.75964
400000.0,801.1256
500000.0,703.5271
600000.0,1467.2462
700000.0,1512.0828
800000.0,1479.5996
900000.0,1124.0813
1000000.0,526.40625
