steps,returns
1000000,485.54688
2000000,835.9375
3000000,664.64844
4000000,820.3125
5000000,2793.75
6000000,1764.6484
7000000,2372.2656
8000000,3947.2656
9000000,4310.3516
10000000,2075.1953
