steps,returns
100000.0,922.78546
200000.0,235.41974
300000.0,395.4818
400000.0,420.37164
500000.0,292.72467
600000.0,606.5355
700000.0,693.3983
800000.0,690.2252
900000.0,699.00854
1000000.0,688.1944
