steps,returns
1000000,-17.9375
2000000,-17.828125
3000000,-18.046875
4000000,-17.78125
5000000,-17.828125
6000000,-18.25
7000000,-17.78125
8000000,-17.765625
9000000,-17.796875
10000000,-17.9375
