steps,returns
1000000,150.0
2000000,282.6172
3000000,269.92188
4000000,146.09375
5000000,125.0
6000000,506.4453
7000000,268.9453
8000000,317.77344
9000000,308.98438
10000000,250.0
