steps,returns
1000000,48.28125
2000000,37.1875
3000000,51.25
4000000,28.59375
5000000,17.1875
6000000,16.71875
7000000,53.125
8000000,48.59375
9000000,43.75
10000000,17.65625
