steps,returns
5000,10.9765625
10000,12.3515625
15000,23.171875
20000,108.359375
25000,136.59375
30000,152.46094
35000,104.14844
40000,33.8125
45000,113.05469
50000,123.41406
