steps,returns
100000.0,726.9197
200000.0,905.58405
300000.0,1101.1587
400000.0,584.5803
500000.0,572.2805
600000.0,900.75903
700000.0,851.3862
800000.0,575.4513
900000.0,720.0675
1000000.0,495.74164
