steps,returns
1000000,-17.0625
2000000,-16.96875
3000000,-17.171875
4000000,-16.859375
5000000,-15.5625
6000000,-16.796875
7000000,-15.71875
8000000,-15.0625
9000000,-14.84375
10000000,-15.859375
