steps,returns
1000000,150.0
2000000,125.0
3000000,272.85156
4000000,261.32812
5000000,289.84375
6000000,168.75
7000000,270.5078
8000000,277.14844
9000000,282.03125
10000000,200.0
