steps,returns
100000.0,5.7527547
200000.0,-19.379282
300000.0,-94.28795
400000.0,-227.63794
500000.0,-234.62228
600000.0,-210.05699
700000.0,-408.7486
800000.0,-630.7628
900000.0,-853.1312
1000000.0,-1232.7183
