steps,returns
1000000,395.9375
2000000,34.53125
3000000,107.65625
4000000,112.5
5000000,86.09375
6000000,56.09375
7000000,17.65625
8000000,18.125
9000000,153.90625
10000000,23.125
