steps,returns
100000.0,539.463
200000.0,518.44446
300000.0,588.44525
400000.0,542.88635
500000.0,802.3833
600000.0,933.1937
700000.0,719.3084
800000.0,1169.3135
900000.0,1174.0809
1000000.0,1203.1677
