steps,returns
100000.0,1008.92505
200000.0,1020.01245
300000.0,1046.207
400000.0,1040.2101
500000.0,349.4569
600000.0,-1430.5271
700000.0,-11734.313
800000.0,-16846.93
900000.0,-100331.75
1000000.0,-239034.38
