steps,returns
5000,8.921875
10000,8.8671875
15000,8.8359375
20000,8.7734375
25000,8.8984375
30000,8.7578125
35000,8.8515625
40000,8.9140625
45000,8.984375
50000,8.828125
