steps,returns
100000.0,477.50943
200000.0,589.65344
300000.0,1132.0264
400000.0,831.31744
500000.0,885.57605
600000.0,807.6245
700000.0,957.99023
800000.0,903.2301
900000.0,934.3524
1000000.0,1068.2682
