steps,returns
100000.0,890.0742
200000.0,597.8645
300000.0,608.5293
400000.0,520.85767
500000.0,553.1459
600000.0,646.7665
700000.0,782.52954
800000.0,863.0371
900000.0,834.2871
1000000.0,815.8257
