steps,returns
100000.0,-660.8544
200000.0,-707.34314
300000.0,-748.7611
400000.0,-780.1384
500000.0,-800.5512
600000.0,-780.4504
700000.0,-862.19116
800000.0,-876.5654
900000.0,-830.8994
1000000.0,-819.3629
