steps,returns
100000.0,950.9042
200000.0,616.6747
300000.0,620.9022
400000.0,558.9247
500000.0,270.1571
600000.0,492.22623
700000.0,590.45435
800000.0,880.1387
900000.0,988.5361
1000000.0,1247.6453
