steps,returns
100000.0,-231.94186
200000.0,-225.78773
300000.0,63.309967
400000.0,-357.31024
500000.0,-643.23376
600000.0,-1426.227
700000.0,-2409.501
800000.0,-3354.025
900000.0,-4260.7646
1000000.0,-6275.3184
