steps,returns
1000000,-17.96875
2000000,-17.71875
3000000,-18.078125
4000000,-17.5625
5000000,-17.703125
6000000,-17.90625
7000000,-17.015625
8000000,-16.984375
9000000,-17.421875
10000000,-17.484375
