steps,returns
5000,33.828125
10000,33.671875
15000,40.078125
20000,43.484375
25000,45.765625
30000,49.085938
35000,49.34375
40000,50.578125
45000,55.265625
50000,49.101562
