steps,returns
10000,409.21094
20000,338.96094
30000,500.0
40000,382.71875
50000,500.0
60000,437.33594
70000,176.94531
80000,484.22656
90000,500.0
100000,218.82031
