steps,returns
1000000,-18.078125
2000000,-18.0
3000000,-18.34375
4000000,-17.65625
5000000,-17.890625
6000000,-18.53125
7000000,-17.765625
8000000,-17.65625
9000000,-18.0
10000000,-18.015625
