steps,returns
1000000,142.96875
2000000,529.0625
3000000,111.5625
4000000,610.2344
5000000,38.90625
6000000,856.7969
7000000,1905.4688
8000000,1641.0938
9000000,1927.0312
10000000,2978.5938
