steps,returns
5000,9.1015625
10000,9.2578125
15000,9.3359375
20000,9.2578125
25000,9.3984375
30000,9.421875
35000,9.390625
40000,9.34375
45000,9.4140625
50000,9.359375
