steps,returns
10000,-334.90625
20000,-463.67188
30000,-500.0
40000,-494.66406
50000,-494.625
60000,-494.91406
70000,-455.5703
80000,-500.0
90000,-478.3125
100000,-498.29688
