steps,returns
100000.0,686.89514
200000.0,744.5183
300000.0,700.9823
400000.0,1465.7288
500000.0,1355.4517
600000.0,1188.6079
700000.0,1125.8654
800000.0,1812.4738
900000.0,955.33923
1000000.0,-376.8435
