steps,returns
100000.0,518.68115
200000.0,548.5991
300000.0,578.34766
400000.0,576.2667
500000.0,573.57153
600000.0,556.6951
700000.0,544.89154
800000.0,535.21924
900000.0,543.0981
1000000.0,553.24005
