steps,returns
100000.0,981.5836
200000.0,902.9685
300000.0,666.3644
400000.0,250.96814
500000.0,-88.13804
600000.0,-695.72144
700000.0,-1038.0613
800000.0,-669.88367
900000.0,-451.38745
1000000.0,-713.81104
