steps,returns
100000.0,931.3894
200000.0,844.0659
300000.0,886.85864
400000.0,886.9335
500000.0,817.45435
600000.0,836.05426
700000.0,834.9154
800000.0,1100.9052
900000.0,1147.3624
1000000.0,685.3897
