steps,returns
1000000,150.0
2000000,250.0
3000000,325.0
4000000,295.3125
5000000,355.85938
6000000,208.20312
7000000,278.90625
8000000,225.0
9000000,243.35938
10000000,578.90625
