steps,returns
1000000,-18.171875
2000000,-17.5
3000000,-18.078125
4000000,-17.546875
5000000,-18.28125
6000000,-18.1875
7000000,-17.796875
8000000,-18.1875
9000000,-17.796875
10000000,-18.0625
