steps,returns
5000,9.3515625
10000,10.5859375
15000,16.507812
20000,23.34375
25000,15.0625
30000,15.25
35000,20.492188
40000,61.875
45000,62.101562
50000,76.57031
