steps,returns
1000000,125.0
2000000,125.0
3000000,376.7578
4000000,300.0
5000000,279.29688
6000000,602.53906
7000000,484.76562
8000000,794.53125
9000000,470.70312
10000000,891.7969
