steps,returns
1000000,1460.7031
2000000,1273.2031
3000000,67.03125
4000000,248.90625
5000000,163.59375
6000000,16.5625
7000000,197.34375
8000000,232.1875
9000000,307.8125
10000000,3090.0781
