steps,returns
1000000,-18.234375
2000000,-17.75
3000000,-17.6875
4000000,-17.578125
5000000,-17.546875
6000000,-17.234375
7000000,-17.859375
8000000,-17.09375
9000000,-17.21875
10000000,-17.078125
