steps,returns
100000.0,503.91302
200000.0,473.81702
300000.0,537.2126
400000.0,607.70264
500000.0,565.37244
600000.0,764.4342
700000.0,830.65
800000.0,871.19147
900000.0,756.2545
1000000.0,371.007
