steps,returns
1000000,335.35156
2000000,774.21875
3000000,535.15625
4000000,610.5469
5000000,1452.3438
6000000,2529.6875
7000000,1184.1797
8000000,4063.2812
9000000,4153.9062
10000000,4382.617
