steps,returns
100000.0,1022.70435
200000.0,1001.6865
300000.0,949.1034
400000.0,888.82324
500000.0,827.45197
600000.0,731.7114
700000.0,671.45447
800000.0,529.8633
900000.0,302.0504
1000000.0,61.340508
