steps,returns
5000,49.492188
10000,25.84375
15000,29.484375
20000,63.34375
25000,57.726562
30000,34.179688
35000,94.39844
40000,183.07812
45000,407.875
50000,248.75
