steps,returns
1000000,150.0
2000000,227.34375
3000000,150.0
4000000,175.0
5000000,150.0
6000000,175.0
7000000,225.0
8000000,150.0
9000000,219.92188
10000000,222.85156
