steps,returns
1000000,292.8125
2000000,595.5469
3000000,147.34375
4000000,718.8281
5000000,894.9219
6000000,233.28125
7000000,2090.1562
8000000,2933.125
9000000,1498.6719
10000000,3242.5
