steps,returns
10000,-500.0
20000,-367.29688
30000,-500.0
40000,-500.0
50000,-124.96875
60000,-500.0
70000,-500.0
80000,-500.0
90000,-500.0
100000,-500.0
