steps,returns
1000000,150.0
2000000,150.0
3000000,150.0
4000000,263.47656
5000000,175.0
6000000,457.8125
7000000,300.0
8000000,766.40625
9000000,507.03125
10000000,612.8906
