steps,returns
100000.0,611.3014
200000.0,246.05658
300000.0,-302.73953
400000.0,-37966.453
500000.0,-147928.47
600000.0,-113222.06
700000.0,-88743.36
800000.0,-92313.3
900000.0,-93130.8
1000000.0,-87273.41
