steps,returns
1000000,-18.453125
2000000,-17.28125
3000000,-18.125
4000000,-18.15625
5000000,-18.5625
6000000,-18.015625
7000000,-17.71875
8000000,-18.171875
9000000,-17.53125
10000000,-18.0
