steps,returns
5000,9.5390625
10000,9.3828125
15000,9.40625
20000,9.4453125
25000,9.421875
30000,9.4140625
35000,9.265625
40000,9.3203125
45000,9.328125
50000,9.4140625
