steps,returns
5000,82.765625
10000,85.05469
15000,81.6875
20000,86.546875
25000,88.734375
30000,83.30469
35000,80.953125
40000,83.28125
45000,90.08594
50000,81.11719
