steps,returns
10000,156.625
20000,500.0
30000,156.67969
40000,500.0
50000,170.78906
60000,500.0
70000,168.25781
80000,413.60156
90000,500.0
100000,500.0
