steps,returns
100000.0,1019.7657
200000.0,1021.0216
300000.0,1024.5175
400000.0,1024.6279
500000.0,1019.96875
600000.0,1023.06006
700000.0,1019.05945
800000.0,1018.82916
900000.0,1015.5487
1000000.0,1010.5416
