steps,returns
1000000,150.0
2000000,150.0
3000000,150.0
4000000,250.0
5000000,229.88281
6000000,125.0
7000000,125.0
8000000,303.90625
9000000,365.03906
10000000,218.16406
