steps,returns
100000.0,472.62122
200000.0,570.1548
300000.0,560.81433
400000.0,561.58344
500000.0,533.5117
600000.0,511.91193
700000.0,523.835
800000.0,573.27997
900000.0,974.10626
1000000.0,911.44653
