steps,returns
100000.0,866.01294
200000.0,901.4794
300000.0,564.4144
400000.0,455.01804
500000.0,343.88303
600000.0,284.5755
700000.0,247.06956
800000.0,227.22433
900000.0,214.82819
1000000.0,204.22522
