steps,returns
100000.0,706.43396
200000.0,645.38513
300000.0,720.88275
400000.0,637.6067
500000.0,615.36597
600000.0,482.6397
700000.0,504.70013
800000.0,506.68887
900000.0,501.6717
1000000.0,641.5576
