steps,returns
1000000,-17.375
2000000,-17.0
3000000,-17.390625
4000000,-16.09375
5000000,-15.5
6000000,-14.96875
7000000,-15.53125
8000000,-14.59375
9000000,-15.390625
10000000,-14.28125
