steps,returns
5000,455.15625
10000,361.35156
15000,317.91406
20000,236.47656
25000,200.64062
30000,186.4375
35000,138.0
40000,86.953125
45000,60.578125
50000,39.78125
