steps,returns
5000,9.390625
10000,9.234375
15000,9.2734375
20000,9.3046875
25000,9.3046875
30000,10.03125
35000,13.109375
40000,15.9375
45000,19.570312
50000,33.460938
