steps,returns
1000000,-18.15625
2000000,-18.03125
3000000,-17.8125
4000000,-17.671875
5000000,-17.859375
6000000,-18.0625
7000000,-18.3125
8000000,-17.890625
9000000,-18.046875
10000000,-18.03125
