steps,returns
100000.0,-20.04567
200000.0,-205.81525
300000.0,-388.05237
400000.0,-1538.6713
500000.0,-1990.1007
600000.0,-2602.0452
700000.0,-3361.6316
800000.0,-3978.1257
900000.0,-4433.3887
1000000.0,-4638.8228
