steps,returns
100000.0,648.9535
200000.0,694.6173
300000.0,652.89185
400000.0,563.6893
500000.0,744.3386
600000.0,792.18604
700000.0,726.5087
800000.0,633.9801
900000.0,692.9157
1000000.0,687.2189
