steps,returns
100000.0,668.2796
200000.0,596.2401
300000.0,637.47876
400000.0,634.6998
500000.0,694.39294
600000.0,763.37994
700000.0,735.7514
800000.0,827.9629
900000.0,818.0836
1000000.0,883.67993
