steps,returns
10000,102.9375
20000,113.05469
30000,137.71094
40000,228.15625
50000,293.98438
60000,499.23438
70000,499.64062
80000,419.3203
90000,452.6172
100000,372.6172
