steps,returns
100000.0,680.09296
200000.0,884.94006
300000.0,1498.3607
400000.0,1094.0045
500000.0,1452.8318
600000.0,2233.6636
700000.0,979.3646
800000.0,1050.377
900000.0,1031.2397
1000000.0,904.85974
