steps,returns
10000,92.58594
20000,93.97656
30000,80.08594
40000,80.27344
50000,93.890625
60000,93.75781
70000,91.65625
80000,95.24219
90000,101.84375
100000,102.21875
