steps,returns
100000.0,600.8231
200000.0,937.50165
300000.0,879.6953
400000.0,903.9937
500000.0,860.56934
600000.0,1060.6116
700000.0,1101.9397
800000.0,1098.8091
900000.0,1155.2522
1000000.0,1108.1301
