steps,returns
100000.0,387.49445
200000.0,219.16641
300000.0,175.542
400000.0,548.7776
500000.0,679.7126
600000.0,682.45374
700000.0,679.9015
800000.0,683.19434
900000.0,684.01874
1000000.0,682.98145
