steps,returns
100000.0,939.1465
200000.0,1038.0623
300000.0,768.91455
400000.0,799.0945
500000.0,748.3384
600000.0,783.7271
700000.0,819.5139
800000.0,821.76575
900000.0,816.13074
1000000.0,807.62756
