steps,returns
10000,-446.39062
20000,-457.0
30000,-465.0078
40000,-470.01562
50000,-457.1875
60000,-455.53125
70000,-474.35938
80000,-473.21875
90000,-469.53125
100000,-468.9297
