steps,returns
5000,85.0
10000,153.13281
15000,69.38281
20000,500.0
25000,125.421875
30000,390.98438
35000,103.265625
40000,120.515625
45000,140.38281
50000,99.07031
