steps,returns
5000,28.625
10000,27.945312
15000,27.703125
20000,27.023438
25000,27.742188
30000,27.585938
35000,28.742188
40000,28.554688
45000,30.0625
50000,31.195312
