steps,returns
1000000,263.59375
2000000,29.84375
3000000,16.71875
4000000,17.8125
5000000,38.125
6000000,26.5625
7000000,17.5
8000000,887.5781
9000000,481.17188
10000000,420.07812
