steps,returns
100000.0,636.6265
200000.0,649.4562
300000.0,685.24255
400000.0,659.6488
500000.0,632.8672
600000.0,655.3064
700000.0,629.98615
800000.0,642.7484
900000.0,613.21985
1000000.0,621.2197
