steps,returns
1000000,-17.625
2000000,-17.859375
3000000,-18.015625
4000000,-17.28125
5000000,-17.875
6000000,-18.0625
7000000,-18.3125
8000000,-17.765625
9000000,-17.46875
10000000,-17.890625
