steps,returns
5000,67.90625
10000,109.58594
15000,422.375
20000,254.85938
25000,480.2422
30000,238.17969
35000,172.15625
40000,214.625
45000,188.71094
50000,217.78906
