steps,returns
5000,40.648438
10000,47.992188
15000,60.710938
20000,59.023438
25000,59.921875
30000,55.726562
35000,55.742188
40000,53.859375
45000,56.015625
50000,60.171875
