steps,returns
100000.0,549.04724
200000.0,492.66058
300000.0,-5.8946214
400000.0,-200.54141
500000.0,-868.9896
600000.0,-1851.4998
700000.0,-4269.3335
800000.0,-9006.017
900000.0,-7972.8438
1000000.0,-18768.176
