steps,returns
100000.0,1279.7451
200000.0,936.1563
300000.0,848.7239
400000.0,950.9962
500000.0,836.6079
600000.0,951.27356
700000.0,901.34766
800000.0,971.1097
900000.0,1176.9001
1000000.0,886.08966
