steps,returns
10000,128.48438
20000,380.10156
30000,13.359375
40000,291.33594
50000,10.0625
60000,140.625
70000,500.0
80000,97.99219
90000,177.73438
100000,51.265625
