steps,returns
100000.0,-204.85316
200000.0,-286.9024
300000.0,-132.43324
400000.0,-95.30841
500000.0,-44.487545
600000.0,-118.67974
700000.0,-7.4974422
800000.0,-145.01886
900000.0,-358.90344
1000000.0,-234.15068
