steps,returns
1000000,351.5625
2000000,386.1328
3000000,656.25
4000000,578.125
5000000,655.46875
6000000,791.40625
7000000,684.96094
8000000,508.20312
9000000,777.53906
10000000,953.71094
