steps,returns
100000.0,997.09033
200000.0,945.6841
300000.0,810.744
400000.0,377.6623
500000.0,202.28775
600000.0,209.5405
700000.0,112.121346
800000.0,108.4507
900000.0,108.035034
1000000.0,-7.8008323
