steps,returns
5000,9.140625
10000,9.265625
15000,9.34375
20000,9.4609375
25000,9.4140625
30000,9.3515625
35000,9.4375
40000,9.4140625
45000,9.4609375
50000,9.3515625
