steps,returns
1000000,-18.40625
2000000,-17.84375
3000000,-18.140625
4000000,-17.84375
5000000,-18.0625
6000000,-18.28125
7000000,-17.9375
8000000,-17.75
9000000,-17.921875
10000000,-17.609375
