steps,returns
10000,196.05469
20000,483.70312
30000,9.28125
40000,500.0
50000,500.0
60000,500.0
70000,148.86719
80000,500.0
90000,498.0078
100000,212.71875
