steps,returns
100000.0,958.7063
200000.0,639.0045
300000.0,409.7767
400000.0,427.38257
500000.0,421.92957
600000.0,462.01617
700000.0,592.0531
800000.0,1290.236
900000.0,1263.3511
1000000.0,1234.6038
