steps,returns
10000,-146.41406
20000,-148.15625
30000,-150.53125
40000,-146.91406
50000,-149.92188
60000,-146.32031
70000,-152.28125
80000,-146.25
90000,-147.21094
100000,-149.36719
