steps,returns
1000000,302.34375
2000000,379.6875
3000000,639.2578
4000000,315.625
5000000,519.72656
6000000,791.60156
7000000,859.5703
8000000,959.7656
9000000,1690.625
10000000,461.1328
