steps,returns
5000,9.4140625
10000,135.33594
15000,500.0
20000,88.0625
25000,500.0
30000,112.6875
35000,112.859375
40000,119.52344
45000,500.0
50000,500.0
