steps,returns
100000.0,884.0646
200000.0,875.06635
300000.0,894.27515
400000.0,748.54126
500000.0,1263.5121
600000.0,1249.7997
700000.0,1243.9164
800000.0,1026.8472
900000.0,-999.9856
1000000.0,-5658.924
