steps,returns
1000000,17.1875
2000000,290.9375
3000000,469.21875
4000000,28.28125
5000000,16.71875
6000000,17.34375
7000000,17.8125
8000000,17.34375
9000000,109.375
10000000,19.6875
