steps,returns
10000,247.60938
20000,356.96875
30000,490.70312
40000,500.0
50000,500.0
60000,500.0
70000,498.6328
80000,499.8828
90000,412.03906
100000,478.73438
