steps,returns
1000000,619.9219
2000000,416.79688
3000000,807.22656
4000000,2994.7266
5000000,4773.047
6000000,3380.664
7000000,3513.6719
8000000,4358.203
9000000,4450.1953
10000000,4482.0312
