steps,returns
5000,9.4140625
10000,9.421875
15000,10.046875
20000,12.796875
25000,24.28125
30000,28.929688
35000,107.53906
40000,82.96094
45000,81.34375
50000,88.578125
