steps,returns
10000,-438.59375
20000,-500.0
30000,-500.0
40000,-500.0
50000,-474.35938
60000,-202.08594
70000,-500.0
80000,-500.0
90000,-500.0
100000,-500.0
