steps,returns
1000000,-17.953125
2000000,-18.609375
3000000,-17.203125
4000000,-17.953125
5000000,-18.125
6000000,-18.109375
7000000,-18.171875
8000000,-18.390625
9000000,-18.0
10000000,-18.40625
