steps,returns
100000.0,487.10947
200000.0,440.9355
300000.0,369.66425
400000.0,-249.46408
500000.0,-857.4823
600000.0,-2642.1628
700000.0,-4871.921
800000.0,-7962.365
900000.0,-13143.612
1000000.0,-22611.293
