steps,returns
5000,32.8125
10000,42.25
15000,47.03125
20000,49.085938
25000,56.796875
30000,55.15625
35000,62.609375
40000,60.101562
45000,62.84375
50000,62.765625
