steps,returns
5000,348.5703
10000,273.40625
15000,238.71875
20000,152.15625
25000,62.664062
30000,50.101562
35000,32.882812
40000,15.734375
45000,12.3515625
50000,10.7734375
