steps,returns
100000.0,512.8424
200000.0,491.37512
300000.0,635.9237
400000.0,627.29425
500000.0,501.3839
600000.0,345.96878
700000.0,214.94223
800000.0,-2481.0889
900000.0,-2418.4592
1000000.0,-5880.2773
