steps,returns
5000,84.89844
10000,94.1875
15000,91.6875
20000,90.015625
25000,97.921875
30000,91.44531
35000,91.75781
40000,99.34375
45000,92.78906
50000,93.72656
