steps,returns
1000000,157.8125
2000000,319.0625
3000000,25.46875
4000000,17.65625
5000000,511.40625
6000000,529.7656
7000000,294.84375
8000000,549.0625
9000000,485.46875
10000000,539.7656
