steps,returns
5000,43.078125
10000,75.453125
15000,88.265625
20000,43.296875
25000,55.695312
30000,84.10156
35000,147.89844
40000,74.11719
45000,108.38281
50000,161.49219
