steps,returns
10000,149.30469
20000,243.71875
30000,396.09375
40000,390.0703
50000,10.484375
60000,426.14062
70000,500.0
80000,161.15625
90000,500.0
100000,500.0
