steps,returns
10000,500.0
20000,157.52344
30000,456.1875
40000,147.375
50000,500.0
60000,500.0
70000,347.46094
80000,41.273438
90000,461.89844
100000,477.14844
