steps,returns
10000,475.73438
20000,500.0
30000,500.0
40000,195.60938
50000,153.19531
60000,493.8828
70000,324.53906
80000,493.85156
90000,449.35938
100000,409.57812
