steps,returns
1000000,693.9453
2000000,631.0547
3000000,595.89844
4000000,830.0781
5000000,2826.5625
6000000,1549.6094
7000000,2450.0
8000000,4158.3984
9000000,857.22656
10000000,4251.5625
