steps,returns
5000,68.828125
10000,65.49219
15000,59.859375
20000,47.84375
25000,43.3125
30000,36.40625
35000,20.078125
40000,10.2109375
45000,9.4140625
50000,15.234375
