steps,returns
1000000,17.8125
2000000,17.03125
3000000,40.15625
4000000,58.90625
5000000,275.46875
6000000,24.21875
7000000,196.01562
8000000,19.84375
9000000,28.59375
10000000,40.625
