steps,returns
100000.0,737.1925
200000.0,592.82635
300000.0,648.5796
400000.0,753.7405
500000.0,907.4103
600000.0,985.34717
700000.0,959.99554
800000.0,934.36707
900000.0,923.3013
1000000.0,910.99585
