steps,returns
10000,485.23438
20000,470.46094
30000,500.0
40000,171.6875
50000,181.28125
60000,500.0
70000,500.0
80000,152.55469
90000,414.28906
100000,305.7578
