steps,returns
10000,491.4922
20000,298.10156
30000,500.0
40000,500.0
50000,418.5547
60000,126.55469
70000,500.0
80000,490.9922
90000,500.0
100000,500.0
