steps,returns
5000,78.92969
10000,88.58594
15000,88.16406
20000,84.42969
25000,86.25
30000,78.859375
35000,83.00781
40000,78.39844
45000,73.94531
50000,66.90625
