steps,returns
100000.0,0.36867565
200000.0,2.4774861
300000.0,100.582855
400000.0,-44.648495
500000.0,-120.958275
600000.0,-342.5268
700000.0,-125.75853
800000.0,-136.11649
900000.0,-307.30768
1000000.0,-363.94156
