steps,returns
10000,171.80469
20000,487.02344
30000,379.35156
40000,60.601562
50000,25.523438
60000,498.89844
70000,13.1328125
80000,244.28125
90000,9.2109375
100000,9.359375
