steps,returns
100000.0,958.492
200000.0,874.6432
300000.0,845.53796
400000.0,839.6522
500000.0,870.3617
600000.0,1122.3635
700000.0,537.9252
800000.0,491.88025
900000.0,1080.5544
1000000.0,968.5115
