steps,returns
1000000,-17.9375
2000000,-18.1875
3000000,-17.578125
4000000,-17.21875
5000000,-17.765625
6000000,-17.375
7000000,-17.625
8000000,-17.53125
9000000,-17.328125
10000000,-17.703125
