steps,returns
5000,21.125
10000,9.296875
15000,159.14844
20000,214.35938
25000,74.734375
30000,156.83594
35000,215.17969
40000,239.74219
45000,215.1875
50000,156.98438
