steps,returns
100000.0,848.33075
200000.0,824.7002
300000.0,773.5863
400000.0,691.55115
500000.0,627.89294
600000.0,664.19617
700000.0,713.83606
800000.0,641.55963
900000.0,601.349
1000000.0,641.7205
