steps,returns
10000,-500.0
20000,-146.42188
30000,-500.0
40000,-318.875
50000,-106.63281
60000,-479.15625
70000,-500.0
80000,-92.0
90000,-100.30469
100000,-106.05469
