steps,returns
1000000,-18.375
2000000,-17.84375
3000000,-18.078125
4000000,-18.375
5000000,-17.484375
6000000,-17.671875
7000000,-18.015625
8000000,-17.75
9000000,-17.890625
10000000,-18.71875
