steps,returns
5000,9.515625
10000,9.2265625
15000,9.421875
20000,9.359375
25000,9.4609375
30000,9.375
35000,9.25
40000,9.2734375
45000,9.3515625
50000,9.4609375
