steps,returns
100000.0,806.69244
200000.0,828.39575
300000.0,790.84265
400000.0,781.287
500000.0,799.5241
600000.0,865.68396
700000.0,296.39883
800000.0,837.6432
900000.0,812.7273
1000000.0,778.417
