steps,returns
1000000,250.0
2000000,354.6875
3000000,374.41406
4000000,477.14844
5000000,954.2969
6000000,556.83594
7000000,623.8281
8000000,767.77344
9000000,501.5625
10000000,693.9453
