steps,returns
10000,66.765625
20000,79.5625
30000,85.42969
40000,89.234375
50000,93.58594
60000,94.8125
70000,102.03125
80000,108.921875
90000,110.96094
100000,123.25
