steps,returns
1000000,-17.90625
2000000,-18.046875
3000000,-18.0
4000000,-17.75
5000000,-17.921875
6000000,-17.765625
7000000,-17.671875
8000000,-17.90625
9000000,-18.09375
10000000,-18.078125
