steps,returns
1000000,150.0
2000000,275.0
3000000,357.8125
4000000,275.0
5000000,398.82812
6000000,547.0703
7000000,482.22656
8000000,464.45312
9000000,323.6328
10000000,640.2344
