steps,returns
1000000,17.1875
2000000,17.5
3000000,18.125
4000000,49.21875
5000000,30.46875
6000000,17.96875
7000000,49.375
8000000,17.1875
9000000,17.65625
10000000,17.65625
