steps,returns
1000000,125.0
2000000,362.5
3000000,705.46875
4000000,747.2656
5000000,891.0156
6000000,824.6094
7000000,678.125
8000000,462.89062
9000000,926.9531
10000000,578.71094
