steps,returns
5000,9.390625
10000,9.9140625
15000,17.757812
20000,56.21875
25000,16.609375
30000,50.882812
35000,51.5
40000,29.242188
45000,42.109375
50000,305.35156
