steps,returns
10000,396.8047
20000,472.96094
30000,447.54688
40000,443.9297
50000,477.15625
60000,499.64062
70000,500.0
80000,500.0
90000,500.0
100000,500.0
