steps,returns
1000000,-17.03125
2000000,-18.265625
3000000,-17.09375
4000000,-17.984375
5000000,-17.75
6000000,-17.125
7000000,-12.5625
8000000,-3.453125
9000000,-17.765625
10000000,-15.328125
