steps,returns
100000.0,1022.56177
200000.0,1028.7466
300000.0,1025.1548
400000.0,1011.11334
500000.0,995.2189
600000.0,974.78784
700000.0,948.3737
800000.0,912.32574
900000.0,871.5532
1000000.0,805.5969
