steps,returns
1000000,-18.078125
2000000,-18.03125
3000000,-18.125
4000000,-17.984375
5000000,-18.15625
6000000,-18.3125
7000000,-18.140625
8000000,-18.125
9000000,-16.84375
10000000,-17.84375
