steps,returns
100000.0,110.242775
200000.0,64.094025
300000.0,249.69804
400000.0,577.03674
500000.0,742.46515
600000.0,906.3395
700000.0,969.93524
800000.0,1078.4839
900000.0,1194.1648
1000000.0,1236.2683
