steps,returns
1000000,-17.859375
2000000,-18.109375
3000000,-18.328125
4000000,-18.515625
5000000,-18.09375
6000000,-17.484375
7000000,-18.390625
8000000,-18.140625
9000000,-17.890625
10000000,-18.328125
