steps,returns
100000.0,185.29498
200000.0,193.065
300000.0,192.67792
400000.0,190.84775
500000.0,192.91052
600000.0,189.07478
700000.0,187.34726
800000.0,187.7713
900000.0,187.71536
1000000.0,191.16429
