steps,returns
100000.0,473.25305
200000.0,334.49695
300000.0,-323.2874
400000.0,-3871.0889
500000.0,-8772.219
600000.0,-17653.727
700000.0,-26868.562
800000.0,-46413.703
900000.0,-83407.2
1000000.0,-169661.36
