steps,returns
10000,181.98438
20000,310.03906
30000,255.00781
40000,304.6797
50000,370.03125
60000,500.0
70000,500.0
80000,500.0
90000,367.125
100000,500.0
