steps,returns
5000,9.2734375
10000,94.11719
15000,85.53125
20000,500.0
25000,352.52344
30000,500.0
35000,500.0
40000,500.0
45000,498.72656
50000,500.0
