steps,returns
1000000,20.3125
2000000,101.71875
3000000,721.0156
4000000,763.125
5000000,1042.9688
6000000,964.53125
7000000,2854.375
8000000,2530.3906
9000000,3032.7344
10000000,3082.3438
