steps,returns
1000000,250.0
2000000,150.0
3000000,267.96875
4000000,200.0
5000000,261.71875
6000000,680.27344
7000000,319.14062
8000000,496.48438
9000000,369.92188
10000000,442.57812
