steps,returns
1000000,-18.0625
2000000,-17.984375
3000000,-18.296875
4000000,-18.34375
5000000,-18.390625
6000000,-17.984375
7000000,-17.5
8000000,-17.828125
9000000,-18.421875
10000000,-18.484375
