steps,returns
100000.0,1185.2976
200000.0,903.3311
300000.0,642.44293
400000.0,867.9066
500000.0,849.08575
600000.0,818.2512
700000.0,789.75684
800000.0,746.881
900000.0,755.46814
1000000.0,771.61346
