steps,returns
10000,102.39844
20000,96.90625
30000,91.234375
40000,106.69531
50000,100.25
60000,116.11719
70000,124.8125
80000,125.03906
90000,116.484375
100000,140.38281
