steps,returns
5000,9.46875
10000,148.09375
15000,202.96094
20000,132.57031
25000,246.85156
30000,94.515625
35000,104.078125
40000,100.67969
45000,97.24219
50000,167.03906
