steps,returns
100000.0,746.16846
200000.0,988.2153
300000.0,1463.4563
400000.0,1269.66
500000.0,986.89374
600000.0,331.8667
700000.0,-145.29735
800000.0,-399.83408
900000.0,-469.93335
1000000.0,-325.92307
