steps,returns
100000.0,1016.86926
200000.0,1016.78516
300000.0,1023.4099
400000.0,1015.9261
500000.0,1013.46735
600000.0,1043.484
700000.0,995.9746
800000.0,993.72595
900000.0,950.3371
1000000.0,940.8695
