steps,returns
10000,107.10156
20000,77.96094
30000,61.273438
40000,78.32031
50000,168.08594
60000,217.42969
70000,339.26562
80000,218.41406
90000,283.33594
100000,388.65625
