steps,returns
5000,9.3671875
10000,9.390625
15000,9.359375
20000,9.34375
25000,9.2890625
30000,9.40625
35000,9.3125
40000,9.3984375
45000,9.40625
50000,9.4609375
