steps,returns
10000,470.4453
20000,500.0
30000,500.0
40000,226.51562
50000,139.51562
60000,102.32031
70000,153.80469
80000,500.0
90000,500.0
100000,500.0
