steps,returns
5000,9.203125
10000,9.1640625
15000,9.375
20000,23.375
25000,52.171875
30000,42.648438
35000,42.453125
40000,209.42188
45000,34.9375
50000,25.960938
