steps,returns
100000.0,1010.45105
200000.0,760.8469
300000.0,473.9506
400000.0,200.33096
500000.0,40.924088
600000.0,165.56418
700000.0,-27.564919
800000.0,-726.76544
900000.0,-733.36444
1000000.0,-1437.3046
