steps,returns
1000000,150.0
2000000,400.78125
3000000,275.0
4000000,466.01562
5000000,410.35156
6000000,658.9844
7000000,717.96875
8000000,686.1328
9000000,602.34375
10000000,637.5
