steps,returns
100000.0,19.78627
200000.0,19.555588
300000.0,19.414158
400000.0,19.41017
500000.0,19.342545
600000.0,19.291882
700000.0,19.311161
800000.0,19.23975
900000.0,19.31329
1000000.0,19.34507
