steps,returns
1000000,602.7344
2000000,618.5547
3000000,530.66406
4000000,841.40625
5000000,1310.9375
6000000,1560.9375
7000000,2665.2344
8000000,4170.703
9000000,5462.8906
10000000,4300.0
