steps,returns
100000.0,984.99725
200000.0,1003.7521
300000.0,977.9975
400000.0,936.65625
500000.0,766.6261
600000.0,561.836
700000.0,533.54504
800000.0,683.2641
900000.0,423.94598
1000000.0,378.2033
