steps,returns
10000,77.42969
20000,67.96875
30000,62.148438
40000,62.140625
50000,66.83594
60000,69.08594
70000,106.22656
80000,120.171875
90000,125.28125
100000,135.01562
