steps,returns
100000.0,1024.94
200000.0,1015.057
300000.0,1013.2074
400000.0,990.18427
500000.0,956.9491
600000.0,859.49927
700000.0,739.14465
800000.0,608.5995
900000.0,507.25287
1000000.0,359.10263
