steps,returns
100000.0,1181.0474
200000.0,1207.5797
300000.0,1226.2922
400000.0,211.11508
500000.0,-788.10486
600000.0,-921.59265
700000.0,-777.31006
800000.0,-620.49255
900000.0,-475.42334
1000000.0,-363.33887
