steps,returns
100000.0,26.916096
200000.0,26.33292
300000.0,26.213623
400000.0,26.325182
500000.0,26.290943
600000.0,26.299282
700000.0,26.403368
800000.0,26.239964
900000.0,26.355745
1000000.0,26.253696
