steps,returns
1000000,275.0
2000000,236.91406
3000000,175.39062
4000000,378.51562
5000000,524.6094
6000000,358.0078
7000000,490.625
8000000,512.5
9000000,497.0703
10000000,698.6328
