steps,returns
10000,181.54688
20000,263.72656
30000,286.92188
40000,499.2422
50000,500.0
60000,500.0
70000,162.25781
80000,303.97656
90000,500.0
100000,346.3047
