steps,returns
10000,223.71875
20000,168.88281
30000,401.65625
40000,350.52344
50000,500.0
60000,500.0
70000,500.0
80000,500.0
90000,500.0
100000,500.0
