steps,returns
100000.0,141.0881
200000.0,144.3543
300000.0,145.38135
400000.0,147.53583
500000.0,147.45346
600000.0,147.77982
700000.0,148.09999
800000.0,147.41592
900000.0,147.81021
1000000.0,147.27356
