steps,returns
1000000,539.64844
2000000,432.22656
3000000,635.5469
4000000,984.375
5000000,739.4531
6000000,588.28125
7000000,922.2656
8000000,750.1953
9000000,755.8594
10000000,764.4531
