steps,returns
100000.0,521.74695
200000.0,855.70056
300000.0,1921.9238
400000.0,918.1533
500000.0,1007.3144
600000.0,189.48157
700000.0,-1727.3707
800000.0,-14152.615
900000.0,-175513.11
1000000.0,-955114.4
