steps,returns
100000.0,30.354525
200000.0,111.3685
300000.0,173.67548
400000.0,221.05923
500000.0,246.00308
600000.0,252.33368
700000.0,227.53836
800000.0,241.26604
900000.0,243.50963
1000000.0,240.11154
