steps,returns
1000000,350.0
2000000,311.52344
3000000,367.77344
4000000,111.52344
5000000,182.8125
6000000,350.0
7000000,668.5547
8000000,639.0625
9000000,300.0
10000000,350.0
