steps,returns
1000000,-17.765625
2000000,-17.609375
3000000,-17.28125
4000000,-18.375
5000000,-18.75
6000000,-17.609375
7000000,-18.28125
8000000,-17.859375
9000000,-18.765625
10000000,-18.234375
