steps,returns
1000000,78.75
2000000,278.90625
3000000,41.40625
4000000,20.625
5000000,18.75
6000000,19.21875
7000000,595.0
8000000,528.9844
9000000,1131.7969
10000000,248.75
