steps,returns
5000,66.625
10000,66.46094
15000,67.515625
20000,71.49219
25000,70.28125
30000,69.359375
35000,67.25
40000,70.14844
45000,69.953125
50000,65.859375
