steps,returns
100000.0,-492.16953
200000.0,-743.2802
300000.0,-272.88724
400000.0,-824.7261
500000.0,-2120.2393
600000.0,-2853.3044
700000.0,-4340.078
800000.0,-4765.5957
900000.0,-7243.793
1000000.0,-9950.599
