steps,returns
1000000,400.15625
2000000,250.46875
3000000,737.34375
4000000,99.6875
5000000,443.28125
6000000,65.9375
7000000,80.9375
8000000,20.625
9000000,17.8125
10000000,17.96875
