steps,returns
100000.0,279.82553
200000.0,143.5026
300000.0,264.54205
400000.0,328.2912
500000.0,375.0041
600000.0,418.3762
700000.0,456.60266
800000.0,470.3922
900000.0,511.60944
1000000.0,533.14166
