steps,returns
10000,149.28906
20000,108.78906
30000,142.96875
40000,173.82812
50000,404.40625
60000,491.57812
70000,336.02344
80000,494.21875
90000,310.78906
100000,448.97656
