steps,returns
12000,-200.0
24000,-136.77344
36000,-200.0
48000,-200.0
60000,-200.0
72000,-200.0
84000,-199.64062
96000,-200.0
108000,-156.71094
120000,-200.0
