steps,returns
10000,132.33594
20000,79.59375
30000,127.765625
40000,176.38281
50000,239.01562
60000,395.79688
70000,440.60156
80000,460.09375
90000,455.5
100000,423.33594
