steps,returns
5000,9.1171875
10000,9.171875
15000,9.0859375
20000,9.28125
25000,9.3046875
30000,9.3671875
35000,9.4296875
40000,9.3359375
45000,9.3828125
50000,9.359375
