steps,returns
1000000,-18.078125
2000000,-17.4375
3000000,-16.765625
4000000,-17.390625
5000000,-17.09375
6000000,-17.265625
7000000,-17.125
8000000,-17.1875
9000000,-16.78125
10000000,-17.640625
