steps,returns
1000000,369.72656
2000000,471.09375
3000000,1607.6172
4000000,760.9375
5000000,2054.2969
6000000,808.9844
7000000,1602.3438
8000000,2017.5781
9000000,4308.203
10000000,3429.1016
