steps,returns
5000,17.226562
10000,16.84375
15000,16.296875
20000,16.351562
25000,15.5078125
30000,16.421875
35000,15.0703125
40000,14.8515625
45000,15.2734375
50000,15.2578125
