steps,returns
100000.0,-30.052227
200000.0,-79.03712
300000.0,-497.3902
400000.0,-4748.3403
500000.0,-16457.225
600000.0,-59336.086
700000.0,-123641.016
800000.0,-336154.12
900000.0,-709794.4
1000000.0,-1504975.9
