steps,returns
10000,86.21094
20000,107.390625
30000,101.375
40000,100.671875
50000,100.671875
60000,100.953125
70000,113.05469
80000,111.96875
90000,109.09375
100000,115.14844
