steps,returns
5000,9.546875
10000,142.99219
15000,11.1328125
20000,95.80469
25000,139.03125
30000,34.132812
35000,136.65625
40000,124.80469
45000,97.25
50000,99.5
