steps,returns
100000.0,668.8607
200000.0,806.36426
300000.0,880.6405
400000.0,829.8536
500000.0,898.5078
600000.0,899.01843
700000.0,1125.0051
800000.0,1164.8015
900000.0,1163.9785
1000000.0,1057.5273
