steps,returns
1000000,150.0
2000000,125.0
3000000,250.0
4000000,250.0
5000000,261.71875
6000000,367.77344
7000000,294.14062
8000000,387.10938
9000000,213.08594
10000000,427.9297
