steps,returns
10000,-270.3203
20000,-263.53906
30000,-298.53906
40000,-280.67188
50000,-286.83594
60000,-289.9297
70000,-320.32812
80000,-293.82812
90000,-302.07812
100000,-324.75
