steps,returns
1000000,-17.25
2000000,-17.515625
3000000,-16.875
4000000,-16.953125
5000000,-17.46875
6000000,-17.625
7000000,-17.75
8000000,-17.65625
9000000,-17.546875
10000000,-18.140625
