steps,returns
1000000,-18.15625
2000000,-17.765625
3000000,-18.140625
4000000,-18.0625
5000000,-17.46875
6000000,-18.125
7000000,-17.875
8000000,-17.84375
9000000,-17.765625
10000000,-18.265625
