steps,returns
1000000,-17.8125
2000000,-16.859375
3000000,-17.3125
4000000,-17.15625
5000000,-17.296875
6000000,-16.46875
7000000,-16.296875
8000000,-15.921875
9000000,-16.109375
10000000,-16.15625
