steps,returns
100000.0,-1.0832715
200000.0,-0.12813233
300000.0,382.44992
400000.0,38.590576
500000.0,-360.76624
600000.0,-164.6379
700000.0,-241.01605
800000.0,-740.0742
900000.0,-812.7048
1000000.0,-789.1478
