steps,returns
10000,434.25
20000,499.8828
30000,472.875
40000,459.09375
50000,164.9375
60000,360.8203
70000,490.09375
80000,500.0
90000,444.53125
100000,500.0
