steps,returns
10000,-268.4922
20000,-500.0
30000,-500.0
40000,-500.0
50000,-500.0
60000,-115.4375
70000,-107.02344
80000,-161.25781
90000,-99.14844
100000,-90.42969
