steps,returns
100000.0,-137.03204
200000.0,-150.07217
300000.0,-149.79005
400000.0,-144.08842
500000.0,-139.16165
600000.0,-138.55191
700000.0,-143.69379
800000.0,-152.68622
900000.0,-133.89754
1000000.0,-144.60023
