steps,returns
5000,9.609375
10000,9.3203125
15000,9.359375
20000,9.265625
25000,9.3046875
30000,9.3046875
35000,9.3671875
40000,9.2265625
45000,9.296875
50000,9.4140625
