steps,returns
1000000,608.39844
2000000,549.8047
3000000,669.33594
4000000,647.65625
5000000,770.7031
6000000,1867.1875
7000000,4187.8906
8000000,3269.9219
9000000,2014.8438
10000000,3439.4531
