steps,returns
100000.0,663.9851
200000.0,1089.3651
300000.0,1228.3817
400000.0,703.1133
500000.0,436.49042
600000.0,966.01
700000.0,584.92456
800000.0,533.2319
900000.0,908.8083
1000000.0,728.81006
