steps,returns
10000,-428.51562
20000,-472.29688
30000,-500.0
40000,-459.03125
50000,-500.0
60000,-310.3828
70000,-496.82812
80000,-500.0
90000,-500.0
100000,-500.0
