steps,returns
100000.0,633.31775
200000.0,738.25977
300000.0,1402.275
400000.0,834.26196
500000.0,1030.6821
600000.0,1516.1003
700000.0,826.3816
800000.0,1050.0957
900000.0,1135.4856
1000000.0,851.23364
