steps,returns
1000000,225.0
2000000,247.46094
3000000,593.16406
4000000,251.17188
5000000,797.2656
6000000,465.8203
7000000,635.35156
8000000,564.84375
9000000,543.75
10000000,802.34375
