steps,returns
100000.0,-1.2897732
200000.0,-0.98351294
300000.0,-1.7100998
400000.0,-0.8697569
500000.0,70.62365
600000.0,29.973764
700000.0,76.521675
800000.0,-192.13011
900000.0,-107.810684
1000000.0,-200.5463
