steps,returns
100000.0,1014.18066
200000.0,997.6299
300000.0,1013.8118
400000.0,1024.9219
500000.0,984.8814
600000.0,993.7855
700000.0,956.1646
800000.0,861.47205
900000.0,795.126
1000000.0,656.20605
