steps,returns
10000,-149.75781
20000,-150.15625
30000,-151.02344
40000,-154.04688
50000,-147.85938
60000,-146.75781
70000,-152.05469
80000,-146.92188
90000,-144.52344
100000,-149.46875
