steps,returns
1000000,125.0
2000000,125.0
3000000,280.46875
4000000,511.71875
5000000,268.75
6000000,310.15625
7000000,621.875
8000000,504.29688
9000000,583.39844
10000000,643.75
