steps,returns
100000.0,23.144365
200000.0,-53.27755
300000.0,-213.0404
400000.0,-273.86768
500000.0,-346.54123
600000.0,-390.88806
700000.0,-676.18024
800000.0,-1165.5007
900000.0,-1573.4478
1000000.0,-2360.1191
