steps,returns
100000.0,296.03735
200000.0,567.9112
300000.0,437.35138
400000.0,457.77008
500000.0,552.21893
600000.0,498.35516
700000.0,677.1084
800000.0,1162.6589
900000.0,1121.7922
1000000.0,1025.58
