steps,returns
1000000,17.34375
2000000,28.125
3000000,49.84375
4000000,18.4375
5000000,30.78125
6000000,17.96875
7000000,38.28125
8000000,17.34375
9000000,28.90625
10000000,17.34375
