steps,returns
1000000,-18.203125
2000000,-18.109375
3000000,-17.78125
4000000,-17.671875
5000000,-17.671875
6000000,-17.90625
7000000,-17.734375
8000000,-17.4375
9000000,-17.8125
10000000,-17.703125
