steps,returns
1000000,-17.546875
2000000,-17.3125
3000000,-17.8125
4000000,-17.984375
5000000,-17.859375
6000000,-17.875
7000000,-18.09375
8000000,-17.3125
9000000,-18.34375
10000000,-18.421875
