steps,returns
10000,79.140625
20000,106.63281
30000,356.3203
40000,401.72656
50000,426.2422
60000,405.7578
70000,438.57812
80000,495.02344
90000,464.65625
100000,462.46094
