steps,returns
1000000,608.78906
2000000,585.9375
3000000,662.6953
4000000,683.59375
5000000,862.8906
6000000,1978.9062
7000000,711.71875
8000000,3311.5234
9000000,3925.3906
10000000,2008.2031
