steps,returns
1000000,-18.078125
2000000,-17.8125
3000000,-17.4375
4000000,-17.203125
5000000,-18.40625
6000000,-18.046875
7000000,-17.8125
8000000,-18.25
9000000,-18.390625
10000000,-18.421875
