steps,returns
5000,56.445312
10000,202.57812
15000,188.07812
20000,151.38281
25000,330.1328
30000,119.578125
35000,135.07031
40000,98.625
45000,155.85156
50000,500.0
