steps,returns
1000000,-18.0
2000000,-18.1875
3000000,-17.671875
4000000,-18.078125
5000000,-17.9375
6000000,-17.703125
7000000,-18.28125
8000000,-18.203125
9000000,-17.921875
10000000,-18.15625
