steps,returns
10000,208.59375
20000,500.0
30000,500.0
40000,500.0
50000,500.0
60000,475.53125
70000,95.671875
80000,500.0
90000,500.0
100000,500.0
