steps,returns
100000.0,661.3609
200000.0,817.54144
300000.0,1751.8553
400000.0,1867.4622
500000.0,1163.2773
600000.0,851.6907
700000.0,443.98776
800000.0,345.1824
900000.0,853.706
1000000.0,1477.274
