steps,returns
5000,22.960938
10000,21.835938
15000,14.671875
20000,36.171875
25000,85.421875
30000,95.25
35000,112.75781
40000,149.88281
45000,143.09375
50000,183.55469
