steps,returns
1000000,28.59375
2000000,17.03125
3000000,16.5625
4000000,27.8125
5000000,36.09375
6000000,17.1875
7000000,17.5
8000000,43.125
9000000,17.8125
10000000,17.34375
