steps,returns
1000000,17.1875
2000000,152.8125
3000000,278.125
4000000,17.96875
5000000,319.0625
6000000,17.96875
7000000,86.25
8000000,108.59375
9000000,21.71875
10000000,98.28125
