steps,returns
10000,-500.0
20000,-500.0
30000,-496.02344
40000,-500.0
50000,-465.35938
60000,-488.5
70000,-500.0
80000,-500.0
90000,-500.0
100000,-500.0
