steps,returns
5000,83.546875
10000,84.97656
15000,67.09375
20000,47.523438
25000,20.632812
30000,9.3359375
35000,12.09375
40000,15.328125
45000,16.898438
50000,26.84375
