steps,returns
100000.0,1026.1335
200000.0,931.7217
300000.0,744.43225
400000.0,639.46564
500000.0,527.8801
600000.0,442.01166
700000.0,345.1518
800000.0,308.99924
900000.0,346.85556
1000000.0,122.96256
