steps,returns
10000,-500.0
20000,-500.0
30000,-500.0
40000,-489.3047
50000,-421.4297
60000,-500.0
70000,-500.0
80000,-117.5625
90000,-155.85156
100000,-465.89844
