steps,returns
10000,-150.86719
20000,-147.57812
30000,-146.82812
40000,-150.78125
50000,-252.21094
60000,-500.0
70000,-500.0
80000,-500.0
90000,-500.0
100000,-500.0
