steps,returns
100000.0,356.74774
200000.0,541.6749
300000.0,610.51013
400000.0,608.3139
500000.0,626.647
600000.0,626.4751
700000.0,615.9838
800000.0,604.8783
900000.0,632.13745
1000000.0,627.78613
