steps,returns
5000,9.3515625
10000,9.3828125
15000,9.4296875
20000,9.3125
25000,9.2265625
30000,9.3984375
35000,9.2734375
40000,9.484375
45000,9.390625
50000,9.3203125
