steps,returns
1000000,-17.890625
2000000,-18.21875
3000000,-18.234375
4000000,-17.78125
5000000,-18.140625
6000000,-18.109375
7000000,-18.4375
8000000,-18.296875
9000000,-17.90625
10000000,-18.40625
