steps,returns
100000.0,684.2449
200000.0,-74.94032
300000.0,-887.28394
400000.0,-4261.6245
500000.0,-5582.183
600000.0,-10143.241
700000.0,-11946.881
800000.0,-11931.867
900000.0,-11812.199
1000000.0,-11957.176
