steps,returns
5000,89.796875
10000,36.867188
15000,21.8125
20000,21.734375
25000,9.3671875
30000,9.15625
35000,201.75
40000,124.8125
45000,12.2890625
50000,13.796875
