steps,returns
100000.0,808.41003
200000.0,625.28076
300000.0,1169.9683
400000.0,-2704.5688
500000.0,-6741.128
600000.0,-6373.873
700000.0,-6137.349
800000.0,-5151.4434
900000.0,-4464.2803
1000000.0,-4086.2854
