steps,returns
1000000,-18.40625
2000000,-17.609375
3000000,-18.375
4000000,-18.25
5000000,-18.109375
6000000,-17.703125
7000000,-17.890625
8000000,-18.140625
9000000,-17.875
10000000,-17.578125
