steps,returns
1000000,-18.015625
2000000,-18.375
3000000,-18.140625
4000000,-17.8125
5000000,-17.890625
6000000,-18.828125
7000000,-17.71875
8000000,-18.25
9000000,-18.171875
10000000,-18.515625
