steps,returns
100000.0,1017.62524
200000.0,1011.58826
300000.0,994.65564
400000.0,975.0779
500000.0,949.0836
600000.0,895.29456
700000.0,769.90356
800000.0,593.0901
900000.0,560.676
1000000.0,497.28143
