steps,returns
1000000,28.59375
2000000,28.28125
3000000,50.625
4000000,18.125
5000000,15.625
6000000,31.40625
7000000,51.71875
8000000,17.1875
9000000,17.8125
10000000,17.34375
