steps,returns
1000000,-17.890625
2000000,-18.609375
3000000,-18.3125
4000000,-17.484375
5000000,-17.875
6000000,-17.8125
7000000,-17.234375
8000000,-18.046875
9000000,-18.1875
10000000,-17.03125
