steps,returns
100000.0,-33.82898
200000.0,5.7489367
300000.0,-4939.216
400000.0,-8168.335
500000.0,-10374.947
600000.0,-12613.625
700000.0,-13553.746
800000.0,-15608.846
900000.0,-12427.452
1000000.0,-11671.223
