steps,returns
100000.0,868.8953
200000.0,533.4584
300000.0,-23.818865
400000.0,-441.84995
500000.0,-509.16504
600000.0,-180.27077
700000.0,-331.73605
800000.0,-400.173
900000.0,-349.9213
1000000.0,-482.71503
