steps,returns
10000,165.53125
20000,193.98438
30000,250.29688
40000,468.52344
50000,489.3125
60000,312.89844
70000,445.17188
80000,490.8203
90000,500.0
100000,500.0
