steps,returns
1000000,148.4375
2000000,38.90625
3000000,47.5
4000000,28.28125
5000000,15.625
6000000,17.65625
7000000,16.875
8000000,41.25
9000000,28.90625
10000000,17.96875
