steps,returns
100000.0,1015.4618
200000.0,1030.3467
300000.0,1032.1876
400000.0,1029.1523
500000.0,1023.6785
600000.0,1028.0483
700000.0,1033.2334
800000.0,1021.80164
900000.0,1019.5254
1000000.0,1018.74615
