steps,returns
5000,18.21875
10000,20.164062
15000,26.570312
20000,136.14062
25000,25.320312
30000,287.4922
35000,134.40625
40000,256.0703
45000,129.76562
50000,155.29688
