steps,returns
1000000,-17.421875
2000000,-17.578125
3000000,-17.09375
4000000,-17.546875
5000000,-17.609375
6000000,-17.734375
7000000,-17.390625
8000000,-18.046875
9000000,-17.8125
10000000,-17.609375
