steps,returns
1000000,-18.21875
2000000,-17.78125
3000000,-17.84375
4000000,-18.453125
5000000,-18.125
6000000,-18.359375
7000000,-17.75
8000000,-17.71875
9000000,-18.484375
10000000,-18.234375
