steps,returns
100000.0,1040.3188
200000.0,924.5985
300000.0,1021.9486
400000.0,978.4342
500000.0,965.443
600000.0,930.27026
700000.0,852.15845
800000.0,1049.0771
900000.0,1123.2852
1000000.0,1138.3171
