steps,returns
1000000,-17.75
2000000,-18.765625
3000000,-17.9375
4000000,-17.5
5000000,-17.34375
6000000,-17.90625
7000000,-18.171875
8000000,-18.09375
9000000,-18.0
10000000,-17.640625
