steps,returns
10000,134.53125
20000,496.5078
30000,500.0
40000,497.34375
50000,9.4375
60000,9.375
70000,9.375
80000,9.34375
90000,9.3125
100000,9.328125
