steps,returns
5000,78.47656
10000,46.195312
15000,30.710938
20000,20.257812
25000,21.640625
30000,36.5625
35000,56.890625
40000,18.40625
45000,17.453125
50000,25.679688
