steps,returns
100000.0,0.025792558
200000.0,1.4486632
300000.0,4.7796216
400000.0,36.484245
500000.0,588.00586
600000.0,952.1986
700000.0,219.56946
800000.0,134.52472
900000.0,16.84821
1000000.0,7.0254703
