steps,returns
1000000,17.65625
2000000,79.84375
3000000,37.65625
4000000,17.8125
5000000,17.1875
6000000,28.125
7000000,55.78125
8000000,17.03125
9000000,141.5625
10000000,18.28125
