steps,returns
100000.0,496.9875
200000.0,631.5237
300000.0,401.48578
400000.0,110.01372
500000.0,103.02272
600000.0,-257.38574
700000.0,-246.77951
800000.0,-359.17358
900000.0,-406.57794
1000000.0,-411.2182
