steps,returns
10000,-213.5
20000,-189.22656
30000,-236.67188
40000,-265.46094
50000,-277.91406
60000,-323.8203
70000,-336.1172
80000,-393.40625
90000,-397.07812
100000,-446.96094
