steps,returns
5000,85.1875
10000,75.453125
15000,48.625
20000,21.5
25000,12.9296875
30000,29.445312
35000,12.21875
40000,10.609375
45000,14.84375
50000,20.0625
