steps,returns
1000000,252.92969
2000000,137.30469
3000000,181.25
4000000,197.65625
5000000,493.16406
6000000,509.375
7000000,199.02344
8000000,191.40625
9000000,211.71875
10000000,289.45312
