steps,returns
1000000,-18.03125
2000000,-18.28125
3000000,-17.375
4000000,-18.609375
5000000,-17.8125
6000000,-18.3125
7000000,-17.8125
8000000,-17.65625
9000000,-18.328125
10000000,-18.21875
