steps,returns
5000,9.28125
10000,9.2890625
15000,9.421875
20000,10.046875
25000,37.875
30000,85.64844
35000,17.382812
40000,195.99219
45000,121.765625
50000,304.78125
