steps,returns
1000000,683.2031
2000000,922.85156
3000000,1646.6797
4000000,1364.4531
5000000,799.8047
6000000,917.5781
7000000,1428.9062
8000000,900.58594
9000000,2183.5938
10000000,3578.5156
