steps,returns
100000.0,1148.2563
200000.0,434.1284
300000.0,483.37805
400000.0,448.6693
500000.0,242.46133
600000.0,163.70615
700000.0,-147.59308
800000.0,-695.3771
900000.0,-1604.0208
1000000.0,-2406.772
