steps,returns
10000,83.41406
20000,100.24219
30000,121.59375
40000,127.88281
50000,143.11719
60000,123.11719
70000,136.4375
80000,151.05469
90000,186.88281
100000,177.97656
