steps,returns
1000000,288.67188
2000000,650.78125
3000000,675.3906
4000000,804.2969
5000000,1677.3438
6000000,753.90625
7000000,793.75
8000000,1376.1719
9000000,1094.5312
10000000,729.8828
