steps,returns
100000.0,989.2646
200000.0,999.64954
300000.0,1017.5541
400000.0,1012.72375
500000.0,1021.2423
600000.0,1090.2023
700000.0,1067.8413
800000.0,1051.3213
900000.0,1042.2358
1000000.0,1047.5829
