steps,returns
5000,9.265625
10000,9.4140625
15000,9.3125
20000,9.3984375
25000,9.2890625
30000,9.3203125
35000,9.40625
40000,9.2578125
45000,9.453125
50000,9.3671875
