steps,returns
100000.0,841.2585
200000.0,759.249
300000.0,653.172
400000.0,740.38794
500000.0,679.74304
600000.0,703.99396
700000.0,659.84186
800000.0,650.6456
900000.0,655.00885
1000000.0,621.2639
