steps,returns
10000,205.875
20000,288.5547
30000,9.4296875
40000,9.4609375
50000,9.28125
60000,9.515625
70000,9.4296875
80000,9.4296875
90000,9.2421875
100000,9.375
