steps,returns
5000,72.49219
10000,77.75781
15000,80.91406
20000,87.0625
25000,91.02344
30000,93.78906
35000,100.71875
40000,103.13281
45000,112.03125
50000,114.46875
