steps,returns
10000,102.65625
20000,82.9375
30000,70.14844
40000,71.08594
50000,72.13281
60000,76.578125
70000,67.703125
80000,68.640625
90000,74.28125
100000,78.15625
