steps,returns
100000.0,705.81384
200000.0,677.28613
300000.0,683.24915
400000.0,682.2196
500000.0,807.1874
600000.0,777.0528
700000.0,878.13824
800000.0,1266.8375
900000.0,1441.7318
1000000.0,1627.3462
