steps,returns
10000,473.57812
20000,363.78125
30000,157.29688
40000,317.72656
50000,500.0
60000,500.0
70000,259.1875
80000,500.0
90000,158.32031
100000,500.0
