steps,returns
1000000,44.0625
2000000,951.0156
3000000,130.3125
4000000,17.65625
5000000,17.03125
6000000,845.0781
7000000,29.84375
8000000,61.5625
9000000,39.21875
10000000,641.71875
