steps,returns
100000.0,586.2437
200000.0,599.7505
300000.0,662.7616
400000.0,655.87756
500000.0,839.73157
600000.0,853.54584
700000.0,921.50037
800000.0,943.1862
900000.0,987.3724
1000000.0,870.6929
