steps,returns
100000.0,755.4275
200000.0,809.6796
300000.0,527.40234
400000.0,563.02075
500000.0,535.8644
600000.0,555.3867
700000.0,636.5802
800000.0,647.7924
900000.0,738.3745
1000000.0,831.37134
