steps,returns
10000,144.08594
20000,237.4375
30000,500.0
40000,169.01562
50000,500.0
60000,500.0
70000,178.53906
80000,500.0
90000,500.0
100000,500.0
