steps,returns
1000000,-17.359375
2000000,-18.046875
3000000,-18.328125
4000000,-18.28125
5000000,-16.96875
6000000,-17.96875
7000000,-18.0625
8000000,-18.515625
9000000,-17.59375
10000000,-17.84375
