steps,returns
5000,18.257812
10000,278.84375
15000,301.77344
20000,294.03906
25000,258.125
30000,259.42188
35000,120.78906
40000,432.84375
45000,174.0
50000,261.90625
