steps,returns
100000.0,987.088
200000.0,843.3054
300000.0,889.69824
400000.0,916.0586
500000.0,1022.9917
600000.0,1052.7207
700000.0,1003.8037
800000.0,975.5838
900000.0,954.0044
1000000.0,929.53705
