steps,returns
5000,27.226562
10000,221.15625
15000,112.92969
20000,101.09375
25000,92.08594
30000,111.17969
35000,95.03906
40000,103.359375
45000,97.78906
50000,93.671875
