steps,returns
5000,9.0703125
10000,9.046875
15000,9.0859375
20000,9.21875
25000,9.3046875
30000,9.4765625
35000,9.3046875
40000,9.3359375
45000,9.296875
50000,9.3046875
