steps,returns
1000000,17.65625
2000000,82.34375
3000000,226.09375
4000000,151.875
5000000,32.96875
6000000,299.375
7000000,205.0
8000000,61.25
9000000,72.1875
10000000,351.40625
