{"config": {"hp_config.clip_eps": 0.48838054409516857, "hp_config.ent_coef": 0.302422759872523, "hp_config.gae_lambda": 0.9477787895217205, "hp_config.learning_rate": 1.5701421102720535e-06, "hp_config.max_grad_norm": 0.2828069625764096, "hp_config.minibatch_size": 32, "hp_config.normalize_advantage": true, "hp_config.vf_clip_eps": 0.05936385947712203, "hp_config.vf_coef": 0.317983179393976}, "score": -996.3651123046875, "budget_used": 13, "total_wallclock_time": -237.20757699012756, "total_optimization_time": 0.0058596134185791016}
{"config": {"hp_config.clip_eps": 0.48838054409516857, "hp_config.ent_coef": 0.302422759872523, "hp_config.gae_lambda": 0.9477787895217205, "hp_config.learning_rate": 1.5701421102720535e-06, "hp_config.max_grad_norm": 0.2828069625764096, "hp_config.minibatch_size": 32, "hp_config.normalize_advantage": true, "hp_config.vf_clip_eps": 0.05936385947712203, "hp_config.vf_coef": 0.317983179393976}, "score": -996.3651123046875, "budget_used": 26, "total_wallclock_time": -406.99231719970703, "total_optimization_time": 0.05832314491271973}
{"config": {"hp_config.clip_eps": 0.4887475698722234, "hp_config.ent_coef": 0.4382526226582954, "hp_config.gae_lambda": 0.8675979744721855, "hp_config.learning_rate": 0.06424669222650195, "hp_config.max_grad_norm": 0.2317016264712045, "hp_config.minibatch_size": 128, "hp_config.normalize_advantage": false, "hp_config.vf_clip_eps": 0.39960129367619585, "hp_config.vf_coef": 0.6304479368667911}, "score": NaN, "budget_used": 39, "total_wallclock_time": -579.1698360443115, "total_optimization_time": 0.06385040283203125}
{"config": {"hp_config.clip_eps": 0.4887475698722234, "hp_config.ent_coef": 0.4382526226582954, "hp_config.gae_lambda": 0.8675979744721855, "hp_config.learning_rate": 0.06424669222650195, "hp_config.max_grad_norm": 0.2317016264712045, "hp_config.minibatch_size": 128, "hp_config.normalize_advantage": false, "hp_config.vf_clip_eps": 0.39960129367619585, "hp_config.vf_coef": 0.6304479368667911}, "score": NaN, "budget_used": 52, "total_wallclock_time": -767.4418060779572, "total_optimization_time": 0.06744623184204102}
{"config": {"hp_config.clip_eps": 0.4887475698722234, "hp_config.ent_coef": 0.4382526226582954, "hp_config.gae_lambda": 0.8675979744721855, "hp_config.learning_rate": 0.06424669222650195, "hp_config.max_grad_norm": 0.2317016264712045, "hp_config.minibatch_size": 128, "hp_config.normalize_advantage": false, "hp_config.vf_clip_eps": 0.39960129367619585, "hp_config.vf_coef": 0.6304479368667911}, "score": NaN, "budget_used": 65, "total_wallclock_time": -926.2164363861084, "total_optimization_time": 0.09068083763122559}
{"config": {"hp_config.clip_eps": 0.4887475698722234, "hp_config.ent_coef": 0.4382526226582954, "hp_config.gae_lambda": 0.8675979744721855, "hp_config.learning_rate": 0.06424669222650195, "hp_config.max_grad_norm": 0.2317016264712045, "hp_config.minibatch_size": 128, "hp_config.normalize_advantage": false, "hp_config.vf_clip_eps": 0.39960129367619585, "hp_config.vf_coef": 0.6304479368667911}, "score": NaN, "budget_used": 78, "total_wallclock_time": -1082.331731557846, "total_optimization_time": 0.09502410888671875}
{"config": {"hp_config.clip_eps": 0.4887475698722234, "hp_config.ent_coef": 0.4382526226582954, "hp_config.gae_lambda": 0.8675979744721855, "hp_config.learning_rate": 0.06424669222650195, "hp_config.max_grad_norm": 0.2317016264712045, "hp_config.minibatch_size": 128, "hp_config.normalize_advantage": false, "hp_config.vf_clip_eps": 0.39960129367619585, "hp_config.vf_coef": 0.6304479368667911}, "score": NaN, "budget_used": 91, "total_wallclock_time": -1254.4922664165497, "total_optimization_time": 0.0993504524230957}
{"config": {"hp_config.clip_eps": 0.4887475698722234, "hp_config.ent_coef": 0.4382526226582954, "hp_config.gae_lambda": 0.8675979744721855, "hp_config.learning_rate": 0.06424669222650195, "hp_config.max_grad_norm": 0.2317016264712045, "hp_config.minibatch_size": 128, "hp_config.normalize_advantage": false, "hp_config.vf_clip_eps": 0.39960129367619585, "hp_config.vf_coef": 0.6304479368667911}, "score": NaN, "budget_used": 104, "total_wallclock_time": -1412.3958883285522, "total_optimization_time": 0.10259556770324707}
{"config": {"hp_config.clip_eps": 0.4887475698722234, "hp_config.ent_coef": 0.4382526226582954, "hp_config.gae_lambda": 0.8675979744721855, "hp_config.learning_rate": 0.06424669222650195, "hp_config.max_grad_norm": 0.2317016264712045, "hp_config.minibatch_size": 128, "hp_config.normalize_advantage": false, "hp_config.vf_clip_eps": 0.39960129367619585, "hp_config.vf_coef": 0.6304479368667911}, "score": NaN, "budget_used": 117, "total_wallclock_time": -1581.527584552765, "total_optimization_time": 0.10608625411987305}
{"config": {"hp_config.clip_eps": 0.4887475698722234, "hp_config.ent_coef": 0.4382526226582954, "hp_config.gae_lambda": 0.8675979744721855, "hp_config.learning_rate": 0.06424669222650195, "hp_config.max_grad_norm": 0.2317016264712045, "hp_config.minibatch_size": 128, "hp_config.normalize_advantage": false, "hp_config.vf_clip_eps": 0.39960129367619585, "hp_config.vf_coef": 0.6304479368667911}, "score": NaN, "budget_used": 130, "total_wallclock_time": -1736.2324655056, "total_optimization_time": 0.10934638977050781}
{"config": {"hp_config.clip_eps": 0.4887475698722234, "hp_config.ent_coef": 0.4382526226582954, "hp_config.gae_lambda": 0.8675979744721855, "hp_config.learning_rate": 0.06424669222650195, "hp_config.max_grad_norm": 0.2317016264712045, "hp_config.minibatch_size": 128, "hp_config.normalize_advantage": false, "hp_config.vf_clip_eps": 0.39960129367619585, "hp_config.vf_coef": 0.6304479368667911}, "score": NaN, "budget_used": 143, "total_wallclock_time": -1909.5784964561462, "total_optimization_time": 0.11266827583312988}
