steps,returns
100000.0,-0.45916432
200000.0,-6.017022
300000.0,26.816042
400000.0,-55.03161
500000.0,-211.55893
600000.0,-423.50647
700000.0,-509.95593
800000.0,-668.18414
900000.0,-1755.8772
1000000.0,-1661.5685
