steps,returns
1000000,150.0
2000000,125.0
3000000,235.35156
4000000,299.60938
5000000,348.2422
6000000,332.8125
7000000,281.25
8000000,244.53125
9000000,525.78125
10000000,657.03125
