steps,returns
100000.0,1020.90497
200000.0,1026.0675
300000.0,1023.7706
400000.0,1027.1235
500000.0,1029.124
600000.0,1035.9353
700000.0,1031.7275
800000.0,1034.4928
900000.0,1023.19006
1000000.0,1017.947
