steps,returns
5000,81.296875
10000,81.84375
15000,86.44531
20000,83.421875
25000,85.375
30000,87.11719
35000,93.89844
40000,84.671875
45000,82.171875
50000,80.82031
