steps,returns
12000,-200.0
24000,-200.0
36000,-199.92188
48000,-200.0
60000,-200.0
72000,-200.0
84000,-200.0
96000,-200.0
108000,-165.89844
120000,-189.8125
