steps,returns
10000,175.77344
20000,141.85156
30000,289.0078
40000,43.367188
50000,169.64844
60000,135.52344
70000,77.35156
80000,130.04688
90000,133.24219
100000,215.02344
