steps,returns
100000.0,993.1814
200000.0,862.8086
300000.0,788.97095
400000.0,772.5184
500000.0,766.8838
600000.0,750.5286
700000.0,720.0834
800000.0,674.11304
900000.0,666.4522
1000000.0,636.9031
