steps,returns
100000.0,459.1253
200000.0,377.2381
300000.0,299.53485
400000.0,395.48846
500000.0,142.18124
600000.0,386.08484
700000.0,-145.84576
800000.0,-384.81787
900000.0,-646.091
1000000.0,-371.47208
