steps,returns
5000,168.01562
10000,17.421875
15000,125.078125
20000,196.96094
25000,500.0
30000,108.65625
35000,75.91406
40000,104.39844
45000,128.875
50000,122.49219
