steps,returns
100000.0,191.00551
200000.0,192.76141
300000.0,190.10184
400000.0,190.68658
500000.0,190.19519
600000.0,188.39386
700000.0,188.53891
800000.0,188.47438
900000.0,188.53001
1000000.0,188.65706
