steps,returns
100000.0,1023.23
200000.0,1013.6774
300000.0,1019.3738
400000.0,1024.9827
500000.0,1022.2607
600000.0,1016.6416
700000.0,1010.48804
800000.0,1006.31024
900000.0,996.7606
1000000.0,994.624
