steps,returns
1000000,150.0
2000000,207.03125
3000000,262.5
4000000,125.0
5000000,225.0
6000000,237.89062
7000000,310.54688
8000000,301.7578
9000000,340.4297
10000000,288.47656
