steps,returns
1000000,331.5625
2000000,37.8125
3000000,55.3125
4000000,49.0625
5000000,103.59375
6000000,74.375
7000000,122.8125
8000000,63.90625
9000000,127.5
10000000,208.59375
