steps,returns
1000000,-18.21875
2000000,-17.4375
3000000,-17.796875
4000000,-18.34375
5000000,-17.734375
6000000,-17.828125
7000000,-18.015625
8000000,-17.84375
9000000,-17.90625
10000000,-18.359375
