steps,returns
100000.0,690.2649
200000.0,660.953
300000.0,645.2916
400000.0,635.8052
500000.0,1013.6917
600000.0,745.76526
700000.0,239.92279
800000.0,-36.02835
900000.0,-383.50143
1000000.0,-450.55038
