steps,returns
5000,39.1875
10000,18.648438
15000,18.429688
20000,38.898438
25000,129.48438
30000,89.52344
35000,82.97656
40000,181.38281
45000,219.82812
50000,158.47656
