steps,returns
5000,79.46094
10000,86.35156
15000,86.75
20000,83.8125
25000,88.8125
30000,89.78906
35000,81.25781
40000,85.53906
45000,84.77344
50000,88.92969
