steps,returns
5000,27.921875
10000,27.75
15000,28.203125
20000,27.070312
25000,28.648438
30000,29.65625
35000,29.757812
40000,30.914062
45000,32.195312
50000,32.171875
