steps,returns
1000000,-18.265625
2000000,-17.34375
3000000,-17.96875
4000000,-17.78125
5000000,-17.78125
6000000,-17.953125
7000000,-17.46875
8000000,-18.34375
9000000,-17.734375
10000000,-17.609375
