steps,returns
10000,139.51562
20000,500.0
30000,457.64844
40000,500.0
50000,500.0
60000,500.0
70000,168.76562
80000,500.0
90000,30.851562
100000,500.0
