steps,returns
100000.0,768.5404
200000.0,755.96277
300000.0,753.22327
400000.0,747.50793
500000.0,709.31213
600000.0,682.1861
700000.0,673.5804
800000.0,656.49866
900000.0,657.6908
1000000.0,664.5364
