steps,returns
10000,369.1797
20000,423.58594
30000,500.0
40000,376.53125
50000,500.0
60000,429.91406
70000,491.3203
80000,500.0
90000,251.74219
100000,493.6953
