steps,returns
100000.0,27.742416
200000.0,29.307907
300000.0,30.166628
400000.0,31.032206
500000.0,31.19816
600000.0,30.951958
700000.0,31.260471
800000.0,31.237911
900000.0,31.275047
1000000.0,30.888319
