steps,returns
10000,-464.02344
20000,-464.84375
30000,-438.0078
40000,-450.52344
50000,-460.28906
60000,-461.58594
70000,-459.89062
80000,-451.78906
90000,-420.7578
100000,-397.125
