steps,returns
100000.0,407.45892
200000.0,415.60208
300000.0,404.47116
400000.0,403.3315
500000.0,410.93732
600000.0,413.90588
700000.0,410.1343
800000.0,417.91977
900000.0,418.0208
1000000.0,413.63522
