steps,returns
10000,375.96875
20000,336.82812
30000,412.8203
40000,379.25
50000,430.1875
60000,462.125
70000,434.6328
80000,496.90625
90000,500.0
100000,500.0
