steps,returns
100000.0,786.094
200000.0,580.6022
300000.0,868.6862
400000.0,1047.7157
500000.0,1131.5405
600000.0,769.81964
700000.0,635.79724
800000.0,95.60419
900000.0,-974.9578
1000000.0,-2815.9053
