steps,returns
100000.0,843.43524
200000.0,871.7047
300000.0,858.10474
400000.0,920.541
500000.0,945.47626
600000.0,953.36456
700000.0,932.1776
800000.0,921.69775
900000.0,956.53876
1000000.0,939.5183
