steps,returns
10000,185.08594
20000,500.0
30000,500.0
40000,121.71875
50000,198.77344
60000,487.58594
70000,320.26562
80000,464.66406
90000,500.0
100000,155.53906
