steps,returns
1000000,-18.265625
2000000,-17.59375
3000000,-18.015625
4000000,-18.3125
5000000,-17.625
6000000,-18.25
7000000,-18.5
8000000,-17.84375
9000000,-18.21875
10000000,-18.421875
