steps,returns
1000000,470.5078
2000000,533.39844
3000000,640.03906
4000000,598.8281
5000000,900.78125
6000000,709.96094
7000000,439.84375
8000000,383.39844
9000000,347.85156
10000000,613.28125
