steps,returns
1000000,256.64062
2000000,734.96094
3000000,1528.125
4000000,594.1406
5000000,684.96094
6000000,710.7422
7000000,426.7578
8000000,587.6953
9000000,695.89844
10000000,698.2422
