steps,returns
100000.0,523.88086
200000.0,544.0833
300000.0,569.94226
400000.0,554.17834
500000.0,593.4116
600000.0,927.6561
700000.0,1076.2959
800000.0,1227.7821
900000.0,1214.2275
1000000.0,1182.5376
