steps,returns
100000.0,427.60352
200000.0,636.93396
300000.0,565.21674
400000.0,1229.6624
500000.0,1419.3542
600000.0,653.38574
700000.0,1051.921
800000.0,1150.1125
900000.0,909.6491
1000000.0,432.61725
