steps,returns
10000,71.3125
20000,82.609375
30000,142.63281
40000,168.49219
50000,202.65625
60000,302.59375
70000,497.89844
80000,370.21875
90000,483.4375
100000,427.39844
