steps,returns
100000.0,653.61957
200000.0,938.8247
300000.0,758.26154
400000.0,574.89844
500000.0,618.6946
600000.0,649.5107
700000.0,802.45483
800000.0,842.01855
900000.0,712.1726
1000000.0,854.9933
