steps,returns
10000,93.89844
20000,97.61719
30000,140.5625
40000,175.29688
50000,334.48438
60000,312.66406
70000,416.07812
80000,489.79688
90000,498.4453
100000,386.53125
