steps,returns
5000,14.796875
10000,10.09375
15000,8.8515625
20000,8.8984375
25000,8.90625
30000,8.953125
35000,8.84375
40000,8.9609375
45000,8.9140625
50000,8.921875
