steps,returns
100000.0,115.888794
200000.0,95.55092
300000.0,96.85242
400000.0,105.84608
500000.0,106.82533
600000.0,104.79291
700000.0,104.80273
800000.0,101.66155
900000.0,102.242035
1000000.0,101.603546
