steps,returns
100000.0,340.8539
200000.0,298.44196
300000.0,373.16577
400000.0,-2.2219567
500000.0,-421.79205
600000.0,-2167.914
700000.0,-1664.4454
800000.0,-3032.1519
900000.0,-5329.843
1000000.0,-6494.085
