steps,returns
100000.0,1007.8373
200000.0,1010.4038
300000.0,974.67163
400000.0,959.9159
500000.0,931.2878
600000.0,951.52344
700000.0,915.013
800000.0,906.2753
900000.0,905.01337
1000000.0,1226.7977
