steps,returns
1000000,520.3125
2000000,349.41406
3000000,524.02344
4000000,130.66406
5000000,552.7344
6000000,125.0
7000000,457.8125
8000000,225.0
9000000,175.0
10000000,326.17188
