steps,returns
100000.0,387.8345
200000.0,667.4481
300000.0,873.1367
400000.0,884.69507
500000.0,1042.9446
600000.0,1002.99615
700000.0,1065.7041
800000.0,1022.4419
900000.0,1113.3512
1000000.0,1073.3431
