steps,returns
1000000,262.5
2000000,478.125
3000000,312.3047
4000000,557.4219
5000000,350.0
6000000,198.04688
7000000,336.32812
8000000,155.07812
9000000,243.75
10000000,488.08594
