steps,returns
1000000,-17.953125
2000000,-17.796875
3000000,-18.375
4000000,-17.65625
5000000,-17.921875
6000000,-17.953125
7000000,-17.984375
8000000,-17.671875
9000000,-18.21875
10000000,-18.296875
