steps,returns
1000000,1111.25
2000000,1684.0625
3000000,980.46875
4000000,215.46875
5000000,633.4375
6000000,661.0156
7000000,333.35938
8000000,704.53125
9000000,172.1875
10000000,448.75
