steps,returns
5000,16.882812
10000,211.3125
15000,158.28125
20000,500.0
25000,112.34375
30000,500.0
35000,144.75781
40000,124.39844
45000,500.0
50000,500.0
