steps,returns
100000.0,519.6395
200000.0,514.9337
300000.0,527.5762
400000.0,577.6602
500000.0,568.7764
600000.0,598.4072
700000.0,637.80273
800000.0,652.07367
900000.0,607.23444
1000000.0,619.4564
