steps,returns
1000000,-18.0
2000000,-18.015625
3000000,-17.75
4000000,-17.53125
5000000,-16.828125
6000000,-17.046875
7000000,-17.265625
8000000,-17.015625
9000000,-17.140625
10000000,-16.890625
