steps,returns
100000.0,0.17438439
200000.0,56.214447
300000.0,-221.6463
400000.0,-303.66254
500000.0,-250.65752
600000.0,-304.1275
700000.0,227.2623
800000.0,190.94861
900000.0,79.32025
1000000.0,242.17566
