steps,returns
10000,116.50781
20000,150.28906
30000,84.796875
40000,71.03906
50000,55.1875
60000,54.015625
70000,48.71875
80000,41.890625
90000,35.6875
100000,30.289062
