steps,returns
10000,210.5625
20000,406.28906
30000,500.0
40000,482.0625
50000,500.0
60000,218.77344
70000,500.0
80000,500.0
90000,500.0
100000,154.21094
