steps,returns
10000,58.914062
20000,65.34375
30000,75.57031
40000,76.609375
50000,88.578125
60000,94.17969
70000,88.828125
80000,95.22656
90000,79.71875
100000,76.53906
