steps,returns
1000000,-17.65625
2000000,-17.890625
3000000,-17.84375
4000000,-17.515625
5000000,-17.96875
6000000,-18.40625
7000000,-18.09375
8000000,-18.140625
9000000,-17.828125
10000000,-18.34375
