steps,returns
1000000,-18.609375
2000000,-18.03125
3000000,-17.75
4000000,-17.921875
5000000,-17.578125
6000000,-17.953125
7000000,-18.546875
8000000,-17.890625
9000000,-18.4375
10000000,-17.984375
