steps,returns
5000,72.47656
10000,74.34375
15000,72.97656
20000,90.625
25000,84.921875
30000,90.77344
35000,90.91406
40000,91.03906
45000,94.90625
50000,94.28906
