steps,returns
10000,-356.3047
20000,-500.0
30000,-500.0
40000,-424.22656
50000,-166.79688
60000,-500.0
70000,-500.0
80000,-500.0
90000,-500.0
100000,-500.0
