steps,returns
5000,68.83594
10000,67.69531
15000,71.55469
20000,66.52344
25000,71.265625
30000,70.74219
35000,67.16406
40000,74.0
45000,75.30469
50000,78.16406
