steps,returns
10000,-162.8125
20000,-197.01562
30000,-184.65625
40000,-198.60156
50000,-190.42969
60000,-168.27344
70000,-173.92188
80000,-181.26562
90000,-194.94531
100000,-174.22656
