steps,returns
1000000,633.59375
2000000,35.9375
3000000,20.3125
4000000,451.32812
5000000,51.5625
6000000,410.54688
7000000,19.6875
8000000,87.5
9000000,1464.2188
10000000,152.03125
