steps,returns
100000.0,458.3881
200000.0,1399.1682
300000.0,728.3115
400000.0,557.23553
500000.0,691.08905
600000.0,970.1522
700000.0,1065.5476
800000.0,843.7107
900000.0,1063.7451
1000000.0,1089.4856
