steps,returns
10000,-247.72656
20000,-242.40625
30000,-229.38281
40000,-204.64062
50000,-230.11719
60000,-212.85156
70000,-229.28125
80000,-222.75781
90000,-248.55469
100000,-224.72656
