steps,returns
10000,142.65625
20000,154.95312
30000,145.57812
40000,148.89844
50000,154.82812
60000,170.63281
70000,153.92188
80000,173.83594
90000,141.34375
100000,161.17969
