steps,returns
5000,8.9609375
10000,9.1640625
15000,9.078125
20000,9.0234375
25000,9.1171875
30000,9.140625
35000,9.140625
40000,9.140625
45000,9.1953125
50000,9.2890625
