steps,returns
100000.0,494.87024
200000.0,278.40244
300000.0,868.3491
400000.0,836.4563
500000.0,709.8556
600000.0,591.975
700000.0,-351.45465
800000.0,158.58249
900000.0,-7927.536
1000000.0,-42391.875
