steps,returns
5000,34.289062
10000,105.97656
15000,500.0
20000,82.203125
25000,99.10156
30000,97.05469
35000,52.554688
40000,99.92969
45000,105.015625
50000,127.265625
