steps,returns
1000000,-16.921875
2000000,-17.4375
3000000,-17.796875
4000000,-17.453125
5000000,-18.09375
6000000,-18.078125
7000000,-16.953125
8000000,-17.40625
9000000,-17.765625
10000000,-16.890625
