steps,returns
10000,64.91406
20000,39.101562
30000,50.359375
40000,242.96094
50000,229.8125
60000,254.03125
70000,160.61719
80000,353.33594
90000,92.796875
100000,22.476562
