steps,returns
1000000,125.0
2000000,125.0
3000000,305.46875
4000000,307.42188
5000000,205.85938
6000000,272.26562
7000000,696.09375
8000000,625.0
9000000,729.6875
10000000,367.1875
