steps,returns
10000,500.0
20000,500.0
30000,500.0
40000,449.51562
50000,234.28906
60000,500.0
70000,500.0
80000,500.0
90000,500.0
100000,500.0
