steps,returns
5000,9.34375
10000,9.7265625
15000,10.25
20000,20.234375
25000,65.96875
30000,45.203125
35000,80.875
40000,109.28125
45000,185.89844
50000,138.32031
