steps,returns
5000,9.296875
10000,9.3984375
15000,9.3671875
20000,16.9375
25000,11.71875
30000,19.492188
35000,58.414062
40000,29.070312
45000,62.757812
50000,75.66406
