steps,returns
1000000,40.78125
2000000,1601.7188
3000000,383.51562
4000000,1261.7188
5000000,1429.2188
6000000,1203.0469
7000000,2994.5312
8000000,3223.8281
9000000,3507.5781
10000000,307.65625
