steps,returns
1000000,-17.015625
2000000,-17.421875
3000000,-18.09375
4000000,-18.15625
5000000,-18.28125
6000000,-17.953125
7000000,-17.84375
8000000,-17.828125
9000000,-18.078125
10000000,-17.46875
