steps,returns
100000.0,1219.6309
200000.0,1071.0527
300000.0,957.3081
400000.0,1011.1777
500000.0,1007.56116
600000.0,995.29175
700000.0,1005.8314
800000.0,991.73444
900000.0,997.0392
1000000.0,1032.2622
