steps,returns
1000000,-18.234375
2000000,-17.9375
3000000,-18.328125
4000000,-18.1875
5000000,-18.109375
6000000,-18.328125
7000000,-18.390625
8000000,-17.65625
9000000,-17.703125
10000000,-17.390625
