steps,returns
1000000,-17.953125
2000000,-17.984375
3000000,-17.796875
4000000,-18.1875
5000000,-17.921875
6000000,-18.25
7000000,-18.078125
8000000,-18.0625
9000000,-18.1875
10000000,-17.65625
