steps,returns
1000000,17.8125
2000000,16.71875
3000000,320.625
4000000,103.75
5000000,361.71875
6000000,432.96875
7000000,215.46875
8000000,34.84375
9000000,413.59375
10000000,1109.7656
