steps,returns
100000.0,839.2201
200000.0,1097.5854
300000.0,889.87836
400000.0,906.34595
500000.0,753.8834
600000.0,416.12805
700000.0,440.98932
800000.0,294.73514
900000.0,12.005104
1000000.0,-366.31125
