steps,returns
10000,118.3125
20000,113.28125
30000,146.375
40000,151.53125
50000,209.08594
60000,272.89844
70000,423.4453
80000,420.01562
90000,436.7422
100000,429.97656
