steps,returns
1000000,17.8125
2000000,74.375
3000000,16.875
4000000,298.4375
5000000,22.65625
6000000,16.40625
7000000,108.125
8000000,16.71875
9000000,80.9375
10000000,17.5
