steps,returns
1000000,-18.078125
2000000,-18.21875
3000000,-18.28125
4000000,-17.5
5000000,-17.34375
6000000,-17.734375
7000000,-17.90625
8000000,-17.453125
9000000,-17.671875
10000000,-17.78125
