steps,returns
100000.0,351.0394
200000.0,203.39224
300000.0,208.11815
400000.0,677.2871
500000.0,707.06506
600000.0,704.6701
700000.0,694.38306
800000.0,697.9619
900000.0,689.6644
1000000.0,692.0842
