steps,returns
5000,9.625
10000,9.390625
15000,9.4765625
20000,9.3828125
25000,9.3203125
30000,9.375
35000,9.4765625
40000,9.390625
45000,9.4609375
50000,9.3359375
