steps,returns
1000000,17.8125
2000000,55.625
3000000,16.875
4000000,66.09375
5000000,16.5625
6000000,70.15625
7000000,17.5
8000000,16.71875
9000000,75.9375
10000000,17.5
