steps,returns
100000.0,894.92413
200000.0,693.92017
300000.0,452.97977
400000.0,-163.48141
500000.0,-809.51416
600000.0,-1434.1729
700000.0,-2267.0469
800000.0,-2863.4692
900000.0,-3761.018
1000000.0,-2711.7283
