steps,returns
100000.0,225.49991
200000.0,235.49974
300000.0,242.2538
400000.0,242.56897
500000.0,242.7525
600000.0,242.99474
700000.0,239.62256
800000.0,244.44574
900000.0,242.51353
1000000.0,245.77661
