steps,returns
10000,87.203125
20000,76.515625
30000,137.0625
40000,227.25781
50000,405.83594
60000,421.375
70000,402.78125
80000,372.04688
90000,449.03906
100000,407.8047
