steps,returns
10000,99.89844
20000,125.234375
30000,122.28906
40000,125.02344
50000,127.515625
60000,126.4375
70000,131.00781
80000,130.69531
90000,131.33594
100000,148.89062
