steps,returns
100000.0,368.5106
200000.0,481.78925
300000.0,91.6757
400000.0,-322.48868
500000.0,-3743.929
600000.0,-7624.8213
700000.0,-14465.652
800000.0,-20367.527
900000.0,-15117.086
1000000.0,-22927.662
