steps,returns
10000,193.90625
20000,170.6875
30000,163.49219
40000,164.71094
50000,230.82031
60000,227.07031
70000,258.75
80000,242.25781
90000,241.74219
100000,451.72656
