steps,returns
5000,9.359375
10000,22.601562
15000,16.351562
20000,19.773438
25000,29.429688
30000,23.101562
35000,144.78125
40000,91.85156
45000,93.25
50000,227.47656
