steps,returns
10000,500.0
20000,318.5625
30000,174.01562
40000,400.0625
50000,500.0
60000,168.1875
70000,217.73438
80000,500.0
90000,234.53906
100000,274.89844
