steps,returns
10000,163.82031
20000,283.33594
30000,474.71094
40000,417.6875
50000,500.0
60000,500.0
70000,368.4375
80000,483.41406
90000,9.8203125
100000,473.6875
