steps,returns
100000.0,264.06168
200000.0,59.137238
300000.0,-1313.0298
400000.0,-4121.0146
500000.0,-6527.171
600000.0,-8183.258
700000.0,-12822.936
800000.0,-10507.322
900000.0,-13396.38
1000000.0,-11113.195
