steps,returns
1000000,-18.453125
2000000,-18.078125
3000000,-17.875
4000000,-18.03125
5000000,-18.296875
6000000,-18.171875
7000000,-17.875
8000000,-18.09375
9000000,-17.578125
10000000,-17.75
