steps,returns
100000.0,344.91144
200000.0,686.2634
300000.0,1114.4829
400000.0,644.82227
500000.0,142.08983
600000.0,253.55362
700000.0,234.30423
800000.0,-2450.92
900000.0,-22140.512
1000000.0,-194720.23
