steps,returns
10000,-236.66406
20000,-500.0
30000,-500.0
40000,-500.0
50000,-500.0
60000,-500.0
70000,-500.0
80000,-335.70312
90000,-500.0
100000,-500.0
