steps,returns
1000000,41.40625
2000000,87.1875
3000000,388.90625
4000000,283.90625
5000000,124.6875
6000000,275.39062
7000000,901.40625
8000000,856.875
9000000,593.2031
10000000,619.53125
