steps,returns
100000.0,475.7728
200000.0,794.2621
300000.0,771.1678
400000.0,872.19226
500000.0,832.95245
600000.0,920.5615
700000.0,965.70544
800000.0,952.9149
900000.0,949.3485
1000000.0,946.2948
