steps,returns
100000.0,912.3569
200000.0,1011.02246
300000.0,1015.8478
400000.0,949.5305
500000.0,951.40955
600000.0,950.1846
700000.0,966.53503
800000.0,945.0736
900000.0,912.6484
1000000.0,905.6899
