steps,returns
1000000,150.0
2000000,501.5625
3000000,253.51562
4000000,396.09375
5000000,239.84375
6000000,434.5703
7000000,730.66406
8000000,252.34375
9000000,535.5469
10000000,651.3672
