steps,returns
1000000,-18.328125
2000000,-17.671875
3000000,-17.84375
4000000,-17.90625
5000000,-17.84375
6000000,-17.71875
7000000,-17.828125
8000000,-17.8125
9000000,-18.203125
10000000,-18.03125
