steps,returns
1000000,-16.78125
2000000,-17.421875
3000000,-15.734375
4000000,-15.71875
5000000,-15.125
6000000,-15.375
7000000,-15.40625
8000000,-14.96875
9000000,-12.53125
10000000,-1.859375
