steps,returns
10000,99.28125
20000,500.0
30000,440.15625
40000,237.39844
50000,354.78125
60000,159.88281
70000,496.9375
80000,452.9453
90000,500.0
100000,499.76562
