steps,returns
10000,129.46875
20000,369.35156
30000,428.2578
40000,416.5078
50000,442.8125
60000,500.0
70000,463.375
80000,431.40625
90000,365.66406
100000,487.22656
