steps,returns
100000.0,1020.51416
200000.0,886.8194
300000.0,725.69385
400000.0,671.6489
500000.0,578.66736
600000.0,407.34332
700000.0,420.44415
800000.0,238.014
900000.0,350.1455
1000000.0,201.83273
