steps,returns
10000,57.96875
20000,120.02344
30000,29.265625
40000,111.453125
50000,64.16406
60000,340.28125
70000,338.32812
80000,491.9297
90000,237.61719
100000,201.96875
