steps,returns
100000.0,341.0004
200000.0,213.22693
300000.0,349.3994
400000.0,644.66626
500000.0,691.36597
600000.0,689.09814
700000.0,687.0249
800000.0,680.7572
900000.0,680.673
1000000.0,681.98975
