steps,returns
100000.0,-121.95546
200000.0,-122.9955
300000.0,-119.4484
400000.0,-118.460236
500000.0,-120.61903
600000.0,-112.94635
700000.0,-114.88372
800000.0,-113.85395
900000.0,-120.384315
1000000.0,-117.31729
