steps,returns
1000000,-18.265625
2000000,-18.296875
3000000,-18.390625
4000000,-18.53125
5000000,-18.203125
6000000,-18.34375
7000000,-18.03125
8000000,-18.546875
9000000,-17.5
10000000,-18.15625
