steps,returns
1000000,24.21875
2000000,356.25
3000000,319.92188
4000000,364.375
5000000,920.7031
6000000,843.9844
7000000,1117.8125
8000000,1970.4688
9000000,1218.5156
10000000,1784.8438
