steps,returns
100000.0,1013.3723
200000.0,964.828
300000.0,841.0047
400000.0,672.54834
500000.0,417.18555
600000.0,286.03964
700000.0,211.03297
800000.0,332.95117
900000.0,286.52032
1000000.0,-17.253994
