steps,returns
1000000,-18.0
2000000,-17.703125
3000000,-17.59375
4000000,-17.90625
5000000,-17.796875
6000000,-17.828125
7000000,-17.984375
8000000,-17.546875
9000000,-18.015625
10000000,-17.765625
