steps,returns
10000,-289.23438
20000,-294.20312
30000,-333.45312
40000,-319.83594
50000,-363.6172
60000,-433.53906
70000,-483.0625
80000,-495.375
90000,-500.0
100000,-500.0
