steps,returns
1000000,146.09375
2000000,71.09375
3000000,182.03125
4000000,455.23438
5000000,64.375
6000000,105.15625
7000000,289.84375
8000000,46.25
9000000,172.1875
10000000,32.65625
