steps,returns
1000000,17.1875
2000000,50.78125
3000000,28.90625
4000000,18.125
5000000,44.53125
6000000,38.125
7000000,17.8125
8000000,48.75
9000000,17.65625
10000000,17.65625
