steps,returns
10000,482.46875
20000,333.53125
30000,217.1875
40000,145.46094
50000,498.3672
60000,500.0
70000,500.0
80000,500.0
90000,177.4375
100000,471.28125
