steps,returns
5000,46.335938
10000,142.92188
15000,353.48438
20000,303.39062
25000,276.39844
30000,156.36719
35000,161.5
40000,174.00781
45000,167.10938
50000,432.8672
