steps,returns
100000.0,977.12714
200000.0,851.9175
300000.0,939.1769
400000.0,576.7429
500000.0,609.6157
600000.0,1347.3828
700000.0,1222.0303
800000.0,873.15735
900000.0,1388.1123
1000000.0,1082.7983
