steps,returns
5000,76.671875
10000,84.578125
15000,80.78906
20000,92.96875
25000,120.125
30000,19.34375
35000,83.625
40000,93.28906
45000,37.242188
50000,49.34375
