steps,returns
10000,-466.14844
20000,-461.48438
30000,-452.90625
40000,-437.8672
50000,-454.8125
60000,-441.51562
70000,-454.41406
80000,-482.0
90000,-461.70312
100000,-464.14844
