steps,returns
100000.0,687.1954
200000.0,489.7276
300000.0,619.7645
400000.0,682.2567
500000.0,779.87427
600000.0,874.9885
700000.0,991.5271
800000.0,974.54175
900000.0,950.1891
1000000.0,939.43463
