steps,returns
5000,81.171875
10000,83.71094
15000,62.101562
20000,49.0
25000,44.21875
30000,29.492188
35000,14.8125
40000,9.421875
45000,10.078125
50000,15.5546875
