steps,returns
5000,78.28125
10000,79.25781
15000,72.53125
20000,81.77344
25000,85.38281
30000,86.64844
35000,78.25781
40000,80.69531
45000,82.875
50000,75.44531
