steps,returns
1000000,359.84375
2000000,222.65625
3000000,380.78125
4000000,193.51562
5000000,1175.1562
6000000,1498.9844
7000000,1813.9062
8000000,3052.1094
9000000,3883.4375
10000000,3681.7188
