steps,returns
100000.0,861.5531
200000.0,870.526
300000.0,1040.1926
400000.0,1030.8066
500000.0,944.8875
600000.0,910.0283
700000.0,947.18787
800000.0,989.36725
900000.0,1043.962
1000000.0,1088.2136
