steps,returns
10000,395.4375
20000,233.14062
30000,407.70312
40000,350.71875
50000,500.0
60000,334.46094
70000,180.4375
80000,500.0
90000,500.0
100000,500.0
