steps,returns
5000,9.1953125
10000,9.0625
15000,9.125
20000,9.0078125
25000,8.9765625
30000,9.1640625
35000,9.0546875
40000,9.1640625
45000,9.046875
50000,9.0703125
