steps,returns
100000.0,1171.187
200000.0,918.29254
300000.0,917.56104
400000.0,910.88556
500000.0,909.3568
600000.0,912.04785
700000.0,921.0232
800000.0,919.0373
900000.0,892.05066
1000000.0,864.792
