steps,returns
5000,9.1875
10000,9.4140625
15000,9.34375
20000,9.28125
25000,9.2734375
30000,9.5
35000,9.328125
40000,9.453125
45000,9.3984375
50000,9.375
