steps,returns
1000000,-17.734375
2000000,-17.25
3000000,-18.25
4000000,-17.765625
5000000,-17.03125
6000000,-17.3125
7000000,-18.375
8000000,-18.140625
9000000,-18.140625
10000000,-18.109375
