steps,returns
10000,292.9453
20000,500.0
30000,500.0
40000,80.0625
50000,500.0
60000,311.97656
70000,500.0
80000,413.46094
90000,500.0
100000,500.0
