steps,returns
1000000,-18.125
2000000,-17.921875
3000000,-17.890625
4000000,-17.265625
5000000,-17.734375
6000000,-17.875
7000000,-18.296875
8000000,-18.078125
9000000,-18.03125
10000000,-17.859375
