steps,returns
1000000,27.96875
2000000,28.125
3000000,40.3125
4000000,18.125
5000000,15.625
6000000,50.9375
7000000,49.0625
8000000,17.5
9000000,17.65625
10000000,50.15625
