steps,returns
100000.0,1025.0522
200000.0,941.7968
300000.0,891.03326
400000.0,772.5382
500000.0,601.9988
600000.0,533.42004
700000.0,538.4055
800000.0,421.4455
900000.0,660.11176
1000000.0,309.7315
