steps,returns
10000,76.99219
20000,89.0625
30000,152.41406
40000,295.75
50000,472.9375
60000,435.3047
70000,440.41406
80000,439.82812
90000,387.95312
100000,478.58594
