steps,returns
1000000,145.78125
2000000,493.67188
3000000,231.64062
4000000,2501.875
5000000,3326.6406
6000000,3046.5625
7000000,4008.9844
8000000,4029.1406
9000000,4119.6094
10000000,4548.828
