steps,returns
100000.0,565.6974
200000.0,978.62427
300000.0,1339.4955
400000.0,965.18567
500000.0,862.74194
600000.0,587.4475
700000.0,876.3374
800000.0,1177.3572
900000.0,878.0669
1000000.0,604.81683
