steps,returns
12000,-200.0
24000,-200.0
36000,-200.0
48000,-200.0
60000,-200.0
72000,-143.39844
84000,-200.0
96000,-147.19531
108000,-190.92188
120000,-195.65625
