steps,returns
100000.0,-0.22534342
200000.0,0.09710874
300000.0,2.1823862
400000.0,355.24216
500000.0,54.558064
600000.0,17.403587
700000.0,108.73004
800000.0,148.556
900000.0,-125.18181
1000000.0,-222.21684
