steps,returns
100000.0,1010.61237
200000.0,896.89294
300000.0,681.1638
400000.0,568.0715
500000.0,295.17615
600000.0,-89.84781
700000.0,-373.43237
800000.0,292.5161
900000.0,-212.65791
1000000.0,-448.59576
