steps,returns
1000000,315.4297
2000000,217.77344
3000000,275.0
4000000,125.0
5000000,125.0
6000000,293.75
7000000,250.0
8000000,264.0625
9000000,250.0
10000000,267.77344
