steps,returns
100000.0,1000.58966
200000.0,921.6582
300000.0,1081.81
400000.0,1017.22473
500000.0,1326.386
600000.0,1494.0618
700000.0,543.3255
800000.0,-20045.219
900000.0,-406618.78
1000000.0,-308617.78
