steps,returns
1000000,908.6719
2000000,1589.4531
3000000,1192.8125
4000000,566.09375
5000000,192.03125
6000000,107.03125
7000000,398.75
8000000,175.78125
9000000,17.96875
10000000,157.96875
