steps,returns
100000.0,480.15106
200000.0,544.9474
300000.0,575.729
400000.0,598.1873
500000.0,586.8208
600000.0,575.6006
700000.0,541.17773
800000.0,492.34717
900000.0,469.03067
1000000.0,447.7511
