steps,returns
1000000,17.03125
2000000,27.96875
3000000,17.34375
4000000,28.4375
5000000,51.40625
6000000,29.6875
7000000,37.5
8000000,53.125
9000000,28.28125
10000000,17.8125
