steps,returns
10000,93.58594
20000,85.75781
30000,128.79688
40000,169.82031
50000,299.35156
60000,321.95312
70000,411.14062
80000,274.52344
90000,454.71094
100000,407.5
