steps,returns
1000000,17.65625
2000000,50.625
3000000,16.71875
4000000,17.8125
5000000,15.78125
6000000,177.5
7000000,40.9375
8000000,19.84375
9000000,262.5
10000000,246.5625
