steps,returns
1000000,588.28125
2000000,677.34375
3000000,733.39844
4000000,2365.4297
5000000,4316.992
6000000,4129.883
7000000,8032.8125
8000000,10667.578
9000000,14967.578
10000000,15201.5625
