steps,returns
1000000,180.9375
2000000,504.0625
3000000,277.1875
4000000,617.96875
5000000,242.34375
6000000,1550.8594
7000000,1987.8906
8000000,1298.8281
9000000,3091.0156
10000000,180.9375
