steps,returns
100000.0,381.06335
200000.0,306.5256
300000.0,274.7719
400000.0,-197.44946
500000.0,-881.1372
600000.0,-1888.0364
700000.0,-6628.7783
800000.0,-13616.842
900000.0,-54589.547
1000000.0,-116024.734
