steps,returns
10000,183.23438
20000,117.125
30000,124.09375
40000,148.4375
50000,121.890625
60000,125.30469
70000,124.85156
80000,132.61719
90000,136.08594
100000,161.64062
