steps,returns
5000,24.851562
10000,16.6875
15000,54.195312
20000,257.9453
25000,98.921875
30000,118.34375
35000,122.27344
40000,111.0
45000,126.13281
50000,123.50781
