steps,returns
1000000,-17.8125
2000000,-18.109375
3000000,-18.1875
4000000,-17.71875
5000000,-17.828125
6000000,-18.078125
7000000,-18.015625
8000000,-17.703125
9000000,-18.4375
10000000,-18.03125
