{"config": {"hp_config.clip_eps": 0.48838054409516857, "hp_config.ent_coef": 0.302422759872523, "hp_config.gae_lambda": 0.9477787895217205, "hp_config.learning_rate": 1.5701421102720535e-06, "hp_config.max_grad_norm": 0.2828069625764096, "hp_config.minibatch_size": 128, "hp_config.normalize_advantage": true, "hp_config.vf_clip_eps": 0.05936385947712203, "hp_config.vf_coef": 0.317983179393976}, "score": 116.890625, "budget_used": 13, "total_wallclock_time": -99.84925484657288, "total_optimization_time": 0.009662866592407227}
{"config": {"hp_config.clip_eps": 0.22684842227802265, "hp_config.ent_coef": 0.2682896055543611, "hp_config.gae_lambda": 0.9792445914787644, "hp_config.learning_rate": 0.08947356400945196, "hp_config.max_grad_norm": 0.21689698439847394, "hp_config.minibatch_size": 256, "hp_config.normalize_advantage": true, "hp_config.vf_clip_eps": 0.01032549973286434, "hp_config.vf_coef": 0.7583786538361414}, "score": 9.2421875, "budget_used": 26, "total_wallclock_time": -194.45326280593872, "total_optimization_time": 0.04269886016845703}
{"config": {"hp_config.clip_eps": 0.22684842227802265, "hp_config.ent_coef": 0.2682896055543611, "hp_config.gae_lambda": 0.9792445914787644, "hp_config.learning_rate": 0.08947356400945196, "hp_config.max_grad_norm": 0.21689698439847394, "hp_config.minibatch_size": 256, "hp_config.normalize_advantage": true, "hp_config.vf_clip_eps": 0.01032549973286434, "hp_config.vf_coef": 0.7583786538361414}, "score": 9.2421875, "budget_used": 39, "total_wallclock_time": -290.5811200141907, "total_optimization_time": 0.04505443572998047}
{"config": {"hp_config.clip_eps": 0.22684842227802265, "hp_config.ent_coef": 0.2682896055543611, "hp_config.gae_lambda": 0.9792445914787644, "hp_config.learning_rate": 0.08947356400945196, "hp_config.max_grad_norm": 0.21689698439847394, "hp_config.minibatch_size": 256, "hp_config.normalize_advantage": true, "hp_config.vf_clip_eps": 0.01032549973286434, "hp_config.vf_coef": 0.7583786538361414}, "score": 9.2421875, "budget_used": 52, "total_wallclock_time": -388.85817790031433, "total_optimization_time": 0.047627925872802734}
{"config": {"hp_config.clip_eps": 0.22684842227802265, "hp_config.ent_coef": 0.2682896055543611, "hp_config.gae_lambda": 0.9792445914787644, "hp_config.learning_rate": 0.08947356400945196, "hp_config.max_grad_norm": 0.21689698439847394, "hp_config.minibatch_size": 256, "hp_config.normalize_advantage": true, "hp_config.vf_clip_eps": 0.01032549973286434, "hp_config.vf_coef": 0.7583786538361414}, "score": 9.2421875, "budget_used": 65, "total_wallclock_time": -483.52376890182495, "total_optimization_time": 0.05178952217102051}
{"config": {"hp_config.clip_eps": 0.22684842227802265, "hp_config.ent_coef": 0.2682896055543611, "hp_config.gae_lambda": 0.9792445914787644, "hp_config.learning_rate": 0.08947356400945196, "hp_config.max_grad_norm": 0.21689698439847394, "hp_config.minibatch_size": 256, "hp_config.normalize_advantage": true, "hp_config.vf_clip_eps": 0.01032549973286434, "hp_config.vf_coef": 0.7583786538361414}, "score": 9.2421875, "budget_used": 78, "total_wallclock_time": -577.0543723106384, "total_optimization_time": 0.05437016487121582}
{"config": {"hp_config.clip_eps": 0.22684842227802265, "hp_config.ent_coef": 0.2682896055543611, "hp_config.gae_lambda": 0.9792445914787644, "hp_config.learning_rate": 0.08947356400945196, "hp_config.max_grad_norm": 0.21689698439847394, "hp_config.minibatch_size": 256, "hp_config.normalize_advantage": true, "hp_config.vf_clip_eps": 0.01032549973286434, "hp_config.vf_coef": 0.7583786538361414}, "score": 9.2421875, "budget_used": 91, "total_wallclock_time": -672.5755558013916, "total_optimization_time": 0.05710315704345703}
{"config": {"hp_config.clip_eps": 0.22684842227802265, "hp_config.ent_coef": 0.2682896055543611, "hp_config.gae_lambda": 0.9792445914787644, "hp_config.learning_rate": 0.08947356400945196, "hp_config.max_grad_norm": 0.21689698439847394, "hp_config.minibatch_size": 256, "hp_config.normalize_advantage": true, "hp_config.vf_clip_eps": 0.01032549973286434, "hp_config.vf_coef": 0.7583786538361414}, "score": 9.2421875, "budget_used": 104, "total_wallclock_time": -769.1147112846375, "total_optimization_time": 0.06474804878234863}
{"config": {"hp_config.clip_eps": 0.22684842227802265, "hp_config.ent_coef": 0.2682896055543611, "hp_config.gae_lambda": 0.9792445914787644, "hp_config.learning_rate": 0.08947356400945196, "hp_config.max_grad_norm": 0.21689698439847394, "hp_config.minibatch_size": 256, "hp_config.normalize_advantage": true, "hp_config.vf_clip_eps": 0.01032549973286434, "hp_config.vf_coef": 0.7583786538361414}, "score": 9.2421875, "budget_used": 117, "total_wallclock_time": -866.4949839115143, "total_optimization_time": 0.06815838813781738}
{"config": {"hp_config.clip_eps": 0.22684842227802265, "hp_config.ent_coef": 0.2682896055543611, "hp_config.gae_lambda": 0.9792445914787644, "hp_config.learning_rate": 0.08947356400945196, "hp_config.max_grad_norm": 0.21689698439847394, "hp_config.minibatch_size": 256, "hp_config.normalize_advantage": true, "hp_config.vf_clip_eps": 0.01032549973286434, "hp_config.vf_coef": 0.7583786538361414}, "score": 9.2421875, "budget_used": 130, "total_wallclock_time": -961.3414130210876, "total_optimization_time": 0.07334375381469727}
{"config": {"hp_config.clip_eps": 0.22684842227802265, "hp_config.ent_coef": 0.2682896055543611, "hp_config.gae_lambda": 0.9792445914787644, "hp_config.learning_rate": 0.08947356400945196, "hp_config.max_grad_norm": 0.21689698439847394, "hp_config.minibatch_size": 256, "hp_config.normalize_advantage": true, "hp_config.vf_clip_eps": 0.01032549973286434, "hp_config.vf_coef": 0.7583786538361414}, "score": 9.2421875, "budget_used": 143, "total_wallclock_time": -1057.9228734970093, "total_optimization_time": 0.08025717735290527}
