steps,returns
100000.0,733.70306
200000.0,622.0452
300000.0,546.8047
400000.0,540.05646
500000.0,553.98193
600000.0,567.1308
700000.0,585.46045
800000.0,577.73083
900000.0,578.98865
1000000.0,598.2622
