steps,returns
5000,9.3515625
10000,26.171875
15000,98.96094
20000,125.58594
25000,146.5625
30000,270.96875
35000,183.625
40000,55.5625
45000,122.50781
50000,96.421875
