steps,returns
10000,100.953125
20000,102.171875
30000,112.72656
40000,118.77344
50000,129.9375
60000,169.60938
70000,147.46094
80000,160.28906
90000,229.80469
100000,276.625
