steps,returns
10000,331.9297
20000,353.67188
30000,399.28125
40000,350.42188
50000,287.34375
60000,500.0
70000,461.25
80000,213.94531
90000,474.60156
100000,426.60156
