steps,returns
100000.0,1444.9586
200000.0,1012.65015
300000.0,987.3347
400000.0,1043.5322
500000.0,1143.5013
600000.0,1157.3099
700000.0,1129.9829
800000.0,912.84766
900000.0,946.13385
1000000.0,963.5719
