steps,returns
100000.0,563.3949
200000.0,749.1737
300000.0,671.1555
400000.0,366.25018
500000.0,389.64023
600000.0,514.7998
700000.0,391.9082
800000.0,390.7508
900000.0,652.69293
1000000.0,761.25323
