steps,returns
10000,484.67188
20000,500.0
30000,478.6172
40000,483.53906
50000,88.36719
60000,499.14844
70000,500.0
80000,500.0
90000,499.73438
100000,500.0
