steps,returns
100000.0,331.3714
200000.0,227.86469
300000.0,184.18909
400000.0,175.09364
500000.0,438.47192
600000.0,700.6657
700000.0,704.1158
800000.0,711.83606
900000.0,697.9883
1000000.0,690.03876
