steps,returns
100000.0,915.99634
200000.0,645.60754
300000.0,172.49042
400000.0,-402.46988
500000.0,-822.0327
600000.0,-1447.3761
700000.0,-799.2184
800000.0,-620.96967
900000.0,-586.00256
1000000.0,-675.23755
