steps,returns
1000000,67.03125
2000000,220.0
3000000,238.125
4000000,16.40625
5000000,162.96875
6000000,182.34375
7000000,105.0
8000000,177.96875
9000000,276.71875
10000000,23.125
