steps,returns
100000.0,545.6908
200000.0,814.5298
300000.0,835.5836
400000.0,894.83167
500000.0,943.20166
600000.0,879.1041
700000.0,1329.9023
800000.0,1502.6147
900000.0,1420.9243
1000000.0,1258.8606
