steps,returns
5000,9.0703125
10000,9.0078125
15000,9.1328125
20000,9.1875
25000,9.234375
30000,9.3046875
35000,9.34375
40000,9.3671875
45000,9.3046875
50000,9.3515625
