steps,returns
100000.0,734.63184
200000.0,588.9094
300000.0,578.7539
400000.0,583.5237
500000.0,572.7887
600000.0,554.2442
700000.0,575.82886
800000.0,571.3888
900000.0,554.8128
1000000.0,564.8657
