steps,returns
1000000,-17.796875
2000000,-17.75
3000000,-17.875
4000000,-18.046875
5000000,-18.0
6000000,-18.03125
7000000,-17.640625
8000000,-17.84375
9000000,-17.734375
10000000,-17.5
