steps,returns
100000.0,-1.1397004
200000.0,-1.1049917
300000.0,-1.0576805
400000.0,-1.0727198
500000.0,-1.997694
600000.0,-2.4959729
700000.0,-4.9068365
800000.0,-6.5522146
900000.0,-6.103327
1000000.0,-9.893382
