steps,returns
1000000,307.6172
2000000,125.0
3000000,292.77344
4000000,266.01562
5000000,287.89062
6000000,325.0
7000000,319.14062
8000000,172.07031
9000000,331.0547
10000000,237.5
