steps,returns
10000,-281.9922
20000,-314.14062
30000,-307.1328
40000,-309.46094
50000,-305.0703
60000,-328.22656
70000,-338.15625
80000,-307.2578
90000,-331.53906
100000,-335.26562
