steps,returns
5000,60.414062
10000,91.46875
15000,12.0078125
20000,78.94531
25000,126.46094
30000,22.257812
35000,45.4375
40000,106.49219
45000,158.82812
50000,500.0
