steps,returns
100000.0,281.37915
200000.0,850.4618
300000.0,777.91187
400000.0,763.59766
500000.0,779.29205
600000.0,777.11
700000.0,1097.7795
800000.0,1155.4185
900000.0,1153.5535
1000000.0,1158.8223
