steps,returns
100000.0,655.8704
200000.0,68.77796
300000.0,-541.81824
400000.0,-773.0558
500000.0,-2117.0034
600000.0,-2562.9597
700000.0,-3583.864
800000.0,-1345.9155
900000.0,-3346.0664
1000000.0,-15250.717
