steps,returns
5000,225.375
10000,13.734375
15000,71.39844
20000,11.8046875
25000,78.74219
30000,43.523438
35000,102.625
40000,17.78125
45000,127.109375
50000,12.53125
