steps,returns
1000000,666.21094
2000000,599.21875
3000000,317.1875
4000000,888.08594
5000000,812.3047
6000000,954.8828
7000000,1977.3438
8000000,2885.1562
9000000,3433.0078
10000000,2664.8438
