steps,returns
100000.0,-33.416676
200000.0,-275.17407
300000.0,-534.0794
400000.0,-1930.5043
500000.0,-3228.8271
600000.0,-6135.789
700000.0,-9441.273
800000.0,-15548.054
900000.0,-20125.344
1000000.0,-32164.504
