steps,returns
5000,18.679688
10000,174.47656
15000,185.82031
20000,131.49219
25000,113.34375
30000,128.20312
35000,141.67188
40000,500.0
45000,303.6953
50000,500.0
