steps,returns
1000000,39.21875
2000000,51.40625
3000000,17.96875
4000000,18.4375
5000000,30.78125
6000000,29.53125
7000000,29.53125
8000000,39.53125
9000000,17.96875
10000000,17.34375
