steps,returns
10000,82.015625
20000,75.52344
30000,70.69531
40000,74.265625
50000,77.515625
60000,86.8125
70000,98.21094
80000,98.92969
90000,108.5
100000,103.296875
