steps,returns
100000.0,911.49274
200000.0,1180.1735
300000.0,955.46826
400000.0,-11.006822
500000.0,-7603.4297
600000.0,-41559.867
700000.0,-71888.34
800000.0,-82220.32
900000.0,-83187.266
1000000.0,-82263.984
