steps,returns
5000,249.78906
10000,60.125
15000,9.59375
20000,9.4921875
25000,36.984375
30000,22.34375
35000,21.007812
40000,221.05469
45000,145.49219
50000,143.10938
