steps,returns
100000.0,1016.588
200000.0,1021.9878
300000.0,1022.18286
400000.0,1016.6123
500000.0,1018.09436
600000.0,1018.52
700000.0,1018.106
800000.0,1018.5302
900000.0,1019.7612
1000000.0,1017.7795
