steps,returns
100000.0,1035.7444
200000.0,889.552
300000.0,674.49255
400000.0,468.77673
500000.0,-91.97675
600000.0,-415.48718
700000.0,-1796.7433
800000.0,-3522.0525
900000.0,-6619.3633
1000000.0,-9433.4375
