steps,returns
5000,120.80469
10000,206.26562
15000,270.0
20000,364.64844
25000,448.08594
30000,492.9297
35000,499.90625
40000,500.0
45000,500.0
50000,500.0
