steps,returns
100000.0,1031.8796
200000.0,1032.302
300000.0,1032.021
400000.0,1031.1384
500000.0,1034.6774
600000.0,999.43054
700000.0,995.10254
800000.0,693.5626
900000.0,1197.372
1000000.0,1235.0298
