steps,returns
1000000,150.0
2000000,125.0
3000000,250.0
4000000,293.16406
5000000,241.40625
6000000,207.03125
7000000,267.1875
8000000,166.40625
9000000,226.17188
10000000,387.5
