steps,returns
1000000,17.5
2000000,17.5
3000000,263.4375
4000000,16.875
5000000,17.1875
6000000,195.07812
7000000,17.34375
8000000,123.75
9000000,19.84375
10000000,1753.5156
