steps,returns
5000,9.4609375
10000,20.015625
15000,9.3984375
20000,500.0
25000,15.1640625
30000,113.109375
35000,123.53906
40000,111.625
45000,188.125
50000,126.859375
