steps,returns
1000000,-18.0
2000000,-18.078125
3000000,-17.765625
4000000,-18.046875
5000000,-17.625
6000000,-18.125
7000000,-18.140625
8000000,-17.484375
9000000,-18.0
10000000,-17.765625
