steps,returns
100000.0,626.8165
200000.0,753.54834
300000.0,817.97314
400000.0,654.89197
500000.0,591.8882
600000.0,687.5969
700000.0,569.042
800000.0,623.8154
900000.0,782.55133
1000000.0,888.14624
