steps,returns
5000,59.351562
10000,48.773438
15000,40.515625
20000,20.226562
25000,15.09375
30000,15.0390625
35000,28.601562
40000,15.8125
45000,9.296875
50000,12.671875
