steps,returns
100000.0,221.11868
200000.0,950.78235
300000.0,-596.4845
400000.0,-13959.4795
500000.0,-28301.055
600000.0,-35317.39
700000.0,-40890.875
800000.0,-39159.58
900000.0,-37116.836
1000000.0,-35689.992
