steps,returns
100000.0,-486.82376
200000.0,-423.93854
300000.0,-403.3279
400000.0,-408.5284
500000.0,-368.2422
600000.0,-411.5337
700000.0,-379.98532
800000.0,-399.4312
900000.0,-363.88004
1000000.0,-383.89456
