steps,returns
5000,9.265625
10000,9.3671875
15000,9.25
20000,9.28125
25000,9.328125
30000,9.2421875
35000,9.25
40000,9.40625
45000,9.28125
50000,9.359375
