steps,returns
100000.0,1024.5076
200000.0,1015.51135
300000.0,1011.5669
400000.0,998.82654
500000.0,971.8723
600000.0,937.9668
700000.0,895.90466
800000.0,839.4043
900000.0,758.3867
1000000.0,674.7578
