steps,returns
100000.0,40.21865
200000.0,499.96704
300000.0,397.9819
400000.0,371.96667
500000.0,390.67474
600000.0,385.3752
700000.0,374.74042
800000.0,360.39273
900000.0,354.69513
1000000.0,347.7992
