steps,returns
1000000,-17.0625
2000000,-18.09375
3000000,-17.953125
4000000,-17.71875
5000000,-17.640625
6000000,-17.859375
7000000,-18.140625
8000000,-17.859375
9000000,-18.0
10000000,-18.421875
