steps,returns
10000,-165.1875
20000,-207.59375
30000,-155.89844
40000,-182.98438
50000,-204.46094
60000,-190.30469
70000,-208.875
80000,-236.07812
90000,-216.17188
100000,-210.85938
