steps,returns
5000,38.554688
10000,29.898438
15000,51.664062
20000,112.00781
25000,255.99219
30000,166.41406
35000,276.7422
40000,191.09375
45000,206.19531
50000,168.01562
