steps,returns
10000,130.89062
20000,173.97656
30000,195.36719
40000,125.546875
50000,293.5625
60000,273.71875
70000,180.11719
80000,479.39844
90000,191.15625
100000,48.523438
