steps,returns
1000000,-18.21875
2000000,-17.828125
3000000,-17.734375
4000000,-17.9375
5000000,-18.171875
6000000,-18.203125
7000000,-17.828125
8000000,-17.28125
9000000,-18.3125
10000000,-17.6875
