steps,returns
10000,352.0078
20000,422.2422
30000,268.71094
40000,258.53125
50000,416.5625
60000,221.88281
70000,500.0
80000,500.0
90000,500.0
100000,207.11719
