steps,returns
1000000,-18.671875
2000000,-17.671875
3000000,-17.421875
4000000,-17.90625
5000000,-17.765625
6000000,-18.5625
7000000,-17.875
8000000,-18.140625
9000000,-18.140625
10000000,-17.953125
