steps,returns
100000.0,1013.0166
200000.0,1033.1376
300000.0,941.5495
400000.0,717.3537
500000.0,718.8063
600000.0,533.30237
700000.0,186.81981
800000.0,145.87238
900000.0,22.231565
1000000.0,18.758308
