steps,returns
1000000,-16.78125
2000000,-16.90625
3000000,-18.015625
4000000,-18.515625
5000000,-17.5
6000000,-17.671875
7000000,-18.453125
8000000,-18.015625
9000000,-18.34375
10000000,-18.515625
