steps,returns
10000,-442.07812
20000,-472.60156
30000,-470.60156
40000,-476.77344
50000,-470.60938
60000,-461.58594
70000,-461.375
80000,-463.52344
90000,-467.6172
100000,-462.9297
