steps,returns
1000000,-18.09375
2000000,-17.65625
3000000,-18.21875
4000000,-18.1875
5000000,-18.328125
6000000,-17.734375
7000000,-17.984375
8000000,-18.03125
9000000,-18.171875
10000000,-17.921875
