steps,returns
1000000,-17.984375
2000000,-17.546875
3000000,-17.640625
4000000,-17.75
5000000,-18.3125
6000000,-18.34375
7000000,-17.109375
8000000,-18.03125
9000000,-17.796875
10000000,-18.203125
