steps,returns
10000,156.9375
20000,466.64844
30000,217.47656
40000,124.078125
50000,242.36719
60000,223.16406
70000,103.546875
80000,500.0
90000,163.04688
100000,290.60938
