steps,returns
1000000,-18.1875
2000000,-18.171875
3000000,-17.578125
4000000,-18.03125
5000000,-18.359375
6000000,-17.71875
7000000,-17.703125
8000000,-17.46875
9000000,-17.859375
10000000,-17.71875
