steps,returns
100000.0,-0.8031623
200000.0,0.5873449
300000.0,51.808662
400000.0,99.11635
500000.0,-212.3556
600000.0,-110.44063
700000.0,-126.72977
800000.0,-114.51294
900000.0,-139.12064
1000000.0,-142.52036
