steps,returns
1000000,43.4375
2000000,231.875
3000000,25.15625
4000000,466.79688
5000000,230.46875
6000000,269.375
7000000,802.2656
8000000,620.0781
9000000,91.09375
10000000,1282.0312
