steps,returns
100000.0,712.0153
200000.0,654.60803
300000.0,648.63586
400000.0,721.86475
500000.0,768.2805
600000.0,947.12866
700000.0,918.12213
800000.0,907.89453
900000.0,902.6631
1000000.0,887.8433
