steps,returns
100000.0,848.22876
200000.0,922.03723
300000.0,921.09973
400000.0,833.08923
500000.0,951.0426
600000.0,969.1578
700000.0,2140.7505
800000.0,2284.794
900000.0,1647.4285
1000000.0,1710.1917
