steps,returns
1000000,-18.0
2000000,-18.125
3000000,-17.71875
4000000,-18.375
5000000,-18.15625
6000000,-18.265625
7000000,-17.0625
8000000,-18.1875
9000000,-17.421875
10000000,-17.78125
