steps,returns
10000,36.445312
20000,65.34375
30000,103.05469
40000,166.59375
50000,186.86719
60000,224.08594
70000,490.4297
80000,500.0
90000,500.0
100000,464.22656
