steps,returns
10000,138.67188
20000,137.15625
30000,424.15625
40000,462.03125
50000,378.9922
60000,401.46094
70000,415.5625
80000,435.53906
90000,446.77344
100000,444.60938
