steps,returns
1000000,160.15625
2000000,328.4375
3000000,420.07812
4000000,693.59375
5000000,339.84375
6000000,834.2969
7000000,861.875
8000000,1156.7969
9000000,2999.2188
10000000,3384.4531
