steps,returns
100000,-200.0
200000,-200.0
300000,-200.0
400000,-200.0
500000,-200.0
600000,-160.78906
700000,-200.0
800000,-200.0
900000,-144.33594
1000000,-200.0
