steps,returns
1000000,-1.28125
2000000,-1.328125
3000000,-1.34375
4000000,-1.390625
5000000,-1.203125
6000000,-1.359375
7000000,-1.375
8000000,-1.40625
9000000,-1.265625
10000000,-1.421875
