steps,returns
12000,-200.0
24000,-200.0
36000,-200.0
48000,-200.0
60000,-199.14062
72000,-168.82812
84000,-124.46875
96000,-136.32031
108000,-200.0
120000,-164.51562
