steps,returns
10000,137.14062
20000,188.79688
30000,190.88281
40000,263.5625
50000,188.64844
60000,468.21094
70000,499.34375
80000,500.0
90000,160.71875
100000,500.0
