steps,returns
100000.0,995.33875
200000.0,841.4825
300000.0,388.51746
400000.0,-52.397545
500000.0,-848.90234
600000.0,-2480.1985
700000.0,-5237.1406
800000.0,-7244.2227
900000.0,-13241.639
1000000.0,-18564.445
