steps,returns
100000.0,1009.576
200000.0,951.9927
300000.0,777.0398
400000.0,553.4708
500000.0,370.06268
600000.0,21.51044
700000.0,-337.26587
800000.0,-924.048
900000.0,-1415.8662
1000000.0,-1949.762
