steps,returns
10000,180.28125
20000,326.75
30000,455.08594
40000,478.53125
50000,190.35156
60000,500.0
70000,500.0
80000,500.0
90000,297.5
100000,466.9922
