steps,returns
1000000,-17.609375
2000000,-18.0
3000000,-17.9375
4000000,-17.96875
5000000,-17.828125
6000000,-17.5625
7000000,-18.34375
8000000,-17.734375
9000000,-17.828125
10000000,-18.125
