steps,returns
10000,122.703125
20000,232.34375
30000,424.21094
40000,500.0
50000,500.0
60000,500.0
70000,500.0
80000,500.0
90000,500.0
100000,500.0
