steps,returns
10000,492.0547
20000,500.0
30000,456.3203
40000,500.0
50000,500.0
60000,222.94531
70000,500.0
80000,210.92969
90000,140.8125
100000,500.0
