steps,returns
100000.0,517.717
200000.0,493.96277
300000.0,532.5383
400000.0,756.69916
500000.0,1067.077
600000.0,1192.0139
700000.0,1272.1477
800000.0,1218.0228
900000.0,1363.781
1000000.0,1414.617
