steps,returns
10000,92.234375
20000,104.74219
30000,92.35156
40000,95.89844
50000,94.078125
60000,100.46875
70000,107.5
80000,100.734375
90000,101.64844
100000,99.28125
