steps,returns
5000,9.28125
10000,9.34375
15000,9.2109375
20000,9.328125
25000,9.46875
30000,9.4765625
35000,9.40625
40000,9.3515625
45000,9.40625
50000,9.25
