steps,returns
100000.0,542.0288
200000.0,410.37073
300000.0,-113.94976
400000.0,-238.53194
500000.0,-300.14783
600000.0,-486.27753
700000.0,-1263.4346
800000.0,-2262.192
900000.0,-3158.3096
1000000.0,-4020.875
