steps,returns
100000.0,475.00092
200000.0,507.89307
300000.0,524.85535
400000.0,518.3775
500000.0,492.25366
600000.0,512.65594
700000.0,551.685
800000.0,554.39215
900000.0,580.3031
1000000.0,516.1856
