steps,returns
1000000,-16.46875
2000000,-16.5625
3000000,-16.25
4000000,-17.15625
5000000,-16.71875
6000000,-16.359375
7000000,-16.328125
8000000,-15.4375
9000000,-16.84375
10000000,-16.484375
