steps,returns
1000000,482.26562
2000000,271.875
3000000,247.34375
4000000,1456.4062
5000000,950.15625
6000000,1085.7031
7000000,1324.5312
8000000,1240.4688
9000000,1028.75
10000000,581.3281
