steps,returns
1000000,72.8125
2000000,26.875
3000000,225.46875
4000000,88.28125
5000000,142.1875
6000000,16.5625
7000000,119.0625
8000000,23.59375
9000000,287.5
10000000,22.03125
