steps,returns
10000,150.11719
20000,438.02344
30000,486.0547
40000,500.0
50000,498.20312
60000,500.0
70000,492.39062
80000,498.9922
90000,500.0
100000,500.0
