steps,returns
100000.0,-633.5636
200000.0,-1138.4324
300000.0,-1529.6724
400000.0,-665.5811
500000.0,-1196.6251
600000.0,-711.82434
700000.0,-1028.2932
800000.0,-791.0097
900000.0,-494.32474
1000000.0,-412.319
