steps,returns
1000000,-17.625
2000000,-17.296875
3000000,-17.75
4000000,-18.109375
5000000,-18.21875
6000000,-18.578125
7000000,-17.9375
8000000,-17.75
9000000,-17.125
10000000,-18.6875
