steps,returns
10000,169.21094
20000,403.4922
30000,386.39062
40000,500.0
50000,500.0
60000,500.0
70000,500.0
80000,500.0
90000,500.0
100000,500.0
