steps,returns
1000000,125.0
2000000,250.0
3000000,150.0
4000000,150.0
5000000,250.0
6000000,300.39062
7000000,557.22656
8000000,484.1797
9000000,1032.0312
10000000,447.85156
