steps,returns
10000,209.94531
20000,172.70312
30000,178.67188
40000,240.24219
50000,499.60938
60000,499.35938
70000,264.89844
80000,500.0
90000,498.28906
100000,496.1172
