steps,returns
100000.0,-1498.766
200000.0,-137.19623
300000.0,-742.3381
400000.0,-857.78235
500000.0,-2040.4528
600000.0,-2188.648
700000.0,-2780.4258
800000.0,-3391.896
900000.0,-4515.344
1000000.0,-3100.2485
