steps,returns
5000,9.5234375
10000,9.5234375
15000,9.5859375
20000,9.640625
25000,9.5625
30000,9.609375
35000,9.6171875
40000,9.4765625
45000,9.4140625
50000,9.5546875
