steps,returns
10000,84.90625
20000,108.99219
30000,113.859375
40000,257.375
50000,196.19531
60000,59.976562
70000,115.28125
80000,39.21875
90000,49.210938
100000,368.5547
