steps,returns
5000,9.0625
10000,9.1640625
15000,9.328125
20000,9.34375
25000,9.234375
30000,9.4765625
35000,9.2421875
40000,9.296875
45000,9.3203125
50000,9.390625
