steps,returns
10000,67.88281
20000,78.02344
30000,102.984375
40000,115.85156
50000,112.15625
60000,121.08594
70000,113.4375
80000,124.44531
90000,106.82031
100000,101.8125
