steps,returns
1000000,50.78125
2000000,17.03125
3000000,17.34375
4000000,18.125
5000000,51.40625
6000000,39.0625
7000000,37.5
8000000,29.53125
9000000,41.25
10000000,17.8125
