steps,returns
10000,142.35938
20000,291.97656
30000,491.41406
40000,496.46875
50000,354.6953
60000,500.0
70000,443.22656
80000,500.0
90000,500.0
100000,500.0
