steps,returns
100000.0,435.42212
200000.0,293.13898
300000.0,294.24985
400000.0,433.85782
500000.0,410.3424
600000.0,339.28033
700000.0,805.88556
800000.0,320.11194
900000.0,243.44159
1000000.0,242.16556
