steps,returns
100000.0,-169.17932
200000.0,-416.2802
300000.0,175.62703
400000.0,128.35132
500000.0,532.51013
600000.0,516.65814
700000.0,626.2143
800000.0,642.16846
900000.0,581.80426
1000000.0,475.3348
