steps,returns
100000.0,20.968817
200000.0,75.52802
300000.0,-360.7685
400000.0,-379.9265
500000.0,-635.7728
600000.0,-1287.2031
700000.0,-1296.0603
800000.0,-1737.5548
900000.0,-1880.6257
1000000.0,-1943.7317
