steps,returns
1000000,-17.5625
2000000,-17.734375
3000000,-17.921875
4000000,-18.046875
5000000,-18.421875
6000000,-17.78125
7000000,-18.296875
8000000,-17.421875
9000000,-17.8125
10000000,-18.515625
