steps,returns
10000,169.94531
20000,255.25781
30000,388.48438
40000,453.71875
50000,454.53906
60000,457.78906
70000,445.73438
80000,462.1797
90000,490.8672
100000,500.0
