steps,returns
10000,261.67188
20000,287.90625
30000,500.0
40000,500.0
50000,500.0
60000,251.92969
70000,500.0
80000,500.0
90000,500.0
100000,500.0
