steps,returns
1000000,136.5625
2000000,499.53125
3000000,280.07812
4000000,221.40625
5000000,150.0
6000000,506.32812
7000000,1395.0
8000000,1408.3594
9000000,2355.0781
10000000,1155.7031
