steps,returns
10000,95.40625
20000,161.73438
30000,219.33594
40000,164.14844
50000,324.28906
60000,238.23438
70000,500.0
80000,500.0
90000,500.0
100000,500.0
