steps,returns
10000,-422.10156
20000,-419.5703
30000,-432.84375
40000,-300.82812
50000,-194.0
60000,-210.59375
70000,-264.92188
80000,-277.53125
90000,-256.90625
100000,-326.4297
