steps,returns
100000.0,948.43976
200000.0,634.9614
300000.0,238.66202
400000.0,-458.15796
500000.0,-409.7
600000.0,-376.5958
700000.0,-776.9076
800000.0,-394.9898
900000.0,-604.1636
1000000.0,-526.66
