steps,returns
1000000,-17.84375
2000000,-17.828125
3000000,-17.84375
4000000,-18.640625
5000000,-17.859375
6000000,-17.96875
7000000,-17.34375
8000000,-18.03125
9000000,-18.328125
10000000,-18.25
