steps,returns
100000.0,-4.2678814
200000.0,-86.492905
300000.0,-379.88043
400000.0,-1248.4591
500000.0,-913.63293
600000.0,-982.9585
700000.0,-591.21436
800000.0,-673.1764
900000.0,-686.2251
1000000.0,-820.694
