steps,returns
100000.0,478.16113
200000.0,-386.38043
300000.0,-1763.9727
400000.0,-2334.3428
500000.0,-1396.8977
600000.0,-1793.918
700000.0,-4505.3022
800000.0,-5277.9463
900000.0,-5651.3438
1000000.0,-6572.366
