steps,returns
10000,500.0
20000,500.0
30000,455.35156
40000,263.92188
50000,500.0
60000,500.0
70000,500.0
80000,500.0
90000,500.0
100000,500.0
