steps,returns
10000,85.9375
20000,105.33594
30000,82.921875
40000,80.28125
50000,81.58594
60000,77.015625
70000,76.90625
80000,69.78906
90000,67.078125
100000,63.34375
