steps,returns
10000,-284.6328
20000,-283.32812
30000,-343.25
40000,-348.85156
50000,-367.91406
60000,-452.27344
70000,-470.9375
80000,-498.03906
90000,-500.0
100000,-500.0
