steps,returns
10000,163.52344
20000,59.335938
30000,53.5625
40000,46.054688
50000,53.632812
60000,115.39844
70000,130.13281
80000,147.5
90000,198.03125
100000,220.24219
