steps,returns
10000,499.9297
20000,270.8828
30000,86.890625
40000,10.3984375
50000,9.3671875
60000,9.4140625
70000,9.4140625
80000,9.3828125
90000,9.3828125
100000,9.3203125
