steps,returns
1000000,411.32812
2000000,872.46094
3000000,568.5547
4000000,653.71094
5000000,3121.875
6000000,1572.6562
7000000,4393.5547
8000000,1930.4688
9000000,832.22656
10000000,819.1406
