steps,returns
1000000,766.40625
2000000,407.8125
3000000,1649.6094
4000000,1665.0391
5000000,822.65625
6000000,575.1953
7000000,1660.9375
8000000,683.59375
9000000,439.2578
10000000,3301.7578
