steps,returns
100000.0,1007.08246
200000.0,1040.8295
300000.0,1023.53613
400000.0,1032.3928
500000.0,1036.513
600000.0,1066.2286
700000.0,1160.693
800000.0,1343.7778
900000.0,1249.4979
1000000.0,589.269
