steps,returns
100000.0,641.73254
200000.0,703.894
300000.0,950.93585
400000.0,930.7587
500000.0,879.50555
600000.0,881.3091
700000.0,896.6835
800000.0,893.2658
900000.0,854.0831
1000000.0,823.96155
