steps,returns
10000,-348.3203
20000,-493.9297
30000,-500.0
40000,-496.1328
50000,-421.41406
60000,-500.0
70000,-500.0
80000,-500.0
90000,-367.10156
100000,-500.0
