steps,returns
10000,137.64844
20000,165.32031
30000,284.29688
40000,402.10938
50000,430.91406
60000,409.64844
70000,438.08594
80000,455.42188
90000,456.6875
100000,442.5
