steps,returns
100000.0,908.92194
200000.0,838.21045
300000.0,751.54584
400000.0,745.3675
500000.0,731.35864
600000.0,684.1965
700000.0,724.505
800000.0,719.52075
900000.0,741.40924
1000000.0,699.506
