steps,returns
10000,153.76562
20000,438.1875
30000,189.3125
40000,296.875
50000,500.0
60000,493.04688
70000,500.0
80000,500.0
90000,82.32031
100000,183.71094
