steps,returns
1000000,-18.21875
2000000,-18.046875
3000000,-18.234375
4000000,-17.53125
5000000,-17.765625
6000000,-18.03125
7000000,-18.171875
8000000,-17.8125
9000000,-17.625
10000000,-18.1875
