steps,returns
100000.0,548.06946
200000.0,584.2065
300000.0,552.9687
400000.0,558.6743
500000.0,572.5469
600000.0,575.0309
700000.0,544.14905
800000.0,648.4193
900000.0,1126.6412
1000000.0,1388.0046
