steps,returns
100000.0,0.1131314
200000.0,0.8179833
300000.0,823.5423
400000.0,126.53599
500000.0,-219.55145
600000.0,-113.88977
700000.0,-197.33987
800000.0,-543.9264
900000.0,-711.36237
1000000.0,-554.4453
