steps,returns
100000.0,791.21765
200000.0,914.0995
300000.0,921.52637
400000.0,899.63586
500000.0,820.4758
600000.0,748.5321
700000.0,656.4021
800000.0,1063.8606
900000.0,1268.5491
1000000.0,1482.1805
