steps,returns
10000,90.859375
20000,166.66406
30000,217.14844
40000,363.6953
50000,389.29688
60000,434.70312
70000,445.14062
80000,450.64062
90000,455.25
100000,426.6172
