steps,returns
5000,103.52344
10000,180.36719
15000,267.65625
20000,135.03906
25000,116.828125
30000,145.10156
35000,133.375
40000,152.65625
45000,500.0
50000,191.07031
