steps,returns
1000000,-18.4375
2000000,-17.734375
3000000,-17.65625
4000000,-18.15625
5000000,-17.8125
6000000,-17.875
7000000,-18.546875
8000000,-18.25
9000000,-18.234375
10000000,-17.953125
