steps,returns
10000,-287.29688
20000,-307.125
30000,-305.78906
40000,-350.23438
50000,-437.45312
60000,-487.0547
70000,-500.0
80000,-500.0
90000,-500.0
100000,-500.0
