steps,returns
1000000,-17.765625
2000000,-18.28125
3000000,-17.71875
4000000,-18.328125
5000000,-18.234375
6000000,-18.1875
7000000,-17.71875
8000000,-18.0625
9000000,-18.15625
10000000,-17.78125
