steps,returns
1000000,150.0
2000000,150.0
3000000,150.0
4000000,125.0
5000000,125.0
6000000,150.0
7000000,231.05469
8000000,288.8672
9000000,237.69531
10000000,269.53125
