steps,returns
1000000,111.25
2000000,17.5
3000000,107.1875
4000000,469.84375
5000000,288.90625
6000000,20.9375
7000000,718.28125
8000000,643.6719
9000000,1964.2969
10000000,1242.9688
