{"config": {"hp_config.clip_eps": 0.10443837804741735, "hp_config.ent_coef": 0.08065475894249813, "hp_config.gae_lambda": 0.9305563542605332, "hp_config.learning_rate": 1.846962223200756e-05, "hp_config.max_grad_norm": 0.4663107728563063, "hp_config.minibatch_size": 32, "hp_config.normalize_advantage": true, "hp_config.vf_clip_eps": 0.05518757058215257, "hp_config.vf_coef": 0.6563295894652734}, "score": -1446.589599609375, "budget_used": 13, "total_wallclock_time": -196.62477374076843, "total_optimization_time": 0.06354284286499023}
{"config": {"hp_config.clip_eps": 0.10443837804741735, "hp_config.ent_coef": 0.08065475894249813, "hp_config.gae_lambda": 0.9305563542605332, "hp_config.learning_rate": 1.846962223200756e-05, "hp_config.max_grad_norm": 0.4663107728563063, "hp_config.minibatch_size": 32, "hp_config.normalize_advantage": true, "hp_config.vf_clip_eps": 0.05518757058215257, "hp_config.vf_coef": 0.6563295894652734}, "score": -1446.589599609375, "budget_used": 26, "total_wallclock_time": -355.6823556423187, "total_optimization_time": 0.10540318489074707}
{"config": {"hp_config.clip_eps": 0.43109575871084166, "hp_config.ent_coef": 0.48645974451156515, "hp_config.gae_lambda": 0.9920708481467937, "hp_config.learning_rate": 0.034101815161325245, "hp_config.max_grad_norm": 0.7740473326986388, "hp_config.minibatch_size": 32, "hp_config.normalize_advantage": true, "hp_config.vf_clip_eps": 0.20362058570690367, "hp_config.vf_coef": 0.23223414217094274}, "score": NaN, "budget_used": 39, "total_wallclock_time": -502.38789463043213, "total_optimization_time": 0.10852718353271484}
{"config": {"hp_config.clip_eps": 0.43109575871084166, "hp_config.ent_coef": 0.48645974451156515, "hp_config.gae_lambda": 0.9920708481467937, "hp_config.learning_rate": 0.034101815161325245, "hp_config.max_grad_norm": 0.7740473326986388, "hp_config.minibatch_size": 32, "hp_config.normalize_advantage": true, "hp_config.vf_clip_eps": 0.20362058570690367, "hp_config.vf_coef": 0.23223414217094274}, "score": NaN, "budget_used": 52, "total_wallclock_time": -676.6350886821747, "total_optimization_time": 0.12130904197692871}
{"config": {"hp_config.clip_eps": 0.43109575871084166, "hp_config.ent_coef": 0.48645974451156515, "hp_config.gae_lambda": 0.9920708481467937, "hp_config.learning_rate": 0.034101815161325245, "hp_config.max_grad_norm": 0.7740473326986388, "hp_config.minibatch_size": 32, "hp_config.normalize_advantage": true, "hp_config.vf_clip_eps": 0.20362058570690367, "hp_config.vf_coef": 0.23223414217094274}, "score": NaN, "budget_used": 65, "total_wallclock_time": -812.3778169155121, "total_optimization_time": 0.12832260131835938}
{"config": {"hp_config.clip_eps": 0.43109575871084166, "hp_config.ent_coef": 0.48645974451156515, "hp_config.gae_lambda": 0.9920708481467937, "hp_config.learning_rate": 0.034101815161325245, "hp_config.max_grad_norm": 0.7740473326986388, "hp_config.minibatch_size": 32, "hp_config.normalize_advantage": true, "hp_config.vf_clip_eps": 0.20362058570690367, "hp_config.vf_coef": 0.23223414217094274}, "score": NaN, "budget_used": 78, "total_wallclock_time": -975.6023426055908, "total_optimization_time": 0.1385350227355957}
{"config": {"hp_config.clip_eps": 0.43109575871084166, "hp_config.ent_coef": 0.48645974451156515, "hp_config.gae_lambda": 0.9920708481467937, "hp_config.learning_rate": 0.034101815161325245, "hp_config.max_grad_norm": 0.7740473326986388, "hp_config.minibatch_size": 32, "hp_config.normalize_advantage": true, "hp_config.vf_clip_eps": 0.20362058570690367, "hp_config.vf_coef": 0.23223414217094274}, "score": NaN, "budget_used": 91, "total_wallclock_time": -1111.5631430149078, "total_optimization_time": 0.2977793216705322}
{"config": {"hp_config.clip_eps": 0.43109575871084166, "hp_config.ent_coef": 0.48645974451156515, "hp_config.gae_lambda": 0.9920708481467937, "hp_config.learning_rate": 0.034101815161325245, "hp_config.max_grad_norm": 0.7740473326986388, "hp_config.minibatch_size": 32, "hp_config.normalize_advantage": true, "hp_config.vf_clip_eps": 0.20362058570690367, "hp_config.vf_coef": 0.23223414217094274}, "score": NaN, "budget_used": 104, "total_wallclock_time": -1249.5381138324738, "total_optimization_time": 0.30136871337890625}
{"config": {"hp_config.clip_eps": 0.43109575871084166, "hp_config.ent_coef": 0.48645974451156515, "hp_config.gae_lambda": 0.9920708481467937, "hp_config.learning_rate": 0.034101815161325245, "hp_config.max_grad_norm": 0.7740473326986388, "hp_config.minibatch_size": 32, "hp_config.normalize_advantage": true, "hp_config.vf_clip_eps": 0.20362058570690367, "hp_config.vf_coef": 0.23223414217094274}, "score": NaN, "budget_used": 117, "total_wallclock_time": -1467.2829654216766, "total_optimization_time": 0.3048374652862549}
{"config": {"hp_config.clip_eps": 0.43109575871084166, "hp_config.ent_coef": 0.48645974451156515, "hp_config.gae_lambda": 0.9920708481467937, "hp_config.learning_rate": 0.034101815161325245, "hp_config.max_grad_norm": 0.7740473326986388, "hp_config.minibatch_size": 32, "hp_config.normalize_advantage": true, "hp_config.vf_clip_eps": 0.20362058570690367, "hp_config.vf_coef": 0.23223414217094274}, "score": NaN, "budget_used": 130, "total_wallclock_time": -1663.599608182907, "total_optimization_time": 0.30816149711608887}
{"config": {"hp_config.clip_eps": 0.43109575871084166, "hp_config.ent_coef": 0.48645974451156515, "hp_config.gae_lambda": 0.9920708481467937, "hp_config.learning_rate": 0.034101815161325245, "hp_config.max_grad_norm": 0.7740473326986388, "hp_config.minibatch_size": 32, "hp_config.normalize_advantage": true, "hp_config.vf_clip_eps": 0.20362058570690367, "hp_config.vf_coef": 0.23223414217094274}, "score": NaN, "budget_used": 143, "total_wallclock_time": -1799.3748533725739, "total_optimization_time": 0.3117179870605469}
