steps,returns
1000000,-17.765625
2000000,-17.875
3000000,-17.4375
4000000,-18.546875
5000000,-17.96875
6000000,-17.75
7000000,-18.0625
8000000,-17.359375
9000000,-18.234375
10000000,-17.765625
