steps,returns
10000,253.75781
20000,500.0
30000,140.29688
40000,132.54688
50000,500.0
60000,278.40625
70000,494.57812
80000,500.0
90000,500.0
100000,500.0
