steps,returns
10000,243.02344
20000,258.25
30000,361.26562
40000,500.0
50000,240.03125
60000,207.89062
70000,500.0
80000,99.49219
90000,500.0
100000,500.0
