steps,returns
5000,219.19531
10000,40.171875
15000,281.8203
20000,327.3828
25000,116.61719
30000,114.27344
35000,472.42188
40000,218.00781
45000,104.50781
50000,472.32812
