steps,returns
10000,90.41406
20000,97.58594
30000,91.328125
40000,98.421875
50000,98.21875
60000,104.57031
70000,110.765625
80000,110.96094
90000,107.69531
100000,112.296875
