steps,returns
100000.0,1023.0465
200000.0,1018.8866
300000.0,1017.6658
400000.0,1010.85333
500000.0,1008.8331
600000.0,1000.01904
700000.0,981.75195
800000.0,944.36084
900000.0,896.4359
1000000.0,851.59735
