steps,returns
100000.0,251.73135
200000.0,709.3628
300000.0,696.1637
400000.0,745.1006
500000.0,685.6542
600000.0,195.46687
700000.0,636.79736
800000.0,1232.3701
900000.0,200.78958
1000000.0,-6224.038
