steps,returns
10000,59.484375
20000,59.65625
30000,67.109375
40000,53.046875
50000,47.382812
60000,40.570312
70000,34.210938
80000,38.21875
90000,51.15625
100000,118.015625
