steps,returns
5000,38.476562
10000,282.4453
15000,118.11719
20000,105.1875
25000,118.015625
30000,118.03906
35000,165.05469
40000,154.73438
45000,285.3203
50000,265.01562
