steps,returns
10000,70.75
20000,83.484375
30000,89.78906
40000,88.42969
50000,101.11719
60000,98.6875
70000,99.00781
80000,108.859375
90000,112.84375
100000,117.46094
