steps,returns
100000.0,1001.7772
200000.0,866.2388
300000.0,910.1542
400000.0,695.2631
500000.0,680.85144
600000.0,657.1248
700000.0,641.74
800000.0,640.9497
900000.0,517.3482
1000000.0,475.64816
