steps,returns
100000.0,806.95636
200000.0,621.51276
300000.0,560.32336
400000.0,532.7916
500000.0,551.0383
600000.0,545.0112
700000.0,610.2034
800000.0,909.0845
900000.0,1034.3411
1000000.0,1145.5616
