steps,returns
10000,62.367188
20000,50.171875
30000,71.44531
40000,174.67969
50000,144.17969
60000,236.04688
70000,445.3203
80000,230.125
90000,157.4375
100000,183.21875
