steps,returns
10000,128.48438
20000,117.33594
30000,120.42969
40000,121.765625
50000,164.44531
60000,187.26562
70000,238.97656
80000,259.39062
90000,250.66406
100000,264.0703
