steps,returns
5000,9.3125
10000,9.2890625
15000,9.3671875
20000,9.234375
25000,9.453125
30000,9.2734375
35000,9.2890625
40000,9.375
45000,9.21875
50000,9.2421875
