steps,returns
10000,500.0
20000,500.0
30000,500.0
40000,500.0
50000,500.0
60000,500.0
70000,401.8125
80000,166.60156
90000,372.58594
100000,500.0
