steps,returns
10000,145.24219
20000,263.1953
30000,500.0
40000,500.0
50000,500.0
60000,500.0
70000,410.89844
80000,500.0
90000,500.0
100000,380.6875
