steps,returns
100000.0,698.89795
200000.0,696.5891
300000.0,593.8827
400000.0,540.37317
500000.0,591.5199
600000.0,722.4514
700000.0,800.46594
800000.0,931.02234
900000.0,1008.64154
1000000.0,1074.445
