steps,returns
1000000,125.0
2000000,250.0
3000000,150.0
4000000,267.57812
5000000,217.77344
6000000,300.0
7000000,287.89062
8000000,237.89062
9000000,452.73438
10000000,524.21875
