steps,returns
5000,9.2734375
10000,9.2421875
15000,9.21875
20000,9.234375
25000,9.3203125
30000,9.359375
35000,9.3046875
40000,9.359375
45000,9.2578125
50000,9.265625
