steps,returns
5000,9.140625
10000,9.3671875
15000,9.34375
20000,41.421875
25000,78.13281
30000,64.875
35000,107.234375
40000,66.57031
45000,62.367188
50000,23.34375
