steps,returns
10000,108.1875
20000,142.10156
30000,499.51562
40000,359.9922
50000,147.13281
60000,335.83594
70000,500.0
80000,499.3125
90000,500.0
100000,500.0
