steps,returns
5000,41.726562
10000,11.1640625
15000,54.070312
20000,9.3125
25000,23.195312
30000,27.609375
35000,80.890625
40000,116.80469
45000,83.33594
50000,72.99219
