steps,returns
1000000,75.0
2000000,525.1953
3000000,639.4531
4000000,815.03906
5000000,3358.789
6000000,488.47656
7000000,2413.2812
8000000,3164.4531
9000000,3994.5312
10000000,5261.328
