steps,returns
1000000,62.1875
2000000,145.0
3000000,17.03125
4000000,330.15625
5000000,258.125
6000000,414.84375
7000000,435.78125
8000000,353.28125
9000000,680.625
10000000,57.96875
