steps,returns
1000000,150.0
2000000,230.85938
3000000,125.0
4000000,274.8047
5000000,217.38281
6000000,398.2422
7000000,508.39844
8000000,697.2656
9000000,507.03125
10000000,674.6094
