steps,returns
5000,38.492188
10000,159.50781
15000,118.83594
20000,124.80469
25000,500.0
30000,108.53125
35000,103.32031
40000,117.640625
45000,105.71094
50000,120.671875
