steps,returns
100000.0,741.6006
200000.0,800.70087
300000.0,878.29626
400000.0,1357.446
500000.0,1870.7654
600000.0,596.5245
700000.0,-1026.7305
800000.0,-694.4614
900000.0,-1741.553
1000000.0,259.75427
