steps,returns
10000,354.9297
20000,374.07812
30000,323.7422
40000,237.72656
50000,358.27344
60000,240.35156
70000,388.35938
80000,389.21875
90000,323.3125
100000,327.04688
