steps,returns
100000.0,704.19543
200000.0,264.2425
300000.0,-1023.52136
400000.0,-6339.858
500000.0,-12474.03
600000.0,-17183.898
700000.0,-14524.969
800000.0,-13422.0625
900000.0,-13085.296
1000000.0,-12689.682
