steps,returns
5000,8.9296875
10000,9.171875
15000,9.2421875
20000,9.46875
25000,9.3203125
30000,9.359375
35000,9.3046875
40000,9.40625
45000,9.375
50000,9.3671875
