steps,returns
100000.0,889.0373
200000.0,771.14484
300000.0,756.9624
400000.0,1206.854
500000.0,2230.8726
600000.0,1119.8442
700000.0,941.8871
800000.0,688.8306
900000.0,437.4986
1000000.0,-148.72133
