steps,returns
1000000,17.34375
2000000,38.90625
3000000,47.5
4000000,45.9375
5000000,15.625
6000000,17.65625
7000000,28.59375
8000000,17.65625
9000000,17.65625
10000000,17.96875
