steps,returns
100000.0,1024.2585
200000.0,1026.5217
300000.0,1015.84265
400000.0,989.8917
500000.0,927.21875
600000.0,830.5267
700000.0,695.6948
800000.0,644.8447
900000.0,542.1924
1000000.0,494.62106
