steps,returns
100000.0,1002.39514
200000.0,1008.0626
300000.0,1028.4319
400000.0,1016.5695
500000.0,1023.2358
600000.0,1017.5897
700000.0,1011.42004
800000.0,1006.862
900000.0,999.704
1000000.0,988.5118
