steps,returns
10000,91.94531
20000,104.08594
30000,124.66406
40000,129.82812
50000,146.33594
60000,137.4375
70000,150.90625
80000,153.75
90000,129.4375
100000,147.58594
