steps,returns
1000000,150.0
2000000,300.0
3000000,230.07812
4000000,125.0
5000000,283.59375
6000000,276.95312
7000000,227.73438
8000000,214.25781
9000000,406.0547
10000000,432.03125
