steps,returns
1000000,-17.984375
2000000,-17.90625
3000000,-18.390625
4000000,-17.359375
5000000,-17.90625
6000000,-17.890625
7000000,-17.96875
8000000,-18.15625
9000000,-17.609375
10000000,-17.78125
