steps,returns
100000.0,351.9049
200000.0,452.67548
300000.0,606.95844
400000.0,915.01135
500000.0,1119.1279
600000.0,852.4722
700000.0,1201.6533
800000.0,1239.6084
900000.0,1262.6382
1000000.0,1341.3102
