steps,returns
100000.0,30.975674
200000.0,152.82043
300000.0,12.119486
400000.0,-66.51974
500000.0,-123.70066
600000.0,-266.16177
700000.0,-595.78595
800000.0,-728.40405
900000.0,-883.1483
1000000.0,-1032.3987
