steps,returns
1000000,227.34375
2000000,764.0625
3000000,764.2578
4000000,666.21094
5000000,575.0
6000000,2322.6562
7000000,1569.7266
8000000,4510.742
9000000,4337.3047
10000000,3334.375
