steps,returns
5000,16.492188
10000,16.273438
15000,14.359375
20000,12.8828125
25000,9.984375
30000,8.90625
35000,8.921875
40000,8.890625
45000,8.9453125
50000,8.9140625
