steps,returns
1000000,-17.578125
2000000,-17.8125
3000000,-17.8125
4000000,-18.125
5000000,-17.703125
6000000,-18.015625
7000000,-17.734375
8000000,-18.359375
9000000,-17.28125
10000000,-17.78125
