steps,returns
10000,171.0
20000,178.59375
30000,111.375
40000,127.17969
50000,500.0
60000,500.0
70000,114.046875
80000,500.0
90000,500.0
100000,492.60156
