steps,returns
10000,157.92969
20000,180.96094
30000,262.1875
40000,415.92188
50000,497.1875
60000,500.0
70000,500.0
80000,500.0
90000,500.0
100000,500.0
