steps,returns
5000,59.320312
10000,60.539062
15000,65.90625
20000,59.4375
25000,63.40625
30000,61.03125
35000,59.703125
40000,52.867188
45000,49.039062
50000,45.632812
