steps,returns
10000,79.91406
20000,117.546875
30000,205.625
40000,167.21875
50000,79.109375
60000,123.984375
70000,17.65625
80000,460.8125
90000,148.1875
100000,47.03125
