steps,returns
1000000,593.75
2000000,756.83594
3000000,749.41406
4000000,556.4453
5000000,771.4844
6000000,4191.0156
7000000,3293.3594
8000000,2949.6094
9000000,4140.625
10000000,4457.617
