steps,returns
10000,500.0
20000,275.64062
30000,221.96875
40000,275.14844
50000,96.640625
60000,500.0
70000,188.22656
80000,447.98438
90000,252.09375
100000,338.8203
