steps,returns
100000.0,-486.2157
200000.0,-455.85822
300000.0,-529.4003
400000.0,-514.62573
500000.0,-530.6245
600000.0,-526.4771
700000.0,-487.8651
800000.0,-493.28033
900000.0,-480.7488
1000000.0,-512.14185
