steps,returns
1000000,1052.3438
2000000,349.6875
3000000,135.9375
4000000,120.78125
5000000,1132.4219
6000000,201.25
7000000,364.6875
8000000,121.09375
9000000,212.8125
10000000,128.75
