steps,returns
1000000,65.234375
2000000,202.34375
3000000,173.82812
4000000,325.0
5000000,225.0
6000000,325.0
7000000,184.57031
8000000,226.36719
9000000,150.0
10000000,125.0
