steps,returns
1000000,17.65625
2000000,306.25
3000000,261.40625
4000000,286.40625
5000000,50.46875
6000000,71.25
7000000,598.59375
8000000,419.53125
9000000,583.9844
10000000,686.25
