steps,returns
5000,41.539062
10000,52.523438
15000,55.75
20000,56.765625
25000,56.015625
30000,53.46875
35000,53.53125
40000,49.382812
45000,49.125
50000,49.53125
