steps,returns
1000000,119.72656
2000000,888.47656
3000000,598.2422
4000000,2051.9531
5000000,1850.1953
6000000,863.8672
7000000,2776.1719
8000000,2038.4766
9000000,2358.5938
10000000,1409.9609
