steps,returns
5000,65.890625
10000,65.84375
15000,62.882812
20000,60.671875
25000,45.632812
30000,45.101562
35000,33.914062
40000,20.6875
45000,17.382812
50000,19.578125
