steps,returns
100000.0,0.02657605
200000.0,0.67794997
300000.0,1.7529956
400000.0,17.864162
500000.0,718.00525
600000.0,41.808304
700000.0,4.520288
800000.0,62.004986
900000.0,91.66298
1000000.0,180.74936
