steps,returns
100000.0,600.58923
200000.0,517.2356
300000.0,511.2341
400000.0,507.24213
500000.0,493.06094
600000.0,496.87262
700000.0,498.41785
800000.0,501.10767
900000.0,508.97775
1000000.0,522.4181
