steps,returns
1000000,1671.4844
2000000,1877.8906
3000000,1800.7812
4000000,473.59375
5000000,1380.2344
6000000,34.375
7000000,0.0
8000000,388.59375
9000000,1016.09375
10000000,1655.3125
