steps,returns
1000000,1190.0
2000000,937.34375
3000000,1721.6406
4000000,1665.7812
5000000,0.0
6000000,0.0
7000000,1576.6406
8000000,711.71875
9000000,1533.2812
10000000,2570.0
