steps,returns
100000.0,20.56926
200000.0,-151.3063
300000.0,-163.39009
400000.0,180.41977
500000.0,2.6437454
600000.0,50.685966
700000.0,-24.821678
800000.0,-87.998505
900000.0,-498.8492
1000000.0,-735.3367
