steps,returns
5000,82.859375
10000,94.97656
15000,103.05469
20000,120.890625
25000,140.25781
30000,153.35938
35000,161.125
40000,180.17188
45000,196.07031
50000,211.0
