steps,returns
10000,147.78906
20000,199.6875
30000,163.88281
40000,248.05469
50000,464.70312
60000,500.0
70000,500.0
80000,500.0
90000,500.0
100000,500.0
