steps,returns
1000000,-18.015625
2000000,-18.140625
3000000,-18.25
4000000,-17.84375
5000000,-17.546875
6000000,-18.40625
7000000,-17.9375
8000000,-17.71875
9000000,-18.140625
10000000,-18.015625
