steps,returns
100000.0,1470.5352
200000.0,1433.5269
300000.0,2013.0491
400000.0,1596.7168
500000.0,1043.7109
600000.0,691.0337
700000.0,614.80426
800000.0,644.3833
900000.0,517.09155
1000000.0,369.7264
