steps,returns
10000,103.203125
20000,105.6875
30000,99.47656
40000,104.75781
50000,98.28125
60000,103.03906
70000,98.50781
80000,103.1875
90000,109.94531
100000,109.71875
