steps,returns
1000000,-18.140625
2000000,-17.71875
3000000,-17.796875
4000000,-17.96875
5000000,-17.5
6000000,-17.53125
7000000,-18.578125
8000000,-18.015625
9000000,-18.078125
10000000,-18.0
