steps,returns
100000.0,466.6088
200000.0,450.93884
300000.0,447.62485
400000.0,511.37878
500000.0,909.7134
600000.0,974.10803
700000.0,808.899
800000.0,677.07214
900000.0,1140.2803
1000000.0,962.57544
