steps,returns
1000000,-17.9375
2000000,-17.5
3000000,-17.9375
4000000,-18.328125
5000000,-18.125
6000000,-18.109375
7000000,-17.640625
8000000,-18.359375
9000000,-17.78125
10000000,-17.75
