steps,returns
100000.0,667.2522
200000.0,734.48505
300000.0,729.2607
400000.0,696.51
500000.0,622.4187
600000.0,698.8368
700000.0,753.6078
800000.0,775.87994
900000.0,835.3669
1000000.0,863.18604
