steps,returns
1000000,1300.625
2000000,321.71875
3000000,292.34375
4000000,18.4375
5000000,182.5
6000000,104.6875
7000000,105.15625
8000000,234.375
9000000,326.40625
10000000,17.03125
