steps,returns
100000.0,23.827366
200000.0,-295.55493
300000.0,-414.17264
400000.0,-1471.832
500000.0,-1707.9604
600000.0,-1546.5646
700000.0,-1024.1665
800000.0,-847.1017
900000.0,-888.51843
1000000.0,-899.58923
