steps,returns
100000.0,849.4789
200000.0,247.96368
300000.0,-64.422356
400000.0,-934.4813
500000.0,-1239.6017
600000.0,-3116.0889
700000.0,-3348.3071
800000.0,-4629.1426
900000.0,-6052.9717
1000000.0,-5706.52
