steps,returns
100000.0,35.369415
200000.0,33.19606
300000.0,36.08346
400000.0,33.42772
500000.0,33.586662
600000.0,34.675644
700000.0,34.105217
800000.0,33.092663
900000.0,33.76011
1000000.0,35.6456
