steps,returns
1000000,28.90625
2000000,16.71875
3000000,17.5
4000000,17.96875
5000000,29.375
6000000,17.65625
7000000,28.59375
8000000,17.65625
9000000,17.65625
10000000,17.96875
