steps,returns
5000,9.1640625
10000,9.3203125
15000,9.2890625
20000,9.3671875
25000,9.3984375
30000,9.3203125
35000,9.265625
40000,9.2734375
45000,9.3515625
50000,9.234375
