steps,returns
1000000,247.1875
2000000,393.82812
3000000,42.1875
4000000,419.14062
5000000,812.65625
6000000,674.375
7000000,331.71875
8000000,354.92188
9000000,1133.8281
10000000,1760.3125
