steps,returns
100000.0,901.6467
200000.0,706.2962
300000.0,796.2187
400000.0,682.3991
500000.0,654.97424
600000.0,524.45245
700000.0,431.00336
800000.0,518.96063
900000.0,747.7179
1000000.0,851.18604
