steps,returns
100000.0,799.0572
200000.0,676.64526
300000.0,689.34595
400000.0,696.8749
500000.0,665.2899
600000.0,693.9474
700000.0,759.38806
800000.0,738.8913
900000.0,778.3779
1000000.0,807.34753
