steps,returns
100000.0,592.6899
200000.0,857.9566
300000.0,503.5976
400000.0,502.7575
500000.0,486.59662
600000.0,533.77026
700000.0,520.9268
800000.0,621.50195
900000.0,921.25366
1000000.0,1164.5344
