steps,returns
10000,416.1875
20000,457.89844
30000,435.23438
40000,433.5625
50000,419.14844
60000,413.70312
70000,446.5547
80000,437.47656
90000,500.0
100000,496.64062
