steps,returns
5000,9.28125
10000,19.265625
15000,81.39844
20000,35.8125
25000,49.273438
30000,130.89062
35000,244.50781
40000,166.26562
45000,137.74219
50000,149.3125
