steps,returns
1000000,409.1797
2000000,250.0
3000000,480.07812
4000000,452.34375
5000000,520.1172
6000000,350.0
7000000,405.85938
8000000,137.69531
9000000,400.0
10000000,477.34375
