steps,returns
100000.0,1010.45184
200000.0,1025.8988
300000.0,1015.15533
400000.0,999.5289
500000.0,977.00354
600000.0,946.7187
700000.0,884.94543
800000.0,791.71606
900000.0,673.01666
1000000.0,549.0235
