steps,returns
100000.0,1018.25494
200000.0,985.83044
300000.0,920.9098
400000.0,783.90027
500000.0,733.6361
600000.0,589.3165
700000.0,563.9764
800000.0,519.9376
900000.0,554.7069
1000000.0,635.4019
