steps,returns
10000,455.97656
20000,500.0
30000,193.98438
40000,375.125
50000,500.0
60000,247.40625
70000,401.54688
80000,500.0
90000,154.42188
100000,500.0
