steps,returns
10000,-500.0
20000,-500.0
30000,-500.0
40000,-113.74219
50000,-134.63281
60000,-123.109375
70000,-98.25
80000,-127.25
90000,-161.76562
100000,-500.0
