steps,returns
100000.0,651.9655
200000.0,578.37164
300000.0,453.6731
400000.0,239.5931
500000.0,16.6996
600000.0,-141.37015
700000.0,-153.4166
800000.0,-228.86662
900000.0,-225.73773
1000000.0,-170.72675
