steps,returns
10000,98.03906
20000,102.625
30000,108.75
40000,129.49219
50000,138.16406
60000,186.6875
70000,245.23438
80000,477.79688
90000,493.70312
100000,498.9297
