steps,returns
100000.0,-0.0119197145
200000.0,1.1223912
300000.0,38.73381
400000.0,21.644043
500000.0,-29.759348
600000.0,-98.32037
700000.0,-359.24008
800000.0,-177.51123
900000.0,-258.27936
1000000.0,-610.04596
