steps,returns
1000000,48.28125
2000000,27.96875
3000000,27.8125
4000000,17.8125
5000000,46.71875
6000000,30.46875
7000000,17.5
8000000,48.59375
9000000,52.34375
10000000,17.65625
