steps,returns
1000000,-18.21875
2000000,-18.203125
3000000,-17.90625
4000000,-18.046875
5000000,-17.75
6000000,-18.328125
7000000,-17.21875
8000000,-18.40625
9000000,-17.78125
10000000,-18.015625
