steps,returns
1000000,1084.2188
2000000,675.5469
3000000,542.4219
4000000,1002.4219
5000000,440.46875
6000000,826.7969
7000000,73.28125
8000000,877.5
9000000,231.40625
10000000,163.125
