steps,returns
10000,318.6797
20000,297.16406
30000,334.53125
40000,407.45312
50000,391.7578
60000,410.8047
70000,444.66406
80000,467.08594
90000,500.0
100000,500.0
