steps,returns
100000.0,1018.50464
200000.0,1022.0061
300000.0,1021.70496
400000.0,1011.7059
500000.0,1008.364
600000.0,997.2508
700000.0,983.49347
800000.0,958.9
900000.0,936.2578
1000000.0,902.45593
