steps,returns
5000,9.046875
10000,8.96875
15000,9.0625
20000,9.3828125
25000,9.3203125
30000,9.2734375
35000,9.375
40000,9.40625
45000,9.640625
50000,13.90625
