steps,returns
1000000,208.00781
2000000,312.89062
3000000,575.0
4000000,650.0
5000000,413.08594
6000000,713.28125
7000000,625.0
8000000,296.875
9000000,391.40625
10000000,561.91406
