steps,returns
1000000,556.83594
2000000,786.52344
3000000,611.52344
4000000,818.75
5000000,3291.6016
6000000,4381.4453
7000000,7098.828
8000000,11700.0
9000000,14313.281
10000000,8975.781
