steps,returns
10000,209.70312
20000,151.21094
30000,298.60938
40000,285.10938
50000,342.1328
60000,267.85938
70000,203.59375
80000,422.8203
90000,498.96875
100000,500.0
