steps,returns
5000,49.492188
10000,77.234375
15000,9.65625
20000,50.25
25000,17.882812
30000,116.24219
35000,42.78125
40000,112.10156
45000,112.515625
50000,80.609375
