steps,returns
1000000,125.0
2000000,275.0
3000000,285.54688
4000000,379.8828
5000000,358.59375
6000000,547.46094
7000000,629.8828
8000000,575.1953
9000000,531.83594
10000000,657.6172
