steps,returns
10000,98.22656
20000,114.75781
30000,126.796875
40000,133.96094
50000,119.265625
60000,129.80469
70000,137.91406
80000,137.11719
90000,139.19531
100000,145.40625
