steps,returns
1000000,38.75
2000000,16.71875
3000000,16.71875
4000000,17.8125
5000000,46.71875
6000000,16.71875
7000000,30.625
8000000,48.59375
9000000,28.125
10000000,28.28125
