steps,returns
5000,36.726562
10000,44.398438
15000,50.257812
20000,52.234375
25000,51.414062
30000,51.984375
35000,52.085938
40000,54.476562
45000,54.382812
50000,52.039062
