steps,returns
1000000,-17.328125
2000000,-17.046875
3000000,-17.53125
4000000,-18.078125
5000000,-17.578125
6000000,-17.484375
7000000,-17.84375
8000000,-17.671875
9000000,-17.640625
10000000,-17.5625
