steps,returns
1000000,150.0
2000000,150.0
3000000,250.0
4000000,258.39844
5000000,300.0
6000000,250.0
7000000,255.85938
8000000,249.60938
9000000,349.8047
10000000,372.65625
