steps,returns
1000000,50.0
2000000,408.67188
3000000,20.78125
4000000,307.89062
5000000,371.5625
6000000,688.4375
7000000,1091.25
8000000,937.65625
9000000,1558.5156
10000000,2265.0
