steps,returns
100000.0,126.483376
200000.0,59.562233
300000.0,51.060616
400000.0,49.710167
500000.0,50.440247
600000.0,50.529057
700000.0,49.95746
800000.0,49.95993
900000.0,50.089592
1000000.0,49.977425
