steps,returns
1000000,125.0
2000000,278.51562
3000000,416.21094
4000000,418.16406
5000000,399.02344
6000000,314.0625
7000000,631.25
8000000,612.1094
9000000,298.04688
10000000,462.89062
