steps,returns
10000,-500.0
20000,-98.55469
30000,-500.0
40000,-139.11719
50000,-110.6875
60000,-173.75
70000,-500.0
80000,-500.0
90000,-500.0
100000,-500.0
