steps,returns
10000,129.64062
20000,138.14062
30000,110.30469
40000,76.359375
50000,94.453125
60000,103.02344
70000,121.921875
80000,146.14062
90000,155.69531
100000,177.44531
