steps,returns
1000000,-18.125
2000000,-18.140625
3000000,-17.703125
4000000,-18.28125
5000000,-17.703125
6000000,-18.015625
7000000,-17.578125
8000000,-16.953125
9000000,-16.953125
10000000,-16.953125
