steps,returns
100000.0,20.777603
200000.0,21.059917
300000.0,20.796814
400000.0,21.05017
500000.0,20.909048
600000.0,21.051222
700000.0,20.90735
800000.0,20.70934
900000.0,20.969452
1000000.0,21.021423
