steps,returns
100000.0,-781.10583
200000.0,-804.6713
300000.0,-807.66327
400000.0,
500000.0,
600000.0,
700000.0,
800000.0,
900000.0,
1000000.0,
