steps,returns
10000,370.71094
20000,77.71875
30000,18.632812
40000,67.19531
50000,68.57031
60000,172.25
70000,24.039062
80000,76.52344
90000,363.90625
100000,334.10156
