steps,returns
5000,10.6328125
10000,23.703125
15000,20.476562
20000,31.484375
25000,14.328125
30000,55.515625
35000,107.109375
40000,102.953125
45000,124.60156
50000,236.90625
