steps,returns
1000000,-17.640625
2000000,-17.78125
3000000,-18.453125
4000000,-17.921875
5000000,-17.640625
6000000,-16.90625
7000000,-17.125
8000000,-16.328125
9000000,-17.34375
10000000,-16.890625
