steps,returns
100000.0,16.132423
200000.0,16.231005
300000.0,16.258152
400000.0,16.290195
500000.0,16.29794
600000.0,16.301968
700000.0,16.30447
800000.0,16.29394
900000.0,16.297844
1000000.0,16.330097
