steps,returns
10000,473.5078
20000,500.0
30000,468.25
40000,265.51562
50000,500.0
60000,444.95312
70000,174.69531
80000,500.0
90000,500.0
100000,500.0
