steps,returns
10000,-221.77344
20000,-388.78125
30000,-500.0
40000,-140.4375
50000,-500.0
60000,-500.0
70000,-500.0
80000,-500.0
90000,-500.0
100000,-436.98438
