steps,returns
1000000,-18.109375
2000000,-18.25
3000000,-18.34375
4000000,-18.0
5000000,-17.34375
6000000,-17.984375
7000000,-18.25
8000000,-18.09375
9000000,-17.703125
10000000,-17.453125
