steps,returns
5000,10.3125
10000,9.3828125
15000,84.0625
20000,47.695312
25000,98.609375
30000,288.03906
35000,212.61719
40000,115.359375
45000,121.71875
50000,96.96094
