steps,returns
10000,-423.8047
20000,-437.3203
30000,-455.53125
40000,-472.14844
50000,-461.8203
60000,-442.2422
70000,-456.1875
80000,-457.96094
90000,-435.1797
100000,-456.2422
