steps,returns
1000000,176.25
2000000,17.34375
3000000,285.625
4000000,90.625
5000000,459.60938
6000000,196.40625
7000000,132.34375
8000000,394.375
9000000,126.875
10000000,269.60938
