steps,returns
5000,49.601562
10000,54.6875
15000,56.085938
20000,56.273438
25000,59.140625
30000,57.945312
35000,52.734375
40000,50.0
45000,50.429688
50000,43.65625
