steps,returns
100000.0,296.88092
200000.0,283.3462
300000.0,277.72064
400000.0,273.5232
500000.0,273.0079
600000.0,272.42816
700000.0,272.38455
800000.0,272.92188
900000.0,273.12775
1000000.0,273.79178
