steps,returns
100000.0,1417.3853
200000.0,1270.7831
300000.0,1009.4845
400000.0,1035.3215
500000.0,895.50696
600000.0,868.5493
700000.0,797.0879
800000.0,773.36316
900000.0,754.06396
1000000.0,665.55096
