steps,returns
1000000,125.0
2000000,150.0
3000000,150.0
4000000,291.21094
5000000,243.94531
6000000,125.0
7000000,300.0
8000000,268.75
9000000,125.0
10000000,308.20312
