steps,returns
100000.0,21.891941
200000.0,22.093472
300000.0,21.97821
400000.0,22.10976
500000.0,22.237856
600000.0,22.221949
700000.0,22.057903
800000.0,21.93699
900000.0,22.126762
1000000.0,21.925472
