steps,returns
1000000,181.44531
2000000,300.0
3000000,554.8828
4000000,331.0547
5000000,565.4297
6000000,484.375
7000000,500.0
8000000,668.16406
9000000,537.1094
10000000,560.5469
