steps,returns
100000.0,794.6937
200000.0,383.88483
300000.0,646.6926
400000.0,725.42053
500000.0,171.58572
600000.0,-1887.554
700000.0,-1640.0798
800000.0,-3848.4043
900000.0,-3444.899
1000000.0,-4892.3467
