steps,returns
100000.0,91.47385
200000.0,92.333336
300000.0,92.50496
400000.0,91.46727
500000.0,90.82759
600000.0,90.52425
700000.0,90.981834
800000.0,91.06966
900000.0,90.51024
1000000.0,91.61017
