steps,returns
10000,-146.77344
20000,-147.96094
30000,-148.98438
40000,-142.83594
50000,-145.22656
60000,-146.5
70000,-150.39062
80000,-150.96875
90000,-172.17969
100000,-212.25781
