steps,returns
100000.0,705.8242
200000.0,798.5084
300000.0,1001.4337
400000.0,1363.5718
500000.0,1263.9193
600000.0,1154.999
700000.0,990.8123
800000.0,781.11414
900000.0,595.89355
1000000.0,460.07056
