steps,returns
10000,71.03906
20000,275.7578
30000,307.07812
40000,441.54688
50000,454.53125
60000,469.1328
70000,409.73438
80000,319.23438
90000,413.35156
100000,392.90625
