steps,returns
5000,12.625
10000,12.5
15000,22.585938
20000,16.71875
25000,44.226562
30000,91.71094
35000,96.38281
40000,132.92969
45000,121.57031
50000,111.921875
