steps,returns
10000,84.24219
20000,369.46094
30000,394.1953
40000,234.86719
50000,163.25781
60000,154.39844
70000,167.04688
80000,146.91406
90000,500.0
100000,499.47656
