steps,returns
5000,9.2578125
10000,9.375
15000,9.296875
20000,9.3125
25000,9.2734375
30000,9.359375
35000,9.34375
40000,9.390625
45000,9.34375
50000,9.4453125
