steps,returns
5000,9.5703125
10000,9.4453125
15000,9.3203125
20000,9.3828125
25000,9.4921875
30000,9.3984375
35000,9.3046875
40000,9.3203125
45000,9.375
50000,9.34375
