steps,returns
100000.0,-1.578919
200000.0,-1.6764627
300000.0,-2.1297724
400000.0,-3.8044183
500000.0,-6.7030687
600000.0,-15.783978
700000.0,62.96696
800000.0,127.413765
900000.0,-78.14798
1000000.0,-126.23957
