steps,returns
1000000,-17.671875
2000000,-17.6875
3000000,-17.859375
4000000,-17.765625
5000000,-18.140625
6000000,-17.84375
7000000,-18.53125
8000000,-18.359375
9000000,-17.890625
10000000,-17.9375
