steps,returns
10000,-164.32031
20000,-189.53125
30000,-196.71094
40000,-204.46094
50000,-211.50781
60000,-230.72656
70000,-259.03125
80000,-281.9297
90000,-312.79688
100000,-329.23438
