steps,returns
10000,146.50781
20000,132.22656
30000,9.4296875
40000,9.234375
50000,9.3359375
60000,9.3203125
70000,9.2734375
80000,9.421875
90000,9.53125
100000,9.296875
