steps,returns
5000,9.0859375
10000,9.078125
15000,8.9140625
20000,8.9609375
25000,9.015625
30000,9.046875
35000,9.09375
40000,9.015625
45000,9.015625
50000,9.171875
