steps,returns
10000,199.32031
20000,217.91406
30000,327.67188
40000,253.19531
50000,79.63281
60000,500.0
70000,351.53125
80000,500.0
90000,154.42188
100000,500.0
