steps,returns
100000,-200.0
200000,-200.0
300000,-200.0
400000,-200.0
500000,-200.0
600000,-183.05469
700000,-112.34375
800000,-108.5625
900000,-114.78906
1000000,-114.67969
