steps,returns
1000000,562.3047
2000000,491.01562
3000000,366.21094
4000000,456.64062
5000000,589.2578
6000000,705.46875
7000000,721.875
8000000,713.28125
9000000,595.89844
10000000,475.0
