steps,returns
100000.0,878.1674
200000.0,782.4182
300000.0,550.87463
400000.0,344.66333
500000.0,-76.53341
600000.0,-167.00461
700000.0,-214.57956
800000.0,-2741.258
900000.0,-7437.4434
1000000.0,-11555.998
