steps,returns
5000,73.515625
10000,76.16406
15000,80.49219
20000,86.5625
25000,90.34375
30000,95.94531
35000,99.0625
40000,98.88281
45000,104.97656
50000,108.734375
