steps,returns
1000000,17.8125
2000000,95.3125
3000000,58.4375
4000000,93.59375
5000000,125.3125
6000000,141.71875
7000000,282.8125
8000000,315.625
9000000,58.28125
10000000,165.3125
