steps,returns
1000000,533.9844
2000000,492.96875
3000000,628.125
4000000,437.10938
5000000,640.625
6000000,1649.6094
7000000,724.41406
8000000,694.1406
9000000,536.3281
10000000,1508.2031
