steps,returns
1000000,-18.109375
2000000,-18.28125
3000000,-17.9375
4000000,-18.375
5000000,-17.765625
6000000,-17.1875
7000000,-18.03125
8000000,-17.875
9000000,-18.25
10000000,-17.875
