steps,returns
100000.0,568.1744
200000.0,756.26624
300000.0,739.5371
400000.0,1618.5463
500000.0,940.52057
600000.0,1359.8934
700000.0,1210.5828
800000.0,1268.5898
900000.0,1227.8302
1000000.0,608.3361
