steps,returns
5000,9.5625
10000,9.4609375
15000,9.3671875
20000,9.4140625
25000,9.40625
30000,9.3984375
35000,9.28125
40000,9.296875
45000,9.3671875
50000,9.484375
