steps,returns
100000.0,957.96484
200000.0,741.15515
300000.0,378.16483
400000.0,84.10364
500000.0,-527.10925
600000.0,-874.3937
700000.0,-549.63684
800000.0,-2083.0466
900000.0,-3163.581
1000000.0,-3636.8594
