steps,returns
100000.0,666.08527
200000.0,213.70882
300000.0,389.7789
400000.0,587.7272
500000.0,690.6972
600000.0,687.8693
700000.0,688.14685
800000.0,686.6708
900000.0,692.9057
1000000.0,717.57227
