steps,returns
1000000,-18.203125
2000000,-17.0625
3000000,-18.078125
4000000,-17.765625
5000000,-17.34375
6000000,-18.0625
7000000,-17.765625
8000000,-18.234375
9000000,-18.25
10000000,-18.46875
