steps,returns
100000.0,939.1909
200000.0,481.24213
300000.0,492.3803
400000.0,317.635
500000.0,254.95177
600000.0,145.49973
700000.0,-221.75113
800000.0,-628.58936
900000.0,-1790.4861
1000000.0,-1421.6571
