steps,returns
10000,72.03906
20000,78.49219
30000,86.46875
40000,98.953125
50000,113.24219
60000,110.1875
70000,105.94531
80000,102.15625
90000,115.71094
100000,124.03906
