steps,returns
100000.0,912.22705
200000.0,739.8711
300000.0,228.69708
400000.0,-278.54712
500000.0,-660.2816
600000.0,-2074.2427
700000.0,-2907.0913
800000.0,-3647.9326
900000.0,-8220.716
1000000.0,-12184.715
