steps,returns
100000.0,521.9432
200000.0,521.60565
300000.0,529.31134
400000.0,568.0121
500000.0,568.3796
600000.0,
700000.0,
800000.0,
900000.0,
1000000.0,
