steps,returns
5000,9.0703125
10000,9.1328125
15000,9.296875
20000,9.3671875
25000,9.2421875
30000,9.3828125
35000,9.3984375
40000,9.328125
45000,9.234375
50000,9.265625
