steps,returns
1000000,18.4375
2000000,72.8125
3000000,426.40625
4000000,280.15625
5000000,320.15625
6000000,31.71875
7000000,135.625
8000000,624.0625
9000000,950.0
10000000,930.3125
