steps,returns
5000,34.265625
10000,42.164062
15000,50.15625
20000,48.601562
25000,51.507812
30000,53.414062
35000,54.539062
40000,52.539062
45000,53.140625
50000,52.28125
