steps,returns
10000,158.25
20000,92.546875
30000,9.2734375
40000,159.04688
50000,392.2422
60000,146.83594
70000,183.71875
80000,137.78906
90000,429.71094
100000,26.695312
