steps,returns
1000000,-18.34375
2000000,-17.875
3000000,-18.0
4000000,-17.8125
5000000,-17.46875
6000000,-17.46875
7000000,-18.34375
8000000,-17.90625
9000000,-17.734375
10000000,-18.171875
