steps,returns
100000.0,1006.9862
200000.0,946.2556
300000.0,803.916
400000.0,632.7521
500000.0,553.7379
600000.0,442.49503
700000.0,472.91605
800000.0,492.33154
900000.0,441.25845
1000000.0,499.71725
