steps,returns
5000,9.3359375
10000,9.3828125
15000,9.4609375
20000,9.34375
25000,9.421875
30000,11.25
35000,16.539062
40000,21.726562
45000,17.09375
50000,116.015625
