steps,returns
5000,21.492188
10000,14.6015625
15000,27.742188
20000,9.3125
25000,22.96875
30000,39.851562
35000,40.5
40000,86.89844
45000,100.578125
50000,285.6953
