steps,returns
10000,191.35156
20000,453.4453
30000,312.6797
40000,438.75
50000,500.0
60000,500.0
70000,500.0
80000,287.09375
90000,500.0
100000,500.0
