steps,returns
10000,92.125
20000,93.10156
30000,100.47656
40000,106.24219
50000,127.046875
60000,121.27344
70000,121.671875
80000,135.25781
90000,138.60156
100000,140.16406
