steps,returns
10000,500.0
20000,500.0
30000,500.0
40000,500.0
50000,176.21875
60000,178.85156
70000,204.47656
80000,396.0
90000,169.5
100000,500.0
