steps,returns
1000000,125.0
2000000,307.03125
3000000,757.6172
4000000,201.5625
5000000,378.125
6000000,647.65625
7000000,681.6406
8000000,682.4219
9000000,624.02344
10000000,935.15625
