steps,returns
1000000,-18.609375
2000000,-17.234375
3000000,-19.125
4000000,-17.40625
5000000,-17.796875
6000000,-17.265625
7000000,-17.265625
8000000,-18.109375
9000000,-18.03125
10000000,-18.296875
