steps,returns
5000,76.921875
10000,82.9375
15000,88.02344
20000,95.90625
25000,102.1875
30000,110.78125
35000,118.109375
40000,127.24219
45000,131.71875
50000,137.28906
