steps,returns
1000000,31.40625
2000000,84.6875
3000000,45.3125
4000000,254.84375
5000000,29.0625
6000000,186.875
7000000,172.96875
8000000,84.6875
9000000,45.15625
10000000,147.03125
