steps,returns
100000.0,802.2562
200000.0,482.99844
300000.0,220.5307
400000.0,369.81793
500000.0,-658.9844
600000.0,-861.16077
700000.0,-1497.0316
800000.0,-4100.6436
900000.0,-7368.5063
1000000.0,-9268.395
