steps,returns
10000,151.96875
20000,169.86719
30000,153.33594
40000,324.1328
50000,500.0
60000,265.15625
70000,101.46875
80000,468.32812
90000,500.0
100000,201.11719
