steps,returns
5000,9.2890625
10000,12.75
15000,34.867188
20000,94.9375
25000,15.1875
30000,24.140625
35000,54.851562
40000,95.75781
45000,120.09375
50000,122.609375
