steps,returns
1000000,275.0
2000000,606.83594
3000000,524.6094
4000000,656.4453
5000000,451.95312
6000000,756.6406
7000000,742.5781
8000000,591.40625
9000000,468.35938
10000000,499.02344
