steps,returns
1000000,234.0625
2000000,578.59375
3000000,77.03125
4000000,622.2656
5000000,52.8125
6000000,341.17188
7000000,124.375
8000000,356.09375
9000000,354.0625
10000000,22.5
