steps,returns
100000.0,-0.34509027
200000.0,1.4937502
300000.0,650.4902
400000.0,39.749706
500000.0,27.49167
600000.0,197.5704
700000.0,-219.48889
800000.0,-262.2353
900000.0,-266.08768
1000000.0,-262.13647
