steps,returns
100000.0,597.18274
200000.0,-610.0268
300000.0,-427.91052
400000.0,-530.5491
500000.0,-1054.5
600000.0,-1373.3123
700000.0,-2593.251
800000.0,-3311.1973
900000.0,-6979.35
1000000.0,-4210.8413
