steps,returns
1000000,200.0
2000000,513.28125
3000000,668.16406
4000000,674.21875
5000000,903.5156
6000000,776.5625
7000000,904.2969
8000000,925.97656
9000000,2257.8125
10000000,3102.1484
