steps,returns
100000.0,46.561996
200000.0,61.197083
300000.0,55.743923
400000.0,53.91646
500000.0,40.54872
600000.0,47.318306
700000.0,47.18522
800000.0,45.233498
900000.0,37.03489
1000000.0,41.677956
