steps,returns
100000.0,650.18604
200000.0,617.0343
300000.0,618.1664
400000.0,643.42474
500000.0,801.0283
600000.0,732.6433
700000.0,732.2692
800000.0,765.52246
900000.0,735.14557
1000000.0,588.38586
