steps,returns
1000000,-17.46875
2000000,-18.0625
3000000,-17.6875
4000000,-18.265625
5000000,-17.71875
6000000,-17.765625
7000000,-17.8125
8000000,-18.0
9000000,-17.984375
10000000,-18.03125
