steps,returns
1000000,161.13281
2000000,276.5625
3000000,452.34375
4000000,609.96094
5000000,421.6797
6000000,655.27344
7000000,582.22656
8000000,439.64844
9000000,397.0703
10000000,602.53906
