steps,returns
100000.0,829.3561
200000.0,831.1529
300000.0,793.1953
400000.0,795.3964
500000.0,886.1259
600000.0,886.8202
700000.0,897.1754
800000.0,884.14667
900000.0,882.9171
1000000.0,890.61255
