steps,returns
10000,78.74219
20000,137.16406
30000,174.53906
40000,154.22656
50000,288.20312
60000,357.5547
70000,457.17188
80000,436.46094
90000,476.5
100000,470.07812
