steps,returns
1000000,-18.4375
2000000,-18.046875
3000000,-17.90625
4000000,-17.921875
5000000,-17.78125
6000000,-18.203125
7000000,-17.671875
8000000,-18.03125
9000000,-18.046875
10000000,-17.9375
