steps,returns
1000000,-17.546875
2000000,-17.9375
3000000,-18.40625
4000000,-17.828125
5000000,-18.03125
6000000,-17.8125
7000000,-18.0625
8000000,-18.09375
9000000,-17.9375
10000000,-18.609375
