steps,returns
1000000,191.79688
2000000,710.15625
3000000,788.6719
4000000,505.85938
5000000,798.4375
6000000,2975.7812
7000000,3201.1719
8000000,1622.2656
9000000,1469.7266
10000000,3748.0469
