steps,returns
100000.0,778.9812
200000.0,1022.25946
300000.0,869.24023
400000.0,185.39265
500000.0,-599.0548
600000.0,-850.6469
700000.0,-612.1136
800000.0,-424.5006
900000.0,-262.57858
1000000.0,-160.4749
