steps,returns
1000000,125.0
2000000,150.0
3000000,206.64062
4000000,227.73438
5000000,288.28125
6000000,225.0
7000000,260.54688
8000000,125.0
9000000,250.0
10000000,158.98438
