steps,returns
100000.0,-0.97648793
200000.0,-1.0490745
300000.0,-1.0466774
400000.0,-0.9923734
500000.0,-1.3239019
600000.0,-1.2770724
700000.0,7.12379
800000.0,146.16798
900000.0,62.416756
1000000.0,84.58176
