steps,returns
5000,43.375
10000,50.453125
15000,60.429688
20000,57.210938
25000,59.976562
30000,64.91406
35000,66.84375
40000,64.88281
45000,63.632812
50000,67.390625
