steps,returns
100000.0,-1.4457297
200000.0,-1.3076872
300000.0,0.44488776
400000.0,127.08714
500000.0,-108.98363
600000.0,-188.78908
700000.0,-282.0935
800000.0,-713.18427
900000.0,-774.52704
1000000.0,-711.10596
