steps,returns
10000,-217.28125
20000,-500.0
30000,-500.0
40000,-500.0
50000,-500.0
60000,-457.28125
70000,-500.0
80000,-500.0
90000,-500.0
100000,-496.14844
