steps,returns
10000,355.1328
20000,499.60156
30000,494.71875
40000,500.0
50000,500.0
60000,119.32031
70000,500.0
80000,257.6172
90000,326.6172
100000,500.0
