steps,returns
5000,8.8984375
10000,8.9453125
15000,8.8984375
20000,9.0390625
25000,9.1328125
30000,9.1484375
35000,9.1328125
40000,9.140625
45000,9.1875
50000,9.2890625
