steps,returns
10000,101.46094
20000,170.90625
30000,500.0
40000,172.94531
50000,500.0
60000,500.0
70000,500.0
80000,167.52344
90000,368.26562
100000,455.98438
