steps,returns
1000000,150.0
2000000,125.0
3000000,250.0
4000000,319.33594
5000000,316.79688
6000000,292.1875
7000000,343.35938
8000000,289.84375
9000000,319.14062
10000000,643.75
