steps,returns
1000000,560.0781
2000000,237.34375
3000000,370.3125
4000000,17.8125
5000000,400.0
6000000,249.6875
7000000,592.96875
8000000,27.1875
9000000,161.71875
10000000,43.125
