steps,returns
5000,8.953125
10000,9.0234375
15000,8.9921875
20000,9.109375
25000,9.03125
30000,9.0390625
35000,9.0703125
40000,8.96875
45000,9.0703125
50000,9.0234375
