steps,returns
1000000,150.0
2000000,332.03125
3000000,279.4922
4000000,150.0
5000000,150.0
6000000,180.27344
7000000,125.0
8000000,267.96875
9000000,125.0
10000000,125.0
