steps,returns
1000000,-17.65625
2000000,-18.34375
3000000,-18.171875
4000000,-17.546875
5000000,-18.21875
6000000,-17.671875
7000000,-18.015625
8000000,-18.296875
9000000,-18.125
10000000,-18.265625
