steps,returns
5000,91.015625
10000,88.08594
15000,87.828125
20000,76.125
25000,57.21875
30000,51.390625
35000,39.210938
40000,25.882812
45000,19.75
50000,14.4140625
