steps,returns
100000.0,648.6781
200000.0,131.07776
300000.0,-106.284386
400000.0,-1549.0364
500000.0,-4190.072
600000.0,-3375.6182
700000.0,-3690.3765
800000.0,-3362.8872
900000.0,-3308.8965
1000000.0,-3445.4226
