steps,returns
5000,326.9453
10000,255.28125
15000,263.1172
20000,224.84375
25000,157.08594
30000,213.94531
35000,163.79688
40000,236.42188
45000,467.46094
50000,492.17188
