steps,returns
100000.0,138.95245
200000.0,488.97327
300000.0,296.06732
400000.0,765.5536
500000.0,118.25136
600000.0,420.91476
700000.0,295.4441
800000.0,83.1743
900000.0,-992.51276
1000000.0,-4476.282
