steps,returns
100000.0,-247.77023
200000.0,-856.96967
300000.0,-827.92303
400000.0,-401.394
500000.0,-221.61087
600000.0,-336.91663
700000.0,-1348.3615
800000.0,-1572.6494
900000.0,-1067.2012
1000000.0,-934.51013
