steps,returns
5000,92.28125
10000,107.30469
15000,500.0
20000,132.51562
25000,294.6172
30000,95.11719
35000,97.625
40000,155.29688
45000,87.16406
50000,106.69531
