steps,returns
10000,69.078125
20000,74.296875
30000,82.46094
40000,80.03906
50000,82.71875
60000,85.953125
70000,91.78125
80000,96.63281
90000,99.546875
100000,102.71875
