steps,returns
10000,115.53125
20000,162.75781
30000,342.07812
40000,403.16406
50000,490.20312
60000,446.1328
70000,439.72656
80000,456.92188
90000,434.875
100000,472.6953
