{"config": {"hp_config.clip_eps": 0.2954363806240866, "hp_config.ent_coef": 0.2871626244247894, "hp_config.gae_lambda": 0.930574843889441, "hp_config.learning_rate": 0.0018218656600978453, "hp_config.max_grad_norm": 0.43141843543397396, "hp_config.minibatch_size": 512, "hp_config.normalize_advantage": true, "hp_config.vf_clip_eps": 0.2179324626328134, "hp_config.vf_coef": 0.8919233550156721}, "score": -18.671875, "budget_used": 128, "total_wallclock_time": -3892.11887550354, "total_optimization_time": 0.01288294792175293}
