steps,returns
10000,194.23438
20000,186.61719
30000,312.42188
40000,500.0
50000,500.0
60000,500.0
70000,306.39062
80000,259.08594
90000,500.0
100000,500.0
