steps,returns
5000,103.57031
10000,155.42188
15000,88.24219
20000,197.11719
25000,136.36719
30000,124.640625
35000,95.42969
40000,81.5
45000,95.375
50000,96.15625
