steps,returns
10000,-500.0
20000,-95.78125
30000,-173.44531
40000,-364.09375
50000,-500.0
60000,-500.0
70000,-500.0
80000,-96.453125
90000,-500.0
100000,-500.0
