steps,returns
1000000,-18.125
2000000,-17.984375
3000000,-17.734375
4000000,-17.59375
5000000,-17.984375
6000000,-18.0625
7000000,-17.875
8000000,-18.484375
9000000,-17.953125
10000000,-17.984375
