steps,returns
100000.0,711.3571
200000.0,764.05225
300000.0,787.26746
400000.0,547.2781
500000.0,929.71765
600000.0,716.9587
700000.0,606.86926
800000.0,660.534
900000.0,734.7098
1000000.0,672.46045
