steps,returns
10000,-500.0
20000,-500.0
30000,-367.0625
40000,-500.0
50000,-138.96875
60000,-500.0
70000,-238.94531
80000,-500.0
90000,-500.0
100000,-500.0
