steps,returns
1000000,-18.203125
2000000,-18.15625
3000000,-18.4375
4000000,-17.984375
5000000,-17.890625
6000000,-17.953125
7000000,-17.390625
8000000,-18.078125
9000000,-17.53125
10000000,-17.6875
