steps,returns
1000000,-18.046875
2000000,-17.6875
3000000,-15.21875
4000000,-15.1875
5000000,-15.015625
6000000,-16.03125
7000000,-13.875
8000000,-14.90625
9000000,-14.96875
10000000,-14.234375
