steps,returns
1000000,594.9219
2000000,709.96094
3000000,409.1797
4000000,817.1875
5000000,668.3594
6000000,757.22656
7000000,818.3594
8000000,850.0
9000000,3401.9531
10000000,3520.8984
