steps,returns
5000,83.484375
10000,89.609375
15000,78.0
20000,76.5
25000,65.25
30000,53.28125
35000,50.03125
40000,37.3125
45000,20.640625
50000,13.3828125
