steps,returns
100000.0,942.5991
200000.0,641.24915
300000.0,181.11154
400000.0,-330.84924
500000.0,-897.5005
600000.0,-2041.758
700000.0,-713.90063
800000.0,-479.555
900000.0,-659.7377
1000000.0,-664.45374
