steps,returns
1000000,150.0
2000000,275.0
3000000,150.0
4000000,250.0
5000000,261.71875
6000000,150.0
7000000,175.0
8000000,283.39844
9000000,160.9375
10000000,187.5
