steps,returns
1000000,17.5
2000000,28.125
3000000,28.28125
4000000,28.4375
5000000,15.625
6000000,17.1875
7000000,49.0625
8000000,52.5
9000000,17.65625
10000000,17.8125
