steps,returns
10000,452.21875
20000,500.0
30000,149.64062
40000,137.17188
50000,500.0
60000,109.91406
70000,96.30469
80000,253.875
90000,441.70312
100000,219.25
