steps,returns
100000.0,439.09338
200000.0,521.09467
300000.0,388.49573
400000.0,493.6853
500000.0,398.97137
600000.0,131.35358
700000.0,55.682156
800000.0,293.7077
900000.0,-631.4241
1000000.0,-1489.8257
