steps,returns
5000,32.3125
10000,35.453125
15000,34.390625
20000,36.515625
25000,37.726562
30000,42.375
35000,44.289062
40000,45.953125
45000,51.007812
50000,47.992188
