steps,returns
100000.0,1021.91345
200000.0,1099.8871
300000.0,662.46704
400000.0,509.50952
500000.0,563.8636
600000.0,452.81036
700000.0,604.45105
800000.0,1042.3342
900000.0,657.5951
1000000.0,470.1894
