steps,returns
10000,500.0
20000,477.7422
30000,361.90625
40000,490.85938
50000,500.0
60000,485.60156
70000,496.35938
80000,500.0
90000,500.0
100000,410.40625
