steps,returns
10000,-500.0
20000,-500.0
30000,-268.9375
40000,-362.90625
50000,-117.078125
60000,-500.0
70000,-500.0
80000,-500.0
90000,-500.0
100000,-500.0
