steps,returns
1000000,-17.8125
2000000,-18.015625
3000000,-17.71875
4000000,-18.015625
5000000,-18.203125
6000000,-18.171875
7000000,-18.578125
8000000,-17.65625
9000000,-18.046875
10000000,-18.5625
