steps,returns
1000000,-18.171875
2000000,-18.09375
3000000,-17.984375
4000000,-17.9375
5000000,-17.671875
6000000,-18.125
7000000,-18.109375
8000000,-18.203125
9000000,-17.921875
10000000,-17.734375
