steps,returns
1000000,-18.15625
2000000,-17.703125
3000000,-17.890625
4000000,-18.5
5000000,-17.6875
6000000,-17.6875
7000000,-17.734375
8000000,-17.515625
9000000,-17.96875
10000000,-17.890625
