steps,returns
1000000,-18.28125
2000000,-18.0
3000000,-18.34375
4000000,-17.59375
5000000,-17.640625
6000000,-17.796875
7000000,-18.421875
8000000,-17.671875
9000000,-17.9375
10000000,-17.6875
