steps,returns
10000,-147.71094
20000,-147.42969
30000,-153.58594
40000,-150.38281
50000,-146.25
60000,-146.8125
70000,-147.46094
80000,-151.71875
90000,-148.73438
100000,-152.96875
