steps,returns
100000.0,86.773544
200000.0,83.216194
300000.0,68.42629
400000.0,71.69298
500000.0,68.72484
600000.0,67.52407
700000.0,71.129135
800000.0,75.20743
900000.0,77.50945
1000000.0,72.97693
