steps,returns
10000,-317.59375
20000,-327.53906
30000,-323.60938
40000,-342.9375
50000,-335.25
60000,-351.76562
70000,-339.8203
80000,-394.5703
90000,-379.78125
100000,-426.96875
