steps,returns
1000000,-18.03125
2000000,-18.09375
3000000,-17.984375
4000000,-17.578125
5000000,-17.75
6000000,-18.078125
7000000,-17.765625
8000000,-18.03125
9000000,-18.0
10000000,-18.03125
