steps,returns
1000000,62.65625
2000000,374.6875
3000000,454.375
4000000,156.5625
5000000,540.46875
6000000,505.54688
7000000,1579.375
8000000,1097.4219
9000000,1663.2031
10000000,2122.8906
