steps,returns
1000000,-18.09375
2000000,-18.0625
3000000,-18.046875
4000000,-17.75
5000000,-17.828125
6000000,-17.8125
7000000,-17.84375
8000000,-18.0625
9000000,-17.421875
10000000,-17.515625
