steps,returns
1000000,-17.75
2000000,-16.71875
3000000,-16.578125
4000000,-16.3125
5000000,-17.28125
6000000,-15.921875
7000000,-14.3125
8000000,-14.75
9000000,-15.109375
10000000,-13.609375
