steps,returns
100000.0,387.0324
200000.0,535.59607
300000.0,549.89087
400000.0,739.74756
500000.0,1016.8694
600000.0,990.3075
700000.0,965.3259
800000.0,944.93774
900000.0,891.8292
1000000.0,879.72577
