steps,returns
5000,75.90625
10000,77.0625
15000,80.8125
20000,83.5625
25000,89.52344
30000,97.60156
35000,98.80469
40000,102.328125
45000,108.36719
50000,113.99219
