steps,returns
1000000,2326.9531
2000000,0.0
3000000,3713.3594
4000000,2145.0
5000000,226.25
6000000,1492.0312
7000000,0.0
8000000,197.65625
9000000,316.79688
10000000,1254.4531
