steps,returns
100000.0,845.53735
200000.0,649.57806
300000.0,543.9298
400000.0,479.00684
500000.0,473.45743
600000.0,471.88327
700000.0,479.50882
800000.0,477.6435
900000.0,480.03934
1000000.0,465.20795
