steps,returns
1000000,395.5078
2000000,795.89844
3000000,534.7656
4000000,794.9219
5000000,686.71875
6000000,567.96875
7000000,696.4844
8000000,732.03125
9000000,544.9219
10000000,596.28906
