steps,returns
1000000,17.65625
2000000,16.875
3000000,20.15625
4000000,113.90625
5000000,38.4375
6000000,124.84375
7000000,44.21875
8000000,202.1875
9000000,262.8125
10000000,397.03125
