steps,returns
1000000,-18.328125
2000000,-18.171875
3000000,-18.46875
4000000,-18.75
5000000,-17.828125
6000000,-17.890625
7000000,-17.625
8000000,-17.828125
9000000,-18.53125
10000000,-17.703125
