steps,returns
1000000,487.89062
2000000,733.0078
3000000,972.2656
4000000,1446.6797
5000000,830.46875
6000000,839.84375
7000000,1390.2344
8000000,685.35156
9000000,1787.6953
10000000,2662.5
