steps,returns
100000.0,-0.6391483
200000.0,-0.6833684
300000.0,-0.68913716
400000.0,-0.92794645
500000.0,-1.5167248
600000.0,-1.8917246
700000.0,-4.306213
800000.0,-6.105238
900000.0,-10.405778
1000000.0,-14.18266
