steps,returns
5000,55.578125
10000,281.78125
15000,37.101562
20000,100.77344
25000,311.46094
30000,110.77344
35000,500.0
40000,33.085938
45000,100.703125
50000,500.0
