steps,returns
100000.0,-404.65677
200000.0,-1546.2924
300000.0,-1623.7034
400000.0,-1300.7322
500000.0,-15.739476
600000.0,-526.1628
700000.0,-440.5043
800000.0,-785.855
900000.0,-787.5363
1000000.0,-974.8386
