steps,returns
100000.0,1372.0101
200000.0,815.15076
300000.0,779.08496
400000.0,695.24915
500000.0,686.91284
600000.0,682.951
700000.0,680.53925
800000.0,670.56226
900000.0,708.6947
1000000.0,733.8142
