steps,returns
100000.0,1014.0419
200000.0,1006.0183
300000.0,1006.92505
400000.0,1003.45605
500000.0,1018.53235
600000.0,1021.4602
700000.0,1013.02026
800000.0,1010.14484
900000.0,1000.5812
1000000.0,989.18604
