steps,returns
1000000,-18.078125
2000000,-17.953125
3000000,-17.421875
4000000,-16.875
5000000,-16.9375
6000000,-16.859375
7000000,-16.59375
8000000,-16.953125
9000000,-16.03125
10000000,-16.453125
