steps,returns
5000,41.8125
10000,52.390625
15000,59.703125
20000,53.382812
25000,58.578125
30000,65.53125
35000,63.867188
40000,64.6875
45000,64.10156
50000,69.94531
