steps,returns
1000000,52.5
2000000,16.71875
3000000,101.09375
4000000,81.25
5000000,56.875
6000000,210.46875
7000000,276.25
8000000,185.3125
9000000,82.1875
10000000,471.875
