steps,returns
100000.0,33.255432
200000.0,33.563435
300000.0,34.841232
400000.0,34.09294
500000.0,34.722576
600000.0,34.81943
700000.0,34.561455
800000.0,35.125065
900000.0,35.476593
1000000.0,35.373814
