steps,returns
1000000,216.21094
2000000,546.09375
3000000,497.0703
4000000,366.40625
5000000,803.90625
6000000,625.78125
7000000,444.92188
8000000,1735.3516
9000000,2483.0078
10000000,773.0469
