steps,returns
100000.0,848.76996
200000.0,1117.883
300000.0,988.9153
400000.0,509.09692
500000.0,-1127.7245
600000.0,-12253.452
700000.0,-103810.555
800000.0,-349444.16
900000.0,-362577.6
1000000.0,-443795.8
