steps,returns
5000,23.804688
10000,23.484375
15000,111.15625
20000,114.5
25000,188.25
30000,147.34375
35000,200.3125
40000,160.77344
45000,147.11719
50000,165.85156
