steps,returns
1000000,1175.0781
2000000,833.75
3000000,1206.3281
4000000,754.6094
5000000,707.5781
6000000,479.84375
7000000,637.7344
8000000,739.21875
9000000,130.625
10000000,661.0156
