steps,returns
1000000,-18.421875
2000000,-18.375
3000000,-17.796875
4000000,-16.984375
5000000,-18.140625
6000000,-17.53125
7000000,-18.078125
8000000,-17.953125
9000000,-17.53125
10000000,-17.59375
