steps,returns
1000000,441.40625
2000000,368.75
3000000,567.5781
4000000,407.22656
5000000,866.9922
6000000,602.14844
7000000,750.0
8000000,918.16406
9000000,662.8906
10000000,1479.2969
