steps,returns
1000000,17.34375
2000000,21.5625
3000000,139.0625
4000000,17.96875
5000000,502.57812
6000000,313.20312
7000000,19.0625
8000000,17.5
9000000,412.96875
10000000,192.65625
