steps,returns
1000000,622.2656
2000000,506.83594
3000000,622.0703
4000000,596.09375
5000000,1743.75
6000000,1798.0469
7000000,2953.711
8000000,1493.3594
9000000,1934.9609
10000000,1458.7891
