steps,returns
1000000,-17.4375
2000000,-17.46875
3000000,-17.59375
4000000,-17.71875
5000000,-17.5625
6000000,-18.0
7000000,-17.203125
8000000,-17.5625
9000000,-16.9375
10000000,-17.390625
