steps,returns
1000000,-17.34375
2000000,-17.5
3000000,-16.78125
4000000,-15.640625
5000000,-16.125
6000000,-16.03125
7000000,-16.421875
8000000,-16.140625
9000000,-15.78125
10000000,-16.21875
