steps,returns
10000,172.25781
20000,94.9375
30000,94.765625
40000,99.96094
50000,83.8125
60000,79.52344
70000,82.78906
80000,92.63281
90000,94.734375
100000,88.203125
