steps,returns
1000000,350.0
2000000,250.0
3000000,225.0
4000000,238.28125
5000000,709.1797
6000000,225.0
7000000,594.33594
8000000,997.0703
9000000,572.85156
10000000,752.53906
