steps,returns
1000000,-17.765625
2000000,-17.234375
3000000,-17.875
4000000,-17.125
5000000,-17.828125
6000000,-17.875
7000000,-17.796875
8000000,-18.140625
9000000,-17.796875
10000000,-17.46875
