steps,returns
5000,8.8828125
10000,9.0234375
15000,8.8828125
20000,8.9296875
25000,9.0234375
30000,9.046875
35000,9.0625
40000,9.09375
45000,9.09375
50000,9.1015625
