steps,returns
1000000,163.67188
2000000,243.16406
3000000,309.1797
4000000,305.27344
5000000,416.21094
6000000,803.125
7000000,513.47656
8000000,651.7578
9000000,655.46875
10000000,688.28125
