steps,returns
1000000,150.0
2000000,150.0
3000000,132.22656
4000000,250.0
5000000,300.0
6000000,466.40625
7000000,310.54688
8000000,706.0547
9000000,1005.8594
10000000,686.71875
