steps,returns
1000000,-17.734375
2000000,-18.34375
3000000,-18.0
4000000,-18.046875
5000000,-17.703125
6000000,-18.09375
7000000,-17.46875
8000000,-17.734375
9000000,-17.65625
10000000,-17.796875
