steps,returns
1000000,17.03125
2000000,373.28125
3000000,820.5469
4000000,18.4375
5000000,255.78125
6000000,705.625
7000000,20.15625
8000000,374.84375
9000000,41.5625
10000000,94.21875
