steps,returns
5000,44.195312
10000,53.0
15000,50.742188
20000,49.742188
25000,44.796875
30000,42.890625
35000,43.25
40000,31.070312
45000,20.6875
50000,12.9921875
