steps,returns
100000.0,-45.585575
200000.0,-32.283485
300000.0,-25.543066
400000.0,-20.615871
500000.0,-19.072887
600000.0,-15.825409
700000.0,-17.259949
800000.0,-15.526312
900000.0,-14.747841
1000000.0,-14.257896
