steps,returns
100000.0,-1.296999
200000.0,0.13486265
300000.0,448.03952
400000.0,127.176865
500000.0,-280.8537
600000.0,-121.305954
700000.0,-257.71384
800000.0,-666.37897
900000.0,-809.7168
1000000.0,-836.8764
