steps,returns
100000.0,1023.09283
200000.0,1015.18726
300000.0,996.9254
400000.0,935.1671
500000.0,842.7375
600000.0,835.801
700000.0,645.84674
800000.0,563.98596
900000.0,478.56165
1000000.0,505.43726
