steps,returns
10000,281.82812
20000,349.3047
30000,356.125
40000,349.10156
50000,379.1953
60000,384.1953
70000,378.17188
80000,432.8203
90000,500.0
100000,500.0
