steps,returns
10000,188.5625
20000,197.82812
30000,495.21875
40000,500.0
50000,500.0
60000,500.0
70000,499.78125
80000,195.85938
90000,402.72656
100000,500.0
