steps,returns
100000.0,1159.2062
200000.0,1157.6855
300000.0,1158.7837
400000.0,1075.5712
500000.0,877.5599
600000.0,957.2396
700000.0,1176.6721
800000.0,510.45526
900000.0,447.75876
1000000.0,-2809.3545
