steps,returns
100000.0,815.62317
200000.0,678.30896
300000.0,169.9016
400000.0,-505.6648
500000.0,-1353.6604
600000.0,-2489.6985
700000.0,-4494.5195
800000.0,-6139.8125
900000.0,-5426.2305
1000000.0,-23077.555
