steps,returns
1000000,17.65625
2000000,16.71875
3000000,51.25
4000000,17.8125
5000000,36.5625
6000000,43.75
7000000,17.5
8000000,48.59375
9000000,17.34375
10000000,28.28125
