steps,returns
1000000,-18.265625
2000000,-18.078125
3000000,-18.5625
4000000,-18.375
5000000,-18.171875
6000000,-18.015625
7000000,-17.875
8000000,-18.15625
9000000,-18.078125
10000000,-18.203125
