steps,returns
10000,-385.32812
20000,-143.97656
30000,-500.0
40000,-222.22656
50000,-500.0
60000,-500.0
70000,-500.0
80000,-500.0
90000,-500.0
100000,-500.0
