steps,returns
1000000,299.84375
2000000,168.59375
3000000,1241.7969
4000000,1128.9062
5000000,1629.1406
6000000,2224.0625
7000000,1644.7656
8000000,1998.4375
9000000,3244.7656
10000000,4531.25
