steps,returns
5000,17.375
10000,43.421875
15000,62.070312
20000,93.50781
25000,42.296875
30000,132.04688
35000,115.83594
40000,248.05469
45000,140.89062
50000,163.77344
