steps,returns
5000,10.78125
10000,51.546875
15000,40.242188
20000,126.765625
25000,80.4375
30000,103.84375
35000,90.75
40000,95.14844
45000,95.140625
50000,150.3125
