steps,returns
1000000,212.10938
2000000,161.71875
3000000,306.83594
4000000,150.0
5000000,235.54688
6000000,150.0
7000000,316.60156
8000000,217.77344
9000000,235.35156
10000000,381.4453
