steps,returns
1000000,-17.875
2000000,-18.0
3000000,-17.796875
4000000,-17.53125
5000000,-17.703125
6000000,-18.3125
7000000,-18.25
8000000,-17.96875
9000000,-18.15625
10000000,-18.34375
