steps,returns
100000.0,1008.58105
200000.0,992.24243
300000.0,967.3204
400000.0,897.2002
500000.0,795.57056
600000.0,691.35144
700000.0,608.2677
800000.0,560.0457
900000.0,366.97247
1000000.0,214.84198
