steps,returns
100000.0,630.35834
200000.0,-248.11366
300000.0,-1212.5972
400000.0,-1671.9856
500000.0,-949.4722
600000.0,34.555904
700000.0,-478.54584
800000.0,-667.2134
900000.0,-704.99994
1000000.0,-1022.01624
