steps,returns
5000,13.234375
10000,133.67188
15000,154.39062
20000,89.703125
25000,116.47656
30000,186.21875
35000,264.82812
40000,140.86719
45000,408.85938
50000,498.10156
