steps,returns
1000000,663.47656
2000000,625.78125
3000000,494.72656
4000000,666.21094
5000000,529.6875
6000000,1680.4688
7000000,2252.9297
8000000,3613.086
9000000,3442.7734
10000000,4174.2188
