steps,returns
10000,94.359375
20000,93.52344
30000,98.796875
40000,94.27344
50000,102.328125
60000,105.5625
70000,108.03125
80000,111.92969
90000,112.10156
100000,111.796875
