steps,returns
5000,9.453125
10000,10.3828125
15000,21.257812
20000,131.22656
25000,60.71875
30000,61.414062
35000,22.648438
40000,66.703125
45000,321.03125
50000,179.97656
