steps,returns
1000000,17.03125
2000000,27.96875
3000000,17.34375
4000000,18.125
5000000,16.25
6000000,29.6875
7000000,37.5
8000000,17.65625
9000000,17.65625
10000000,17.8125
