steps,returns
10000,54.414062
20000,29.515625
30000,114.390625
40000,157.875
50000,163.25
60000,178.91406
70000,185.08594
80000,221.95312
90000,175.96875
100000,257.8203
