steps,returns
10000,140.96094
20000,119.953125
30000,151.05469
40000,143.25781
50000,146.77344
60000,200.52344
70000,175.1875
80000,184.32031
90000,165.6875
100000,161.375
