steps,returns
1000000,17.8125
2000000,17.03125
3000000,16.5625
4000000,18.125
5000000,16.71875
6000000,284.84375
7000000,96.40625
8000000,48.59375
9000000,210.78125
10000000,472.26562
