steps,returns
5000,9.5546875
10000,9.546875
15000,9.5234375
20000,9.5078125
25000,9.4609375
30000,9.609375
35000,9.453125
40000,9.4921875
45000,9.453125
50000,9.53125
