steps,returns
5000,57.835938
10000,39.367188
15000,50.617188
20000,113.8125
25000,127.52344
30000,192.64062
35000,150.22656
40000,121.203125
45000,113.984375
50000,100.42969
