steps,returns
1000000,50.78125
2000000,22.65625
3000000,18.125
4000000,60.46875
5000000,93.59375
6000000,17.96875
7000000,211.25
8000000,103.59375
9000000,18.28125
10000000,23.4375
