steps,returns
1000000,257.22656
2000000,228.51562
3000000,475.0
4000000,442.96875
5000000,298.82812
6000000,744.53125
7000000,781.0547
8000000,749.02344
9000000,901.1719
10000000,923.4375
