steps,returns
10000,142.53125
20000,121.34375
30000,138.14844
40000,140.51562
50000,145.69531
60000,146.51562
70000,152.1875
80000,160.46094
90000,163.65625
100000,187.36719
