steps,returns
100000.0,714.59717
200000.0,634.68097
300000.0,699.32043
400000.0,751.48914
500000.0,826.4836
600000.0,977.81635
700000.0,959.4619
800000.0,936.2835
900000.0,920.87885
1000000.0,911.751
