steps,returns
10000,388.54688
20000,485.26562
30000,500.0
40000,500.0
50000,500.0
60000,500.0
70000,500.0
80000,500.0
90000,500.0
100000,500.0
