steps,returns
100000.0,1174.3235
200000.0,1851.114
300000.0,1399.4634
400000.0,986.5501
500000.0,869.15845
600000.0,794.979
700000.0,785.9529
800000.0,803.9966
900000.0,828.21313
1000000.0,827.9642
