steps,returns
1000000,17.65625
2000000,16.71875
3000000,16.71875
4000000,17.8125
5000000,614.7656
6000000,20.625
7000000,17.8125
8000000,17.1875
9000000,93.90625
10000000,155.0
