steps,returns
10000,179.92188
20000,500.0
30000,155.96875
40000,321.20312
50000,458.96875
60000,466.22656
70000,447.14062
80000,270.4453
90000,500.0
100000,449.9922
