steps,returns
100000.0,300.15802
200000.0,476.50897
300000.0,818.7285
400000.0,709.01465
500000.0,476.8327
600000.0,375.3871
700000.0,327.07272
800000.0,300.17242
900000.0,284.8438
1000000.0,269.9353
