steps,returns
100000.0,987.22504
200000.0,905.83264
300000.0,1027.6472
400000.0,866.7522
500000.0,818.7433
600000.0,916.9646
700000.0,934.1676
800000.0,974.9763
900000.0,907.93536
1000000.0,920.12775
