steps,returns
1000000,138.125
2000000,106.09375
3000000,68.59375
4000000,340.78125
5000000,17.5
6000000,84.84375
7000000,123.59375
8000000,475.9375
9000000,17.03125
10000000,219.84375
