steps,returns
10000,-462.0547
20000,-469.3672
30000,-476.34375
40000,-462.4453
50000,-455.79688
60000,-340.8125
70000,-416.98438
80000,-363.2578
90000,-279.40625
100000,-287.46875
