steps,returns
5000,9.359375
10000,61.023438
15000,120.234375
20000,15.2265625
25000,71.796875
30000,118.203125
35000,259.33594
40000,196.6875
45000,174.34375
50000,142.99219
