steps,returns
1000000,-18.09375
2000000,-17.75
3000000,-16.984375
4000000,-16.765625
5000000,-16.59375
6000000,-16.6875
7000000,-16.546875
8000000,-17.078125
9000000,-16.125
10000000,-16.015625
