steps,returns
100000.0,210.22192
200000.0,-44.11505
300000.0,-750.0439
400000.0,-798.1034
500000.0,-1818.5488
600000.0,-2552.3057
700000.0,-5002.1245
800000.0,-12137.366
900000.0,-27260.262
1000000.0,-43698.39
