steps,returns
5000,18.515625
10000,86.609375
15000,108.91406
20000,90.36719
25000,110.046875
30000,93.46875
35000,42.242188
40000,98.734375
45000,91.21094
50000,94.46875
