steps,returns
100000.0,1010.1612
200000.0,1008.2793
300000.0,1016.24695
400000.0,1024.5015
500000.0,1024.2808
600000.0,1026.1196
700000.0,1025.3772
800000.0,1023.02856
900000.0,1021.32874
1000000.0,1015.208
