steps,returns
100000.0,61.49978
200000.0,61.482178
300000.0,61.567947
400000.0,61.602646
500000.0,61.391487
600000.0,61.749847
700000.0,61.71026
800000.0,61.609795
900000.0,61.92452
1000000.0,61.13143
