steps,returns
1000000,-18.5
2000000,-18.171875
3000000,-18.65625
4000000,-17.859375
5000000,-18.328125
6000000,-17.875
7000000,-18.0625
8000000,-17.625
9000000,-18.421875
10000000,-17.8125
