steps,returns
1000000,150.0
2000000,300.0
3000000,125.0
4000000,306.25
5000000,150.0
6000000,158.20312
7000000,698.8281
8000000,491.01562
9000000,606.83594
10000000,639.84375
