steps,returns
100000.0,1011.7693
200000.0,247.14316
300000.0,803.12463
400000.0,1021.0111
500000.0,1042.2839
600000.0,1023.7145
700000.0,1019.64014
800000.0,1061.1182
900000.0,1052.363
1000000.0,1056.1301
