steps,returns
100000.0,951.37805
200000.0,883.44324
300000.0,896.0297
400000.0,920.47034
500000.0,980.2525
600000.0,1034.0835
700000.0,1204.2844
800000.0,1344.5056
900000.0,1410.4705
1000000.0,1447.4889
