steps,returns
5000,9.28125
10000,9.34375
15000,20.5625
20000,14.71875
25000,23.523438
30000,24.726562
35000,65.67969
40000,53.289062
45000,178.32031
50000,60.421875
