steps,returns
5000,77.57031
10000,88.11719
15000,86.75781
20000,85.16406
25000,85.08594
30000,82.05469
35000,79.21094
40000,83.60156
45000,81.21875
50000,78.91406
