steps,returns
100000.0,997.6087
200000.0,967.48193
300000.0,1012.5841
400000.0,977.58887
500000.0,1076.1055
600000.0,1051.0308
700000.0,938.9874
800000.0,645.6062
900000.0,663.57825
1000000.0,381.44586
