steps,returns
5000,9.078125
10000,9.046875
15000,9.3359375
20000,9.3984375
25000,9.4453125
30000,9.359375
35000,9.46875
40000,9.4140625
45000,9.28125
50000,10.0703125
