steps,returns
1000000,-17.21875
2000000,-17.78125
3000000,-17.859375
4000000,-17.421875
5000000,-17.03125
6000000,-17.28125
7000000,-16.546875
8000000,-16.5
9000000,-16.359375
10000000,-16.25
