steps,returns
1000000,602.34375
2000000,615.2344
3000000,613.6719
4000000,399.41406
5000000,512.3047
6000000,447.85156
7000000,607.8125
8000000,539.84375
9000000,699.6094
10000000,723.4375
