steps,returns
100000.0,768.22314
200000.0,551.69806
300000.0,710.1987
400000.0,468.01883
500000.0,270.55942
600000.0,95.78237
700000.0,-1.9696636
800000.0,-158.3988
900000.0,-501.0398
1000000.0,-1107.9817
