steps,returns
1000000,608.59375
2000000,332.22656
3000000,868.16406
4000000,3943.75
5000000,2636.5234
6000000,4657.0312
7000000,4307.2266
8000000,4374.2188
9000000,6905.8594
10000000,13911.133
