steps,returns
10000,105.234375
20000,178.98438
30000,347.4375
40000,473.52344
50000,394.89062
60000,500.0
70000,404.23438
80000,500.0
90000,500.0
100000,9.2890625
