steps,returns
5000,75.125
10000,344.89844
15000,91.96094
20000,177.59375
25000,136.10938
30000,134.17188
35000,112.703125
40000,105.27344
45000,112.015625
50000,106.421875
