steps,returns
1000000,-18.375
2000000,-18.078125
3000000,-17.921875
4000000,-17.9375
5000000,-18.390625
6000000,-18.34375
7000000,-17.75
8000000,-17.859375
9000000,-18.4375
10000000,-18.46875
