steps,returns
1000000,-17.734375
2000000,-18.53125
3000000,-17.921875
4000000,-18.3125
5000000,-17.421875
6000000,-18.03125
7000000,-17.78125
8000000,-18.390625
9000000,-17.703125
10000000,-18.140625
