steps,returns
1000000,-18.15625
2000000,-18.328125
3000000,-17.828125
4000000,-18.265625
5000000,-18.21875
6000000,-17.921875
7000000,-18.3125
8000000,-18.140625
9000000,-17.796875
10000000,-17.640625
