steps,returns
100000.0,650.3785
200000.0,608.36084
300000.0,620.2754
400000.0,569.8645
500000.0,623.6216
600000.0,717.3656
700000.0,596.135
800000.0,744.59033
900000.0,761.433
1000000.0,795.38794
