steps,returns
1000000,293.9453
2000000,334.375
3000000,321.09375
4000000,532.8125
5000000,536.91406
6000000,489.84375
7000000,541.60156
8000000,750.3906
9000000,387.89062
10000000,713.28125
