steps,returns
10000,120.078125
20000,287.02344
30000,390.0
40000,500.0
50000,500.0
60000,500.0
70000,286.26562
80000,198.90625
90000,500.0
100000,193.42969
