steps,returns
1000000,-17.65625
2000000,-17.5625
3000000,-18.0625
4000000,-17.875
5000000,-17.90625
6000000,-17.75
7000000,-18.46875
8000000,-17.703125
9000000,-18.15625
10000000,-17.78125
