steps,returns
1000000,17.65625
2000000,39.84375
3000000,28.125
4000000,17.8125
5000000,15.78125
6000000,31.5625
7000000,30.15625
8000000,17.03125
9000000,27.96875
10000000,17.65625
