steps,returns
10000,-436.85938
20000,-500.0
30000,-500.0
40000,-500.0
50000,-500.0
60000,-500.0
70000,-500.0
80000,-477.1953
90000,-181.47656
100000,-500.0
