steps,returns
100000.0,277.06622
200000.0,456.5265
300000.0,593.296
400000.0,493.5301
500000.0,463.79068
600000.0,403.65326
700000.0,382.37598
800000.0,355.88477
900000.0,333.5416
1000000.0,317.257
