steps,returns
100000.0,970.4126
200000.0,1461.5806
300000.0,918.3636
400000.0,863.93164
500000.0,879.41174
600000.0,845.78394
700000.0,956.2314
800000.0,885.3716
900000.0,823.8955
1000000.0,823.99854
