steps,returns
10000,297.5547
20000,500.0
30000,500.0
40000,480.77344
50000,478.7578
60000,491.60938
70000,500.0
80000,498.89844
90000,500.0
100000,462.4375
