steps,returns
5000,9.53125
10000,9.3828125
15000,9.390625
20000,9.3359375
25000,9.4140625
30000,9.21875
35000,9.3203125
40000,9.4296875
45000,9.2109375
50000,9.328125
