steps,returns
100000.0,952.7088
200000.0,1035.0005
300000.0,1066.2205
400000.0,1036.5515
500000.0,1042.843
600000.0,1053.4075
700000.0,1041.2662
800000.0,981.4845
900000.0,980.26575
1000000.0,934.23303
