steps,returns
10000,272.125
20000,212.82812
30000,27.5
40000,394.9922
50000,39.007812
60000,208.52344
70000,33.304688
80000,372.8828
90000,157.35938
100000,331.53906
