steps,returns
1000000,-17.96875
2000000,-17.75
3000000,-17.5625
4000000,-18.046875
5000000,-17.90625
6000000,-18.21875
7000000,-17.96875
8000000,-18.015625
9000000,-17.359375
10000000,-17.84375
