steps,returns
1000000,-17.640625
2000000,-17.765625
3000000,-18.328125
4000000,-17.421875
5000000,-17.90625
6000000,-17.921875
7000000,-17.9375
8000000,-17.890625
9000000,-17.9375
10000000,-18.234375
