steps,returns
100000.0,996.1078
200000.0,906.1184
300000.0,704.00757
400000.0,433.03674
500000.0,222.10812
600000.0,199.12218
700000.0,-101.44737
800000.0,-191.76625
900000.0,-1138.6566
1000000.0,-1539.075
