steps,returns
10000,119.046875
20000,98.07031
30000,114.47656
40000,182.33594
50000,448.8047
60000,448.39062
70000,443.3203
80000,434.4297
90000,457.15625
100000,449.375
