steps,returns
100000.0,799.0018
200000.0,581.5662
300000.0,647.1638
400000.0,698.9706
500000.0,697.8408
600000.0,608.51447
700000.0,622.664
800000.0,650.23706
900000.0,649.48145
1000000.0,630.8009
