steps,returns
100000.0,763.30927
200000.0,760.68414
300000.0,683.8375
400000.0,752.06067
500000.0,773.31104
600000.0,858.5971
700000.0,832.11597
800000.0,822.062
900000.0,732.0096
1000000.0,787.8255
