steps,returns
100000.0,233.50014
200000.0,-701.05554
300000.0,-1619.0637
400000.0,-1588.773
500000.0,-1757.3516
600000.0,-1714.1428
700000.0,-1642.2661
800000.0,-1551.9307
900000.0,-1691.0458
1000000.0,-1533.6624
