steps,returns
100000.0,2.790238
200000.0,153.29634
300000.0,-298.9837
400000.0,-268.6185
500000.0,-446.12756
600000.0,-1050.2571
700000.0,-933.73584
800000.0,-1440.011
900000.0,-866.7117
1000000.0,-1019.23895
