steps,returns
1000000,17.8125
2000000,22.65625
3000000,213.28125
4000000,394.84375
5000000,226.71875
6000000,636.7969
7000000,520.78125
8000000,386.875
9000000,142.65625
10000000,176.25
