steps,returns
1000000,443.16406
2000000,706.6406
3000000,658.59375
4000000,732.22656
5000000,991.9922
6000000,2612.6953
7000000,1591.2109
8000000,3417.3828
9000000,2517.7734
10000000,3338.6719
