steps,returns
1000000,-17.8125
2000000,-17.8125
3000000,-17.859375
4000000,-18.0
5000000,-17.609375
6000000,-17.953125
7000000,-17.84375
8000000,-18.078125
9000000,-18.09375
10000000,-17.984375
