steps,returns
10000,113.421875
20000,122.28906
30000,156.375
40000,499.52344
50000,500.0
60000,500.0
70000,284.71094
80000,500.0
90000,500.0
100000,500.0
