steps,returns
100000.0,760.7368
200000.0,692.9115
300000.0,660.28296
400000.0,651.1266
500000.0,703.2805
600000.0,721.7986
700000.0,858.2381
800000.0,1050.477
900000.0,1010.61646
1000000.0,1070.902
