steps,returns
1000000,-18.3125
2000000,-18.125
3000000,-17.421875
4000000,-17.75
5000000,-17.71875
6000000,-17.59375
7000000,-17.390625
8000000,-17.59375
9000000,-17.625
10000000,-16.8125
