steps,returns
5000,9.28125
10000,11.5546875
15000,16.789062
20000,47.453125
25000,139.73438
30000,31.179688
35000,20.703125
40000,73.85156
45000,86.55469
50000,148.14062
