steps,returns
100000.0,867.04364
200000.0,852.5509
300000.0,936.43915
400000.0,1156.2385
500000.0,895.16016
600000.0,625.1753
700000.0,550.8522
800000.0,-64.34535
900000.0,208.74352
1000000.0,96.26743
