steps,returns
10000,220.10938
20000,299.1875
30000,389.3125
40000,454.04688
50000,455.8203
60000,499.7578
70000,500.0
80000,500.0
90000,500.0
100000,500.0
