steps,returns
100000.0,1007.42334
200000.0,1016.2367
300000.0,1022.82227
400000.0,1025.6882
500000.0,1020.4032
600000.0,1021.71643
700000.0,1022.33765
800000.0,1020.667
900000.0,1017.2456
1000000.0,1016.2628
