steps,returns
1000000,-17.578125
2000000,-17.53125
3000000,-17.984375
4000000,-17.203125
5000000,-17.65625
6000000,-17.515625
7000000,-17.5625
8000000,-17.34375
9000000,-17.40625
10000000,-17.5
