steps,returns
5000,9.2578125
10000,19.992188
15000,14.9296875
20000,40.773438
25000,31.132812
30000,19.78125
35000,95.125
40000,67.83594
45000,146.71094
50000,309.9297
