steps,returns
100000.0,413.10358
200000.0,324.35938
300000.0,395.0028
400000.0,255.15099
500000.0,-181.66628
600000.0,-827.0243
700000.0,-1045.5592
800000.0,-1323.666
900000.0,-1346.6348
1000000.0,-1413.4392
