steps,returns
100000.0,363.46216
200000.0,343.73456
300000.0,425.28094
400000.0,349.11557
500000.0,330.50934
600000.0,317.70297
700000.0,304.91895
800000.0,285.002
900000.0,269.7874
1000000.0,249.6545
