steps,returns
10000,144.77344
20000,158.53125
30000,206.90625
40000,230.95312
50000,305.10156
60000,435.35938
70000,464.71875
80000,486.9375
90000,489.3047
100000,492.76562
