steps,returns
100000.0,740.6675
200000.0,1435.1536
300000.0,836.0958
400000.0,754.69763
500000.0,667.52844
600000.0,584.6648
700000.0,582.2042
800000.0,661.1746
900000.0,914.52734
1000000.0,910.5896
