steps,returns
1000000,519.33594
2000000,597.0703
3000000,647.46094
4000000,383.59375
5000000,627.34375
6000000,1673.4375
7000000,2368.75
8000000,2378.711
9000000,364.0625
10000000,2483.3984
