steps,returns
100000.0,292.92545
200000.0,290.1952
300000.0,290.04306
400000.0,281.79474
500000.0,287.29987
600000.0,
700000.0,
800000.0,
900000.0,
1000000.0,
