steps,returns
1000000,17.34375
2000000,17.65625
3000000,39.53125
4000000,29.21875
5000000,16.5625
6000000,17.96875
7000000,38.28125
8000000,28.90625
9000000,17.96875
10000000,29.21875
