steps,returns
5000,8.890625
10000,8.8984375
15000,8.953125
20000,9.0
25000,9.0234375
30000,9.03125
35000,9.1171875
40000,9.1328125
45000,9.1171875
50000,9.2265625
