steps,returns
5000,9.359375
10000,12.40625
15000,20.570312
20000,16.335938
25000,50.90625
30000,114.296875
35000,107.52344
40000,112.83594
45000,84.796875
50000,111.296875
