steps,returns
100000.0,857.96436
200000.0,765.9468
300000.0,713.7668
400000.0,815.7502
500000.0,638.7301
600000.0,617.4874
700000.0,672.87946
800000.0,598.20184
900000.0,789.71735
1000000.0,797.6593
