steps,returns
1000000,32.96875
2000000,182.8125
3000000,118.90625
4000000,1022.8125
5000000,1680.3906
6000000,3469.5312
7000000,1228.9062
8000000,4208.047
9000000,4382.7344
10000000,4475.703
