steps,returns
100000,-200.0
200000,-200.0
300000,-200.0
400000,-195.41406
500000,-200.0
600000,-200.0
700000,-200.0
800000,-200.0
900000,-200.0
1000000,-168.35156
