steps,returns
100000.0,196.31161
200000.0,324.40912
300000.0,232.05536
400000.0,-1616.3975
500000.0,-2370.5557
600000.0,-5414.1577
700000.0,-7790.004
800000.0,-18338.633
900000.0,-33303.49
1000000.0,-53175.61
