steps,returns
100000.0,752.91736
200000.0,816.9592
300000.0,794.78906
400000.0,755.525
500000.0,829.72577
600000.0,1054.2617
700000.0,1116.7036
800000.0,1009.5464
900000.0,531.5503
1000000.0,458.0268
