steps,returns
100000.0,651.5867
200000.0,872.32904
300000.0,792.1759
400000.0,1218.4578
500000.0,1101.6797
600000.0,1474.2008
700000.0,1211.4741
800000.0,821.00793
900000.0,160.27458
1000000.0,-119.53069
