steps,returns
10000,-400.85938
20000,-500.0
30000,-466.8672
40000,-500.0
50000,-500.0
60000,-500.0
70000,-500.0
80000,-500.0
90000,-500.0
100000,-174.00781
