steps,returns
5000,10.4765625
10000,86.16406
15000,36.546875
20000,188.75781
25000,127.07031
30000,98.72656
35000,100.88281
40000,93.82031
45000,17.867188
50000,170.09375
