steps,returns
100000.0,992.0857
200000.0,1284.8384
300000.0,306.46597
400000.0,-61.669594
500000.0,-1604.2056
600000.0,-5869.952
700000.0,-5833.9546
800000.0,-10692.852
900000.0,-12333.339
1000000.0,-16459.879
