steps,returns
1000000,-17.703125
2000000,-18.109375
3000000,-17.859375
4000000,-17.59375
5000000,-18.046875
6000000,-17.8125
7000000,-18.203125
8000000,-17.890625
9000000,-18.328125
10000000,-17.90625
