steps,returns
10000,100.84375
20000,121.50781
30000,120.40625
40000,132.67188
50000,130.77344
60000,145.63281
70000,156.64062
80000,160.03906
90000,152.95312
100000,160.02344
