steps,returns
10000,46.085938
20000,134.15625
30000,261.21094
40000,447.21875
50000,184.89062
60000,350.70312
70000,500.0
80000,500.0
90000,441.9453
100000,500.0
