steps,returns
5000,9.3671875
10000,12.5703125
15000,19.054688
20000,28.039062
25000,118.69531
30000,323.0078
35000,140.17969
40000,82.21094
45000,143.21094
50000,110.75781
