steps,returns
100000.0,-2.3972223
200000.0,20.791409
300000.0,-127.69742
400000.0,-243.49228
500000.0,-424.97705
600000.0,-944.4153
700000.0,-956.9349
800000.0,-929.7537
900000.0,-1146.7247
1000000.0,-1088.0903
