steps,returns
1000000,-18.34375
2000000,-17.9375
3000000,-17.84375
4000000,-17.921875
5000000,-17.359375
6000000,-18.265625
7000000,-17.328125
8000000,-17.703125
9000000,-17.9375
10000000,-17.890625
