steps,returns
1000000,-17.515625
2000000,-17.65625
3000000,-17.09375
4000000,-16.75
5000000,-16.734375
6000000,-16.125
7000000,-16.265625
8000000,-16.3125
9000000,-16.765625
10000000,-16.71875
