steps,returns
5000,9.4921875
10000,9.328125
15000,9.3671875
20000,14.3046875
25000,23.453125
30000,38.898438
35000,60.984375
40000,120.265625
45000,55.984375
50000,41.320312
