steps,returns
100000.0,591.87024
200000.0,553.2849
300000.0,657.31067
400000.0,660.59155
500000.0,545.2739
600000.0,645.6624
700000.0,498.07562
800000.0,513.33777
900000.0,525.7527
1000000.0,548.484
