steps,returns
1000000,386.71875
2000000,910.9375
3000000,757.22656
4000000,910.15625
5000000,782.03125
6000000,862.5
7000000,810.5469
8000000,1678.3203
9000000,1757.2266
10000000,2006.25
