steps,returns
10000,500.0
20000,474.71875
30000,470.66406
40000,500.0
50000,500.0
60000,46.78125
70000,500.0
80000,472.4375
90000,500.0
100000,176.5625
