steps,returns
100000.0,617.1283
200000.0,585.1324
300000.0,615.05396
400000.0,531.80133
500000.0,444.98877
600000.0,467.391
700000.0,535.3271
800000.0,477.9967
900000.0,561.7471
1000000.0,525.6183
