steps,returns
5000,58.984375
10000,23.835938
15000,35.984375
20000,19.351562
25000,29.476562
30000,46.671875
35000,395.02344
40000,265.2422
45000,272.1172
50000,407.84375
