steps,returns
10000,150.66406
20000,107.375
30000,98.5
40000,143.07031
50000,115.41406
60000,106.83594
70000,93.703125
80000,82.35156
90000,86.953125
100000,89.0625
