steps,returns
100000.0,-0.8182257
200000.0,5.104852
300000.0,152.32387
400000.0,-282.58582
500000.0,-286.88116
600000.0,-484.1135
700000.0,-621.26733
800000.0,-568.1625
900000.0,-1413.0167
1000000.0,-1269.4803
