steps,returns
100000.0,749.91907
200000.0,1043.3693
300000.0,640.6963
400000.0,735.39557
500000.0,323.47916
600000.0,127.095535
700000.0,-114.73689
800000.0,-717.28467
900000.0,-1979.209
1000000.0,-2065.2422
