steps,returns
10000,-299.25
20000,-174.01562
30000,-165.46094
40000,-500.0
50000,-500.0
60000,-500.0
70000,-500.0
80000,-500.0
90000,-500.0
100000,-500.0
