steps,returns
5000,13.921875
10000,140.27344
15000,140.67188
20000,165.19531
25000,110.375
30000,128.46094
35000,174.14062
40000,219.91406
45000,135.24219
50000,281.7578
