steps,returns
1000000,525.3906
2000000,485.54688
3000000,250.97656
4000000,321.09375
5000000,240.625
6000000,159.17969
7000000,143.55469
8000000,172.46094
9000000,205.66406
10000000,155.27344
