steps,returns
10000,-90.67969
20000,-303.16406
30000,-500.0
40000,-500.0
50000,-500.0
60000,-500.0
70000,-164.52344
80000,-500.0
90000,-500.0
100000,-500.0
