steps,returns
5000,210.04688
10000,406.625
15000,500.0
20000,497.2578
25000,459.2422
30000,355.5703
35000,375.3672
40000,295.51562
45000,423.39844
50000,490.21094
