steps,returns
1000000,-18.015625
2000000,-18.078125
3000000,-18.234375
4000000,-18.203125
5000000,-18.453125
6000000,-18.03125
7000000,-18.015625
8000000,-17.953125
9000000,-18.09375
10000000,-18.625
