steps,returns
1000000,-18.15625
2000000,-17.96875
3000000,-17.90625
4000000,-17.953125
5000000,-17.875
6000000,-17.59375
7000000,-18.078125
8000000,-18.265625
9000000,-17.328125
10000000,-17.75
