steps,returns
1000000,576.1719
2000000,1398.2422
3000000,883.78906
4000000,711.3281
5000000,870.1172
6000000,747.2656
7000000,625.97656
8000000,748.2422
9000000,823.6328
10000000,1715.8203
