steps,returns
10000,-450.78906
20000,-469.17188
30000,-488.9375
40000,-486.65625
50000,-396.1172
60000,-409.04688
70000,-262.98438
80000,-297.45312
90000,-290.34375
100000,-422.23438
