steps,returns
10000,-500.0
20000,-500.0
30000,-488.3828
40000,-292.14844
50000,-499.875
60000,-115.10156
70000,-376.97656
80000,-88.96875
90000,-251.8125
100000,-500.0
