steps,returns
100000.0,669.4271
200000.0,688.057
300000.0,1007.38824
400000.0,1220.0942
500000.0,1051.8711
600000.0,1030.2148
700000.0,1027.031
800000.0,967.43555
900000.0,790.85645
1000000.0,407.76086
