steps,returns
100000.0,1018.6171
200000.0,936.21704
300000.0,770.8557
400000.0,591.7987
500000.0,467.86774
600000.0,466.22388
700000.0,410.8647
800000.0,377.15616
900000.0,307.06488
1000000.0,309.1598
