steps,returns
1000000,550.0
2000000,125.0
3000000,189.0625
4000000,125.0
5000000,150.0
6000000,125.0
7000000,98.046875
8000000,150.0
9000000,235.15625
10000000,400.0
