steps,returns
100000.0,470.91168
200000.0,804.30225
300000.0,773.62036
400000.0,984.7405
500000.0,1212.0695
600000.0,826.4486
700000.0,856.2332
800000.0,868.5506
900000.0,1113.1534
1000000.0,814.35254
