steps,returns
1000000,17.65625
2000000,123.90625
3000000,46.40625
4000000,18.59375
5000000,17.1875
6000000,248.90625
7000000,17.1875
8000000,791.9531
9000000,207.65625
10000000,571.09375
