steps,returns
10000,-461.78906
20000,-467.1328
30000,-455.4375
40000,-441.08594
50000,-470.41406
60000,-468.0703
70000,-454.16406
80000,-481.35938
90000,-447.125
100000,-482.14062
