steps,returns
10000,357.46094
20000,500.0
30000,500.0
40000,176.22656
50000,500.0
60000,500.0
70000,162.50781
80000,500.0
90000,500.0
100000,500.0
