steps,returns
10000,344.8672
20000,447.875
30000,446.89844
40000,186.20312
50000,312.78906
60000,500.0
70000,500.0
80000,496.71875
90000,496.3047
100000,168.52344
