steps,returns
12000,-200.0
24000,-200.0
36000,-200.0
48000,-148.70312
60000,-200.0
72000,-200.0
84000,-148.53906
96000,-200.0
108000,-128.28906
120000,-167.21094
