steps,returns
1000000,325.0
2000000,675.0
3000000,482.22656
4000000,1475.1953
5000000,553.90625
6000000,683.0078
7000000,734.5703
8000000,1108.9844
9000000,515.2344
10000000,1050.0
