steps,returns
100000.0,0.17835113
200000.0,7.2946506
300000.0,102.42355
400000.0,275.40656
500000.0,188.83037
600000.0,26.342854
700000.0,41.556328
800000.0,44.956146
900000.0,-33.108948
1000000.0,66.52948
