steps,returns
10000,407.375
20000,92.22656
30000,330.6953
40000,70.25781
50000,376.10156
60000,460.46094
70000,48.09375
80000,305.78125
90000,461.53906
100000,21.5625
