steps,returns
100000.0,306.38647
200000.0,265.27515
300000.0,263.1352
400000.0,249.74597
500000.0,249.97417
600000.0,255.62245
700000.0,249.64835
800000.0,249.67133
900000.0,248.4129
1000000.0,252.57996
