steps,returns
100000.0,72.10283
200000.0,74.35182
300000.0,75.57248
400000.0,75.2739
500000.0,75.213104
600000.0,74.96852
700000.0,74.84657
800000.0,75.08774
900000.0,75.30994
1000000.0,75.25544
