steps,returns
100000.0,431.1184
200000.0,609.08453
300000.0,468.72592
400000.0,476.20227
500000.0,580.32983
600000.0,608.44073
700000.0,684.207
800000.0,1401.8289
900000.0,1455.4761
1000000.0,1384.8525
