steps,returns
100000.0,1035.8094
200000.0,832.48926
300000.0,846.59827
400000.0,545.0102
500000.0,551.09485
600000.0,526.45764
700000.0,481.27942
800000.0,509.83997
900000.0,628.7102
1000000.0,599.43884
