steps,returns
5000,8.9140625
10000,9.078125
15000,9.1328125
20000,9.4609375
25000,9.3203125
30000,9.234375
35000,9.2734375
40000,9.4296875
45000,9.421875
50000,9.296875
