steps,returns
100000.0,923.33984
200000.0,659.6755
300000.0,890.899
400000.0,827.80676
500000.0,774.7886
600000.0,688.18005
700000.0,776.2565
800000.0,756.59155
900000.0,713.0818
1000000.0,761.6513
