steps,returns
10000,190.5
20000,449.27344
30000,499.8828
40000,500.0
50000,288.4922
60000,478.26562
70000,368.34375
80000,500.0
90000,500.0
100000,497.4453
