steps,returns
1000000,68.59375
2000000,168.28125
3000000,192.03125
4000000,16.875
5000000,20.15625
6000000,295.23438
7000000,251.875
8000000,659.53125
9000000,17.96875
10000000,814.7656
