steps,returns
100000.0,-54.900433
200000.0,-8.653343
300000.0,-641.74744
400000.0,-1049.6826
500000.0,-814.92664
600000.0,-1599.9534
700000.0,-1252.8481
800000.0,-2171.1206
900000.0,-2031.5797
1000000.0,-2473.9626
