steps,returns
5000,50.71875
10000,58.25
15000,61.320312
20000,61.757812
25000,65.3125
30000,66.14844
35000,65.546875
40000,59.367188
45000,59.851562
50000,57.617188
