steps,returns
100000.0,728.59875
200000.0,679.7138
300000.0,686.1815
400000.0,207.90433
500000.0,353.7612
600000.0,323.24652
700000.0,-8.871087
800000.0,-294.23523
900000.0,-1004.4192
1000000.0,-688.8032
