steps,returns
1000000,-17.90625
2000000,-18.078125
3000000,-18.390625
4000000,-17.890625
5000000,-17.640625
6000000,-18.484375
7000000,-17.953125
8000000,-18.15625
9000000,-18.703125
10000000,-17.890625
