steps,returns
1000000,-18.046875
2000000,-17.53125
3000000,-17.78125
4000000,-18.140625
5000000,-18.09375
6000000,-17.921875
7000000,-17.671875
8000000,-17.90625
9000000,-17.875
10000000,-17.734375
