steps,returns
100000.0,533.99927
200000.0,498.12082
300000.0,487.70187
400000.0,418.0864
500000.0,413.6344
600000.0,470.27292
700000.0,472.06366
800000.0,587.3161
900000.0,481.83044
1000000.0,424.4828
