steps,returns
1000000,282.03125
2000000,323.04688
3000000,630.8594
4000000,451.5625
5000000,820.7031
6000000,700.0
7000000,450.0
8000000,545.3125
9000000,625.97656
10000000,718.75
