steps,returns
5000,9.4296875
10000,9.3984375
15000,9.3125
20000,12.796875
25000,15.34375
30000,28.945312
35000,51.632812
40000,119.375
45000,52.59375
50000,25.320312
