steps,returns
1000000,-17.9375
2000000,-18.15625
3000000,-18.46875
4000000,-18.078125
5000000,-17.140625
6000000,-18.4375
7000000,-17.609375
8000000,-18.5
9000000,-17.703125
10000000,-18.359375
