steps,returns
10000,92.72656
20000,92.671875
30000,100.546875
40000,108.88281
50000,109.25781
60000,106.28906
70000,114.50781
80000,112.83594
90000,112.89844
100000,116.890625
