steps,returns
100000.0,766.9633
200000.0,613.14075
300000.0,810.9511
400000.0,670.58215
500000.0,1873.6313
600000.0,471.0108
700000.0,-11593.254
800000.0,-121839.36
900000.0,-348096.06
1000000.0,-569377.4
