steps,returns
10000,93.83594
20000,93.33594
30000,134.94531
40000,138.67188
50000,224.82031
60000,243.86719
70000,288.83594
80000,346.03906
90000,441.98438
100000,497.96094
