steps,returns
1000000,607.8125
2000000,486.52344
3000000,488.28125
4000000,532.03125
5000000,631.0547
6000000,791.7969
7000000,1937.1094
8000000,1681.25
9000000,1242.9688
10000000,4014.0625
