steps,returns
100000.0,1218.7837
200000.0,351.49805
300000.0,-501.92258
400000.0,-1973.4478
500000.0,-8397.343
600000.0,-20296.662
700000.0,-88235.68
800000.0,-141479.25
900000.0,-189703.05
1000000.0,-428284.8
