steps,returns
100000.0,90.093376
200000.0,93.486465
300000.0,93.49261
400000.0,94.86983
500000.0,94.53172
600000.0,95.2554
700000.0,95.77309
800000.0,95.07292
900000.0,94.789955
1000000.0,94.722626
