steps,returns
10000,9.3671875
20000,9.3125
30000,9.21875
40000,9.3515625
50000,9.2734375
60000,9.3515625
70000,9.2890625
80000,9.2578125
90000,9.359375
100000,9.453125
