steps,returns
1000000,125.0
2000000,130.66406
3000000,159.375
4000000,350.0
5000000,150.0
6000000,219.53125
7000000,275.0
8000000,293.16406
9000000,350.0
10000000,250.0
