steps,returns
1000000,-17.9375
2000000,-18.21875
3000000,-17.859375
4000000,-18.40625
5000000,-18.203125
6000000,-17.84375
7000000,-18.453125
8000000,-17.546875
9000000,-17.890625
10000000,-18.34375
