steps,returns
1000000,-17.921875
2000000,-17.5
3000000,-17.453125
4000000,-18.265625
5000000,-17.484375
6000000,-17.3125
7000000,-17.03125
8000000,-17.265625
9000000,-17.328125
10000000,-17.8125
