steps,returns
1000000,-17.78125
2000000,-18.203125
3000000,-17.9375
4000000,-17.921875
5000000,-17.890625
6000000,-18.1875
7000000,-17.6875
8000000,-17.5
9000000,-18.390625
10000000,-18.421875
