steps,returns
10000,119.99219
20000,124.59375
30000,127.6875
40000,138.5625
50000,172.99219
60000,143.42188
70000,444.1875
80000,480.83594
90000,452.21094
100000,500.0
