steps,returns
100000.0,31.286268
200000.0,-453.50616
300000.0,-936.43256
400000.0,-1299.7028
500000.0,-853.5735
600000.0,-708.656
700000.0,-863.5373
800000.0,-1113.0396
900000.0,-1553.1268
1000000.0,-1772.5597
