steps,returns
10000,93.65625
20000,99.015625
30000,102.1875
40000,101.86719
50000,111.07031
60000,110.16406
70000,108.35156
80000,112.38281
90000,102.16406
100000,117.88281
