steps,returns
1000000,652.9297
2000000,619.72656
3000000,567.1875
4000000,548.4375
5000000,591.7969
6000000,379.6875
7000000,713.28125
8000000,745.5078
9000000,726.9531
10000000,309.1797
