steps,returns
100000.0,792.3437
200000.0,981.0266
300000.0,640.5857
400000.0,1303.3813
500000.0,757.2147
600000.0,495.06238
700000.0,144.45317
800000.0,-522.9728
900000.0,-1078.169
1000000.0,-1296.7803
