steps,returns
100000.0,962.80945
200000.0,876.2304
300000.0,707.40717
400000.0,749.8616
500000.0,697.61206
600000.0,651.48096
700000.0,625.421
800000.0,239.79546
900000.0,0.60108376
1000000.0,73.11583
