steps,returns
10000,-426.70312
20000,-468.57812
30000,-479.17188
40000,-500.0
50000,-500.0
60000,-500.0
70000,-118.69531
80000,-500.0
90000,-500.0
100000,-500.0
