steps,returns
5000,78.125
10000,83.85156
15000,82.03906
20000,82.08594
25000,82.0625
30000,85.265625
35000,81.58594
40000,84.78125
45000,85.21094
50000,79.734375
