steps,returns
100000.0,35.369728
200000.0,-144.94035
300000.0,-397.9223
400000.0,-3404.1108
500000.0,-11465.305
600000.0,-24161.771
700000.0,-64122.348
800000.0,-139836.77
900000.0,-355506.2
1000000.0,-846505.9
