steps,returns
100000.0,727.66693
200000.0,617.5759
300000.0,482.7822
400000.0,2257.0745
500000.0,2569.0232
600000.0,1685.2589
700000.0,1928.3577
800000.0,2007.0752
900000.0,1898.1598
1000000.0,1004.04297
