steps,returns
1000000,-18.171875
2000000,-18.046875
3000000,-17.75
4000000,-17.59375
5000000,-17.640625
6000000,-17.8125
7000000,-17.625
8000000,-18.03125
9000000,-17.3125
10000000,-17.75
