steps,returns
5000,9.3671875
10000,9.421875
15000,9.4453125
20000,9.484375
25000,102.59375
30000,100.83594
35000,93.765625
40000,116.75781
45000,128.8125
50000,204.66406
