steps,returns
100000.0,642.52576
200000.0,545.191
300000.0,551.7779
400000.0,650.6832
500000.0,761.87476
600000.0,783.19055
700000.0,856.049
800000.0,893.5336
900000.0,886.0912
1000000.0,895.9607
