steps,returns
1000000,70.46875
2000000,35.46875
3000000,57.5
4000000,28.59375
5000000,126.40625
6000000,195.46875
7000000,218.59375
8000000,225.78125
9000000,189.375
10000000,178.28125
