steps,returns
100000.0,-415.20258
200000.0,-1291.1375
300000.0,-300.11432
400000.0,-1428.4508
500000.0,-2250.2822
600000.0,-3422.8438
700000.0,-4736.6665
800000.0,-5805.0015
900000.0,-1552.7966
1000000.0,-1921.0037
