steps,returns
100000.0,536.95795
200000.0,567.83655
300000.0,583.1937
400000.0,579.548
500000.0,658.93414
600000.0,933.07947
700000.0,1080.8671
800000.0,1209.067
900000.0,1330.2373
1000000.0,1110.3362
