steps,returns
1000000,-18.0625
2000000,-18.09375
3000000,-17.875
4000000,-18.546875
5000000,-17.734375
6000000,-18.015625
7000000,-17.765625
8000000,-18.046875
9000000,-18.1875
10000000,-18.015625
