steps,returns
1000000,-18.0
2000000,-17.609375
3000000,-18.15625
4000000,-18.234375
5000000,-18.203125
6000000,-18.0
7000000,-18.46875
8000000,-17.453125
9000000,-18.390625
10000000,-18.421875
