steps,returns
100000.0,155.74893
200000.0,-300.99365
300000.0,-625.40717
400000.0,-725.21454
500000.0,-745.4529
600000.0,-739.0203
700000.0,-736.4336
800000.0,-728.14764
900000.0,-726.4768
1000000.0,-717.1457
