steps,returns
100000.0,19.057625
200000.0,13.505457
300000.0,16.969707
400000.0,18.535892
500000.0,15.408107
600000.0,21.904854
700000.0,21.595901
800000.0,24.34233
900000.0,24.898094
1000000.0,23.954838
