steps,returns
10000,436.33594
20000,500.0
30000,442.48438
40000,254.46094
50000,500.0
60000,500.0
70000,500.0
80000,500.0
90000,500.0
100000,500.0
