steps,returns
100000.0,289.63397
200000.0,394.46002
300000.0,558.1423
400000.0,548.7837
500000.0,800.9907
600000.0,877.1277
700000.0,861.26166
800000.0,839.978
900000.0,713.09064
1000000.0,-5.0198913
