steps,returns
1000000,-18.015625
2000000,-17.84375
3000000,-17.765625
4000000,-17.484375
5000000,-17.078125
6000000,-16.953125
7000000,-17.453125
8000000,-17.0
9000000,-16.484375
10000000,-16.40625
