steps,returns
5000,59.84375
10000,62.726562
15000,61.429688
20000,60.882812
25000,56.078125
30000,52.476562
35000,51.4375
40000,46.101562
45000,44.234375
50000,43.960938
