steps,returns
100000.0,933.95996
200000.0,518.4711
300000.0,708.10266
400000.0,922.0725
500000.0,890.1484
600000.0,865.7133
700000.0,874.59705
800000.0,813.74005
900000.0,818.2498
1000000.0,1027.96
