steps,returns
5000,9.3828125
10000,9.3984375
15000,9.3359375
20000,9.296875
25000,9.3359375
30000,9.3203125
35000,9.1875
40000,9.3515625
45000,9.3359375
50000,9.3359375
