steps,returns
10000,500.0
20000,66.953125
30000,500.0
40000,500.0
50000,245.44531
60000,186.51562
70000,9.359375
80000,182.52344
90000,500.0
100000,441.5703
