steps,returns
10000,157.375
20000,134.21875
30000,120.796875
40000,121.49219
50000,121.53906
60000,109.90625
70000,102.27344
80000,94.09375
90000,89.33594
100000,100.796875
