steps,returns
100000.0,207.81702
200000.0,194.61734
300000.0,180.05858
400000.0,157.34756
500000.0,208.31328
600000.0,210.32521
700000.0,191.45883
800000.0,176.21182
900000.0,181.02396
1000000.0,158.11247
