steps,returns
1000000,-17.953125
2000000,-17.359375
3000000,-17.171875
4000000,-17.65625
5000000,-17.765625
6000000,-17.75
7000000,-17.5625
8000000,-17.578125
9000000,-17.59375
10000000,-17.875
