steps,returns
100000.0,690.1116
200000.0,718.62964
300000.0,583.3431
400000.0,552.3491
500000.0,515.0808
600000.0,583.6967
700000.0,498.0304
800000.0,473.60217
900000.0,540.9258
1000000.0,419.53177
