steps,returns
100000.0,1002.13806
200000.0,870.73596
300000.0,714.1008
400000.0,639.1852
500000.0,457.91162
600000.0,330.7865
700000.0,196.499
800000.0,80.06534
900000.0,6.931068
1000000.0,63.507442
