steps,returns
100000.0,617.4754
200000.0,576.7671
300000.0,630.25616
400000.0,706.4233
500000.0,817.46533
600000.0,1055.631
700000.0,1072.8193
800000.0,1109.9211
900000.0,884.041
1000000.0,605.9347
