steps,returns
1000000,648.8281
2000000,450.39062
3000000,638.47656
4000000,830.46875
5000000,777.14844
6000000,757.8125
7000000,800.97656
8000000,783.2031
9000000,800.0
10000000,760.9375
