steps,returns
5000,8.96875
10000,8.9609375
15000,9.1640625
20000,9.0234375
25000,9.0859375
30000,9.078125
35000,9.046875
40000,9.0390625
45000,9.0625
50000,9.1875
