steps,returns
1000000,-17.25
2000000,-18.296875
3000000,-17.921875
4000000,-17.9375
5000000,-18.03125
6000000,-17.59375
7000000,-18.375
8000000,-18.046875
9000000,-18.109375
10000000,-18.328125
