steps,returns
10000,102.78906
20000,118.58594
30000,141.71875
40000,176.94531
50000,207.55469
60000,331.26562
70000,415.27344
80000,394.6797
90000,430.42188
100000,405.2422
