steps,returns
100000.0,99.004456
200000.0,-302.64484
300000.0,-328.41034
400000.0,-334.57812
500000.0,-333.32904
600000.0,-332.73907
700000.0,-334.14972
800000.0,-333.08316
900000.0,-333.97485
1000000.0,-333.1541
