steps,returns
5000,9.015625
10000,9.4296875
15000,9.3359375
20000,9.359375
25000,12.375
30000,15.0859375
35000,22.890625
40000,42.710938
45000,66.921875
50000,216.03906
