steps,returns
10000,19.382812
20000,231.78125
30000,186.54688
40000,269.3828
50000,190.03125
60000,392.1797
70000,392.59375
80000,448.8672
90000,490.22656
100000,476.58594
