steps,returns
1000000,17.34375
2000000,16.71875
3000000,34.6875
4000000,375.625
5000000,21.25
6000000,164.53125
7000000,198.20312
8000000,157.65625
9000000,30.9375
10000000,1051.7969
