steps,returns
100000.0,937.42676
200000.0,489.3156
300000.0,-291.16925
400000.0,-163.66592
500000.0,-537.702
600000.0,-1004.6944
700000.0,-1813.0142
800000.0,-3080.2515
900000.0,-4571.5234
1000000.0,-6718.896
