steps,returns
10000,99.74219
20000,423.90625
30000,500.0
40000,500.0
50000,44.179688
60000,500.0
70000,30.398438
80000,484.01562
90000,144.67188
100000,9.2734375
