steps,returns
100000.0,0.08385334
200000.0,0.9576859
300000.0,3.1400218
400000.0,46.47294
500000.0,816.5322
600000.0,695.8535
700000.0,121.87326
800000.0,63.581825
900000.0,-14.516989
1000000.0,-52.740303
