steps,returns
1000000,-18.328125
2000000,-17.875
3000000,-18.03125
4000000,-17.75
5000000,-18.046875
6000000,-18.109375
7000000,-18.171875
8000000,-17.453125
9000000,-17.375
10000000,-17.5625
