steps,returns
10000,154.32031
20000,163.85938
30000,193.77344
40000,369.9922
50000,234.36719
60000,500.0
70000,479.0703
80000,499.59375
90000,488.83594
100000,481.15625
