steps,returns
1000000,-17.09375
2000000,-16.09375
3000000,-11.484375
4000000,-2.328125
5000000,-3.8125
6000000,-3.296875
7000000,-3.109375
8000000,-2.328125
9000000,-10.140625
10000000,-5.515625
