steps,returns
10000,120.359375
20000,252.14062
30000,269.97656
40000,500.0
50000,488.53906
60000,357.34375
70000,500.0
80000,500.0
90000,500.0
100000,497.16406
