steps,returns
5000,9.46875
10000,44.890625
15000,15.8359375
20000,162.28125
25000,67.625
30000,194.8125
35000,102.53906
40000,122.234375
45000,151.89844
50000,77.75
