steps,returns
5000,383.7578
10000,331.3672
15000,288.33594
20000,297.67188
25000,132.67969
30000,86.484375
35000,61.101562
40000,35.296875
45000,16.125
50000,9.59375
