steps,returns
100000.0,891.60785
200000.0,664.6387
300000.0,209.78479
400000.0,-126.9456
500000.0,-699.7724
600000.0,-1527.5173
700000.0,-3014.0405
800000.0,-3382.5674
900000.0,-4089.457
1000000.0,-2865.8687
