steps,returns
100000.0,151.94098
200000.0,790.0171
300000.0,937.6008
400000.0,962.7367
500000.0,869.30725
600000.0,798.0856
700000.0,767.7278
800000.0,785.662
900000.0,1067.8862
1000000.0,1057.7822
