steps,returns
5000,72.734375
10000,77.9375
15000,67.49219
20000,59.515625
25000,52.164062
30000,47.492188
35000,47.195312
40000,44.5
45000,30.882812
50000,20.78125
