steps,returns
10000,155.64062
20000,57.492188
30000,345.90625
40000,500.0
50000,9.3046875
60000,9.3828125
70000,9.2890625
80000,9.3125
90000,9.4296875
100000,9.4609375
