steps,returns
10000,141.78125
20000,351.22656
30000,390.72656
40000,500.0
50000,500.0
60000,290.1797
70000,500.0
80000,500.0
90000,500.0
100000,500.0
