steps,returns
5000,16.34375
10000,15.453125
15000,15.375
20000,13.625
25000,12.4765625
30000,10.515625
35000,9.484375
40000,8.9375
45000,8.8359375
50000,8.84375
