steps,returns
5000,90.875
10000,83.6875
15000,90.02344
20000,86.52344
25000,70.21875
30000,51.273438
35000,42.875
40000,21.445312
45000,14.3046875
50000,11.015625
