steps,returns
1000000,150.0
2000000,325.0
3000000,325.0
4000000,193.75
5000000,150.0
6000000,225.0
7000000,186.71875
8000000,259.76562
9000000,240.03906
10000000,270.89844
