steps,returns
100000.0,374.18958
200000.0,283.79895
300000.0,916.67175
400000.0,865.0228
500000.0,826.8921
600000.0,799.91345
700000.0,786.47955
800000.0,774.4564
900000.0,760.4969
1000000.0,822.879
