steps,returns
5000,9.328125
10000,10.21875
15000,43.726562
20000,129.72656
25000,135.48438
30000,189.96094
35000,106.88281
40000,109.32031
45000,114.140625
50000,30.523438
