steps,returns
1000000,484.14062
2000000,206.25
3000000,635.46875
4000000,232.1875
5000000,65.9375
6000000,17.65625
7000000,40.15625
8000000,17.1875
9000000,44.0625
10000000,57.03125
