steps,returns
100000.0,101.01582
200000.0,102.23868
300000.0,104.13838
400000.0,98.14229
500000.0,99.32292
600000.0,95.82559
700000.0,96.02668
800000.0,94.27459
900000.0,95.55048
1000000.0,94.51491
