steps,returns
1000000,-17.796875
2000000,-18.140625
3000000,-18.046875
4000000,-17.515625
5000000,-17.625
6000000,-17.921875
7000000,-18.078125
8000000,-18.0
9000000,-17.765625
10000000,-18.078125
