steps,returns
1000000,125.0
2000000,296.6797
3000000,432.42188
4000000,266.40625
5000000,356.64062
6000000,382.03125
7000000,358.20312
8000000,391.60156
9000000,438.8672
10000000,555.46875
