{"config": {"hp_config.clip_eps": 0.3077797821419221, "hp_config.ent_coef": 0.061909991424720756, "hp_config.gae_lambda": 0.9695168450415147, "hp_config.learning_rate": 0.01087914571253227, "hp_config.max_grad_norm": 0.5691007386145933, "hp_config.minibatch_size": 256, "hp_config.normalize_advantage": true, "hp_config.vf_clip_eps": 0.3487143865722818, "hp_config.vf_coef": 0.45354268267806885}, "score": 17.03125, "budget_used": 128, "total_wallclock_time": -37254.96987867355, "total_optimization_time": 0.01054525375366211}
