steps,returns
100000.0,666.16046
200000.0,698.87854
300000.0,866.23566
400000.0,859.54297
500000.0,886.7434
600000.0,860.24634
700000.0,786.5421
800000.0,903.2251
900000.0,1173.0154
1000000.0,1127.3635
