steps,returns
1000000,150.0
2000000,307.22656
3000000,559.7656
4000000,608.78906
5000000,737.8906
6000000,450.0
7000000,673.8281
8000000,693.9453
9000000,632.22656
10000000,804.6875
