steps,returns
100000.0,-17.389503
200000.0,-12.284622
300000.0,-10.75136
400000.0,-9.398262
500000.0,-8.709076
600000.0,-8.073511
700000.0,-7.381126
800000.0,-7.3789415
900000.0,-8.308466
1000000.0,-8.132166
