steps,returns
5000,9.59375
10000,9.75
15000,9.4921875
20000,9.6015625
25000,9.5234375
30000,9.5
35000,9.5546875
40000,9.484375
45000,9.40625
50000,9.5
