steps,returns
100000.0,840.1197
200000.0,716.421
300000.0,978.703
400000.0,1009.2001
500000.0,975.25903
600000.0,934.3679
700000.0,896.38477
800000.0,890.3965
900000.0,903.08246
1000000.0,881.36487
