steps,returns
1000000,733.78906
2000000,5871.6797
3000000,3233.5938
4000000,629.6875
5000000,277.14844
6000000,498.2422
7000000,830.66406
8000000,500.78125
9000000,630.8594
10000000,1925.1953
