steps,returns
10000,84.328125
20000,195.9375
30000,230.98438
40000,415.0078
50000,354.64062
60000,499.6875
70000,500.0
80000,500.0
90000,383.47656
100000,456.33594
