steps,returns
10000,269.5
20000,65.71094
30000,186.45312
40000,382.5547
50000,500.0
60000,450.46875
70000,309.3203
80000,500.0
90000,139.35938
100000,456.17188
