steps,returns
5000,9.3125
10000,9.40625
15000,23.296875
20000,48.78125
25000,35.796875
30000,21.132812
35000,47.703125
40000,13.640625
45000,63.609375
50000,120.42969
