steps,returns
1000000,147.34375
2000000,204.21875
3000000,78.28125
4000000,581.09375
5000000,114.6875
6000000,222.03125
7000000,158.90625
8000000,105.0
9000000,175.15625
10000000,151.5625
