steps,returns
100000.0,581.7065
200000.0,412.5147
300000.0,3.2114463
400000.0,-155.65698
500000.0,-492.18542
600000.0,-518.8889
700000.0,-754.90393
800000.0,-1166.7346
900000.0,-2655.3662
1000000.0,-4352.575
