steps,returns
100000.0,-0.12011946
200000.0,1.6159656
300000.0,4.197429
400000.0,27.620934
500000.0,612.2829
600000.0,978.06165
700000.0,27.985636
800000.0,54.50616
900000.0,28.12328
1000000.0,4.052702
