{"config": {"hp_config.clip_eps": 0.2610312103411322, "hp_config.ent_coef": 0.01758002985809709, "hp_config.gae_lambda": 0.9811556608154781, "hp_config.learning_rate": 0.012073175885331699, "hp_config.max_grad_norm": 0.5525813325105046, "hp_config.minibatch_size": 512, "hp_config.normalize_advantage": false, "hp_config.vf_clip_eps": 0.05526114702633028, "hp_config.vf_coef": 0.6308318084098038}, "score": -18.5625, "budget_used": 128, "total_wallclock_time": -3969.5693838596344, "total_optimization_time": 0.013265848159790039}
