steps,returns
5000,77.75781
10000,90.05469
15000,151.45312
20000,159.1875
25000,181.00781
30000,90.49219
35000,23.609375
40000,171.32812
45000,81.109375
50000,30.023438
