steps,returns
1000000,-18.3125
2000000,-18.203125
3000000,-17.75
4000000,-18.421875
5000000,-17.859375
6000000,-18.328125
7000000,-17.921875
8000000,-17.703125
9000000,-18.640625
10000000,-18.265625
