steps,returns
10000,428.1328
20000,500.0
30000,459.45312
40000,388.07812
50000,87.89844
60000,152.55469
70000,142.61719
80000,251.14844
90000,474.98438
100000,469.28125
