steps,returns
5000,9.703125
10000,24.234375
15000,64.90625
20000,110.40625
25000,168.9375
30000,73.453125
35000,88.8125
40000,108.34375
45000,107.94531
50000,21.140625
