steps,returns
100000.0,895.09985
200000.0,815.7815
300000.0,726.2036
400000.0,668.8607
500000.0,192.61899
600000.0,118.88107
700000.0,113.63964
800000.0,774.87164
900000.0,1027.5287
1000000.0,1072.5476
