steps,returns
5000,9.0234375
10000,9.0390625
15000,9.2109375
20000,9.421875
25000,9.2421875
30000,9.34375
35000,9.359375
40000,9.3359375
45000,9.4609375
50000,9.40625
