steps,returns
5000,33.367188
10000,91.796875
15000,133.36719
20000,96.92969
25000,98.0
30000,99.35156
35000,93.27344
40000,93.375
45000,93.42969
50000,94.75
