steps,returns
5000,9.2265625
10000,20.6875
15000,12.5390625
20000,15.703125
25000,13.625
30000,39.890625
35000,22.117188
40000,47.171875
45000,48.554688
50000,30.921875
