steps,returns
1000000,-18.203125
2000000,-18.078125
3000000,-18.203125
4000000,-18.25
5000000,-17.328125
6000000,-18.46875
7000000,-18.796875
8000000,-17.515625
9000000,-16.515625
10000000,-17.15625
