steps,returns
100000.0,1035.7556
200000.0,893.4558
300000.0,720.26807
400000.0,398.23712
500000.0,354.237
600000.0,311.33353
700000.0,279.06125
800000.0,258.96405
900000.0,241.59068
1000000.0,232.45709
