steps,returns
1000000,-18.109375
2000000,-17.78125
3000000,-17.453125
4000000,-18.109375
5000000,-17.625
6000000,-17.921875
7000000,-17.640625
8000000,-17.953125
9000000,-17.890625
10000000,-18.0
