steps,returns
100000.0,-0.3961232
200000.0,0.109665856
300000.0,1.0188949
400000.0,10.815896
500000.0,602.5508
600000.0,21.027689
700000.0,131.32251
800000.0,118.41304
900000.0,106.53203
1000000.0,-99.51323
