steps,returns
5000,8.7890625
10000,8.921875
15000,8.9375
20000,8.984375
25000,9.09375
30000,9.015625
35000,9.171875
40000,9.109375
45000,9.1171875
50000,9.265625
