steps,returns
100000.0,1236.9764
200000.0,729.50275
300000.0,1029.5042
400000.0,998.0783
500000.0,966.266
600000.0,914.79407
700000.0,864.64795
800000.0,1011.9666
900000.0,1358.7783
1000000.0,1378.2988
