steps,returns
1000000,-18.09375
2000000,-18.265625
3000000,-18.09375
4000000,-17.890625
5000000,-18.234375
6000000,-17.6875
7000000,-18.125
8000000,-18.078125
9000000,-17.90625
10000000,-18.046875
