steps,returns
5000,144.90625
10000,15.5859375
15000,30.992188
20000,38.320312
25000,143.49219
30000,204.64062
35000,140.46875
40000,118.125
45000,117.38281
50000,89.34375
