steps,returns
10000,59.867188
20000,134.72656
30000,124.14844
40000,33.320312
50000,500.0
60000,103.03906
70000,165.64844
80000,500.0
90000,19.3125
100000,58.890625
