steps,returns
1000000,125.0
2000000,300.0
3000000,350.0
4000000,205.27344
5000000,334.1797
6000000,215.625
7000000,509.5703
8000000,313.47656
9000000,951.7578
10000000,456.83594
