steps,returns
10000,102.53906
20000,164.25781
30000,9.2421875
40000,103.61719
50000,33.625
60000,62.59375
70000,9.3125
80000,70.234375
90000,9.21875
100000,63.085938
