steps,returns
100000.0,1373.4648
200000.0,886.04517
300000.0,817.8397
400000.0,781.2917
500000.0,820.1637
600000.0,743.2655
700000.0,636.6127
800000.0,643.29736
900000.0,689.109
1000000.0,581.9596
