steps,returns
10000,386.15625
20000,480.3672
30000,452.96094
40000,498.77344
50000,497.23438
60000,500.0
70000,500.0
80000,500.0
90000,500.0
100000,500.0
