steps,returns
1000000,-18.078125
2000000,-17.59375
3000000,-17.578125
4000000,-18.640625
5000000,-17.59375
6000000,-17.296875
7000000,-18.609375
8000000,-17.203125
9000000,-18.109375
10000000,-17.953125
