steps,returns
10000,117.953125
20000,134.5625
30000,133.51562
40000,140.9375
50000,266.96094
60000,151.03125
70000,212.04688
80000,407.5547
90000,398.29688
100000,460.40625
