steps,returns
10000,184.27344
20000,496.14062
30000,114.57031
40000,432.39844
50000,164.54688
60000,196.60156
70000,192.04688
80000,500.0
90000,500.0
100000,500.0
