steps,returns
1000000,17.03125
2000000,16.875
3000000,38.125
4000000,36.25
5000000,32.1875
6000000,27.34375
7000000,353.125
8000000,66.875
9000000,116.09375
10000000,357.96875
