steps,returns
5000,81.640625
10000,81.328125
15000,80.21094
20000,83.921875
25000,86.41406
30000,83.08594
35000,85.71094
40000,84.5
45000,78.80469
50000,81.99219
