steps,returns
10000,500.0
20000,197.6875
30000,397.46094
40000,155.46094
50000,239.02344
60000,77.5
70000,70.57031
80000,210.41406
90000,213.84375
100000,500.0
