steps,returns
100000.0,3.203026
200000.0,5.8135757
300000.0,6.7720904
400000.0,7.1797085
500000.0,7.3699913
600000.0,7.435452
700000.0,7.7061267
800000.0,7.5323257
900000.0,7.806684
1000000.0,7.657978
