steps,returns
100000.0,1014.1536
200000.0,997.2156
300000.0,914.2561
400000.0,765.4298
500000.0,590.08923
600000.0,435.97412
700000.0,98.46241
800000.0,77.15377
900000.0,45.96547
1000000.0,41.048416
