steps,returns
5000,10.3828125
10000,64.83594
15000,97.94531
20000,130.3125
25000,122.41406
30000,82.19531
35000,100.61719
40000,102.046875
45000,230.53125
50000,97.78125
