steps,returns
1000000,-17.65625
2000000,-17.90625
3000000,-17.828125
4000000,-18.65625
5000000,-18.28125
6000000,-18.21875
7000000,-18.0
8000000,-17.90625
9000000,-18.5625
10000000,-17.9375
