steps,returns
100000.0,780.4045
200000.0,811.969
300000.0,827.5476
400000.0,819.99414
500000.0,752.6549
600000.0,683.66296
700000.0,695.9966
800000.0,774.26917
900000.0,1511.1547
1000000.0,1843.7437
