steps,returns
10000,351.32812
20000,200.1875
30000,184.71094
40000,287.4922
50000,227.8125
60000,500.0
70000,500.0
80000,479.47656
90000,264.4375
100000,129.63281
