steps,returns
10000,-355.96875
20000,-493.03125
30000,-497.625
40000,-495.16406
50000,-500.0
60000,-500.0
70000,-500.0
80000,-500.0
90000,-499.64062
100000,-500.0
