steps,returns
1000000,28.125
2000000,27.96875
3000000,17.34375
4000000,36.71875
5000000,29.6875
6000000,17.1875
7000000,17.1875
8000000,17.65625
9000000,17.65625
10000000,17.8125
