steps,returns
1000000,264.0625
2000000,125.0
3000000,287.6953
4000000,248.4375
5000000,269.92188
6000000,250.78125
7000000,418.9453
8000000,443.9453
9000000,474.8047
10000000,349.21875
