steps,returns
1000000,236.13281
2000000,250.0
3000000,200.0
4000000,742.1875
5000000,220.3125
6000000,614.84375
7000000,539.0625
8000000,578.71094
9000000,607.22656
10000000,569.9219
