steps,returns
1000000,163.90625
2000000,95.15625
3000000,2150.1562
4000000,2312.2656
5000000,4398.4375
6000000,4839.453
7000000,2775.7812
8000000,5888.828
9000000,5232.578
10000000,4969.6094
