steps,returns
5000,27.257812
10000,27.296875
15000,31.421875
20000,34.0625
25000,36.53125
30000,38.195312
35000,38.578125
40000,41.445312
45000,44.304688
50000,45.78125
