steps,returns
1000000,-17.765625
2000000,-17.5625
3000000,-18.296875
4000000,-17.953125
5000000,-17.703125
6000000,-17.75
7000000,-18.21875
8000000,-17.59375
9000000,-17.96875
10000000,-17.421875
