steps,returns
100000.0,-0.6136957
200000.0,2.769238
300000.0,1089.331
400000.0,94.24419
500000.0,-7.8678293
600000.0,83.94752
700000.0,8.504842
800000.0,-26.776917
900000.0,-31.164553
1000000.0,26.856356
