steps,returns
100000.0,913.22974
200000.0,750.87994
300000.0,597.6553
400000.0,608.74817
500000.0,679.88654
600000.0,732.57446
700000.0,743.95905
800000.0,906.53656
900000.0,936.04663
1000000.0,1157.1537
