steps,returns
5000,23.53125
10000,29.421875
15000,9.2578125
20000,94.10156
25000,86.328125
30000,66.92969
35000,213.53906
40000,189.53906
45000,453.96875
50000,237.60938
