steps,returns
5000,9.234375
10000,133.44531
15000,118.50781
20000,99.94531
25000,103.078125
30000,309.0
35000,198.61719
40000,500.0
45000,103.44531
50000,112.02344
