steps,returns
5000,8.796875
10000,8.828125
15000,8.859375
20000,8.8828125
25000,8.7890625
30000,8.8984375
35000,8.8046875
40000,8.8671875
45000,8.8203125
50000,8.96875
