steps,returns
1000000,-17.78125
2000000,-18.53125
3000000,-17.875
4000000,-18.515625
5000000,-18.546875
6000000,-17.84375
7000000,-17.9375
8000000,-17.515625
9000000,-18.078125
10000000,-18.078125
