steps,returns
5000,26.375
10000,26.429688
15000,27.710938
20000,27.6875
25000,27.054688
30000,27.523438
35000,27.351562
40000,27.421875
45000,27.867188
50000,28.46875
