steps,returns
1000000,-18.34375
2000000,-18.546875
3000000,-18.3125
4000000,-18.171875
5000000,-17.96875
6000000,-17.625
7000000,-17.765625
8000000,-18.359375
9000000,-18.171875
10000000,-18.015625
