steps,returns
100000.0,0.023484766
200000.0,-103.97447
300000.0,-394.6894
400000.0,-422.92322
500000.0,-530.641
600000.0,-2056.8877
700000.0,-2324.4531
800000.0,-2043.2915
900000.0,-2023.8726
1000000.0,-2069.9253
