steps,returns
100000.0,21.219307
200000.0,21.804993
300000.0,21.836292
400000.0,22.010872
500000.0,21.943493
600000.0,22.014696
700000.0,22.356937
800000.0,22.182495
900000.0,22.207146
1000000.0,22.057491
