steps,returns
5000,9.3671875
10000,9.3046875
15000,17.773438
20000,63.039062
25000,14.359375
30000,71.72656
35000,109.91406
40000,144.99219
45000,162.73438
50000,141.15625
