steps,returns
100000.0,1014.3196
200000.0,967.3141
300000.0,799.3339
400000.0,682.9232
500000.0,558.88354
600000.0,594.261
700000.0,633.3662
800000.0,281.98376
900000.0,29.940386
1000000.0,-11.30342
