steps,returns
10000,211.50781
20000,288.32812
30000,365.82812
40000,451.3828
50000,412.71094
60000,449.4453
70000,500.0
80000,500.0
90000,453.47656
100000,419.3672
