steps,returns
5000,9.2734375
10000,9.4765625
15000,9.2578125
20000,9.296875
25000,10.0546875
30000,16.429688
35000,23.117188
40000,41.632812
45000,167.52344
50000,29.09375
