steps,returns
100000.0,303.02496
200000.0,1283.1746
300000.0,912.75366
400000.0,1155.0693
500000.0,1033.2179
600000.0,965.9395
700000.0,262.69772
800000.0,927.16064
900000.0,1106.052
1000000.0,960.2127
