steps,returns
10000,-282.3828
20000,-315.47656
30000,-302.85156
40000,-332.45312
50000,-303.71094
60000,-306.4375
70000,-311.9453
80000,-329.3203
90000,-321.41406
100000,-338.84375
