steps,returns
100000.0,672.0274
200000.0,716.72205
300000.0,764.7582
400000.0,564.66406
500000.0,545.2235
600000.0,496.93964
700000.0,473.39264
800000.0,480.19968
900000.0,978.4912
1000000.0,1028.0806
