steps,returns
1000000,49.53125
2000000,73.28125
3000000,186.71875
4000000,494.6875
5000000,1012.5
6000000,145.0
7000000,182.96875
8000000,350.9375
9000000,211.71875
10000000,275.46875
