steps,returns
1000000,17.34375
2000000,57.34375
3000000,87.65625
4000000,24.21875
5000000,107.65625
6000000,230.3125
7000000,50.625
8000000,17.65625
9000000,312.8125
10000000,18.125
