steps,returns
100000.0,965.1301
200000.0,948.91455
300000.0,921.2793
400000.0,880.29266
500000.0,838.569
600000.0,834.5831
700000.0,812.6681
800000.0,784.74164
900000.0,754.4778
1000000.0,715.8711
