steps,returns
100000.0,151.30153
200000.0,1137.8853
300000.0,1045.3048
400000.0,706.1139
500000.0,820.97974
600000.0,999.8772
700000.0,1249.4016
800000.0,364.17007
900000.0,1198.1749
1000000.0,1236.4912
