steps,returns
1000000,-16.4375
2000000,-13.734375
3000000,-14.8125
4000000,-7.15625
5000000,-3.796875
6000000,-15.671875
7000000,-3.171875
8000000,-17.359375
9000000,-18.328125
10000000,-1.9375
