steps,returns
1000000,-18.0625
2000000,-17.96875
3000000,-18.25
4000000,-18.28125
5000000,-18.03125
6000000,-18.0
7000000,-17.65625
8000000,-17.078125
9000000,-17.671875
10000000,-17.78125
