steps,returns
100000.0,0.31823897
200000.0,2.1931796
300000.0,856.35864
400000.0,-54.932022
500000.0,-318.15887
600000.0,-313.94006
700000.0,-23.160858
800000.0,-116.95347
900000.0,-178.11127
1000000.0,-170.56766
