steps,returns
100000.0,-150.54388
200000.0,-793.50574
300000.0,-3775.6545
400000.0,-12110.885
500000.0,-11753.162
600000.0,-19399.008
700000.0,-17234.008
800000.0,-15788.302
900000.0,-30664.674
1000000.0,-24762.605
