steps,returns
100000.0,284.9237
200000.0,293.649
300000.0,301.0923
400000.0,310.27747
500000.0,312.75842
600000.0,310.05286
700000.0,313.32855
800000.0,307.9139
900000.0,314.76007
1000000.0,314.9732
