steps,returns
1000000,292.96875
2000000,575.0
3000000,899.21875
4000000,457.42188
5000000,575.0
6000000,496.48438
7000000,659.7656
8000000,890.2344
9000000,1535.1562
10000000,875.3906
