steps,returns
10000,70.33594
20000,76.796875
30000,85.34375
40000,86.90625
50000,86.52344
60000,96.11719
70000,80.11719
80000,91.265625
90000,87.21094
100000,87.94531
