steps,returns
5000,143.70312
10000,395.54688
15000,146.46094
20000,123.85156
25000,165.41406
30000,137.625
35000,251.07031
40000,154.78906
45000,254.47656
50000,500.0
