steps,returns
10000,189.36719
20000,112.9375
30000,52.625
40000,136.26562
50000,51.960938
60000,50.242188
70000,30.960938
80000,192.35938
90000,183.98438
100000,150.53906
