steps,returns
100000.0,1098.2274
200000.0,1156.6902
300000.0,1186.0435
400000.0,1060.5513
500000.0,830.2466
600000.0,601.2406
700000.0,515.99603
800000.0,507.90314
900000.0,513.5779
1000000.0,518.9316
