steps,returns
100000.0,928.3912
200000.0,750.5543
300000.0,821.2974
400000.0,820.1721
500000.0,822.38416
600000.0,802.69794
700000.0,767.56726
800000.0,760.0556
900000.0,858.4694
1000000.0,930.18097
