steps,returns
1000000,-18.171875
2000000,-17.703125
3000000,-17.765625
4000000,-17.78125
5000000,-17.859375
6000000,-18.765625
7000000,-18.15625
8000000,-17.984375
9000000,-18.125
10000000,-17.796875
