steps,returns
1000000,243.98438
2000000,32.8125
3000000,180.625
4000000,170.9375
5000000,22.8125
6000000,393.28125
7000000,718.2031
8000000,694.7656
9000000,27.8125
10000000,936.40625
