steps,returns
1000000,318.16406
2000000,575.78125
3000000,445.5078
4000000,467.96875
5000000,400.0
6000000,669.53125
7000000,628.125
8000000,479.29688
9000000,315.625
10000000,350.78125
