steps,returns
10000,15.6171875
20000,152.29688
30000,255.10938
40000,294.6953
50000,341.39062
60000,377.6875
70000,381.08594
80000,450.35156
90000,458.20312
100000,453.5547
