steps,returns
1000000,-17.625
2000000,-17.578125
3000000,-18.515625
4000000,-18.0
5000000,-17.640625
6000000,-18.03125
7000000,-17.703125
8000000,-17.765625
9000000,-18.046875
10000000,-18.171875
