steps,returns
100000.0,424.86035
200000.0,455.72083
300000.0,145.14435
400000.0,-210.78049
500000.0,-1106.4478
600000.0,-3219.7449
700000.0,-5719.518
800000.0,-13010.209
900000.0,-23310.64
1000000.0,-75724.836
