steps,returns
10000,301.35938
20000,111.3125
30000,169.6875
40000,9.375
50000,9.390625
60000,9.265625
70000,9.359375
80000,9.3828125
90000,9.265625
100000,9.2265625
