steps,returns
10000,88.953125
20000,500.0
30000,498.78125
40000,288.57812
50000,435.02344
60000,500.0
70000,500.0
80000,495.97656
90000,299.46875
100000,488.39844
