steps,returns
10000,-299.8047
20000,-325.78125
30000,-399.71094
40000,-426.4922
50000,-448.90625
60000,-500.0
70000,-500.0
80000,-500.0
90000,-500.0
100000,-500.0
