steps,returns
100000.0,503.27853
200000.0,496.50946
300000.0,488.0209
400000.0,494.60437
500000.0,515.37866
600000.0,474.78107
700000.0,469.58362
800000.0,490.34137
900000.0,498.70435
1000000.0,525.09326
