steps,returns
10000,157.25781
20000,138.07812
30000,139.14062
40000,140.8125
50000,157.71094
60000,147.28906
70000,142.64844
80000,150.49219
90000,142.72656
100000,157.58594
