steps,returns
1000000,-17.109375
2000000,-17.8125
3000000,-18.640625
4000000,-17.765625
5000000,-18.390625
6000000,-18.234375
7000000,-17.984375
8000000,-18.609375
9000000,-17.71875
10000000,-17.890625
