steps,returns
1000000,902.65625
2000000,198.125
3000000,393.125
4000000,92.65625
5000000,50.625
6000000,411.25
7000000,184.53125
8000000,102.03125
9000000,98.4375
10000000,169.21875
