{"config": {"hp_config.clip_eps": 0.4613783051126827, "hp_config.ent_coef": 0.14703833119158305, "hp_config.gae_lambda": 0.8905735396652308, "hp_config.learning_rate": 0.00029497768975568224, "hp_config.max_grad_norm": 0.7781715954502542, "hp_config.minibatch_size": 512, "hp_config.normalize_advantage": true, "hp_config.vf_clip_eps": 0.21345218010553685, "hp_config.vf_coef": 0.8428548878354571}, "score": -9294.453125, "budget_used": 128, "total_wallclock_time": -3670.776524782181, "total_optimization_time": 0.010577201843261719}
