steps,returns
100000.0,-316.74585
200000.0,-168.58603
300000.0,-1014.8799
400000.0,-2789.0676
500000.0,-7038.8086
600000.0,-16449.008
700000.0,-33795.4
800000.0,-57846.344
900000.0,-99500.67
1000000.0,-131613.94
