steps,returns
100000.0,396.36346
200000.0,224.70927
300000.0,182.72827
400000.0,664.88855
500000.0,691.3473
600000.0,690.557
700000.0,684.70905
800000.0,682.5937
900000.0,681.7814
1000000.0,685.72235
