steps,returns
100000.0,996.48157
200000.0,1000.91833
300000.0,1002.57745
400000.0,974.9211
500000.0,921.11804
600000.0,902.37524
700000.0,777.0096
800000.0,633.737
900000.0,604.72473
1000000.0,529.46704
