steps,returns
10000,79.94531
20000,76.140625
30000,112.44531
40000,131.35156
50000,128.90625
60000,139.58594
70000,132.17969
80000,180.21875
90000,150.1875
100000,139.01562
