steps,returns
5000,33.851562
10000,35.429688
15000,35.140625
20000,32.070312
25000,95.4375
30000,116.6875
35000,127.86719
40000,460.41406
45000,441.6328
50000,496.71094
