steps,returns
100000.0,-588.50793
200000.0,-693.3213
300000.0,-694.35535
400000.0,-623.288
500000.0,-616.0813
600000.0,-637.94653
700000.0,-661.9055
800000.0,-655.3685
900000.0,-676.0331
1000000.0,-327.72797
