steps,returns
100000.0,-25.498951
200000.0,-213.55875
300000.0,-307.97296
400000.0,-1683.0092
500000.0,-1980.8385
600000.0,-2413.9407
700000.0,-3002.6768
800000.0,-3673.6387
900000.0,-4073.681
1000000.0,-5098.9287
