steps,returns
10000,-202.20312
20000,-500.0
30000,-500.0
40000,-352.47656
50000,-103.78906
60000,-491.25
70000,-440.10156
80000,-500.0
90000,-453.14844
100000,-500.0
