steps,returns
100000.0,426.74792
200000.0,643.55676
300000.0,372.19717
400000.0,1188.1769
500000.0,933.97266
600000.0,265.90027
700000.0,779.2323
800000.0,234.52576
900000.0,582.93066
1000000.0,1234.5493
