steps,returns
5000,8.9375
10000,8.921875
15000,9.0234375
20000,8.9296875
25000,9.046875
30000,9.078125
35000,9.0
40000,9.2421875
45000,9.140625
50000,9.25
