steps,returns
10000,72.21094
20000,109.53906
30000,121.46094
40000,159.34375
50000,168.21875
60000,255.70312
70000,285.64062
80000,207.59375
90000,157.61719
100000,169.17188
