steps,returns
100000.0,588.3011
200000.0,586.48315
300000.0,558.25366
400000.0,605.65546
500000.0,958.9186
600000.0,686.60925
700000.0,732.96735
800000.0,271.524
900000.0,-339.69952
1000000.0,-1265.293
