steps,returns
5000,9.359375
10000,9.3203125
15000,9.28125
20000,9.3359375
25000,9.3828125
30000,9.328125
35000,9.3515625
40000,9.25
45000,9.46875
50000,9.375
