steps,returns
1000000,-17.671875
2000000,-17.640625
3000000,-18.0
4000000,-17.671875
5000000,-17.15625
6000000,-17.78125
7000000,-17.375
8000000,-18.515625
9000000,-17.65625
10000000,-17.625
