steps,returns
5000,146.00781
10000,157.89844
15000,354.97656
20000,226.09375
25000,145.04688
30000,113.765625
35000,500.0
40000,245.20312
45000,207.65625
50000,500.0
