steps,returns
100000.0,-1.508038
200000.0,-1.5115592
300000.0,-1.6637828
400000.0,-2.2828531
500000.0,-2.953463
600000.0,-4.1367693
700000.0,-6.747802
800000.0,-10.982261
900000.0,64.370346
1000000.0,135.53023
