steps,returns
1000000,-17.921875
2000000,-17.609375
3000000,-18.109375
4000000,-17.53125
5000000,-17.65625
6000000,-17.5625
7000000,-17.578125
8000000,-17.640625
9000000,-17.015625
10000000,-17.359375
