steps,returns
5000,85.53906
10000,129.88281
15000,139.27344
20000,267.3828
25000,105.85156
30000,100.64844
35000,94.546875
40000,174.83594
45000,108.328125
50000,174.59375
