steps,returns
10000,425.3828
20000,477.3672
30000,324.79688
40000,497.83594
50000,495.6797
60000,500.0
70000,500.0
80000,355.75
90000,344.8828
100000,365.4922
