steps,returns
5000,173.04688
10000,328.40625
15000,472.23438
20000,499.14062
25000,500.0
30000,500.0
35000,500.0
40000,500.0
45000,500.0
50000,500.0
