steps,returns
1000000,-18.125
2000000,-18.0625
3000000,-18.09375
4000000,-17.765625
5000000,-17.6875
6000000,-17.984375
7000000,-18.234375
8000000,-17.640625
9000000,-17.703125
10000000,-18.359375
