steps,returns
10000,87.78906
20000,103.96094
30000,127.296875
40000,170.73438
50000,218.75781
60000,249.9375
70000,500.0
80000,500.0
90000,500.0
100000,55.140625
