steps,returns
100000.0,960.036
200000.0,987.20544
300000.0,889.9335
400000.0,1166.8921
500000.0,1276.7261
600000.0,841.5061
700000.0,726.59503
800000.0,2393.0015
900000.0,1540.4995
1000000.0,1336.6288
