steps,returns
1000000,199.21875
2000000,225.0
3000000,305.85938
4000000,140.82031
5000000,125.0
6000000,258.20312
7000000,125.0
8000000,150.0
9000000,308.59375
10000000,266.60156
