steps,returns
5000,52.109375
10000,15.9140625
15000,23.335938
20000,14.953125
25000,19.398438
30000,51.21875
35000,46.46875
40000,62.382812
45000,116.69531
50000,270.10938
