steps,returns
100000.0,488.38684
200000.0,325.33948
300000.0,1.0861045
400000.0,-795.0885
500000.0,-973.2616
600000.0,-1539.6863
700000.0,-2011.3717
800000.0,-2779.6787
900000.0,-3111.1975
1000000.0,-4757.8096
