steps,returns
10000,-500.0
20000,-500.0
30000,-500.0
40000,-500.0
50000,-87.32031
60000,-449.8047
70000,-86.00781
80000,-84.765625
90000,-83.10156
100000,-87.52344
