steps,returns
10000,60.484375
20000,26.6875
30000,109.75781
40000,149.39844
50000,136.66406
60000,141.52344
70000,144.80469
80000,157.73438
90000,169.4375
100000,151.10938
