steps,returns
100000.0,906.04614
200000.0,367.06253
300000.0,-830.4088
400000.0,-3770.831
500000.0,-10785.591
600000.0,-30467.164
700000.0,-62661.293
800000.0,-125153.28
900000.0,-215506.06
1000000.0,-351160.38
