steps,returns
1000000,395.89844
2000000,300.78125
3000000,250.78125
4000000,217.38281
5000000,180.46875
6000000,236.13281
7000000,234.17969
8000000,181.25
9000000,250.0
10000000,346.6797
