steps,returns
100000.0,341.50403
200000.0,209.79095
300000.0,188.3927
400000.0,333.02917
500000.0,504.14624
600000.0,563.79364
700000.0,689.181
800000.0,685.77234
900000.0,681.99756
1000000.0,679.77936
