steps,returns
100000.0,-469.50012
200000.0,-267.5679
300000.0,-187.33076
400000.0,-163.99603
500000.0,-153.86588
600000.0,-134.91174
700000.0,-132.23378
800000.0,-118.60474
900000.0,-130.58289
1000000.0,-113.58743
