steps,returns
100000.0,1258.9457
200000.0,1340.8071
300000.0,1478.6168
400000.0,1612.1342
500000.0,1377.8301
600000.0,912.24207
700000.0,115.21564
800000.0,-2226.8955
900000.0,-5305.365
1000000.0,-11098.09
