steps,returns
100000.0,613.00085
200000.0,892.57855
300000.0,135.66354
400000.0,1206.6812
500000.0,-11958.8545
600000.0,-12680.775
700000.0,-11999.068
800000.0,-11384.295
900000.0,-10883.121
1000000.0,-10422.885
