steps,returns
1000000,275.0
2000000,423.4375
3000000,269.92188
4000000,249.41406
5000000,275.0
6000000,340.03906
7000000,346.09375
8000000,347.0703
9000000,285.7422
10000000,418.75
