steps,returns
100000.0,-193.84636
200000.0,-204.61111
300000.0,-208.07498
400000.0,-207.61084
500000.0,-211.20023
600000.0,-198.89278
700000.0,-212.72076
800000.0,-207.66635
900000.0,-209.97772
1000000.0,-249.52362
