steps,returns
10000,208.67188
20000,500.0
30000,184.03125
40000,285.4375
50000,500.0
60000,500.0
70000,500.0
80000,500.0
90000,500.0
100000,500.0
