steps,returns
10000,85.00781
20000,25.71875
30000,32.648438
40000,114.515625
50000,9.2578125
60000,9.3984375
70000,9.3125
80000,9.3515625
90000,9.3828125
100000,9.3203125
