steps,returns
10000,498.8047
20000,500.0
30000,452.70312
40000,499.72656
50000,167.39844
60000,463.25
70000,500.0
80000,493.0703
90000,499.52344
100000,212.89062
