steps,returns
1000000,-17.828125
2000000,-18.203125
3000000,-17.859375
4000000,-17.890625
5000000,-18.296875
6000000,-17.59375
7000000,-17.40625
8000000,-18.140625
9000000,-17.421875
10000000,-17.375
