steps,returns
100000.0,529.6044
200000.0,407.4765
300000.0,312.06073
400000.0,278.41028
500000.0,259.2389
600000.0,298.04254
700000.0,828.5233
800000.0,819.2436
900000.0,787.2332
1000000.0,785.55273
