steps,returns
100000.0,114.54683
200000.0,758.38983
300000.0,-492.92966
400000.0,-12066.338
500000.0,-24106.498
600000.0,-27603.887
700000.0,-28922.64
800000.0,-29416.926
900000.0,-27149.184
1000000.0,-24281.355
