steps,returns
100000.0,-0.60667217
200000.0,-0.23536023
300000.0,3.9102952
400000.0,45.211563
500000.0,49.59575
600000.0,-210.98257
700000.0,-80.524826
800000.0,-445.43634
900000.0,-581.4569
1000000.0,-634.2147
