steps,returns
100000.0,23.640547
200000.0,-543.67975
300000.0,-1045.5828
400000.0,-1743.6855
500000.0,-2681.9219
600000.0,-2970.6692
700000.0,-4852.5566
800000.0,-5816.24
900000.0,-6417.7163
1000000.0,-8172.1265
