steps,returns
5000,60.242188
10000,43.765625
15000,35.210938
20000,20.609375
25000,19.148438
30000,63.390625
35000,9.5703125
40000,20.039062
45000,35.109375
50000,44.890625
