steps,returns
100000.0,866.45056
200000.0,1033.8529
300000.0,945.42444
400000.0,766.4407
500000.0,1138.8276
600000.0,1090.4707
700000.0,1086.2245
800000.0,1543.3475
900000.0,1388.3995
1000000.0,927.2084
