steps,returns
1000000,320.3125
2000000,275.0
3000000,367.57812
4000000,325.0
5000000,96.875
6000000,250.0
7000000,318.75
8000000,314.2578
9000000,162.30469
10000000,199.60938
