steps,returns
1000000,17.34375
2000000,128.125
3000000,54.84375
4000000,45.9375
5000000,15.625
6000000,274.0625
7000000,37.8125
8000000,243.59375
9000000,335.625
10000000,17.96875
