steps,returns
100000.0,49.748962
200000.0,43.978683
300000.0,42.849136
400000.0,42.297813
500000.0,42.69276
600000.0,41.965492
700000.0,41.943733
800000.0,42.32579
900000.0,42.390423
1000000.0,42.737785
