steps,returns
5000,9.125
10000,9.1796875
15000,9.140625
20000,9.2578125
25000,9.46875
30000,9.3515625
35000,9.453125
40000,9.3203125
45000,9.3046875
50000,9.4140625
