steps,returns
5000,114.17969
10000,93.83594
15000,186.79688
20000,121.609375
25000,133.50781
30000,117.390625
35000,120.67969
40000,97.0
45000,100.33594
50000,95.96094
