steps,returns
100000.0,563.7334
200000.0,420.57404
300000.0,439.68506
400000.0,492.3803
500000.0,910.83496
600000.0,451.0251
700000.0,361.76105
800000.0,319.0182
900000.0,304.44574
1000000.0,284.85583
