steps,returns
100000.0,1043.8907
200000.0,1063.8113
300000.0,1061.3442
400000.0,909.2254
500000.0,919.7031
600000.0,659.95276
700000.0,569.81335
800000.0,612.03845
900000.0,585.0234
1000000.0,644.1972
