steps,returns
100000.0,76.88982
200000.0,-1176.2732
300000.0,-1540.5746
400000.0,-1160.6582
500000.0,-995.08246
600000.0,-616.58636
700000.0,-387.9188
800000.0,-308.0291
900000.0,-244.01028
1000000.0,-179.52875
