steps,returns
100000.0,1029.5508
200000.0,1035.3274
300000.0,1034.5239
400000.0,1025.836
500000.0,1021.72217
600000.0,1022.82666
700000.0,1020.421
800000.0,1017.27783
900000.0,1015.55176
1000000.0,1012.7446
