steps,returns
10000,400.8125
20000,257.85156
30000,447.84375
40000,455.46875
50000,465.1953
60000,449.8828
70000,500.0
80000,421.32812
90000,500.0
100000,499.9922
