steps,returns
1000000,697.8125
2000000,1146.7188
3000000,449.53125
4000000,537.1875
5000000,572.5781
6000000,760.78125
7000000,575.7031
8000000,628.90625
9000000,1128.3594
10000000,204.6875
