steps,returns
100000.0,872.0963
200000.0,668.5731
300000.0,1020.9848
400000.0,652.29565
500000.0,908.9523
600000.0,17.507145
700000.0,21.561996
800000.0,414.315
900000.0,986.0998
1000000.0,947.16187
