steps,returns
1000000,-18.0625
2000000,-18.46875
3000000,-17.859375
4000000,-18.34375
5000000,-17.859375
6000000,-17.53125
7000000,-18.1875
8000000,-18.0625
9000000,-17.75
10000000,-17.40625
