steps,returns
10000,112.859375
20000,82.453125
30000,431.14844
40000,452.7422
50000,138.64062
60000,10.9140625
70000,9.4140625
80000,285.03906
90000,9.359375
100000,279.9297
