steps,returns
100000.0,39.517204
200000.0,48.09897
300000.0,41.59159
400000.0,37.65365
500000.0,37.53415
600000.0,
700000.0,
800000.0,
900000.0,
1000000.0,
