steps,returns
1000000,464.2578
2000000,739.0625
3000000,673.2422
4000000,595.89844
5000000,510.9375
6000000,329.4922
7000000,565.03906
8000000,647.65625
9000000,237.89062
10000000,332.8125
