steps,returns
1000000,-17.921875
2000000,-17.5625
3000000,-17.890625
4000000,-17.890625
5000000,-17.828125
6000000,-18.15625
7000000,-17.484375
8000000,-18.125
9000000,-17.65625
10000000,-17.46875
