steps,returns
1000000,129.53125
2000000,89.0625
3000000,190.78125
4000000,18.75
5000000,345.85938
6000000,207.03125
7000000,453.125
8000000,497.34375
9000000,259.29688
10000000,220.46875
