steps,returns
1000000,180.27344
2000000,319.53125
3000000,533.2031
4000000,827.9297
5000000,864.4531
6000000,639.2578
7000000,512.1094
8000000,587.1094
9000000,1804.2969
10000000,4631.25
