steps,returns
10000,244.50781
20000,210.50781
30000,234.85938
40000,257.1172
50000,285.41406
60000,314.45312
70000,215.625
80000,245.10156
90000,262.5547
100000,326.39844
