steps,returns
5000,9.3984375
10000,9.5078125
15000,9.3671875
20000,9.28125
25000,9.2578125
30000,9.5
35000,9.390625
40000,9.2421875
45000,9.4375
50000,9.375
