steps,returns
5000,15.2578125
10000,20.53125
15000,46.078125
20000,64.21094
25000,129.50781
30000,120.75
35000,127.59375
40000,140.42969
45000,139.53906
50000,115.0
