steps,returns
100000.0,817.32806
200000.0,727.4426
300000.0,770.49097
400000.0,618.71564
500000.0,576.6411
600000.0,550.6866
700000.0,469.57703
800000.0,447.3198
900000.0,452.40717
1000000.0,472.4345
