steps,returns
5000,500.0
10000,349.0
15000,225.19531
20000,149.39844
25000,104.046875
30000,65.74219
35000,43.921875
40000,25.617188
45000,14.8828125
50000,10.0703125
