steps,returns
100000.0,847.0779
200000.0,798.6732
300000.0,729.89026
400000.0,731.4186
500000.0,737.2052
600000.0,624.3435
700000.0,697.69995
800000.0,630.0222
900000.0,729.48065
1000000.0,968.8034
