steps,returns
100000.0,30.547852
200000.0,31.457804
300000.0,31.356903
400000.0,32.080166
500000.0,31.873264
600000.0,32.063362
700000.0,31.902184
800000.0,31.913233
900000.0,31.7429
1000000.0,31.512936
