steps,returns
1000000,158.75
2000000,29.0625
3000000,17.1875
4000000,39.84375
5000000,29.53125
6000000,17.03125
7000000,17.5
8000000,16.71875
9000000,16.875
10000000,17.34375
