steps,returns
100000.0,1012.75854
200000.0,1010.21564
300000.0,308.64417
400000.0,997.06104
500000.0,973.4144
600000.0,961.4358
700000.0,971.6522
800000.0,1004.7587
900000.0,994.19727
1000000.0,800.88165
