steps,returns
5000,9.046875
10000,9.140625
15000,9.3046875
20000,9.40625
25000,9.2890625
30000,9.296875
35000,9.390625
40000,9.375
45000,9.3125
50000,9.3671875
