steps,returns
1000000,17.34375
2000000,17.65625
3000000,30.3125
4000000,43.59375
5000000,16.5625
6000000,141.71875
7000000,17.8125
8000000,26.40625
9000000,21.40625
10000000,442.1875
