steps,returns
100000.0,1028.2771
200000.0,1031.3777
300000.0,1030.9377
400000.0,1027.8624
500000.0,1021.3459
600000.0,1014.7235
700000.0,1004.18506
800000.0,986.5542
900000.0,963.58484
1000000.0,931.3628
