steps,returns
1000000,508.20312
2000000,556.0156
3000000,17.96875
4000000,1304.0625
5000000,2068.75
6000000,2517.0312
7000000,2340.9375
8000000,3630.9375
9000000,4959.6875
10000000,5100.703
