steps,returns
100000.0,15.79748
200000.0,15.984203
300000.0,15.929602
400000.0,15.910934
500000.0,15.933592
600000.0,16.084764
700000.0,15.75567
800000.0,15.675304
900000.0,16.135921
1000000.0,15.636847
