steps,returns
1000000,0.0
2000000,0.0
3000000,185.9375
4000000,2398.75
5000000,881.71875
6000000,1190.0
7000000,622.96875
8000000,0.0
9000000,641.1719
10000000,1721.7969
