steps,returns
100000.0,1331.8223
200000.0,846.2313
300000.0,824.1096
400000.0,958.3981
500000.0,877.1206
600000.0,928.8737
700000.0,905.2809
800000.0,876.73254
900000.0,872.0659
1000000.0,972.99146
