steps,returns
1000000,501.64062
2000000,249.6875
3000000,168.59375
4000000,225.46875
5000000,290.9375
6000000,44.53125
7000000,17.8125
8000000,47.8125
9000000,69.21875
10000000,76.09375
