steps,returns
1000000,-17.71875
2000000,-17.078125
3000000,-18.59375
4000000,-17.59375
5000000,-17.875
6000000,-17.953125
7000000,-18.046875
8000000,-17.46875
9000000,-17.875
10000000,-17.421875
