steps,returns
10000,229.91406
20000,362.9297
30000,199.28125
40000,420.17188
50000,396.3125
60000,96.88281
70000,454.3047
80000,500.0
90000,500.0
100000,205.09375
