steps,returns
1000000,338.47656
2000000,219.33594
3000000,425.0
4000000,281.25
5000000,412.5
6000000,312.10938
7000000,250.0
8000000,146.875
9000000,250.0
10000000,384.5703
