steps,returns
100000.0,-570.9801
200000.0,-526.3241
300000.0,-544.7676
400000.0,-526.33746
500000.0,-512.8776
600000.0,-516.11487
700000.0,-517.5487
800000.0,-516.94104
900000.0,-512.87665
1000000.0,-524.1918
