steps,returns
100000.0,731.22424
200000.0,740.9729
300000.0,869.29297
400000.0,915.5737
500000.0,978.6794
600000.0,932.0526
700000.0,918.83887
800000.0,907.9543
900000.0,946.3002
1000000.0,948.6682
