steps,returns
100000.0,1028.7866
200000.0,1028.6296
300000.0,1020.8195
400000.0,1001.111
500000.0,985.75854
600000.0,951.52014
700000.0,888.379
800000.0,806.51196
900000.0,670.30536
1000000.0,539.7245
