steps,returns
100000.0,919.7296
200000.0,730.5735
300000.0,405.90393
400000.0,-223.86841
500000.0,-767.9569
600000.0,-1656.1211
700000.0,-2570.7217
800000.0,-3388.1143
900000.0,-3576.9468
1000000.0,-4046.3608
