steps,returns
10000,273.53125
20000,500.0
30000,413.8203
40000,500.0
50000,172.375
60000,230.29688
70000,177.38281
80000,115.9375
90000,500.0
100000,179.97656
