steps,returns
10000,65.72656
20000,68.0625
30000,65.40625
40000,65.27344
50000,67.86719
60000,64.65625
70000,66.359375
80000,63.296875
90000,68.359375
100000,65.47656
