steps,returns
5000,9.1640625
10000,9.3046875
15000,9.3125
20000,9.3125
25000,9.3671875
30000,9.28125
35000,9.3203125
40000,9.3828125
45000,9.40625
50000,9.328125
