steps,returns
100000.0,9.788672
200000.0,855.19934
300000.0,-357.17618
400000.0,-693.3182
500000.0,-2610.4302
600000.0,-2010.544
700000.0,-1258.2789
800000.0,-503.8114
900000.0,-168.62375
1000000.0,-233.41748
