steps,returns
1000000,17.8125
2000000,17.03125
3000000,257.10938
4000000,583.90625
5000000,1011.71875
6000000,1513.9844
7000000,2603.3594
8000000,2769.8438
9000000,2545.9375
10000000,602.8906
