steps,returns
100000.0,0.68689716
200000.0,-310.93622
300000.0,-450.99408
400000.0,-4632.458
500000.0,-13115.919
600000.0,-22105.102
700000.0,-57807.062
800000.0,-161845.16
900000.0,-303119.03
1000000.0,-610423.6
