steps,returns
10000,113.890625
20000,132.74219
30000,157.92969
40000,150.74219
50000,182.67969
60000,182.32031
70000,210.19531
80000,195.16406
90000,229.40625
100000,263.0547
