steps,returns
10000,302.6328
20000,397.78125
30000,298.46875
40000,480.83594
50000,498.52344
60000,476.0
70000,500.0
80000,468.9922
90000,417.72656
100000,450.65625
