steps,returns
5000,164.96875
10000,374.3828
15000,98.546875
20000,97.80469
25000,34.40625
30000,25.8125
35000,89.828125
40000,18.054688
45000,500.0
50000,73.5625
