steps,returns
100000.0,1013.73987
200000.0,885.31085
300000.0,559.5547
400000.0,-73.38129
500000.0,-492.94843
600000.0,-581.91956
700000.0,-456.5326
800000.0,-297.31656
900000.0,-529.9338
1000000.0,-715.708
