steps,returns
1000000,51.71875
2000000,17.03125
3000000,50.625
4000000,18.125
5000000,28.4375
6000000,17.1875
7000000,51.71875
8000000,51.875
9000000,40.625
10000000,29.6875
