steps,returns
100000.0,599.96216
200000.0,544.186
300000.0,520.9059
400000.0,498.1831
500000.0,500.033
600000.0,504.6034
700000.0,508.04022
800000.0,584.83466
900000.0,599.9422
1000000.0,678.51465
