steps,returns
100000.0,624.62695
200000.0,713.8898
300000.0,740.4685
400000.0,610.15765
500000.0,688.86334
600000.0,800.9004
700000.0,833.72845
800000.0,932.81934
900000.0,834.34863
1000000.0,912.05457
