steps,returns
5000,9.21875
10000,169.50781
15000,209.36719
20000,394.65625
25000,274.09375
30000,261.75
35000,152.09375
40000,168.14844
45000,152.95312
50000,129.29688
