steps,returns
100000.0,640.51794
200000.0,511.86594
300000.0,675.15814
400000.0,889.11145
500000.0,872.2268
600000.0,816.1366
700000.0,800.45776
800000.0,810.68726
900000.0,784.413
1000000.0,868.031
