steps,returns
1000000,304.4922
2000000,266.60156
3000000,552.9297
4000000,270.3125
5000000,325.78125
6000000,374.60938
7000000,309.76562
8000000,447.85156
9000000,302.34375
10000000,131.64062
