steps,returns
5000,9.46875
10000,9.390625
15000,61.09375
20000,24.265625
25000,66.63281
30000,63.703125
35000,65.40625
40000,203.85938
45000,283.53125
50000,263.4922
