steps,returns
100000.0,1002.4758
200000.0,840.982
300000.0,604.01483
400000.0,365.48636
500000.0,264.57904
600000.0,58.124043
700000.0,-99.64955
800000.0,-340.79187
900000.0,-379.56863
1000000.0,-1054.9489
