steps,returns
1000000,-17.484375
2000000,-17.09375
3000000,-16.328125
4000000,-15.625
5000000,-15.671875
6000000,-15.5625
7000000,-15.453125
8000000,-15.34375
9000000,-16.109375
10000000,-16.359375
