steps,returns
100000.0,-740.1509
200000.0,-716.52527
300000.0,-691.9317
400000.0,-584.2103
500000.0,-754.46014
600000.0,-688.5968
700000.0,-678.35754
800000.0,-658.1387
900000.0,-636.0273
1000000.0,-619.42194
