steps,returns
10000,358.8125
20000,500.0
30000,455.45312
40000,260.48438
50000,500.0
60000,157.52344
70000,444.0625
80000,9.3125
90000,9.4296875
100000,9.4609375
