steps,returns
10000,108.30469
20000,74.71094
30000,80.47656
40000,140.53906
50000,299.1172
60000,410.09375
70000,434.89062
80000,409.77344
90000,448.48438
100000,430.6797
