steps,returns
1000000,-18.15625
2000000,-17.984375
3000000,-17.6875
4000000,-17.921875
5000000,-17.78125
6000000,-17.1875
7000000,-17.46875
8000000,-18.25
9000000,-18.171875
10000000,-17.9375
