steps,returns
5000,81.015625
10000,85.69531
15000,85.984375
20000,85.921875
25000,86.890625
30000,86.00781
35000,88.828125
40000,90.92969
45000,84.21094
50000,87.6875
