steps,returns
1000000,-17.8125
2000000,-17.890625
3000000,-17.984375
4000000,-17.875
5000000,-17.84375
6000000,-17.9375
7000000,-17.734375
8000000,-17.40625
9000000,-18.28125
10000000,-17.09375
