steps,returns
10000,81.24219
20000,87.609375
30000,93.078125
40000,98.71094
50000,147.39844
60000,152.74219
70000,165.76562
80000,144.24219
90000,142.60156
100000,146.78906
