steps,returns
10000,167.76562
20000,500.0
30000,500.0
40000,500.0
50000,500.0
60000,479.7578
70000,500.0
80000,500.0
90000,120.10156
100000,500.0
