steps,returns
10000,498.5078
20000,491.41406
30000,366.08594
40000,136.61719
50000,202.79688
60000,229.09375
70000,493.03906
80000,397.48438
90000,339.53125
100000,499.96094
