steps,returns
100000.0,488.79138
200000.0,479.16602
300000.0,501.26193
400000.0,495.23856
500000.0,487.9237
600000.0,463.25055
700000.0,464.317
800000.0,472.7328
900000.0,473.1338
1000000.0,473.14584
