steps,returns
1000000,-17.984375
2000000,-16.734375
3000000,-16.78125
4000000,-17.671875
5000000,-18.0
6000000,-17.34375
7000000,-17.96875
8000000,-17.484375
9000000,-17.609375
10000000,-17.921875
