steps,returns
5000,8.90625
10000,8.9453125
15000,9.1171875
20000,9.046875
25000,9.078125
30000,9.0546875
35000,9.15625
40000,9.21875
45000,9.078125
50000,9.21875
