steps,returns
100000.0,1005.4339
200000.0,854.03674
300000.0,851.8194
400000.0,923.39246
500000.0,1018.00256
600000.0,1028.6445
700000.0,900.62634
800000.0,985.50195
900000.0,932.9375
1000000.0,399.09912
