steps,returns
5000,9.3125
10000,9.3203125
15000,9.3125
20000,9.2890625
25000,9.4296875
30000,9.3515625
35000,9.390625
40000,9.421875
45000,9.3515625
50000,9.34375
