steps,returns
1000000,217.1875
2000000,296.09375
3000000,150.0
4000000,344.33594
5000000,665.2344
6000000,741.40625
7000000,541.40625
8000000,578.90625
9000000,591.0156
10000000,580.46875
