steps,returns
5000,9.3046875
10000,9.296875
15000,21.992188
20000,134.5625
25000,21.9375
30000,52.375
35000,86.4375
40000,122.49219
45000,127.61719
50000,66.10156
