steps,returns
100000.0,-48.524323
200000.0,-43.64776
300000.0,-41.267227
400000.0,-45.622757
500000.0,-39.92103
600000.0,-45.232838
700000.0,-45.10309
800000.0,-44.93306
900000.0,-44.393127
1000000.0,-43.645725
