steps,returns
100000.0,550.9214
200000.0,151.8369
300000.0,-488.40454
400000.0,-520.97943
500000.0,-4411.7256
600000.0,-9220.458
700000.0,-13219.6
800000.0,-7102.617
900000.0,-7005.505
1000000.0,-5801.6084
