steps,returns
1000000,252.5
2000000,47.65625
3000000,181.875
4000000,122.96875
5000000,131.25
6000000,17.65625
7000000,252.96875
8000000,40.0
9000000,17.5
10000000,17.1875
