steps,returns
10000,98.234375
20000,96.265625
30000,103.14844
40000,106.078125
50000,101.421875
60000,106.09375
70000,89.625
80000,104.203125
90000,92.60156
100000,109.52344
