steps,returns
100000.0,1141.3123
200000.0,1027.603
300000.0,615.9081
400000.0,243.12637
500000.0,1462.4619
600000.0,849.0078
700000.0,938.9667
800000.0,661.68304
900000.0,905.9686
1000000.0,-465.88135
