steps,returns
1000000,-17.59375
2000000,-17.375
3000000,-17.4375
4000000,-17.90625
5000000,-17.984375
6000000,-17.46875
7000000,-17.53125
8000000,-17.734375
9000000,-17.765625
10000000,-17.015625
