steps,returns
100000.0,-451.1792
200000.0,390.4953
300000.0,800.7577
400000.0,1168.5487
500000.0,1370.2235
600000.0,1392.8752
700000.0,1078.0232
800000.0,601.17334
900000.0,690.5593
1000000.0,-377.86172
