steps,returns
1000000,-15.359375
2000000,-12.046875
3000000,-4.640625
4000000,-5.5625
5000000,-18.1875
6000000,-2.78125
7000000,-10.90625
8000000,-16.671875
9000000,-14.59375
10000000,-9.8671875
