steps,returns
100000.0,1126.3993
200000.0,1133.4111
300000.0,1224.6656
400000.0,989.69684
500000.0,928.71814
600000.0,896.22864
700000.0,797.92365
800000.0,788.2029
900000.0,728.71466
1000000.0,612.57434
