steps,returns
100000.0,680.0946
200000.0,797.0493
300000.0,852.8237
400000.0,964.15845
500000.0,936.013
600000.0,868.90765
700000.0,870.1926
800000.0,873.5719
900000.0,852.4353
1000000.0,827.61224
