steps,returns
1000000,-17.921875
2000000,-17.90625
3000000,-18.25
4000000,-18.046875
5000000,-18.3125
6000000,-18.03125
7000000,-18.390625
8000000,-17.578125
9000000,-17.828125
10000000,-18.0625
