steps,returns
100000.0,-601.4791
200000.0,-598.2135
300000.0,-609.09607
400000.0,-605.3638
500000.0,-613.32135
600000.0,-595.5632
700000.0,-597.5479
800000.0,-618.5676
900000.0,
1000000.0,
