steps,returns
10000,214.27344
20000,300.35156
30000,362.47656
40000,422.73438
50000,437.58594
60000,450.34375
70000,474.67188
80000,494.46094
90000,496.39844
100000,500.0
