steps,returns
5000,9.1015625
10000,8.9375
15000,9.046875
20000,9.0546875
25000,9.21875
30000,9.0859375
35000,9.3359375
40000,9.421875
45000,9.25
50000,9.3671875
