steps,returns
5000,10.203125
10000,26.695312
15000,9.484375
20000,9.421875
25000,20.4375
30000,20.546875
35000,9.359375
40000,12.046875
45000,88.55469
50000,94.82031
