steps,returns
100000.0,-5.595215
200000.0,-117.273605
300000.0,-399.3515
400000.0,-1086.8959
500000.0,-715.8651
600000.0,-549.72375
700000.0,-671.3086
800000.0,-873.5355
900000.0,-878.50085
1000000.0,-1007.7815
