steps,returns
1000000,-18.203125
2000000,-17.75
3000000,-17.640625
4000000,-17.875
5000000,-17.28125
6000000,-17.078125
7000000,-17.625
8000000,-17.140625
9000000,-16.96875
10000000,-17.21875
