steps,returns
1000000,17.34375
2000000,154.6875
3000000,40.3125
4000000,100.78125
5000000,117.34375
6000000,63.4375
7000000,233.67188
8000000,140.15625
9000000,17.5
10000000,166.25
