steps,returns
5000,77.640625
10000,85.171875
15000,95.92969
20000,105.36719
25000,116.28906
30000,133.24219
35000,142.02344
40000,147.67969
45000,157.25
50000,176.39062
