steps,returns
1000000,-18.125
2000000,-17.609375
3000000,-18.21875
4000000,-17.546875
5000000,-18.28125
6000000,-18.140625
7000000,-18.1875
8000000,-18.234375
9000000,-18.34375
10000000,-17.53125
