steps,returns
10000,219.21875
20000,321.08594
30000,281.0703
40000,473.65625
50000,498.0078
60000,490.04688
70000,446.8203
80000,337.4297
90000,500.0
100000,464.01562
