steps,returns
100000.0,591.572
200000.0,574.17584
300000.0,850.2543
400000.0,1060.3489
500000.0,554.15784
600000.0,513.02795
700000.0,219.52432
800000.0,67.93461
900000.0,-23.913982
1000000.0,-884.4864
