steps,returns
100000.0,529.52563
200000.0,655.1564
300000.0,1193.521
400000.0,1255.272
500000.0,1391.5537
600000.0,1228.1392
700000.0,1127.245
800000.0,1001.7554
900000.0,609.77673
1000000.0,517.78076
