steps,returns
100000.0,271.29208
200000.0,18.232914
300000.0,-1143.3677
400000.0,-2260.9285
500000.0,-6592.798
600000.0,-12583.135
700000.0,-28596.203
800000.0,-51787.258
900000.0,-144582.9
1000000.0,-267788.4
