steps,returns
1000000,268.16406
2000000,235.9375
3000000,164.84375
4000000,138.67188
5000000,500.0
6000000,550.0
7000000,225.78125
8000000,275.97656
9000000,270.1172
10000000,231.64062
