steps,returns
100000.0,1002.6904
200000.0,936.139
300000.0,783.5597
400000.0,590.8717
500000.0,391.3004
600000.0,30.577684
700000.0,-408.30014
800000.0,-1308.0273
900000.0,-2410.42
1000000.0,-3646.7725
