steps,returns
1000000,1502.3438
2000000,805.27344
3000000,1623.8281
4000000,3178.3203
5000000,2450.586
6000000,2486.5234
7000000,1005.27344
8000000,3217.1875
9000000,3601.3672
10000000,4300.3906
