steps,returns
1000000,-18.09375
2000000,-18.15625
3000000,-18.3125
4000000,-17.90625
5000000,-18.3125
6000000,-18.4375
7000000,-17.890625
8000000,-17.796875
9000000,-17.890625
10000000,-17.9375
