steps,returns
100000.0,1020.4167
200000.0,1045.1298
300000.0,1065.5198
400000.0,873.2065
500000.0,796.46387
600000.0,1078.7153
700000.0,1012.71313
800000.0,1026.2374
900000.0,1013.80334
1000000.0,885.2857
