steps,returns
1000000,-18.03125
2000000,-17.59375
3000000,-17.578125
4000000,-17.40625
5000000,-17.9375
6000000,-17.84375
7000000,-17.6875
8000000,-18.1875
9000000,-17.625
10000000,-17.734375
