steps,returns
5000,8.9765625
10000,9.0390625
15000,9.203125
20000,9.2265625
25000,9.328125
30000,9.3515625
35000,9.4140625
40000,9.3671875
45000,9.390625
50000,9.3515625
