steps,returns
5000,9.546875
10000,9.625
15000,9.59375
20000,9.4765625
25000,9.609375
30000,9.34375
35000,9.34375
40000,9.4765625
45000,9.4375
50000,9.4375
