steps,returns
10000,99.671875
20000,112.66406
30000,123.3125
40000,128.5625
50000,117.99219
60000,127.28906
70000,143.61719
80000,134.625
90000,147.94531
100000,173.23438
