steps,returns
100000.0,-0.6201538
200000.0,0.6075201
300000.0,5.9143124
400000.0,409.36716
500000.0,54.626698
600000.0,140.20044
700000.0,101.256226
800000.0,-5.184038
900000.0,-161.47278
1000000.0,-64.563934
