steps,returns
1000000,-17.5625
2000000,-17.640625
3000000,-17.828125
4000000,-18.15625
5000000,-17.828125
6000000,-17.296875
7000000,-17.546875
8000000,-17.453125
9000000,-17.3125
10000000,-18.453125
