steps,returns
100000.0,101.66772
200000.0,111.12933
300000.0,98.608734
400000.0,87.98384
500000.0,90.65377
600000.0,91.40023
700000.0,91.707886
800000.0,101.01481
900000.0,94.34472
1000000.0,100.27976
