steps,returns
1000000,-18.140625
2000000,-18.203125
3000000,-17.609375
4000000,-18.046875
5000000,-17.765625
6000000,-17.765625
7000000,-18.0
8000000,-18.296875
9000000,-18.171875
10000000,-18.171875
