steps,returns
1000000,230.46875
2000000,394.92188
3000000,294.33594
4000000,121.875
5000000,381.0547
6000000,224.21875
7000000,75.0
8000000,257.03125
9000000,290.8203
10000000,150.0
