steps,returns
100000.0,681.7899
200000.0,735.6706
300000.0,804.7344
400000.0,624.7867
500000.0,491.27112
600000.0,517.8395
700000.0,553.80554
800000.0,628.94116
900000.0,744.6003
1000000.0,730.1775
