steps,returns
100000.0,948.77454
200000.0,922.68286
300000.0,1133.6791
400000.0,1052.6389
500000.0,1076.1423
600000.0,1042.835
700000.0,1245.5522
800000.0,1415.9014
900000.0,2154.283
1000000.0,2201.2197
