steps,returns
5000,15.7734375
10000,122.38281
15000,165.21875
20000,53.085938
25000,140.78125
30000,103.1875
35000,363.39062
40000,119.39844
45000,92.546875
50000,103.328125
