steps,returns
100000.0,801.80994
200000.0,781.2355
300000.0,677.8312
400000.0,516.79285
500000.0,568.9758
600000.0,625.29663
700000.0,602.3732
800000.0,790.0366
900000.0,961.5222
1000000.0,1017.2446
