steps,returns
100000.0,1015.0415
200000.0,1016.4131
300000.0,997.2107
400000.0,911.9049
500000.0,792.14716
600000.0,708.50006
700000.0,690.51404
800000.0,648.61115
900000.0,605.7899
1000000.0,513.40295
