steps,returns
100000,-200.0
200000,-200.0
300000,-200.0
400000,-123.3125
500000,-119.55469
600000,-117.21875
700000,-137.35938
800000,-150.28125
900000,-191.99219
1000000,-151.39062
