steps,returns
10000,38.085938
20000,22.023438
30000,74.390625
40000,137.0
50000,178.47656
60000,179.86719
70000,246.14844
80000,204.61719
90000,436.8047
100000,463.8828
