steps,returns
100000.0,846.25903
200000.0,789.1322
300000.0,858.63794
400000.0,516.45337
500000.0,532.8346
600000.0,881.9581
700000.0,837.7698
800000.0,783.78455
900000.0,633.713
1000000.0,515.4492
