steps,returns
100000.0,1018.3624
200000.0,954.5613
300000.0,854.5471
400000.0,700.01575
500000.0,590.25525
600000.0,523.5708
700000.0,467.28592
800000.0,351.40738
900000.0,223.39279
1000000.0,256.11066
