steps,returns
10000,100.59375
20000,106.88281
30000,122.89844
40000,276.70312
50000,500.0
60000,500.0
70000,216.52344
80000,125.57031
90000,197.46094
100000,500.0
