steps,returns
100000,-200.0
200000,-200.0
300000,-200.0
400000,-148.97656
500000,-200.0
600000,-200.0
700000,-192.33594
800000,-155.78125
900000,-152.15625
1000000,-128.67969
