steps,returns
1000000,-18.234375
2000000,-18.453125
3000000,-17.484375
4000000,-18.1875
5000000,-17.9375
6000000,-17.46875
7000000,-18.109375
8000000,-17.90625
9000000,-17.46875
10000000,-17.546875
