steps,returns
10000,-306.1328
20000,-327.9297
30000,-363.6797
40000,-425.0078
50000,-450.84375
60000,-486.71875
70000,-499.16406
80000,-500.0
90000,-500.0
100000,-500.0
