steps,returns
1000000,125.0
2000000,125.0
3000000,264.64844
4000000,250.0
5000000,281.25
6000000,244.53125
7000000,347.65625
8000000,232.03125
9000000,308.0078
10000000,554.2969
