steps,returns
100000.0,-4.9761953
200000.0,30.173733
300000.0,16.597393
400000.0,-70.66518
500000.0,-75.41229
600000.0,-126.50354
700000.0,-140.92668
800000.0,-201.29858
900000.0,-150.54228
1000000.0,-23.182133
