steps,returns
100000.0,465.85382
200000.0,620.4978
300000.0,1126.173
400000.0,797.1477
500000.0,915.57837
600000.0,833.34753
700000.0,619.9878
800000.0,300.33563
900000.0,-1364.5273
1000000.0,-6265.279
