steps,returns
12000,-200.0
24000,-200.0
36000,-200.0
48000,-198.39062
60000,-200.0
72000,-200.0
84000,-200.0
96000,-160.26562
108000,-193.80469
120000,-180.07031
