steps,returns
100000.0,349.85263
200000.0,988.52625
300000.0,536.0898
400000.0,215.16219
500000.0,-419.7403
600000.0,-1029.537
700000.0,-1072.0493
800000.0,-1788.7141
900000.0,-1708.3707
1000000.0,-1425.7014
