steps,returns
10000,79.8125
20000,76.24219
30000,86.13281
40000,94.85156
50000,103.109375
60000,124.14844
70000,143.71875
80000,143.60156
90000,167.38281
100000,167.375
