steps,returns
1000000,-18.140625
2000000,-15.296875
3000000,-16.34375
4000000,-14.71875
5000000,-14.515625
6000000,-15.15625
7000000,-15.0
8000000,-14.46875
9000000,-14.578125
10000000,-15.484375
