steps,returns
1000000,-18.0
2000000,-17.90625
3000000,-17.703125
4000000,-18.0
5000000,-17.765625
6000000,-17.390625
7000000,-17.890625
8000000,-18.109375
9000000,-18.015625
10000000,-18.03125
