steps,returns
1000000,-18.15625
2000000,-17.5
3000000,-17.84375
4000000,-18.0
5000000,-18.109375
6000000,-17.75
7000000,-18.40625
8000000,-18.21875
9000000,-18.28125
10000000,-17.984375
