steps,returns
100000.0,1090.668
200000.0,821.35583
300000.0,787.34973
400000.0,865.9707
500000.0,885.60754
600000.0,932.2417
700000.0,898.509
800000.0,877.391
900000.0,862.6385
1000000.0,847.43427
