steps,returns
10000,-172.92188
20000,-195.375
30000,-241.83594
40000,-274.4375
50000,-327.27344
60000,-354.625
70000,-398.21094
80000,-431.1172
90000,-482.8672
100000,-500.0
