steps,returns
100000.0,815.8346
200000.0,635.2069
300000.0,291.01868
400000.0,25.364613
500000.0,-962.29645
600000.0,-2157.7524
700000.0,-2377.5862
800000.0,-2662.3857
900000.0,-4373.326
1000000.0,-5237.0728
