steps,returns
1000000,235.54688
2000000,396.875
3000000,1921.6797
4000000,655.8594
5000000,748.2422
6000000,569.53125
7000000,525.97656
8000000,661.71875
9000000,693.75
10000000,1070.7031
