steps,returns
100000.0,992.9214
200000.0,900.8291
300000.0,860.21497
400000.0,18.144585
500000.0,837.4161
600000.0,785.9149
700000.0,-2212.3599
800000.0,-19257.68
900000.0,-30051.535
1000000.0,-27611.207
