steps,returns
100000.0,1284.5433
200000.0,310.30756
300000.0,1019.94006
400000.0,636.8645
500000.0,1405.4829
600000.0,1018.0251
700000.0,451.91245
800000.0,247.427
900000.0,-6453.5293
1000000.0,-7749.0405
