steps,returns
1000000,-18.375
2000000,-18.53125
3000000,-17.53125
4000000,-17.859375
5000000,-18.015625
6000000,-17.921875
7000000,-18.21875
8000000,-18.375
9000000,-18.09375
10000000,-18.28125
