steps,returns
100000.0,524.32495
200000.0,-115.54585
300000.0,-776.62585
400000.0,-3191.6633
500000.0,-9191.096
600000.0,-19358.7
700000.0,-36402.297
800000.0,-65663.445
900000.0,-128502.664
1000000.0,-272099.53
