steps,returns
100000.0,608.22736
200000.0,556.1332
300000.0,554.0759
400000.0,558.38696
500000.0,541.44257
600000.0,700.4437
700000.0,131.48132
800000.0,-649.84595
900000.0,-880.992
1000000.0,-2369.0278
