steps,returns
100000.0,2.4401197
200000.0,2.4111667
300000.0,2.610345
400000.0,2.5382261
500000.0,2.5097065
600000.0,2.625669
700000.0,2.6262445
800000.0,2.5895772
900000.0,2.589662
1000000.0,2.5788293
