steps,returns
10000,153.5625
20000,170.67188
30000,331.47656
40000,385.15625
50000,349.85938
60000,416.67188
70000,437.5078
80000,370.35156
90000,454.02344
100000,477.45312
