steps,returns
100000.0,662.38416
200000.0,780.1847
300000.0,1103.256
400000.0,834.8605
500000.0,916.55676
600000.0,964.17224
700000.0,1038.9291
800000.0,1009.3308
900000.0,912.7007
1000000.0,914.27747
