steps,returns
100000.0,-534.71423
200000.0,-917.10236
300000.0,-711.3439
400000.0,-1000.93787
500000.0,-622.3831
600000.0,-389.44818
700000.0,-62.28031
800000.0,-368.8852
900000.0,-1343.4391
1000000.0,-1683.2559
