steps,returns
1000000,441.875
2000000,603.2031
3000000,410.15625
4000000,809.53125
5000000,1006.4844
6000000,1663.2031
7000000,1569.2188
8000000,1937.1875
9000000,3394.7656
10000000,3254.1406
