steps,returns
100000.0,560.1915
200000.0,495.96182
300000.0,561.5912
400000.0,566.7749
500000.0,524.2484
600000.0,546.1124
700000.0,484.99414
800000.0,460.00934
900000.0,496.6383
1000000.0,587.0941
