steps,returns
1000000,369.14062
2000000,357.22656
3000000,328.3203
4000000,704.10156
5000000,591.9922
6000000,744.72656
7000000,1765.0391
8000000,785.15625
9000000,832.6172
10000000,782.03125
