steps,returns
5000,100.09375
10000,120.78906
15000,113.65625
20000,156.89844
25000,119.3125
30000,126.796875
35000,116.96875
40000,142.00781
45000,180.97656
50000,164.84375
