steps,returns
5000,16.570312
10000,15.640625
15000,15.2578125
20000,13.875
25000,12.7265625
30000,10.21875
35000,9.5546875
40000,9.0
45000,8.9375
50000,8.8671875
