steps,returns
10000,201.32031
20000,209.58594
30000,185.0625
40000,500.0
50000,489.04688
60000,500.0
70000,500.0
80000,500.0
90000,500.0
100000,500.0
