steps,returns
100000.0,290.19824
200000.0,778.59106
300000.0,1008.9743
400000.0,1422.0109
500000.0,867.4037
600000.0,905.914
700000.0,391.27905
800000.0,-404.7035
900000.0,-1087.1033
1000000.0,-1236.1096
