steps,returns
1000000,-17.53125
2000000,-17.90625
3000000,-17.515625
4000000,-17.625
5000000,-18.25
6000000,-17.0
7000000,-17.640625
8000000,-17.421875
9000000,-17.640625
10000000,-17.0625
