steps,returns
100000.0,11.0400505
200000.0,-305.1042
300000.0,-311.79877
400000.0,-987.2321
500000.0,-599.5438
600000.0,-647.00635
700000.0,-125.237625
800000.0,-286.25125
900000.0,-383.56354
1000000.0,-305.6267
