steps,returns
100000.0,234.09209
200000.0,244.03207
300000.0,253.51785
400000.0,255.69824
500000.0,255.94162
600000.0,258.2542
700000.0,259.83026
800000.0,261.3615
900000.0,260.41528
1000000.0,260.9178
