steps,returns
10000,313.71875
20000,484.83594
30000,488.70312
40000,450.98438
50000,177.04688
60000,158.48438
70000,169.38281
80000,131.63281
90000,129.82812
100000,224.26562
