steps,returns
1000000,198.28125
2000000,26.09375
3000000,47.03125
4000000,48.28125
5000000,210.3125
6000000,17.96875
7000000,17.1875
8000000,16.5625
9000000,50.0
10000000,52.5
