steps,returns
1000000,-17.390625
2000000,-17.46875
3000000,-17.75
4000000,-18.53125
5000000,-18.71875
6000000,-17.65625
7000000,-17.8125
8000000,-17.859375
9000000,-18.203125
10000000,-17.84375
