steps,returns
10000,282.3047
20000,207.32031
30000,162.54688
40000,238.72656
50000,500.0
60000,500.0
70000,456.8047
80000,291.8672
90000,151.13281
100000,500.0
