steps,returns
100000.0,772.6841
200000.0,568.83435
300000.0,352.3893
400000.0,455.8787
500000.0,548.07623
600000.0,625.70825
700000.0,678.6698
800000.0,740.60944
900000.0,785.18884
1000000.0,806.85956
