steps,returns
100000.0,1016.75195
200000.0,1038.334
300000.0,755.0864
400000.0,1069.23
500000.0,1046.1987
600000.0,1607.3851
700000.0,1344.4116
800000.0,1460.4427
900000.0,951.3691
1000000.0,763.48474
