steps,returns
100000.0,355.48996
200000.0,159.16599
300000.0,-1172.6448
400000.0,-346.88745
500000.0,-442.25778
600000.0,-419.67566
700000.0,-509.3523
800000.0,-708.6627
900000.0,-759.79333
1000000.0,-840.8868
