steps,returns
100000.0,301.12527
200000.0,219.39853
300000.0,-967.70844
400000.0,-3051.241
500000.0,-8029.751
600000.0,-6465.047
700000.0,-6500.952
800000.0,-6595.369
900000.0,-6897.996
1000000.0,-7010.619
