steps,returns
10000,459.27344
20000,320.96875
30000,478.85938
40000,499.89844
50000,413.45312
60000,366.71875
70000,500.0
80000,175.85156
90000,500.0
100000,484.1172
