steps,returns
1000000,17.34375
2000000,117.03125
3000000,25.46875
4000000,65.0
5000000,268.90625
6000000,98.28125
7000000,459.45312
8000000,198.4375
9000000,517.4219
10000000,469.29688
