steps,returns
5000,114.515625
10000,123.875
15000,34.617188
20000,42.414062
25000,133.36719
30000,135.28906
35000,92.30469
40000,108.13281
45000,106.28125
50000,119.94531
