steps,returns
100000.0,624.9513
200000.0,533.6387
300000.0,485.93048
400000.0,509.57373
500000.0,530.0133
600000.0,563.1085
700000.0,544.4927
800000.0,594.0266
900000.0,577.847
1000000.0,610.20233
