steps,returns
10000,124.8125
20000,90.828125
30000,115.69531
40000,98.609375
50000,100.734375
60000,109.953125
70000,121.21875
80000,116.046875
90000,114.984375
100000,123.50781
