steps,returns
10000,-317.28125
20000,-361.3828
30000,-419.83594
40000,-468.3203
50000,-495.21875
60000,-500.0
70000,-500.0
80000,-500.0
90000,-500.0
100000,-490.32812
