steps,returns
10000,500.0
20000,500.0
30000,500.0
40000,500.0
50000,481.3203
60000,225.9375
70000,452.85938
80000,236.82031
90000,100.015625
100000,500.0
