steps,returns
10000,120.078125
20000,139.27344
30000,408.6328
40000,391.3125
50000,393.48438
60000,418.8203
70000,463.42188
80000,467.16406
90000,444.08594
100000,439.89844
