steps,returns
5000,9.1484375
10000,9.34375
15000,9.3046875
20000,9.2890625
25000,9.296875
30000,9.3671875
35000,9.2890625
40000,9.328125
45000,9.2421875
50000,9.390625
