steps,returns
1000000,-17.828125
2000000,-17.875
3000000,-18.203125
4000000,-18.203125
5000000,-17.84375
6000000,-18.859375
7000000,-17.296875
8000000,-17.703125
9000000,-17.875
10000000,-17.390625
