steps,returns
1000000,-16.625
2000000,-17.34375
3000000,-16.75
4000000,-16.109375
5000000,-17.109375
6000000,-16.6875
7000000,-17.296875
8000000,-17.40625
9000000,-16.71875
10000000,-16.171875
