{"config": {"hp_config.clip_eps": 0.48838054409516857, "hp_config.ent_coef": 0.302422759872523, "hp_config.gae_lambda": 0.9477787895217205, "hp_config.learning_rate": 1.5701421102720535e-06, "hp_config.max_grad_norm": 0.2828069625764096, "hp_config.minibatch_size": 32, "hp_config.normalize_advantage": true, "hp_config.vf_clip_eps": 0.05936385947712203, "hp_config.vf_coef": 0.317983179393976}, "score": 376.8292541503906, "budget_used": 13, "total_wallclock_time": -212.75823950767517, "total_optimization_time": 0.006495237350463867}
{"config": {"hp_config.clip_eps": 0.4030969945230429, "hp_config.ent_coef": 0.35194429177018316, "hp_config.gae_lambda": 0.820035354773729, "hp_config.learning_rate": 0.03957428423834935, "hp_config.max_grad_norm": 0.7142412995491114, "hp_config.minibatch_size": 128, "hp_config.normalize_advantage": true, "hp_config.vf_clip_eps": 0.4340630286841071, "hp_config.vf_coef": 0.16249293467637482}, "score": NaN, "budget_used": 26, "total_wallclock_time": -376.9880721569061, "total_optimization_time": 0.058745622634887695}
{"config": {"hp_config.clip_eps": 0.4030969945230429, "hp_config.ent_coef": 0.35194429177018316, "hp_config.gae_lambda": 0.820035354773729, "hp_config.learning_rate": 0.03957428423834935, "hp_config.max_grad_norm": 0.7142412995491114, "hp_config.minibatch_size": 128, "hp_config.normalize_advantage": true, "hp_config.vf_clip_eps": 0.4340630286841071, "hp_config.vf_coef": 0.16249293467637482}, "score": NaN, "budget_used": 39, "total_wallclock_time": -539.0299277305603, "total_optimization_time": 0.06551146507263184}
{"config": {"hp_config.clip_eps": 0.4030969945230429, "hp_config.ent_coef": 0.35194429177018316, "hp_config.gae_lambda": 0.820035354773729, "hp_config.learning_rate": 0.03957428423834935, "hp_config.max_grad_norm": 0.7142412995491114, "hp_config.minibatch_size": 128, "hp_config.normalize_advantage": true, "hp_config.vf_clip_eps": 0.4340630286841071, "hp_config.vf_coef": 0.16249293467637482}, "score": NaN, "budget_used": 52, "total_wallclock_time": -730.5736653804779, "total_optimization_time": 0.06898379325866699}
{"config": {"hp_config.clip_eps": 0.4030969945230429, "hp_config.ent_coef": 0.35194429177018316, "hp_config.gae_lambda": 0.820035354773729, "hp_config.learning_rate": 0.03957428423834935, "hp_config.max_grad_norm": 0.7142412995491114, "hp_config.minibatch_size": 128, "hp_config.normalize_advantage": true, "hp_config.vf_clip_eps": 0.4340630286841071, "hp_config.vf_coef": 0.16249293467637482}, "score": NaN, "budget_used": 65, "total_wallclock_time": -877.3845689296722, "total_optimization_time": 0.09183526039123535}
{"config": {"hp_config.clip_eps": 0.4030969945230429, "hp_config.ent_coef": 0.35194429177018316, "hp_config.gae_lambda": 0.820035354773729, "hp_config.learning_rate": 0.03957428423834935, "hp_config.max_grad_norm": 0.7142412995491114, "hp_config.minibatch_size": 128, "hp_config.normalize_advantage": true, "hp_config.vf_clip_eps": 0.4340630286841071, "hp_config.vf_coef": 0.16249293467637482}, "score": NaN, "budget_used": 78, "total_wallclock_time": -1042.5116152763367, "total_optimization_time": 0.09505057334899902}
{"config": {"hp_config.clip_eps": 0.4030969945230429, "hp_config.ent_coef": 0.35194429177018316, "hp_config.gae_lambda": 0.820035354773729, "hp_config.learning_rate": 0.03957428423834935, "hp_config.max_grad_norm": 0.7142412995491114, "hp_config.minibatch_size": 128, "hp_config.normalize_advantage": true, "hp_config.vf_clip_eps": 0.4340630286841071, "hp_config.vf_coef": 0.16249293467637482}, "score": NaN, "budget_used": 91, "total_wallclock_time": -1196.8780896663666, "total_optimization_time": 0.12518739700317383}
{"config": {"hp_config.clip_eps": 0.4030969945230429, "hp_config.ent_coef": 0.35194429177018316, "hp_config.gae_lambda": 0.820035354773729, "hp_config.learning_rate": 0.03957428423834935, "hp_config.max_grad_norm": 0.7142412995491114, "hp_config.minibatch_size": 128, "hp_config.normalize_advantage": true, "hp_config.vf_clip_eps": 0.4340630286841071, "hp_config.vf_coef": 0.16249293467637482}, "score": NaN, "budget_used": 104, "total_wallclock_time": -1336.5061972141266, "total_optimization_time": 0.1521930694580078}
{"config": {"hp_config.clip_eps": 0.4030969945230429, "hp_config.ent_coef": 0.35194429177018316, "hp_config.gae_lambda": 0.820035354773729, "hp_config.learning_rate": 0.03957428423834935, "hp_config.max_grad_norm": 0.7142412995491114, "hp_config.minibatch_size": 128, "hp_config.normalize_advantage": true, "hp_config.vf_clip_eps": 0.4340630286841071, "hp_config.vf_coef": 0.16249293467637482}, "score": NaN, "budget_used": 117, "total_wallclock_time": -1479.6425931453705, "total_optimization_time": 0.1556689739227295}
{"config": {"hp_config.clip_eps": 0.4030969945230429, "hp_config.ent_coef": 0.35194429177018316, "hp_config.gae_lambda": 0.820035354773729, "hp_config.learning_rate": 0.03957428423834935, "hp_config.max_grad_norm": 0.7142412995491114, "hp_config.minibatch_size": 128, "hp_config.normalize_advantage": true, "hp_config.vf_clip_eps": 0.4340630286841071, "hp_config.vf_coef": 0.16249293467637482}, "score": NaN, "budget_used": 130, "total_wallclock_time": -1619.5219957828522, "total_optimization_time": 0.18617463111877441}
{"config": {"hp_config.clip_eps": 0.4030969945230429, "hp_config.ent_coef": 0.35194429177018316, "hp_config.gae_lambda": 0.820035354773729, "hp_config.learning_rate": 0.03957428423834935, "hp_config.max_grad_norm": 0.7142412995491114, "hp_config.minibatch_size": 128, "hp_config.normalize_advantage": true, "hp_config.vf_clip_eps": 0.4340630286841071, "hp_config.vf_coef": 0.16249293467637482}, "score": NaN, "budget_used": 143, "total_wallclock_time": -1759.393238544464, "total_optimization_time": 0.19602131843566895}
