steps,returns
1000000,17.34375
2000000,16.71875
3000000,17.5
4000000,45.9375
5000000,15.625
6000000,38.90625
7000000,16.875
8000000,41.25
9000000,28.90625
10000000,17.96875
