steps,returns
100000.0,1011.2594
200000.0,1000.8258
300000.0,1001.17773
400000.0,922.5523
500000.0,750.5042
600000.0,560.30273
700000.0,594.7664
800000.0,537.5398
900000.0,395.22052
1000000.0,488.51132
