steps,returns
5000,10.953125
10000,99.77344
15000,225.5625
20000,158.60938
25000,138.72656
30000,82.359375
35000,99.02344
40000,166.21875
45000,500.0
50000,500.0
