steps,returns
1000000,51.40625
2000000,27.65625
3000000,40.15625
4000000,27.96875
5000000,30.46875
6000000,49.53125
7000000,17.1875
8000000,28.59375
9000000,28.125
10000000,18.4375
