steps,returns
100000.0,7.759225
200000.0,-334.40402
300000.0,-1584.7937
400000.0,-1741.7562
500000.0,-989.91943
600000.0,-1034.5737
700000.0,-1129.7775
800000.0,-1194.6079
900000.0,-1452.7605
1000000.0,-1459.4094
