steps,returns
10000,288.29688
20000,431.4922
30000,428.66406
40000,499.71094
50000,235.52344
60000,500.0
70000,500.0
80000,90.59375
90000,96.21094
100000,113.328125
