steps,returns
5000,83.796875
10000,65.96094
15000,36.921875
20000,35.953125
25000,36.398438
30000,49.664062
35000,40.484375
40000,41.820312
45000,58.414062
50000,61.5625
