steps,returns
1000000,-17.515625
2000000,-17.890625
3000000,-17.90625
4000000,-17.859375
5000000,-17.796875
6000000,-17.796875
7000000,-18.203125
8000000,-17.875
9000000,-18.25
10000000,-17.703125
