steps,returns
1000000,-17.53125
2000000,-17.421875
3000000,-17.828125
4000000,-18.453125
5000000,-17.453125
6000000,-17.78125
7000000,-18.078125
8000000,-18.125
9000000,-17.5625
10000000,-18.140625
