steps,returns
5000,9.2578125
10000,9.703125
15000,23.304688
20000,143.34375
25000,175.67188
30000,40.3125
35000,40.429688
40000,116.60156
45000,124.60156
50000,139.92188
