steps,returns
10000,69.25781
20000,84.359375
30000,100.83594
40000,120.75
50000,119.609375
60000,130.73438
70000,128.84375
80000,131.8125
90000,130.61719
100000,142.67969
