steps,returns
5000,66.921875
10000,66.42969
15000,72.61719
20000,70.28906
25000,70.33594
30000,76.67969
35000,74.69531
40000,74.33594
45000,78.72656
50000,73.55469
