steps,returns
10000,345.6328
20000,295.71094
30000,254.89062
40000,228.0625
50000,371.375
60000,500.0
70000,500.0
80000,500.0
90000,500.0
100000,500.0
