steps,returns
10000,-500.0
20000,-500.0
30000,-500.0
40000,-209.64062
50000,-500.0
60000,-151.82812
70000,-500.0
80000,-321.10156
90000,-500.0
100000,-500.0
