steps,returns
100000.0,912.27374
200000.0,884.5802
300000.0,840.82166
400000.0,808.96436
500000.0,813.8678
600000.0,788.37964
700000.0,734.6331
800000.0,707.8146
900000.0,687.68536
1000000.0,681.3188
