steps,returns
10000,58.523438
20000,172.60938
30000,9.4296875
40000,9.4609375
50000,237.78906
60000,257.1328
70000,9.2890625
80000,9.4296875
90000,9.2421875
100000,9.453125
