steps,returns
100000.0,501.19226
200000.0,585.17084
300000.0,583.4451
400000.0,879.478
500000.0,788.4707
600000.0,354.50708
700000.0,379.35596
800000.0,-1.1172161
900000.0,-916.1976
1000000.0,-5102.001
