steps,returns
100000.0,842.34515
200000.0,801.60895
300000.0,795.7629
400000.0,703.41425
500000.0,674.432
600000.0,617.76733
700000.0,570.46136
800000.0,594.6461
900000.0,592.11304
1000000.0,581.04047
