steps,returns
1000000,-17.734375
2000000,-18.109375
3000000,-18.0
4000000,-18.421875
5000000,-18.015625
6000000,-18.203125
7000000,-18.5625
8000000,-18.390625
9000000,-17.3125
10000000,-18.109375
