steps,returns
100000.0,536.2368
200000.0,756.37256
300000.0,1131.9187
400000.0,857.45483
500000.0,797.47095
600000.0,982.36255
700000.0,1262.1208
800000.0,1181.0565
900000.0,1314.3159
1000000.0,1253.6515
