steps,returns
100000.0,23.69572
200000.0,24.286089
300000.0,23.925102
400000.0,23.945953
500000.0,24.18135
600000.0,24.155268
700000.0,24.140732
800000.0,24.178806
900000.0,24.24728
1000000.0,23.99974
