steps,returns
1000000,-17.953125
2000000,-18.203125
3000000,-18.015625
4000000,-17.8125
5000000,-17.921875
6000000,-17.65625
7000000,-17.953125
8000000,-17.28125
9000000,-17.890625
10000000,-16.09375
