steps,returns
5000,80.57031
10000,153.10938
15000,123.375
20000,137.04688
25000,261.6875
30000,114.86719
35000,136.47656
40000,124.07031
45000,88.28906
50000,113.74219
