steps,returns
10000,150.92969
20000,125.859375
30000,117.22656
40000,109.578125
50000,115.71094
60000,120.46875
70000,112.625
80000,132.09375
90000,119.77344
100000,126.96875
