steps,returns
100000.0,691.8989
200000.0,611.21216
300000.0,628.9115
400000.0,562.58923
500000.0,541.81537
600000.0,603.6273
700000.0,757.6099
800000.0,822.2965
900000.0,903.1182
1000000.0,890.3528
