steps,returns
10000,138.88281
20000,205.35938
30000,289.4453
40000,321.48438
50000,440.6328
60000,424.15625
70000,465.10156
80000,469.1328
90000,463.53125
100000,448.65625
