steps,returns
5000,120.91406
10000,133.39062
15000,89.36719
20000,21.15625
25000,91.41406
30000,93.02344
35000,92.72656
40000,91.74219
45000,101.03125
50000,49.554688
