steps,returns
100000.0,-231.8971
200000.0,-1355.54
300000.0,-1910.4586
400000.0,-574.61523
500000.0,-115.0611
600000.0,-132.08972
700000.0,-853.1797
800000.0,-377.33472
900000.0,-448.15982
1000000.0,-293.09717
