{"config": {"hp_config.clip_eps": 0.3353189348090797, "hp_config.ent_coef": 0.10519128053692045, "hp_config.gae_lambda": 0.8257723669012053, "hp_config.learning_rate": 3.7769545138788986e-05, "hp_config.max_grad_norm": 0.3637107709426226, "hp_config.minibatch_size": 64, "hp_config.normalize_advantage": true, "hp_config.vf_clip_eps": 0.4941869190296131, "hp_config.vf_coef": 0.10204481074802807}, "score": -1108.784912109375, "budget_used": 13, "total_wallclock_time": -188.36192989349365, "total_optimization_time": 0.06255412101745605}
{"config": {"hp_config.clip_eps": 0.08234707824895637, "hp_config.ent_coef": 0.31073920074988176, "hp_config.gae_lambda": 0.9153879948619731, "hp_config.learning_rate": 1.5469066515012492e-05, "hp_config.max_grad_norm": 0.9342139979247938, "hp_config.minibatch_size": 64, "hp_config.normalize_advantage": false, "hp_config.vf_clip_eps": 0.2949549881772855, "hp_config.vf_coef": 0.7301220295167696}, "score": -1153.845947265625, "budget_used": 26, "total_wallclock_time": -327.2411093711853, "total_optimization_time": 0.3051304817199707}
{"config": {"hp_config.clip_eps": 0.34849862086249367, "hp_config.ent_coef": 0.3893476979705517, "hp_config.gae_lambda": 0.9554037716135657, "hp_config.learning_rate": 1.982041856987241e-05, "hp_config.max_grad_norm": 0.37381313793256143, "hp_config.minibatch_size": 64, "hp_config.normalize_advantage": true, "hp_config.vf_clip_eps": 0.18542639960894436, "hp_config.vf_coef": 0.19705428018563964}, "score": -2989.886962890625, "budget_used": 39, "total_wallclock_time": -475.1290898323059, "total_optimization_time": 0.3520503044128418}
{"config": {"hp_config.clip_eps": 0.3450125100956137, "hp_config.ent_coef": 0.34981102712525836, "hp_config.gae_lambda": 0.8655113082712681, "hp_config.learning_rate": 0.006079854886425403, "hp_config.max_grad_norm": 0.6360610554471413, "hp_config.minibatch_size": 32, "hp_config.normalize_advantage": true, "hp_config.vf_clip_eps": 0.39819573725866586, "hp_config.vf_coef": 0.9591666030352225}, "score": NaN, "budget_used": 52, "total_wallclock_time": -623.6611444950104, "total_optimization_time": 0.356609582901001}
{"config": {"hp_config.clip_eps": 0.3450125100956137, "hp_config.ent_coef": 0.34981102712525836, "hp_config.gae_lambda": 0.8655113082712681, "hp_config.learning_rate": 0.006079854886425403, "hp_config.max_grad_norm": 0.6360610554471413, "hp_config.minibatch_size": 32, "hp_config.normalize_advantage": true, "hp_config.vf_clip_eps": 0.39819573725866586, "hp_config.vf_coef": 0.9591666030352225}, "score": NaN, "budget_used": 65, "total_wallclock_time": -761.6568598747253, "total_optimization_time": 0.41957879066467285}
{"config": {"hp_config.clip_eps": 0.3450125100956137, "hp_config.ent_coef": 0.34981102712525836, "hp_config.gae_lambda": 0.8655113082712681, "hp_config.learning_rate": 0.006079854886425403, "hp_config.max_grad_norm": 0.6360610554471413, "hp_config.minibatch_size": 32, "hp_config.normalize_advantage": true, "hp_config.vf_clip_eps": 0.39819573725866586, "hp_config.vf_coef": 0.9591666030352225}, "score": NaN, "budget_used": 78, "total_wallclock_time": -902.6351478099823, "total_optimization_time": 0.4235682487487793}
{"config": {"hp_config.clip_eps": 0.3450125100956137, "hp_config.ent_coef": 0.34981102712525836, "hp_config.gae_lambda": 0.8655113082712681, "hp_config.learning_rate": 0.006079854886425403, "hp_config.max_grad_norm": 0.6360610554471413, "hp_config.minibatch_size": 32, "hp_config.normalize_advantage": true, "hp_config.vf_clip_eps": 0.39819573725866586, "hp_config.vf_coef": 0.9591666030352225}, "score": NaN, "budget_used": 91, "total_wallclock_time": -1038.9040248394012, "total_optimization_time": 0.5468897819519043}
{"config": {"hp_config.clip_eps": 0.3450125100956137, "hp_config.ent_coef": 0.34981102712525836, "hp_config.gae_lambda": 0.8655113082712681, "hp_config.learning_rate": 0.006079854886425403, "hp_config.max_grad_norm": 0.6360610554471413, "hp_config.minibatch_size": 32, "hp_config.normalize_advantage": true, "hp_config.vf_clip_eps": 0.39819573725866586, "hp_config.vf_coef": 0.9591666030352225}, "score": NaN, "budget_used": 104, "total_wallclock_time": -1181.0073945522308, "total_optimization_time": 0.5503058433532715}
{"config": {"hp_config.clip_eps": 0.3450125100956137, "hp_config.ent_coef": 0.34981102712525836, "hp_config.gae_lambda": 0.8655113082712681, "hp_config.learning_rate": 0.006079854886425403, "hp_config.max_grad_norm": 0.6360610554471413, "hp_config.minibatch_size": 32, "hp_config.normalize_advantage": true, "hp_config.vf_clip_eps": 0.39819573725866586, "hp_config.vf_coef": 0.9591666030352225}, "score": NaN, "budget_used": 117, "total_wallclock_time": -1321.2247185707092, "total_optimization_time": 0.5841348171234131}
{"config": {"hp_config.clip_eps": 0.3450125100956137, "hp_config.ent_coef": 0.34981102712525836, "hp_config.gae_lambda": 0.8655113082712681, "hp_config.learning_rate": 0.006079854886425403, "hp_config.max_grad_norm": 0.6360610554471413, "hp_config.minibatch_size": 32, "hp_config.normalize_advantage": true, "hp_config.vf_clip_eps": 0.39819573725866586, "hp_config.vf_coef": 0.9591666030352225}, "score": NaN, "budget_used": 130, "total_wallclock_time": -1455.2074737548828, "total_optimization_time": 0.6486077308654785}
{"config": {"hp_config.clip_eps": 0.3450125100956137, "hp_config.ent_coef": 0.34981102712525836, "hp_config.gae_lambda": 0.8655113082712681, "hp_config.learning_rate": 0.006079854886425403, "hp_config.max_grad_norm": 0.6360610554471413, "hp_config.minibatch_size": 32, "hp_config.normalize_advantage": true, "hp_config.vf_clip_eps": 0.39819573725866586, "hp_config.vf_coef": 0.9591666030352225}, "score": NaN, "budget_used": 143, "total_wallclock_time": -1588.8780455589294, "total_optimization_time": 0.6546552181243896}
