steps,returns
5000,28.03125
10000,27.414062
15000,27.414062
20000,29.078125
25000,31.015625
30000,31.445312
35000,33.523438
40000,34.90625
45000,35.09375
50000,37.75
