steps,returns
1000000,-17.75
2000000,-17.75
3000000,-17.8125
4000000,-18.046875
5000000,-17.734375
6000000,-17.171875
7000000,-17.296875
8000000,-17.421875
9000000,-17.84375
10000000,-18.15625
