steps,returns
10000,127.953125
20000,387.77344
30000,369.9922
40000,491.6328
50000,499.27344
60000,500.0
70000,500.0
80000,494.47656
90000,438.73438
100000,500.0
