steps,returns
1000000,-17.765625
2000000,-17.875
3000000,-17.796875
4000000,-18.015625
5000000,-17.515625
6000000,-17.5
7000000,-17.3125
8000000,-17.515625
9000000,-18.015625
10000000,-17.734375
