steps,returns
5000,8.9296875
10000,9.1796875
15000,13.203125
20000,29.117188
25000,37.304688
30000,46.796875
35000,56.875
40000,50.515625
45000,139.92969
50000,286.60938
