steps,returns
100000.0,903.1452
200000.0,593.3819
300000.0,625.95886
400000.0,710.1138
500000.0,624.681
600000.0,602.28845
700000.0,682.3563
800000.0,745.1137
900000.0,767.69086
1000000.0,919.0051
