steps,returns
1000000,401.5625
2000000,493.35938
3000000,561.91406
4000000,2551.5625
5000000,4062.1094
6000000,6307.8125
7000000,6559.5703
8000000,7749.8047
9000000,12995.3125
10000000,14662.109
