steps,returns
10000,228.42969
20000,359.21094
30000,460.07812
40000,426.78906
50000,64.67969
60000,407.08594
70000,187.3125
80000,500.0
90000,500.0
100000,500.0
