steps,returns
100000.0,-0.97434646
200000.0,-1.5951937
300000.0,-1.8407552
400000.0,-1.654743
500000.0,-1.9187262
600000.0,-2.015606
700000.0,-2.2318323
800000.0,3.4113007
900000.0,44.898296
1000000.0,57.960373
