steps,returns
5000,9.203125
10000,9.140625
15000,9.390625
20000,9.390625
25000,16.039062
30000,25.695312
35000,32.609375
40000,39.960938
45000,57.554688
50000,66.50781
