steps,returns
100000.0,734.5615
200000.0,1247.4199
300000.0,898.96246
400000.0,670.4925
500000.0,716.79083
600000.0,1424.2776
700000.0,1299.9133
800000.0,1673.106
900000.0,1698.5428
1000000.0,1406.976
