steps,returns
1000000,17.8125
2000000,20.78125
3000000,16.5625
4000000,223.59375
5000000,15.625
6000000,57.96875
7000000,349.53125
8000000,315.625
9000000,17.1875
10000000,250.78125
