steps,returns
1000000,-18.078125
2000000,-18.3125
3000000,-18.265625
4000000,-18.421875
5000000,-17.703125
6000000,-17.984375
7000000,-17.75
8000000,-17.671875
9000000,-17.296875
10000000,-18.125
