steps,returns
10000,95.05469
20000,116.109375
30000,162.64062
40000,174.86719
50000,196.05469
60000,225.98438
70000,246.33594
80000,295.66406
90000,367.4297
100000,426.57812
