steps,returns
100000.0,1162.6067
200000.0,1375.0422
300000.0,1127.3743
400000.0,983.71814
500000.0,1196.7666
600000.0,1263.419
700000.0,1504.6987
800000.0,1651.7767
900000.0,1521.6418
1000000.0,412.25342
