steps,returns
100000.0,995.3594
200000.0,1104.5953
300000.0,1092.3096
400000.0,1053.912
500000.0,1018.04175
600000.0,794.91956
700000.0,944.8438
800000.0,858.65283
900000.0,836.96106
1000000.0,1425.6638
