steps,returns
100000.0,163.3357
200000.0,164.86856
300000.0,166.33897
400000.0,164.70792
500000.0,165.3809
600000.0,164.87898
700000.0,165.4084
800000.0,165.72237
900000.0,165.67105
1000000.0,165.97473
