steps,returns
5000,85.46094
10000,91.69531
15000,92.578125
20000,87.94531
25000,82.97656
30000,71.8125
35000,66.03125
40000,53.835938
45000,53.367188
50000,52.296875
