steps,returns
100000.0,287.69238
200000.0,-108.99353
300000.0,-5417.366
400000.0,-3077.4734
500000.0,-9918.079
600000.0,-12613.926
700000.0,-7076.6934
800000.0,-9072.254
900000.0,-11941.455
1000000.0,-12224.659
