steps,returns
100000.0,543.75476
200000.0,597.1677
300000.0,1232.9949
400000.0,1050.8867
500000.0,901.2685
600000.0,1005.4594
700000.0,729.2827
800000.0,569.1758
900000.0,367.0547
1000000.0,128.47263
