steps,returns
5000,85.203125
10000,61.664062
15000,42.257812
20000,20.015625
25000,11.515625
30000,12.296875
35000,26.265625
40000,21.8125
45000,9.28125
50000,10.6875
