steps,returns
1000000,-16.828125
2000000,-17.75
3000000,-17.28125
4000000,-16.75
5000000,-17.203125
6000000,-16.828125
7000000,-16.671875
8000000,-16.40625
9000000,-16.265625
10000000,-15.84375
