steps,returns
1000000,17.34375
2000000,20.46875
3000000,17.5
4000000,17.96875
5000000,15.625
6000000,139.6875
7000000,16.875
8000000,188.59375
9000000,55.3125
10000000,34.6875
