steps,returns
10000,-433.54688
20000,-448.89844
30000,-435.84375
40000,-417.98438
50000,-408.0
60000,-401.60156
70000,-310.3828
80000,-223.04688
90000,-221.35938
100000,-218.19531
