steps,returns
1000000,125.0
2000000,592.1875
3000000,250.0
4000000,345.3125
5000000,263.28125
6000000,339.64844
7000000,465.23438
8000000,213.47656
9000000,566.0156
10000000,470.5078
