steps,returns
100000.0,836.64716
200000.0,716.89813
300000.0,630.68365
400000.0,632.2755
500000.0,744.3836
600000.0,944.81696
700000.0,985.81604
800000.0,943.36316
900000.0,926.6394
1000000.0,908.1041
