steps,returns
100000.0,803.00214
200000.0,1285.4065
300000.0,652.63306
400000.0,603.2009
500000.0,708.91187
600000.0,715.3613
700000.0,521.0156
800000.0,758.3046
900000.0,1031.9866
1000000.0,938.26733
