steps,returns
100000.0,994.22656
200000.0,728.0948
300000.0,1422.064
400000.0,730.5435
500000.0,836.77997
600000.0,1146.116
700000.0,1372.0742
800000.0,1105.5281
900000.0,-6819.788
1000000.0,-83699.81
