steps,returns
5000,8.953125
10000,9.0390625
15000,8.9296875
20000,9.0703125
25000,8.9609375
30000,9.0390625
35000,9.1875
40000,9.2265625
45000,9.25
50000,9.1796875
