steps,returns
100000.0,-1.0410442
200000.0,-2.1628318
300000.0,-13.61747
400000.0,18.131287
500000.0,-114.9684
600000.0,-215.54001
700000.0,-272.25128
800000.0,-323.4577
900000.0,-362.69464
1000000.0,-441.23358
