steps,returns
1000000,-16.0
2000000,-17.203125
3000000,-1.53125
4000000,-15.5625
5000000,-4.53125
6000000,-8.515625
7000000,-8.8359375
8000000,-3.84375
9000000,-17.34375
10000000,-17.21875
