steps,returns
100000.0,57.229313
200000.0,-507.00305
300000.0,-623.05194
400000.0,-2131.329
500000.0,-2834.687
600000.0,-3471.4111
700000.0,-5167.509
800000.0,-5418.8447
900000.0,-6644.3467
1000000.0,-9578.432
