steps,returns
100000.0,-0.7612786
200000.0,-0.84848386
300000.0,-1.601506
400000.0,-2.802423
500000.0,-6.8252344
600000.0,-16.075705
700000.0,31.640345
800000.0,40.796844
900000.0,-242.64119
1000000.0,-180.39507
