steps,returns
1000000,-18.171875
2000000,-17.5625
3000000,-18.296875
4000000,-18.078125
5000000,-18.28125
6000000,-18.046875
7000000,-18.28125
8000000,-17.640625
9000000,-18.140625
10000000,-18.109375
