steps,returns
100000.0,892.70856
200000.0,859.1067
300000.0,914.3588
400000.0,817.10583
500000.0,765.08716
600000.0,792.5182
700000.0,939.3138
800000.0,926.89
900000.0,901.06384
1000000.0,907.1698
