steps,returns
1000000,305.46875
2000000,125.0
3000000,250.0
4000000,255.46875
5000000,250.0
6000000,250.0
7000000,343.35938
8000000,593.5547
9000000,683.2031
10000000,718.5547
