steps,returns
1000000,369.92188
2000000,1247.2656
3000000,259.76562
4000000,312.3047
5000000,939.2578
6000000,999.41406
7000000,4381.4453
8000000,2399.6094
9000000,4085.1562
10000000,4332.8125
