steps,returns
100000.0,1035.3015
200000.0,989.1985
300000.0,910.8705
400000.0,713.18823
500000.0,561.0298
600000.0,385.18604
700000.0,189.57602
800000.0,149.8623
900000.0,240.13498
1000000.0,68.84395
