steps,returns
10000,384.59375
20000,411.2422
30000,430.77344
40000,427.54688
50000,423.89844
60000,377.23438
70000,397.0703
80000,500.0
90000,500.0
100000,500.0
