steps,returns
1000000,-17.453125
2000000,-18.125
3000000,-18.5
4000000,-18.171875
5000000,-18.40625
6000000,-18.203125
7000000,-17.9375
8000000,-17.453125
9000000,-17.859375
10000000,-17.890625
