steps,returns
10000,53.78125
20000,54.414062
30000,62.640625
40000,83.71094
50000,122.46875
60000,173.96094
70000,269.6797
80000,499.83594
90000,418.58594
100000,500.0
