steps,returns
100000.0,959.72656
200000.0,653.46643
300000.0,337.8096
400000.0,366.27173
500000.0,769.36957
600000.0,946.9331
700000.0,1051.7408
800000.0,1021.35956
900000.0,1309.708
1000000.0,1304.2434
