steps,returns
100000.0,834.91986
200000.0,743.87195
300000.0,629.32153
400000.0,530.4976
500000.0,519.3102
600000.0,550.213
700000.0,504.1923
800000.0,490.15732
900000.0,508.79572
1000000.0,495.1089
