steps,returns
100000.0,1022.5537
200000.0,1015.7584
300000.0,1010.8733
400000.0,1000.95776
500000.0,984.80945
600000.0,967.52124
700000.0,925.421
800000.0,897.1133
900000.0,837.35974
1000000.0,767.15344
