steps,returns
5000,77.67969
10000,86.60156
15000,85.46875
20000,82.59375
25000,87.890625
30000,84.9375
35000,92.234375
40000,85.39844
45000,90.3125
50000,84.984375
