steps,returns
100000.0,985.4242
200000.0,790.37396
300000.0,490.07526
400000.0,420.10974
500000.0,432.45853
600000.0,561.5498
700000.0,538.70135
800000.0,453.39706
900000.0,529.7228
1000000.0,502.2113
