steps,returns
10000,343.82812
20000,390.82812
30000,412.1328
40000,496.47656
50000,472.85156
60000,500.0
70000,500.0
80000,495.79688
90000,500.0
100000,500.0
