steps,returns
5000,35.132812
10000,42.359375
15000,44.914062
20000,49.117188
25000,53.5625
30000,52.203125
35000,52.726562
40000,51.71875
45000,47.859375
50000,45.648438
