steps,returns
1000000,-18.171875
2000000,-16.671875
3000000,-15.390625
4000000,-16.0625
5000000,-16.015625
6000000,-15.203125
7000000,-15.234375
8000000,-4.796875
9000000,-1.125
10000000,-1.65625
