steps,returns
100000.0,835.24976
200000.0,434.04697
300000.0,955.3552
400000.0,1249.7844
500000.0,1165.1221
600000.0,1206.2991
700000.0,971.00977
800000.0,1290.4739
900000.0,1539.5947
1000000.0,680.356
