steps,returns
1000000,-18.203125
2000000,-18.5625
3000000,-18.59375
4000000,-17.84375
5000000,-17.640625
6000000,-17.734375
7000000,-17.625
8000000,-17.765625
9000000,-17.46875
10000000,-18.1875
