steps,returns
5000,20.398438
10000,88.65625
15000,239.375
20000,241.21875
25000,219.92969
30000,203.14844
35000,131.42969
40000,163.15625
45000,197.47656
50000,135.55469
