steps,returns
100000.0,1043.0693
200000.0,796.61505
300000.0,812.033
400000.0,757.69574
500000.0,775.1203
600000.0,775.6918
700000.0,833.9519
800000.0,903.51575
900000.0,875.7086
1000000.0,845.4231
