steps,returns
10000,-258.6328
20000,-283.48438
30000,-279.9297
40000,-290.46875
50000,-315.0703
60000,-309.41406
70000,-324.01562
80000,-325.39062
90000,-334.46875
100000,-365.16406
