steps,returns
1000000,265.03906
2000000,303.125
3000000,640.2344
4000000,275.0
5000000,503.90625
6000000,432.03125
7000000,705.8594
8000000,421.48438
9000000,838.6719
10000000,419.33594
