steps,returns
100000.0,-0.6359956
200000.0,-0.73042107
300000.0,-0.74342525
400000.0,-0.92850506
500000.0,-1.3953063
600000.0,-1.228142
700000.0,-1.6695938
800000.0,17.356178
900000.0,-48.258476
1000000.0,162.6836
