steps,returns
5000,9.4375
10000,11.140625
15000,9.5078125
20000,16.75
25000,9.9609375
30000,81.74219
35000,82.109375
40000,106.21875
45000,228.49219
50000,212.95312
