steps,returns
10000,-300.71875
20000,-300.72656
30000,-303.4453
40000,-313.40625
50000,-328.71094
60000,-343.6875
70000,-341.34375
80000,-364.51562
90000,-357.90625
100000,-350.10938
