steps,returns
10000,99.77344
20000,84.65625
30000,76.63281
40000,89.63281
50000,98.171875
60000,108.27344
70000,126.515625
80000,132.19531
90000,150.54688
100000,158.86719
