steps,returns
100000.0,-6.255893
200000.0,76.65172
300000.0,-69.888885
400000.0,-154.06631
500000.0,-168.63866
600000.0,-147.1496
700000.0,-142.15627
800000.0,-125.97479
900000.0,-132.64633
1000000.0,-149.47305
