steps,returns
100000.0,1027.1289
200000.0,1045.7847
300000.0,1048.6445
400000.0,1102.619
500000.0,1148.4808
600000.0,1237.9595
700000.0,242.56723
800000.0,1122.6489
900000.0,945.4242
1000000.0,998.00256
