steps,returns
1000000,-18.0625
2000000,-17.890625
3000000,-18.109375
4000000,-17.96875
5000000,-18.203125
6000000,-17.890625
7000000,-18.203125
8000000,-17.875
9000000,-18.28125
10000000,-17.859375
