steps,returns
1000000,360.9375
2000000,121.875
3000000,223.24219
4000000,125.0
5000000,89.84375
6000000,193.75
7000000,150.0
8000000,125.0
9000000,125.0
10000000,150.0
