steps,returns
100000.0,862.38214
200000.0,679.6912
300000.0,726.8268
400000.0,767.1689
500000.0,880.3529
600000.0,922.04065
700000.0,930.8627
800000.0,933.2102
900000.0,899.265
1000000.0,916.0305
