steps,returns
5000,90.24219
10000,92.63281
15000,75.765625
20000,79.015625
25000,85.8125
30000,82.24219
35000,86.84375
40000,85.80469
45000,85.578125
50000,79.421875
