steps,returns
1000000,-17.265625
2000000,-17.90625
3000000,-17.90625
4000000,-18.28125
5000000,-17.71875
6000000,-17.9375
7000000,-17.859375
8000000,-17.84375
9000000,-18.296875
10000000,-18.59375
