steps,returns
100000.0,685.4758
200000.0,618.9822
300000.0,564.2344
400000.0,581.25305
500000.0,936.20605
600000.0,763.21686
700000.0,595.88196
800000.0,444.1618
900000.0,-1621.4896
1000000.0,-4112.8477
