steps,returns
10000,102.00781
20000,128.28125
30000,119.015625
40000,123.46875
50000,128.21094
60000,125.74219
70000,140.39844
80000,133.57812
90000,135.375
100000,137.89062
