steps,returns
100000.0,351.12488
200000.0,873.76605
300000.0,890.84515
400000.0,799.74023
500000.0,961.84515
600000.0,996.50854
700000.0,851.0576
800000.0,876.4651
900000.0,864.8533
1000000.0,853.8589
