steps,returns
1000000,-17.609375
2000000,-17.9375
3000000,-17.953125
4000000,-18.375
5000000,-17.53125
6000000,-18.125
7000000,-18.046875
8000000,-17.65625
9000000,-18.328125
10000000,-17.921875
