steps,returns
100000.0,311.68637
200000.0,233.36359
300000.0,-1163.3721
400000.0,-2232.1868
500000.0,-7027.8994
600000.0,-17287.934
700000.0,-9589.604
800000.0,-13731.539
900000.0,-20880.824
1000000.0,-17214.496
