steps,returns
1000000,-17.90625
2000000,-18.234375
3000000,-18.21875
4000000,-18.515625
5000000,-17.703125
6000000,-17.765625
7000000,-17.828125
8000000,-17.890625
9000000,-18.4375
10000000,-18.03125
