steps,returns
100000.0,611.738
200000.0,588.6062
300000.0,620.07544
400000.0,669.3506
500000.0,733.62646
600000.0,772.3825
700000.0,848.2064
800000.0,874.7405
900000.0,935.4573
1000000.0,925.83746
