steps,returns
100000.0,-279.3809
200000.0,-85.232155
300000.0,-36.035034
400000.0,153.32236
500000.0,168.18048
600000.0,243.94623
700000.0,125.345055
800000.0,130.51886
900000.0,162.04794
1000000.0,167.82635
