steps,returns
10000,84.03906
20000,86.78906
30000,141.6875
40000,156.05469
50000,245.05469
60000,350.97656
70000,412.1953
80000,246.72656
90000,86.3125
100000,496.96875
