steps,returns
1000000,-18.09375
2000000,-17.671875
3000000,-17.65625
4000000,-17.828125
5000000,-17.578125
6000000,-18.390625
7000000,-17.375
8000000,-17.015625
9000000,-17.546875
10000000,-17.34375
