steps,returns
1000000,150.0
2000000,250.0
3000000,150.0
4000000,630.27344
5000000,368.75
6000000,485.15625
7000000,630.8594
8000000,328.51562
9000000,604.2969
10000000,720.5078
