steps,returns
100000.0,658.5284
200000.0,390.2237
300000.0,675.14355
400000.0,993.7169
500000.0,952.2799
600000.0,906.1199
700000.0,876.52686
800000.0,863.17444
900000.0,874.15234
1000000.0,868.8356
