steps,returns
1000000,150.0
2000000,199.02344
3000000,150.0
4000000,125.0
5000000,250.0
6000000,379.8828
7000000,297.65625
8000000,277.14844
9000000,258.39844
10000000,257.8125
