steps,returns
1000000,-17.78125
2000000,-17.875
3000000,-17.875
4000000,-17.796875
5000000,-17.6875
6000000,-17.703125
7000000,-18.21875
8000000,-17.8125
9000000,-18.203125
10000000,-18.578125
