steps,returns
5000,8.984375
10000,9.046875
15000,9.2109375
20000,9.015625
25000,9.3984375
30000,9.359375
35000,9.2734375
40000,9.3046875
45000,9.3203125
50000,9.3359375
