steps,returns
1000000,-17.6875
2000000,-17.921875
3000000,-17.578125
4000000,-17.796875
5000000,-18.046875
6000000,-17.828125
7000000,-18.15625
8000000,-17.375
9000000,-18.140625
10000000,-17.703125
