steps,returns
5000,8.8359375
10000,8.8984375
15000,8.8203125
20000,8.8515625
25000,8.859375
30000,8.859375
35000,8.9453125
40000,8.875
45000,8.7890625
50000,8.9140625
