steps,returns
1000000,17.1875
2000000,17.5
3000000,18.125
4000000,33.125
5000000,16.40625
6000000,17.96875
7000000,17.8125
8000000,46.875
9000000,80.46875
10000000,141.875
