steps,returns
100000.0,386.36758
200000.0,386.25836
300000.0,379.35217
400000.0,374.35507
500000.0,398.13165
600000.0,414.9888
700000.0,430.48648
800000.0,417.14453
900000.0,404.5178
1000000.0,401.97656
