steps,returns
5000,47.148438
10000,46.140625
15000,39.84375
20000,30.84375
25000,20.179688
30000,12.0
35000,9.4375
40000,9.3046875
45000,9.34375
50000,9.9375
