steps,returns
10000,232.25781
20000,467.10156
30000,87.9375
40000,500.0
50000,453.4922
60000,500.0
70000,57.460938
80000,500.0
90000,500.0
100000,132.95312
