steps,returns
100000.0,825.58545
200000.0,1129.1991
300000.0,870.5077
400000.0,1005.1531
500000.0,895.55536
600000.0,928.2108
700000.0,838.66327
800000.0,936.9747
900000.0,1094.9321
1000000.0,1007.4746
