steps,returns
1000000,143.59375
2000000,771.71875
3000000,617.7344
4000000,175.9375
5000000,725.9375
6000000,237.96875
7000000,90.9375
8000000,34.53125
9000000,412.96875
10000000,410.46875
