steps,returns
5000,9.453125
10000,9.3828125
15000,9.265625
20000,9.4140625
25000,9.3203125
30000,9.3203125
35000,9.4609375
40000,9.390625
45000,9.3359375
50000,9.375
