steps,returns
5000,55.023438
10000,58.609375
15000,56.554688
20000,59.101562
25000,60.335938
30000,55.445312
35000,51.304688
40000,51.3125
45000,42.234375
50000,39.015625
