steps,returns
10000,118.88281
20000,177.78906
30000,500.0
40000,500.0
50000,209.10938
60000,500.0
70000,500.0
80000,500.0
90000,500.0
100000,232.32812
