steps,returns
10000,-305.14062
20000,-323.5
30000,-310.83594
40000,-351.0625
50000,-355.53906
60000,-369.72656
70000,-394.70312
80000,-426.8047
90000,-419.32812
100000,-447.4297
