steps,returns
1000000,-18.1875
2000000,-18.125
3000000,-18.03125
4000000,-18.03125
5000000,-18.1875
6000000,-18.1875
7000000,-18.296875
8000000,-17.859375
9000000,-18.265625
10000000,-18.078125
