steps,returns
1000000,194.72656
2000000,280.27344
3000000,731.4453
4000000,663.8672
5000000,693.75
6000000,681.83594
7000000,599.21875
8000000,468.75
9000000,737.1094
10000000,1061.5234
