steps,returns
100000.0,587.47266
200000.0,588.48486
300000.0,1084.4891
400000.0,750.60596
500000.0,816.9719
600000.0,967.93536
700000.0,1020.4075
800000.0,799.04034
900000.0,472.44955
1000000.0,330.584
