steps,returns
10000,-500.0
20000,-500.0
30000,-500.0
40000,-500.0
50000,-500.0
60000,-449.375
70000,-130.88281
80000,-105.3125
90000,-89.953125
100000,-101.078125
