steps,returns
5000,26.726562
10000,26.914062
15000,27.3125
20000,27.40625
25000,26.625
30000,26.984375
35000,27.351562
40000,27.0625
45000,28.210938
50000,27.609375
