{"config": {"hp_config.buffer_alpha": 0.7006548839679922, "hp_config.buffer_batch_size": 64, "hp_config.buffer_beta": 0.670099048291211, "hp_config.buffer_epsilon": 0.007035740826563435, "hp_config.buffer_prio_sampling": true, "hp_config.buffer_size": 13784, "hp_config.epsilon": 0.161137033707471, "hp_config.gradient_steps": 4, "hp_config.learning_rate": 0.0007095513849771362, "hp_config.learning_starts": 449, "hp_config.train_freq": 127, "hp_config.use_target_network": true, "hp_config.target_update_interval": 209, "hp_config.tau": 0.1696964227061463}, "score": 19.578125, "budget_used": 13, "total_wallclock_time": -70.44975423812866, "total_optimization_time": 0.009834527969360352}
{"config": {"hp_config.buffer_alpha": 0.7676720012688956, "hp_config.buffer_batch_size": 256, "hp_config.buffer_beta": 0.9046825423484741, "hp_config.buffer_epsilon": 0.0017508019189781672, "hp_config.buffer_prio_sampling": false, "hp_config.buffer_size": 58873, "hp_config.epsilon": 0.48115850738087834, "hp_config.gradient_steps": 3, "hp_config.learning_rate": 1.6000881156206383e-05, "hp_config.learning_starts": 102, "hp_config.train_freq": 3, "hp_config.use_target_network": false}, "score": 11.078125, "budget_used": 26, "total_wallclock_time": -138.27678060531616, "total_optimization_time": 0.04098320007324219}
{"config": {"hp_config.buffer_alpha": 0.7676720012688956, "hp_config.buffer_batch_size": 256, "hp_config.buffer_beta": 0.9046825423484741, "hp_config.buffer_epsilon": 0.0017508019189781672, "hp_config.buffer_prio_sampling": false, "hp_config.buffer_size": 58873, "hp_config.epsilon": 0.48115850738087834, "hp_config.gradient_steps": 3, "hp_config.learning_rate": 1.6000881156206383e-05, "hp_config.learning_starts": 102, "hp_config.train_freq": 3, "hp_config.use_target_network": false}, "score": 11.078125, "budget_used": 39, "total_wallclock_time": -206.6264545917511, "total_optimization_time": 0.04524636268615723}
{"config": {"hp_config.buffer_alpha": 0.7676720012688956, "hp_config.buffer_batch_size": 256, "hp_config.buffer_beta": 0.9046825423484741, "hp_config.buffer_epsilon": 0.0017508019189781672, "hp_config.buffer_prio_sampling": false, "hp_config.buffer_size": 58873, "hp_config.epsilon": 0.48115850738087834, "hp_config.gradient_steps": 3, "hp_config.learning_rate": 1.6000881156206383e-05, "hp_config.learning_starts": 102, "hp_config.train_freq": 3, "hp_config.use_target_network": false}, "score": 11.078125, "budget_used": 52, "total_wallclock_time": -273.7588093280792, "total_optimization_time": 0.05047011375427246}
{"config": {"hp_config.buffer_alpha": 0.2956842580751786, "hp_config.buffer_batch_size": 256, "hp_config.buffer_beta": 0.12130304404018813, "hp_config.buffer_epsilon": 0.0029119092516463694, "hp_config.buffer_prio_sampling": true, "hp_config.buffer_size": 40914, "hp_config.epsilon": 0.37389031521590393, "hp_config.gradient_steps": 6, "hp_config.learning_rate": 0.0002743984271641121, "hp_config.learning_starts": 0, "hp_config.train_freq": 55, "hp_config.use_target_network": true, "hp_config.target_update_interval": 209, "hp_config.tau": 0.9330699995708894}, "score": 9.5, "budget_used": 65, "total_wallclock_time": -341.4638330936432, "total_optimization_time": 0.054938554763793945}
{"config": {"hp_config.buffer_alpha": 0.2956842580751786, "hp_config.buffer_batch_size": 256, "hp_config.buffer_beta": 0.12130304404018813, "hp_config.buffer_epsilon": 0.0029119092516463694, "hp_config.buffer_prio_sampling": true, "hp_config.buffer_size": 40914, "hp_config.epsilon": 0.37389031521590393, "hp_config.gradient_steps": 6, "hp_config.learning_rate": 0.0002743984271641121, "hp_config.learning_starts": 0, "hp_config.train_freq": 55, "hp_config.use_target_network": true, "hp_config.target_update_interval": 209, "hp_config.tau": 0.9330699995708894}, "score": 9.5, "budget_used": 78, "total_wallclock_time": -416.21944785118103, "total_optimization_time": 0.06028556823730469}
{"config": {"hp_config.buffer_alpha": 0.2956842580751786, "hp_config.buffer_batch_size": 256, "hp_config.buffer_beta": 0.12130304404018813, "hp_config.buffer_epsilon": 0.0029119092516463694, "hp_config.buffer_prio_sampling": true, "hp_config.buffer_size": 40914, "hp_config.epsilon": 0.37389031521590393, "hp_config.gradient_steps": 6, "hp_config.learning_rate": 0.0002743984271641121, "hp_config.learning_starts": 0, "hp_config.train_freq": 55, "hp_config.use_target_network": true, "hp_config.target_update_interval": 209, "hp_config.tau": 0.9330699995708894}, "score": 9.5, "budget_used": 91, "total_wallclock_time": -495.31485509872437, "total_optimization_time": 0.06495237350463867}
{"config": {"hp_config.buffer_alpha": 0.5386381443925079, "hp_config.buffer_batch_size": 256, "hp_config.buffer_beta": 0.402644011004804, "hp_config.buffer_epsilon": 0.0019601420212244213, "hp_config.buffer_prio_sampling": true, "hp_config.buffer_size": 30333, "hp_config.epsilon": 0.24923644633314318, "hp_config.gradient_steps": 7, "hp_config.learning_rate": 0.00020195336586820343, "hp_config.learning_starts": 958, "hp_config.train_freq": 114, "hp_config.use_target_network": false}, "score": 9.34375, "budget_used": 104, "total_wallclock_time": -564.4924376010895, "total_optimization_time": 0.06979656219482422}
{"config": {"hp_config.buffer_alpha": 0.5386381443925079, "hp_config.buffer_batch_size": 256, "hp_config.buffer_beta": 0.402644011004804, "hp_config.buffer_epsilon": 0.0019601420212244213, "hp_config.buffer_prio_sampling": true, "hp_config.buffer_size": 30333, "hp_config.epsilon": 0.24923644633314318, "hp_config.gradient_steps": 7, "hp_config.learning_rate": 0.00020195336586820343, "hp_config.learning_starts": 958, "hp_config.train_freq": 114, "hp_config.use_target_network": false}, "score": 9.34375, "budget_used": 117, "total_wallclock_time": -632.6231868267059, "total_optimization_time": 0.07437252998352051}
{"config": {"hp_config.buffer_alpha": 0.5386381443925079, "hp_config.buffer_batch_size": 256, "hp_config.buffer_beta": 0.402644011004804, "hp_config.buffer_epsilon": 0.0019601420212244213, "hp_config.buffer_prio_sampling": true, "hp_config.buffer_size": 30333, "hp_config.epsilon": 0.24923644633314318, "hp_config.gradient_steps": 7, "hp_config.learning_rate": 0.00020195336586820343, "hp_config.learning_starts": 958, "hp_config.train_freq": 114, "hp_config.use_target_network": false}, "score": 9.34375, "budget_used": 130, "total_wallclock_time": -702.5091397762299, "total_optimization_time": 0.08424496650695801}
{"config": {"hp_config.buffer_alpha": 0.5386381443925079, "hp_config.buffer_batch_size": 256, "hp_config.buffer_beta": 0.402644011004804, "hp_config.buffer_epsilon": 0.0019601420212244213, "hp_config.buffer_prio_sampling": true, "hp_config.buffer_size": 30333, "hp_config.epsilon": 0.24923644633314318, "hp_config.gradient_steps": 7, "hp_config.learning_rate": 0.00020195336586820343, "hp_config.learning_starts": 958, "hp_config.train_freq": 114, "hp_config.use_target_network": false}, "score": 9.34375, "budget_used": 143, "total_wallclock_time": -769.3243434429169, "total_optimization_time": 0.08925533294677734}
