steps,returns
10000,175.49219
20000,283.77344
30000,194.01562
40000,500.0
50000,500.0
60000,500.0
70000,500.0
80000,500.0
90000,500.0
100000,500.0
