steps,returns
100000.0,724.1344
200000.0,741.2837
300000.0,672.6593
400000.0,967.7625
500000.0,816.971
600000.0,901.09094
700000.0,875.9054
800000.0,869.4521
900000.0,858.25415
1000000.0,841.94806
