steps,returns
1000000,-17.953125
2000000,-18.015625
3000000,-17.84375
4000000,-17.65625
5000000,-18.046875
6000000,-17.84375
7000000,-17.796875
8000000,-17.703125
9000000,-17.890625
10000000,-17.578125
