steps,returns
10000,94.41406
20000,143.99219
30000,340.60156
40000,406.1875
50000,428.8047
60000,431.5078
70000,420.03125
80000,405.7578
90000,438.79688
100000,415.89062
