steps,returns
1000000,553.3203
2000000,544.53125
3000000,619.9219
4000000,632.4219
5000000,633.59375
6000000,364.84375
7000000,750.0
8000000,639.0625
9000000,541.40625
10000000,595.1172
