steps,returns
5000,47.890625
10000,57.648438
15000,53.125
20000,43.320312
25000,41.304688
30000,42.179688
35000,37.679688
40000,20.851562
45000,18.289062
50000,12.65625
