steps,returns
100000.0,1005.78033
200000.0,896.0735
300000.0,782.30884
400000.0,641.0411
500000.0,541.0437
600000.0,486.05078
700000.0,523.78516
800000.0,393.06836
900000.0,228.38704
1000000.0,69.180725
