steps,returns
100000.0,994.10254
200000.0,989.2064
300000.0,1005.7327
400000.0,1008.50366
500000.0,1006.5244
600000.0,1037.6627
700000.0,1025.8157
800000.0,1039.7578
900000.0,1035.3486
1000000.0,1055.1028
