steps,returns
100000.0,-10.707265
200000.0,-81.3907
300000.0,-379.10895
400000.0,-687.2919
500000.0,-2327.3252
600000.0,-2650.9966
700000.0,-3306.2642
800000.0,-3234.0864
900000.0,-4214.9424
1000000.0,-3731.963
