steps,returns
5000,54.625
10000,44.28125
15000,38.851562
20000,15.765625
25000,11.328125
30000,16.976562
35000,14.796875
40000,45.109375
45000,89.63281
50000,237.27344
