steps,returns
100000.0,715.98157
200000.0,455.94153
300000.0,523.006
400000.0,506.97922
500000.0,562.68933
600000.0,781.5016
700000.0,904.8839
800000.0,918.46936
900000.0,885.468
1000000.0,898.81854
