steps,returns
5000,9.3515625
10000,9.34375
15000,23.476562
20000,37.359375
25000,37.28125
30000,36.546875
35000,44.984375
40000,25.773438
45000,236.35156
50000,150.64062
