steps,returns
1000000,-16.875
2000000,-18.0
3000000,-17.859375
4000000,-17.609375
5000000,-17.84375
6000000,-17.703125
7000000,-17.75
8000000,-17.234375
9000000,-18.28125
10000000,-18.390625
