steps,returns
100000.0,1158.4766
200000.0,1238.4016
300000.0,1240.0974
400000.0,1074.5525
500000.0,997.50757
600000.0,765.15826
700000.0,434.23853
800000.0,-1699.0198
900000.0,-7486.7783
1000000.0,-12467.7295
