steps,returns
5000,9.3359375
10000,9.359375
15000,53.695312
20000,90.421875
25000,63.609375
30000,44.59375
35000,64.5625
40000,319.83594
45000,195.55469
50000,248.10938
