steps,returns
10000,66.65625
20000,39.492188
30000,44.726562
40000,114.921875
50000,150.61719
60000,176.99219
70000,203.22656
80000,179.04688
90000,270.66406
100000,244.98438
