steps,returns
10000,230.17969
20000,419.32812
30000,373.57812
40000,390.6172
50000,439.04688
60000,304.2578
70000,445.90625
80000,475.35156
90000,412.57812
100000,500.0
