steps,returns
1000000,-17.8125
2000000,-17.734375
3000000,-17.9375
4000000,-17.859375
5000000,-17.5
6000000,-18.0625
7000000,-18.28125
8000000,-17.734375
9000000,-17.65625
10000000,-17.546875
