steps,returns
1000000,373.125
2000000,472.03125
3000000,98.4375
4000000,49.375
5000000,202.03125
6000000,49.53125
7000000,168.90625
8000000,44.0625
9000000,37.65625
10000000,141.40625
