steps,returns
1000000,284.96094
2000000,176.36719
3000000,561.1328
4000000,601.3672
5000000,352.9297
6000000,300.0
7000000,459.76562
8000000,595.7031
9000000,672.65625
10000000,445.1172
