steps,returns
1000000,150.0
2000000,266.9922
3000000,134.375
4000000,285.9375
5000000,737.8906
6000000,316.60156
7000000,619.33594
8000000,882.03125
9000000,616.21094
10000000,689.4531
