steps,returns
1000000,-18.34375
2000000,-18.046875
3000000,-18.03125
4000000,-17.734375
5000000,-17.90625
6000000,-17.390625
7000000,-17.875
8000000,-17.625
9000000,-17.90625
10000000,-17.921875
