steps,returns
100000.0,-1.7591333
200000.0,30.17247
300000.0,-140.693
400000.0,-335.29453
500000.0,-538.56085
600000.0,-1564.9238
700000.0,-1925.9453
800000.0,-2315.2036
900000.0,-2626.8613
1000000.0,-2664.4795
