steps,returns
5000,9.5
10000,9.2578125
15000,9.359375
20000,21.21875
25000,18.398438
30000,11.0234375
35000,20.25
40000,106.15625
45000,89.66406
50000,73.44531
