steps,returns
100000.0,768.1102
200000.0,593.58636
300000.0,538.28455
400000.0,555.54224
500000.0,455.86737
600000.0,480.53406
700000.0,678.68506
800000.0,1111.7373
900000.0,1142.9995
1000000.0,1163.9844
