steps,returns
100000.0,485.53085
200000.0,969.32544
300000.0,1043.3645
400000.0,1074.2927
500000.0,1124.9354
600000.0,1141.2383
700000.0,1137.5554
800000.0,1148.2725
900000.0,1134.8804
1000000.0,1123.1451
