steps,returns
1000000,17.8125
2000000,17.03125
3000000,16.5625
4000000,41.875
5000000,350.15625
6000000,109.84375
7000000,17.34375
8000000,19.6875
9000000,114.6875
10000000,23.28125
