steps,returns
1000000,-18.4375
2000000,-18.1875
3000000,-17.71875
4000000,-18.265625
5000000,-17.890625
6000000,-17.796875
7000000,-17.75
8000000,-18.109375
9000000,-18.484375
10000000,-17.96875
