steps,returns
1000000,-17.25
2000000,-16.796875
3000000,-17.5625
4000000,-15.109375
5000000,-16.046875
6000000,-15.921875
7000000,-15.59375
8000000,-14.390625
9000000,-14.984375
10000000,-13.921875
