steps,returns
1000000,17.5
2000000,17.5
3000000,77.1875
4000000,189.84375
5000000,77.8125
6000000,17.1875
7000000,28.90625
8000000,17.5
9000000,292.03125
10000000,194.375
