steps,returns
1000000,369.60938
2000000,282.1875
3000000,181.25
4000000,48.4375
5000000,990.15625
6000000,2008.3594
7000000,1461.0156
8000000,2088.4375
9000000,2797.0312
10000000,1314.2188
