steps,returns
100000.0,-0.8934375
200000.0,0.9879014
300000.0,703.71765
400000.0,50.478714
500000.0,47.10284
600000.0,252.46149
700000.0,-53.932106
800000.0,-134.62671
900000.0,-249.75372
1000000.0,-238.17282
