steps,returns
10000,366.53125
20000,172.42969
30000,499.84375
40000,221.15625
50000,218.29688
60000,484.2578
70000,500.0
80000,499.7422
90000,497.29688
100000,295.39062
