steps,returns
1000000,1120.625
2000000,1214.5312
3000000,1375.2344
4000000,764.53125
5000000,305.15625
6000000,1847.4219
7000000,3314.0625
8000000,4396.5625
9000000,3847.4219
10000000,6337.2656
