steps,returns
5000,8.859375
10000,9.0859375
15000,8.921875
20000,9.0234375
25000,9.015625
30000,9.03125
35000,9.171875
40000,9.125
45000,9.1484375
50000,9.265625
