{"config": {"hp_config.clip_eps": 0.10443837804741735, "hp_config.ent_coef": 0.08065475894249813, "hp_config.gae_lambda": 0.9305563542605332, "hp_config.learning_rate": 1.846962223200756e-05, "hp_config.max_grad_norm": 0.4663107728563063, "hp_config.minibatch_size": 128, "hp_config.normalize_advantage": true, "hp_config.vf_clip_eps": 0.05518757058215257, "hp_config.vf_coef": 0.6563295894652734}, "score": -18093.75, "budget_used": 13, "total_wallclock_time": -5306.069794178009, "total_optimization_time": 0.006888389587402344}
{"config": {"hp_config.clip_eps": 0.08234707824895637, "hp_config.ent_coef": 0.31073920074988176, "hp_config.gae_lambda": 0.9153879948619731, "hp_config.learning_rate": 1.5469066515012492e-05, "hp_config.max_grad_norm": 0.9342139979247938, "hp_config.minibatch_size": 256, "hp_config.normalize_advantage": false, "hp_config.vf_clip_eps": 0.2949549881772855, "hp_config.vf_coef": 0.7301220295167696}, "score": -23023.4375, "budget_used": 26, "total_wallclock_time": -10859.473020553589, "total_optimization_time": 0.794015645980835}
{"config": {"hp_config.clip_eps": 0.08234707824895637, "hp_config.ent_coef": 0.31073920074988176, "hp_config.gae_lambda": 0.9153879948619731, "hp_config.learning_rate": 1.5469066515012492e-05, "hp_config.max_grad_norm": 0.9342139979247938, "hp_config.minibatch_size": 256, "hp_config.normalize_advantage": false, "hp_config.vf_clip_eps": 0.2949549881772855, "hp_config.vf_coef": 0.7301220295167696}, "score": -23023.4375, "budget_used": 39, "total_wallclock_time": -14192.065185308456, "total_optimization_time": 0.982893705368042}
{"config": {"hp_config.clip_eps": 0.08234707824895637, "hp_config.ent_coef": 0.31073920074988176, "hp_config.gae_lambda": 0.9153879948619731, "hp_config.learning_rate": 1.5469066515012492e-05, "hp_config.max_grad_norm": 0.9342139979247938, "hp_config.minibatch_size": 256, "hp_config.normalize_advantage": false, "hp_config.vf_clip_eps": 0.2949549881772855, "hp_config.vf_coef": 0.7301220295167696}, "score": -23023.4375, "budget_used": 52, "total_wallclock_time": -23830.489912748337, "total_optimization_time": 1.3291122913360596}
{"config": {"hp_config.clip_eps": 0.08234707824895637, "hp_config.ent_coef": 0.31073920074988176, "hp_config.gae_lambda": 0.9153879948619731, "hp_config.learning_rate": 1.5469066515012492e-05, "hp_config.max_grad_norm": 0.9342139979247938, "hp_config.minibatch_size": 256, "hp_config.normalize_advantage": false, "hp_config.vf_clip_eps": 0.2949549881772855, "hp_config.vf_coef": 0.7301220295167696}, "score": -23023.4375, "budget_used": 65, "total_wallclock_time": -31831.55538368225, "total_optimization_time": 1.6175434589385986}
{"config": {"hp_config.clip_eps": 0.08234707824895637, "hp_config.ent_coef": 0.31073920074988176, "hp_config.gae_lambda": 0.9153879948619731, "hp_config.learning_rate": 1.5469066515012492e-05, "hp_config.max_grad_norm": 0.9342139979247938, "hp_config.minibatch_size": 256, "hp_config.normalize_advantage": false, "hp_config.vf_clip_eps": 0.2949549881772855, "hp_config.vf_coef": 0.7301220295167696}, "score": -23023.4375, "budget_used": 78, "total_wallclock_time": -36764.62067961693, "total_optimization_time": 1.871067762374878}
{"config": {"hp_config.clip_eps": 0.08234707824895637, "hp_config.ent_coef": 0.31073920074988176, "hp_config.gae_lambda": 0.9153879948619731, "hp_config.learning_rate": 1.5469066515012492e-05, "hp_config.max_grad_norm": 0.9342139979247938, "hp_config.minibatch_size": 256, "hp_config.normalize_advantage": false, "hp_config.vf_clip_eps": 0.2949549881772855, "hp_config.vf_coef": 0.7301220295167696}, "score": -23023.4375, "budget_used": 91, "total_wallclock_time": -41659.60614442825, "total_optimization_time": 2.116342782974243}
{"config": {"hp_config.clip_eps": 0.16313481632468618, "hp_config.ent_coef": 0.15827127994623802, "hp_config.gae_lambda": 0.8893307050928452, "hp_config.learning_rate": 0.0001463481529172491, "hp_config.max_grad_norm": 0.3573468796779544, "hp_config.minibatch_size": 512, "hp_config.normalize_advantage": false, "hp_config.vf_clip_eps": 0.36377349566576483, "hp_config.vf_coef": 0.2899134495919554}, "score": -33398.4375, "budget_used": 104, "total_wallclock_time": -45275.10681080818, "total_optimization_time": 2.3686683177948}
{"config": {"hp_config.clip_eps": 0.16313481632468618, "hp_config.ent_coef": 0.15827127994623802, "hp_config.gae_lambda": 0.8893307050928452, "hp_config.learning_rate": 0.0001463481529172491, "hp_config.max_grad_norm": 0.3573468796779544, "hp_config.minibatch_size": 512, "hp_config.normalize_advantage": false, "hp_config.vf_clip_eps": 0.36377349566576483, "hp_config.vf_coef": 0.2899134495919554}, "score": -33398.4375, "budget_used": 117, "total_wallclock_time": -51868.332544088364, "total_optimization_time": 2.5928494930267334}
{"config": {"hp_config.clip_eps": 0.16313481632468618, "hp_config.ent_coef": 0.15827127994623802, "hp_config.gae_lambda": 0.8893307050928452, "hp_config.learning_rate": 0.0001463481529172491, "hp_config.max_grad_norm": 0.3573468796779544, "hp_config.minibatch_size": 512, "hp_config.normalize_advantage": false, "hp_config.vf_clip_eps": 0.36377349566576483, "hp_config.vf_coef": 0.2899134495919554}, "score": -33398.4375, "budget_used": 130, "total_wallclock_time": -55216.64446353912, "total_optimization_time": 2.834623098373413}
{"config": {"hp_config.clip_eps": 0.12968869207076011, "hp_config.ent_coef": 0.3790968581769119, "hp_config.gae_lambda": 0.8919290539581648, "hp_config.learning_rate": 0.0007379870395119785, "hp_config.max_grad_norm": 0.955046681006283, "hp_config.minibatch_size": 512, "hp_config.normalize_advantage": false, "hp_config.vf_clip_eps": 0.17954854386514812, "hp_config.vf_coef": 0.8877008357273198}, "score": -40031.25, "budget_used": 143, "total_wallclock_time": -59180.30347824097, "total_optimization_time": 3.0810370445251465}
