steps,returns
5000,51.007812
10000,20.78125
15000,10.3125
20000,45.515625
25000,50.851562
30000,140.76562
35000,178.47656
40000,166.45312
45000,309.71875
50000,355.66406
