steps,returns
1000000,290.03906
2000000,350.0
3000000,125.0
4000000,125.0
5000000,250.0
6000000,250.0
7000000,250.0
8000000,278.125
9000000,300.58594
10000000,527.7344
