steps,returns
1000000,150.0
2000000,250.0
3000000,266.40625
4000000,250.0
5000000,250.78125
6000000,702.7344
7000000,668.3594
8000000,629.8828
9000000,494.53125
10000000,954.2969
