steps,returns
1000000,277.73438
2000000,250.0
3000000,0.0
4000000,228.90625
5000000,184.76562
6000000,0.0
7000000,250.0
8000000,150.0
9000000,330.27344
10000000,354.4922
