steps,returns
1000000,-17.8125
2000000,-18.046875
3000000,-17.734375
4000000,-18.171875
5000000,-17.421875
6000000,-17.875
7000000,-17.953125
8000000,-17.28125
9000000,-17.71875
10000000,-17.578125
