steps,returns
100000.0,696.94556
200000.0,700.36633
300000.0,675.19604
400000.0,606.91064
500000.0,633.0223
600000.0,692.1366
700000.0,919.832
800000.0,1173.0938
900000.0,1626.7241
1000000.0,1510.031
