steps,returns
100000.0,-2255.5098
200000.0,-754.93976
300000.0,-513.19495
400000.0,-1131.6719
500000.0,-2556.4023
600000.0,-3196.5676
700000.0,-3554.7092
800000.0,-5139.774
900000.0,-5622.1133
1000000.0,-8364.699
