steps,returns
100000.0,1029.4338
200000.0,1025.0215
300000.0,1019.82166
400000.0,1004.4473
500000.0,985.848
600000.0,970.264
700000.0,952.47925
800000.0,926.5973
900000.0,896.0675
1000000.0,856.31604
