steps,returns
1000000,-18.1875
2000000,-18.4375
3000000,-17.8125
4000000,-18.0625
5000000,-18.5
6000000,-18.140625
7000000,-17.46875
8000000,-18.25
9000000,-17.859375
10000000,-17.734375
