steps,returns
100000.0,729.49585
200000.0,940.64526
300000.0,895.86084
400000.0,1067.082
500000.0,941.9884
600000.0,856.17737
700000.0,268.57397
800000.0,244.92307
900000.0,248.40694
1000000.0,812.3123
