steps,returns
5000,9.3671875
10000,9.3515625
15000,9.265625
20000,9.2890625
25000,9.1640625
30000,9.3359375
35000,9.375
40000,9.2734375
45000,9.375
50000,9.3203125
