steps,returns
100000.0,423.56378
200000.0,553.76416
300000.0,763.223
400000.0,865.64026
500000.0,592.6467
600000.0,762.9481
700000.0,673.34973
800000.0,1148.4714
900000.0,1081.5544
1000000.0,649.7106
