steps,returns
100000.0,827.21173
200000.0,441.92346
300000.0,1082.5991
400000.0,943.4585
500000.0,900.0986
600000.0,827.70325
700000.0,25.347977
800000.0,-305.3056
900000.0,-786.15247
1000000.0,-1032.6533
