steps,returns
5000,13.03125
10000,113.96875
15000,129.78125
20000,307.97656
25000,500.0
30000,143.10156
35000,481.5703
40000,442.9922
45000,181.20312
50000,248.29688
