steps,returns
5000,80.234375
10000,72.91406
15000,63.328125
20000,47.5
25000,43.492188
30000,31.289062
35000,20.757812
40000,14.765625
45000,14.1953125
50000,17.523438
