steps,returns
100000.0,773.0023
200000.0,713.9471
300000.0,957.4334
400000.0,406.3946
500000.0,398.85645
600000.0,405.42758
700000.0,1127.5461
800000.0,659.64087
900000.0,641.5238
1000000.0,598.02466
