steps,returns
100000.0,505.9622
200000.0,435.63776
300000.0,484.40533
400000.0,513.3958
500000.0,552.229
600000.0,626.7145
700000.0,985.2744
800000.0,626.2786
900000.0,841.85345
1000000.0,1310.1484
