steps,returns
5000,48.039062
10000,12.3515625
15000,25.210938
20000,20.414062
25000,28.171875
30000,95.0
35000,102.85156
40000,121.67969
45000,20.65625
50000,26.820312
