steps,returns
100000.0,-0.12957068
200000.0,192.91086
300000.0,12.222723
400000.0,98.59813
500000.0,-127.0811
600000.0,-457.8094
700000.0,-270.1243
800000.0,-350.0573
900000.0,-738.7237
1000000.0,-1220.2926
