steps,returns
1000000,306.83594
2000000,261.71875
3000000,275.0
4000000,244.33594
5000000,250.0
6000000,695.1172
7000000,610.5469
8000000,369.72656
9000000,339.45312
10000000,644.53125
