steps,returns
10000,151.88281
20000,232.15625
30000,339.8828
40000,500.0
50000,500.0
60000,500.0
70000,500.0
80000,500.0
90000,500.0
100000,500.0
