steps,returns
5000,9.3125
10000,16.773438
15000,20.929688
20000,9.3125
25000,34.625
30000,20.46875
35000,24.90625
40000,46.210938
45000,64.875
50000,107.65625
