steps,returns
1000000,-17.828125
2000000,-17.84375
3000000,-17.453125
4000000,-18.703125
5000000,-18.078125
6000000,-17.671875
7000000,-18.203125
8000000,-17.796875
9000000,-18.046875
10000000,-17.859375
