steps,returns
5000,45.679688
10000,20.054688
15000,24.132812
20000,22.273438
25000,18.257812
30000,25.15625
35000,46.320312
40000,58.429688
45000,74.75781
50000,94.33594
