steps,returns
1000000,-17.328125
2000000,-17.890625
3000000,-16.3125
4000000,-15.671875
5000000,-16.0625
6000000,-16.640625
7000000,-18.375
8000000,-18.203125
9000000,-17.609375
10000000,-17.015625
