steps,returns
100000.0,623.0701
200000.0,683.35144
300000.0,1293.3472
400000.0,1055.229
500000.0,492.82452
600000.0,631.83923
700000.0,790.21674
800000.0,689.87244
900000.0,717.27515
1000000.0,989.6669
