steps,returns
12000,-200.0
24000,-200.0
36000,-200.0
48000,-200.0
60000,-199.39062
72000,-126.27344
84000,-200.0
96000,-178.00781
108000,-141.90625
120000,-173.65625
