steps,returns
10000,138.73438
20000,240.84375
30000,157.42188
40000,47.507812
50000,265.71094
60000,190.65625
70000,9.2890625
80000,9.265625
90000,9.40625
100000,9.2421875
