steps,returns
1000000,-17.984375
2000000,-18.15625
3000000,-17.9375
4000000,-17.53125
5000000,-17.90625
6000000,-18.109375
7000000,-17.390625
8000000,-17.9375
9000000,-17.765625
10000000,-17.46875
