steps,returns
100000.0,955.3034
200000.0,1033.6678
300000.0,1052.761
400000.0,960.80164
500000.0,1012.51465
600000.0,1124.9586
700000.0,1223.2864
800000.0,1084.1724
900000.0,983.698
1000000.0,1006.40735
