steps,returns
100000.0,1014.5039
200000.0,947.4406
300000.0,805.46716
400000.0,631.9248
500000.0,586.2648
600000.0,540.98816
700000.0,471.4818
800000.0,460.00305
900000.0,459.99756
1000000.0,352.87122
