steps,returns
1000000,661.52344
2000000,857.6172
3000000,808.9844
4000000,575.58594
5000000,1635.1562
6000000,2291.4062
7000000,933.9844
8000000,630.27344
9000000,1499.0234
10000000,2428.711
