steps,returns
10000,500.0
20000,500.0
30000,351.26562
40000,500.0
50000,498.85938
60000,344.6328
70000,29.242188
80000,500.0
90000,255.71875
100000,203.125
