steps,returns
10000,480.67188
20000,425.91406
30000,159.25781
40000,222.02344
50000,482.25
60000,500.0
70000,500.0
80000,300.71094
90000,136.29688
100000,500.0
