steps,returns
100000.0,937.0687
200000.0,837.7183
300000.0,825.155
400000.0,804.36694
500000.0,805.4617
600000.0,749.8506
700000.0,721.54254
800000.0,746.3318
900000.0,759.1714
1000000.0,751.1344
