steps,returns
1000000,510.54688
2000000,669.53125
3000000,613.6719
4000000,636.91406
5000000,708.9844
6000000,803.125
7000000,730.66406
8000000,1605.4688
9000000,836.71875
10000000,750.0
