steps,returns
100000.0,781.7744
200000.0,476.21118
300000.0,1034.7432
400000.0,1093.0908
500000.0,1029.5016
600000.0,1065.4747
700000.0,1455.3157
800000.0,886.80115
900000.0,149.90579
1000000.0,292.41586
