steps,returns
1000000,17.8125
2000000,75.78125
3000000,77.1875
4000000,32.65625
5000000,15.625
6000000,44.84375
7000000,17.5
8000000,19.21875
9000000,17.8125
10000000,23.90625
