steps,returns
10000,-450.9453
20000,-424.40625
30000,-274.35938
40000,-427.21094
50000,-338.73438
60000,-448.41406
70000,-284.25
80000,-372.21094
90000,-500.0
100000,-500.0
