steps,returns
100000.0,-0.2549513
200000.0,62.023567
300000.0,-184.40921
400000.0,-298.2303
500000.0,-388.2344
600000.0,-724.1126
700000.0,-686.19714
800000.0,-667.03033
900000.0,-378.50946
1000000.0,-292.89423
