steps,returns
100000.0,-2.2154417
200000.0,-32.64187
300000.0,-372.90924
400000.0,-882.5639
500000.0,-631.2809
600000.0,-1202.3884
700000.0,-865.88556
800000.0,-490.31763
900000.0,-923.98303
1000000.0,-1119.7664
