steps,returns
1000000,-18.421875
2000000,-17.65625
3000000,-18.296875
4000000,-17.703125
5000000,-17.625
6000000,-17.703125
7000000,-17.640625
8000000,-17.3125
9000000,-17.1875
10000000,-17.265625
