steps,returns
100000.0,-1.1378832
200000.0,50.81036
300000.0,-264.61566
400000.0,-281.46793
500000.0,-411.9595
600000.0,-743.34283
700000.0,-1038.0255
800000.0,-838.9972
900000.0,-917.3515
1000000.0,-900.1979
