steps,returns
5000,35.507812
10000,44.976562
15000,50.125
20000,50.867188
25000,49.734375
30000,48.015625
35000,44.179688
40000,44.132812
45000,45.773438
50000,42.664062
