steps,returns
1000000,-17.875
2000000,-17.703125
3000000,-17.375
4000000,-17.6875
5000000,-18.15625
6000000,-18.375
7000000,-17.546875
8000000,-17.53125
9000000,-17.890625
10000000,-17.34375
