steps,returns
1000000,300.97656
2000000,515.03906
3000000,670.5078
4000000,769.72656
5000000,605.27344
6000000,1343.75
7000000,629.8828
8000000,818.3594
9000000,484.5703
10000000,820.89844
