steps,returns
10000,131.85938
20000,500.0
30000,259.39062
40000,113.671875
50000,437.35156
60000,369.85156
70000,448.76562
80000,9.34375
90000,9.3125
100000,32.085938
