steps,returns
1000000,250.0
2000000,345.70312
3000000,738.6719
4000000,790.2344
5000000,787.8906
6000000,724.02344
7000000,812.5
8000000,812.3047
9000000,740.625
10000000,752.9297
