steps,returns
5000,30.640625
10000,155.38281
15000,284.0703
20000,247.83594
25000,175.3125
30000,207.39062
35000,125.640625
40000,127.69531
45000,445.7422
50000,228.20312
