steps,returns
1000000,271.09375
2000000,389.45312
3000000,485.15625
4000000,464.0625
5000000,367.57812
6000000,622.65625
7000000,467.1875
8000000,668.9453
9000000,626.5625
10000000,675.0
