steps,returns
1000000,-17.78125
2000000,-18.140625
3000000,-17.6875
4000000,-17.640625
5000000,-18.078125
6000000,-18.046875
7000000,-18.1875
8000000,-17.84375
9000000,-17.609375
10000000,-18.390625
