steps,returns
1000000,250.0
2000000,125.0
3000000,150.0
4000000,264.45312
5000000,301.3672
6000000,317.77344
7000000,500.78125
8000000,236.71875
9000000,416.79688
10000000,699.02344
