steps,returns
5000,9.0625
10000,9.1484375
15000,9.125
20000,9.1875
25000,9.21875
30000,9.3203125
35000,9.40625
40000,9.359375
45000,9.359375
50000,9.4140625
