steps,returns
100000,-200.0
200000,-200.0
300000,-200.0
400000,-200.0
500000,-200.0
600000,-200.0
700000,-200.0
800000,-114.984375
900000,-115.828125
1000000,-123.140625
