steps,returns
1000000,910.46875
2000000,1449.6875
3000000,954.53125
4000000,1397.5
5000000,1147.8906
6000000,2695.625
7000000,1434.2188
8000000,2013.3594
9000000,1035.625
10000000,741.71875
