steps,returns
10000,-150.57812
20000,-151.39062
30000,-231.14062
40000,-500.0
50000,-500.0
60000,-500.0
70000,-500.0
80000,-500.0
90000,-500.0
100000,-500.0
