steps,returns
1000000,-17.515625
2000000,-18.234375
3000000,-17.5
4000000,-18.0625
5000000,-17.953125
6000000,-18.1875
7000000,-18.1875
8000000,-17.40625
9000000,-17.921875
10000000,-18.15625
