steps,returns
100000.0,1015.3627
200000.0,1013.1029
300000.0,1010.3491
400000.0,994.47723
500000.0,943.4454
600000.0,843.62604
700000.0,710.9119
800000.0,600.61176
900000.0,453.6742
1000000.0,371.61252
