steps,returns
1000000,150.0
2000000,150.0
3000000,150.0
4000000,150.0
5000000,350.0
6000000,300.0
7000000,275.0
8000000,310.35156
9000000,319.53125
10000000,306.83594
