steps,returns
10000,134.03906
20000,164.16406
30000,156.41406
40000,500.0
50000,500.0
60000,499.85156
70000,403.9922
80000,500.0
90000,500.0
100000,500.0
