steps,returns
10000,89.015625
20000,72.82031
30000,88.39844
40000,97.953125
50000,100.94531
60000,169.28906
70000,219.85156
80000,340.39844
90000,398.0547
100000,434.02344
