steps,returns
5000,9.2265625
10000,9.3671875
15000,9.2265625
20000,9.3984375
25000,9.234375
30000,9.328125
35000,9.3984375
40000,9.3515625
45000,9.3046875
50000,9.2734375
