steps,returns
100000.0,992.54565
200000.0,903.6296
300000.0,815.0206
400000.0,815.1031
500000.0,817.9264
600000.0,787.72736
700000.0,750.009
800000.0,793.6465
900000.0,815.4508
1000000.0,804.7234
