steps,returns
10000,294.9922
20000,445.3125
30000,442.75
40000,443.21094
50000,440.39062
60000,453.5547
70000,496.7578
80000,379.4453
90000,481.32812
100000,218.85938
