steps,returns
1000000,28.125
2000000,17.03125
3000000,49.21875
4000000,36.71875
5000000,51.40625
6000000,17.1875
7000000,48.75
8000000,17.65625
9000000,17.65625
10000000,39.84375
