steps,returns
5000,9.28125
10000,9.2890625
15000,9.265625
20000,9.25
25000,9.28125
30000,9.25
35000,9.453125
40000,9.2578125
45000,9.34375
50000,9.34375
