steps,returns
100000.0,-0.9376611
200000.0,-1.4045293
300000.0,-1.5998552
400000.0,-1.4047906
500000.0,-1.8195444
600000.0,-2.2967267
700000.0,-3.7905655
800000.0,-6.1610794
900000.0,-9.596138
1000000.0,-11.084559
