steps,returns
1000000,125.0
2000000,125.0
3000000,265.8203
4000000,149.21875
5000000,327.14844
6000000,270.3125
7000000,267.57812
8000000,411.91406
9000000,531.83594
10000000,232.8125
