steps,returns
10000,108.71094
20000,91.28125
30000,74.41406
40000,90.421875
50000,109.86719
60000,125.78906
70000,136.9375
80000,142.61719
90000,161.32031
100000,184.39062
