steps,returns
100000.0,464.28656
200000.0,1381.2651
300000.0,837.3589
400000.0,756.8451
500000.0,894.9468
600000.0,927.8804
700000.0,928.81665
800000.0,686.3546
900000.0,826.9113
1000000.0,755.9516
