steps,returns
100000.0,1004.1228
200000.0,714.93024
300000.0,687.29004
400000.0,641.25903
500000.0,748.87305
600000.0,867.76416
700000.0,842.3993
800000.0,823.03064
900000.0,813.3978
1000000.0,801.0984
