steps,returns
100000.0,631.93756
200000.0,667.69543
300000.0,657.64197
400000.0,643.48706
500000.0,679.1649
600000.0,
700000.0,
800000.0,
900000.0,
1000000.0,
