steps,returns
5000,51.585938
10000,115.765625
15000,239.92969
20000,125.89844
25000,137.5625
30000,500.0
35000,23.984375
40000,120.890625
45000,203.79688
50000,106.92969
