steps,returns
5000,9.15625
10000,9.109375
15000,9.3515625
20000,46.257812
25000,64.328125
30000,66.72656
35000,112.921875
40000,106.83594
45000,61.046875
50000,50.617188
