steps,returns
10000,84.546875
20000,73.25781
30000,166.98438
40000,147.26562
50000,396.97656
60000,433.72656
70000,274.23438
80000,414.20312
90000,168.90625
100000,165.07031
