steps,returns
5000,9.40625
10000,9.1796875
15000,9.390625
20000,9.359375
25000,9.2578125
30000,9.46875
35000,9.5
40000,9.3828125
45000,9.34375
50000,9.21875
