steps,returns
1000000,-17.640625
2000000,-17.171875
3000000,-16.703125
4000000,-16.765625
5000000,-17.390625
6000000,-16.265625
7000000,-16.59375
8000000,-16.078125
9000000,-14.484375
10000000,-15.828125
