steps,returns
1000000,163.86719
2000000,522.2656
3000000,514.84375
4000000,298.04688
5000000,392.57812
6000000,232.22656
7000000,244.72656
8000000,476.17188
9000000,300.0
10000000,562.3047
