steps,returns
1000000,336.5625
2000000,17.5
3000000,664.84375
4000000,936.7969
5000000,573.2031
6000000,747.96875
7000000,108.125
8000000,305.85938
9000000,1563.3594
10000000,2157.7344
