steps,returns
1000000,17.65625
2000000,16.875
3000000,16.71875
4000000,17.8125
5000000,27.8125
6000000,56.5625
7000000,17.5
8000000,27.65625
9000000,51.09375
10000000,17.65625
