steps,returns
5000,83.13281
10000,85.66406
15000,84.03125
20000,83.16406
25000,80.28906
30000,86.125
35000,78.375
40000,87.69531
45000,83.88281
50000,80.71094
