steps,returns
100000.0,1075.1108
200000.0,737.0797
300000.0,664.48083
400000.0,658.6273
500000.0,621.2829
600000.0,634.27356
700000.0,722.06213
800000.0,796.1155
900000.0,731.6704
1000000.0,807.36273
