steps,returns
1000000,-17.71875
2000000,-17.90625
3000000,-17.859375
4000000,-17.765625
5000000,-17.796875
6000000,-17.84375
7000000,-17.453125
8000000,-17.90625
9000000,-17.96875
10000000,-18.46875
