steps,returns
100000.0,-171.12949
200000.0,-1166.206
300000.0,-1058.873
400000.0,-109.98553
500000.0,150.79231
600000.0,-286.02866
700000.0,-522.04114
800000.0,-596.95935
900000.0,-598.3675
1000000.0,-1110.1008
