steps,returns
5000,73.14844
10000,18.554688
15000,12.90625
20000,106.953125
25000,14.859375
30000,95.78906
35000,47.414062
40000,307.21094
45000,121.61719
50000,43.8125
