steps,returns
10000,57.492188
20000,67.328125
30000,76.21875
40000,77.328125
50000,84.03906
60000,90.30469
70000,83.24219
80000,85.9375
90000,77.64844
100000,78.375
