steps,returns
12000,-200.0
24000,-200.0
36000,-200.0
48000,-200.0
60000,-200.0
72000,-200.0
84000,-200.0
96000,-173.28906
108000,-139.16406
120000,-198.57031
