steps,returns
100000.0,563.16
200000.0,554.8386
300000.0,560.6225
400000.0,556.0853
500000.0,559.34296
600000.0,568.62646
700000.0,568.3374
800000.0,567.76385
900000.0,568.72217
1000000.0,570.4879
