steps,returns
1000000,1403.5156
2000000,597.46094
3000000,533.2031
4000000,1338.8672
5000000,578.125
6000000,538.6719
7000000,669.53125
8000000,1450.1953
9000000,808.59375
10000000,735.15625
