steps,returns
10000,-315.64062
20000,-500.0
30000,-500.0
40000,-492.60156
50000,-485.45312
60000,-500.0
70000,-500.0
80000,-500.0
90000,-500.0
100000,-474.0547
