steps,returns
10000,70.890625
20000,73.10156
30000,66.99219
40000,67.78125
50000,66.39844
60000,59.765625
70000,56.648438
80000,52.898438
90000,51.921875
100000,48.460938
