steps,returns
1000000,-17.921875
2000000,-18.03125
3000000,-18.09375
4000000,-17.359375
5000000,-17.703125
6000000,-17.828125
7000000,-18.0
8000000,-18.5625
9000000,-18.046875
10000000,-18.25
