steps,returns
1000000,300.0
2000000,547.65625
3000000,1469.1406
4000000,912.1094
5000000,1026.3672
6000000,1543.3594
7000000,757.03125
8000000,1084.1797
9000000,743.9453
10000000,862.5
