steps,returns
1000000,-18.234375
2000000,-17.734375
3000000,-18.734375
4000000,-18.328125
5000000,-18.046875
6000000,-17.671875
7000000,-17.890625
8000000,-17.890625
9000000,-17.90625
10000000,-18.03125
