steps,returns
1000000,-17.828125
2000000,-16.984375
3000000,-17.921875
4000000,-17.5625
5000000,-17.828125
6000000,-18.078125
7000000,-18.078125
8000000,-17.765625
9000000,-17.921875
10000000,-17.609375
