steps,returns
1000000,-17.59375
2000000,-18.046875
3000000,-18.21875
4000000,-17.546875
5000000,-18.34375
6000000,-17.75
7000000,-18.75
8000000,-18.5
9000000,-17.859375
10000000,-18.46875
