steps,returns
5000,9.328125
10000,9.171875
15000,9.359375
20000,9.4296875
25000,9.4296875
30000,9.34375
35000,9.2265625
40000,9.4140625
45000,9.3671875
50000,9.25
