steps,returns
100000.0,-4.043632
200000.0,59.570076
300000.0,-19.737347
400000.0,37.101204
500000.0,-67.5732
600000.0,-122.210724
700000.0,-166.0121
800000.0,-192.77263
900000.0,-322.26666
1000000.0,-496.42804
