steps,returns
5000,14.1875
10000,151.95312
15000,445.6953
20000,357.7578
25000,207.61719
30000,308.7422
35000,251.14844
40000,105.85156
45000,129.10156
50000,120.3125
