steps,returns
100000.0,1012.0432
200000.0,1014.43677
300000.0,1028.1875
400000.0,1028.3966
500000.0,1025.9222
600000.0,1027.7078
700000.0,1025.2461
800000.0,1019.41864
900000.0,1016.1634
1000000.0,1013.94415
