steps,returns
5000,80.484375
10000,86.421875
15000,84.92969
20000,85.515625
25000,85.921875
30000,80.89844
35000,78.875
40000,82.265625
45000,80.5
50000,85.69531
