steps,returns
5000,51.234375
10000,253.125
15000,71.72656
20000,27.820312
25000,120.27344
30000,191.92969
35000,122.953125
40000,487.28125
45000,500.0
50000,500.0
