steps,returns
5000,15.4921875
10000,14.3671875
15000,12.0390625
20000,9.6640625
25000,8.9609375
30000,8.953125
35000,8.8515625
40000,8.9453125
45000,8.921875
50000,8.8828125
