steps,returns
100000.0,771.67896
200000.0,1301.908
300000.0,806.5852
400000.0,676.0061
500000.0,795.34033
600000.0,683.2791
700000.0,482.44824
800000.0,518.40796
900000.0,481.47806
1000000.0,566.55115
