steps,returns
10000,249.96875
20000,219.875
30000,500.0
40000,499.10938
50000,500.0
60000,500.0
70000,500.0
80000,500.0
90000,500.0
100000,500.0
