steps,returns
100000.0,421.89178
200000.0,243.52725
300000.0,-4353.4185
400000.0,-33292.652
500000.0,-24604.893
600000.0,-16193.492
700000.0,-14621.116
800000.0,-14588.724
900000.0,-14236.649
1000000.0,-12616.005
