steps,returns
100000.0,1015.6684
200000.0,652.00366
300000.0,644.5657
400000.0,610.31055
500000.0,1401.0905
600000.0,1325.1423
700000.0,1322.4642
800000.0,1239.1636
900000.0,1297.8268
1000000.0,1568.9048
