steps,returns
10000,55.359375
20000,60.601562
30000,66.77344
40000,63.554688
50000,66.53125
60000,77.11719
70000,73.57031
80000,100.35156
90000,137.42969
100000,167.26562
