steps,returns
1000000,-17.703125
2000000,-18.046875
3000000,-17.90625
4000000,-18.09375
5000000,-17.953125
6000000,-17.953125
7000000,-18.25
8000000,-18.28125
9000000,-18.390625
10000000,-18.625
