steps,returns
100000.0,292.09244
200000.0,303.21478
300000.0,-322.0953
400000.0,-540.6847
500000.0,-914.0263
600000.0,-1873.168
700000.0,-1884.4438
800000.0,-2741.3652
900000.0,-4510.1343
1000000.0,-7451.127
