steps,returns
10000,226.42969
20000,377.3828
30000,500.0
40000,486.9375
50000,464.5703
60000,438.64062
70000,396.67188
80000,240.51562
90000,500.0
100000,500.0
