steps,returns
10000,84.09375
20000,129.125
30000,175.10156
40000,369.9297
50000,381.76562
60000,386.64062
70000,412.5625
80000,365.53906
90000,316.4453
100000,439.58594
