steps,returns
100000.0,1024.3987
200000.0,1023.79156
300000.0,1022.2103
400000.0,1002.0821
500000.0,975.21716
600000.0,923.5336
700000.0,871.3292
800000.0,772.275
900000.0,688.838
1000000.0,455.9851
