steps,returns
100000.0,576.70703
200000.0,1032.4338
300000.0,1046.2449
400000.0,1004.6681
500000.0,964.17053
600000.0,1071.6781
700000.0,1241.7546
800000.0,1596.7563
900000.0,1544.3643
1000000.0,1279.8856
