steps,returns
100000.0,993.166
200000.0,904.3717
300000.0,584.845
400000.0,333.0456
500000.0,-64.03217
600000.0,-307.2548
700000.0,121.82445
800000.0,-369.32764
900000.0,-360.821
1000000.0,-996.8402
