steps,returns
100000.0,825.86646
200000.0,231.17497
300000.0,707.32697
400000.0,686.515
500000.0,974.37103
600000.0,782.209
700000.0,750.2112
800000.0,951.1823
900000.0,1144.0962
1000000.0,1153.4854
