steps,returns
1000000,-17.15625
2000000,-17.90625
3000000,-18.25
4000000,-18.203125
5000000,-18.875
6000000,-18.1875
7000000,-18.671875
8000000,-17.96875
9000000,-18.34375
10000000,-18.53125
