steps,returns
1000000,-18.1875
2000000,-17.65625
3000000,-17.6875
4000000,-18.21875
5000000,-17.75
6000000,-17.984375
7000000,-17.953125
8000000,-17.859375
9000000,-17.78125
10000000,-18.3125
