steps,returns
100000.0,610.3101
200000.0,633.3745
300000.0,527.1883
400000.0,514.0543
500000.0,1079.033
600000.0,478.44244
700000.0,362.36993
800000.0,509.08688
900000.0,704.7129
1000000.0,507.07126
