steps,returns
100000.0,814.1768
200000.0,936.88495
300000.0,913.12305
400000.0,901.52045
500000.0,899.27734
600000.0,915.3877
700000.0,910.08
800000.0,1060.9983
900000.0,1364.7759
1000000.0,995.44495
