steps,returns
10000,500.0
20000,312.16406
30000,222.96875
40000,500.0
50000,500.0
60000,500.0
70000,159.66406
80000,500.0
90000,500.0
100000,500.0
