steps,returns
100000.0,1020.8036
200000.0,1017.9435
300000.0,1028.1245
400000.0,1022.7623
500000.0,1015.1222
600000.0,1005.5896
700000.0,993.0502
800000.0,976.86414
900000.0,956.75024
1000000.0,940.8518
