steps,returns
5000,9.171875
10000,9.390625
15000,14.234375
20000,24.429688
25000,36.054688
30000,47.570312
35000,57.328125
40000,133.80469
45000,38.710938
50000,166.67969
