steps,returns
1000000,61.71875
2000000,953.90625
3000000,3836.7969
4000000,5430.3906
5000000,4947.6562
6000000,5072.5
7000000,6393.2812
8000000,5021.7188
9000000,4946.6406
10000000,4961.875
