steps,returns
1000000,200.97656
2000000,150.0
3000000,150.78125
4000000,250.0
5000000,250.0
6000000,253.90625
7000000,260.15625
8000000,373.6328
9000000,635.7422
10000000,349.21875
