steps,returns
1000000,-17.578125
2000000,-17.1875
3000000,-17.625
4000000,-17.40625
5000000,-17.296875
6000000,-17.140625
7000000,-17.21875
8000000,-17.5625
9000000,-17.15625
10000000,-17.203125
