steps,returns
100000.0,988.8185
200000.0,906.9149
300000.0,618.6301
400000.0,551.4069
500000.0,622.4931
600000.0,454.28656
700000.0,374.14102
800000.0,378.2155
900000.0,-224.59787
1000000.0,-433.12024
