steps,returns
1000000,1164.375
2000000,48.28125
3000000,16.5625
4000000,16.71875
5000000,28.125
6000000,50.9375
7000000,17.34375
8000000,17.03125
9000000,17.8125
10000000,17.03125
