steps,returns
5000,73.71875
10000,23.578125
15000,16.867188
20000,67.92969
25000,150.69531
30000,165.42188
35000,139.11719
40000,272.1328
45000,500.0
50000,147.19531
