steps,returns
1000000,-17.296875
2000000,-18.3125
3000000,-17.625
4000000,-17.40625
5000000,-17.390625
6000000,-17.25
7000000,-17.578125
8000000,-17.15625
9000000,-17.296875
10000000,-17.1875
