steps,returns
10000,500.0
20000,260.8047
30000,239.61719
40000,482.22656
50000,326.1797
60000,500.0
70000,500.0
80000,500.0
90000,500.0
100000,500.0
