steps,returns
10000,125.10156
20000,500.0
30000,498.26562
40000,462.26562
50000,500.0
60000,500.0
70000,364.85938
80000,500.0
90000,500.0
100000,500.0
