steps,returns
1000000,409.1797
2000000,399.41406
3000000,933.59375
4000000,898.2422
5000000,1042.1875
6000000,2658.789
7000000,1635.1562
8000000,4134.1797
9000000,2483.0078
10000000,1555.2734
