steps,returns
1000000,555.0781
2000000,547.65625
3000000,638.08594
4000000,666.7969
5000000,675.78125
6000000,1758.0078
7000000,4124.8047
8000000,1571.875
9000000,749.6094
10000000,4162.6953
