steps,returns
100000.0,364.04315
200000.0,742.952
300000.0,590.6034
400000.0,627.62256
500000.0,212.24573
600000.0,-253.14438
700000.0,-1776.5002
800000.0,-5186.922
900000.0,-4986.3965
1000000.0,-6114.7305
