steps,returns
1000000,17.34375
2000000,16.71875
3000000,47.5
4000000,28.28125
5000000,53.4375
6000000,17.65625
7000000,28.59375
8000000,17.65625
9000000,28.90625
10000000,17.96875
