steps,returns
100000.0,-0.7593695
200000.0,-5.550042
300000.0,32.53574
400000.0,-73.03041
500000.0,-346.51617
600000.0,-534.53864
700000.0,-572.64233
800000.0,-656.47546
900000.0,-760.7883
1000000.0,-1285.9647
