{"config": {"hp_config.clip_eps": 0.3353189348090797, "hp_config.ent_coef": 0.10519128053692045, "hp_config.gae_lambda": 0.8257723669012053, "hp_config.learning_rate": 3.7769545138788986e-05, "hp_config.max_grad_norm": 0.3637107709426226, "hp_config.minibatch_size": 64, "hp_config.normalize_advantage": true, "hp_config.vf_clip_eps": 0.4941869190296131, "hp_config.vf_coef": 0.10204481074802807}, "score": -1630.6173095703125, "budget_used": 13, "total_wallclock_time": -287.27257800102234, "total_optimization_time": 0.012506484985351562}
{"config": {"hp_config.clip_eps": 0.3353189348090797, "hp_config.ent_coef": 0.10519128053692045, "hp_config.gae_lambda": 0.8257723669012053, "hp_config.learning_rate": 3.7769545138788986e-05, "hp_config.max_grad_norm": 0.3637107709426226, "hp_config.minibatch_size": 64, "hp_config.normalize_advantage": true, "hp_config.vf_clip_eps": 0.4941869190296131, "hp_config.vf_coef": 0.10204481074802807}, "score": -1630.6173095703125, "budget_used": 26, "total_wallclock_time": -424.1784679889679, "total_optimization_time": 0.08233642578125}
{"config": {"hp_config.clip_eps": 0.12268360492642238, "hp_config.ent_coef": 0.21026973334004923, "hp_config.gae_lambda": 0.911418021385651, "hp_config.learning_rate": 0.020079637544771038, "hp_config.max_grad_norm": 0.7270442627113283, "hp_config.minibatch_size": 32, "hp_config.normalize_advantage": true, "hp_config.vf_clip_eps": 0.02768716021059897, "hp_config.vf_coef": 0.3015986344809425}, "score": NaN, "budget_used": 39, "total_wallclock_time": -568.762834072113, "total_optimization_time": 0.08527278900146484}
{"config": {"hp_config.clip_eps": 0.12268360492642238, "hp_config.ent_coef": 0.21026973334004923, "hp_config.gae_lambda": 0.911418021385651, "hp_config.learning_rate": 0.020079637544771038, "hp_config.max_grad_norm": 0.7270442627113283, "hp_config.minibatch_size": 32, "hp_config.normalize_advantage": true, "hp_config.vf_clip_eps": 0.02768716021059897, "hp_config.vf_coef": 0.3015986344809425}, "score": NaN, "budget_used": 52, "total_wallclock_time": -715.5308592319489, "total_optimization_time": 0.0879971981048584}
{"config": {"hp_config.clip_eps": 0.12268360492642238, "hp_config.ent_coef": 0.21026973334004923, "hp_config.gae_lambda": 0.911418021385651, "hp_config.learning_rate": 0.020079637544771038, "hp_config.max_grad_norm": 0.7270442627113283, "hp_config.minibatch_size": 32, "hp_config.normalize_advantage": true, "hp_config.vf_clip_eps": 0.02768716021059897, "hp_config.vf_coef": 0.3015986344809425}, "score": NaN, "budget_used": 65, "total_wallclock_time": -857.1538031101227, "total_optimization_time": 0.09112310409545898}
{"config": {"hp_config.clip_eps": 0.12268360492642238, "hp_config.ent_coef": 0.21026973334004923, "hp_config.gae_lambda": 0.911418021385651, "hp_config.learning_rate": 0.020079637544771038, "hp_config.max_grad_norm": 0.7270442627113283, "hp_config.minibatch_size": 32, "hp_config.normalize_advantage": true, "hp_config.vf_clip_eps": 0.02768716021059897, "hp_config.vf_coef": 0.3015986344809425}, "score": NaN, "budget_used": 78, "total_wallclock_time": -995.028201341629, "total_optimization_time": 0.09546518325805664}
{"config": {"hp_config.clip_eps": 0.12268360492642238, "hp_config.ent_coef": 0.21026973334004923, "hp_config.gae_lambda": 0.911418021385651, "hp_config.learning_rate": 0.020079637544771038, "hp_config.max_grad_norm": 0.7270442627113283, "hp_config.minibatch_size": 32, "hp_config.normalize_advantage": true, "hp_config.vf_clip_eps": 0.02768716021059897, "hp_config.vf_coef": 0.3015986344809425}, "score": NaN, "budget_used": 91, "total_wallclock_time": -1150.1465511322021, "total_optimization_time": 0.09981513023376465}
{"config": {"hp_config.clip_eps": 0.12268360492642238, "hp_config.ent_coef": 0.21026973334004923, "hp_config.gae_lambda": 0.911418021385651, "hp_config.learning_rate": 0.020079637544771038, "hp_config.max_grad_norm": 0.7270442627113283, "hp_config.minibatch_size": 32, "hp_config.normalize_advantage": true, "hp_config.vf_clip_eps": 0.02768716021059897, "hp_config.vf_coef": 0.3015986344809425}, "score": NaN, "budget_used": 104, "total_wallclock_time": -1279.8197786808014, "total_optimization_time": 0.10369062423706055}
{"config": {"hp_config.clip_eps": 0.12268360492642238, "hp_config.ent_coef": 0.21026973334004923, "hp_config.gae_lambda": 0.911418021385651, "hp_config.learning_rate": 0.020079637544771038, "hp_config.max_grad_norm": 0.7270442627113283, "hp_config.minibatch_size": 32, "hp_config.normalize_advantage": true, "hp_config.vf_clip_eps": 0.02768716021059897, "hp_config.vf_coef": 0.3015986344809425}, "score": NaN, "budget_used": 117, "total_wallclock_time": -1470.166620016098, "total_optimization_time": 0.10695290565490723}
{"config": {"hp_config.clip_eps": 0.12268360492642238, "hp_config.ent_coef": 0.21026973334004923, "hp_config.gae_lambda": 0.911418021385651, "hp_config.learning_rate": 0.020079637544771038, "hp_config.max_grad_norm": 0.7270442627113283, "hp_config.minibatch_size": 32, "hp_config.normalize_advantage": true, "hp_config.vf_clip_eps": 0.02768716021059897, "hp_config.vf_coef": 0.3015986344809425}, "score": NaN, "budget_used": 130, "total_wallclock_time": -1613.911216020584, "total_optimization_time": 0.15592169761657715}
{"config": {"hp_config.clip_eps": 0.12268360492642238, "hp_config.ent_coef": 0.21026973334004923, "hp_config.gae_lambda": 0.911418021385651, "hp_config.learning_rate": 0.020079637544771038, "hp_config.max_grad_norm": 0.7270442627113283, "hp_config.minibatch_size": 32, "hp_config.normalize_advantage": true, "hp_config.vf_clip_eps": 0.02768716021059897, "hp_config.vf_coef": 0.3015986344809425}, "score": NaN, "budget_used": 143, "total_wallclock_time": -1748.560585975647, "total_optimization_time": 0.15897274017333984}
