steps,returns
10000,120.828125
20000,134.3125
30000,149.27344
40000,183.09375
50000,234.38281
60000,290.4297
70000,374.1172
80000,412.79688
90000,410.85938
100000,427.8047
