steps,returns
1000000,-17.625
2000000,-17.703125
3000000,-18.03125
4000000,-17.609375
5000000,-17.3125
6000000,-17.0625
7000000,-17.578125
8000000,-17.65625
9000000,-17.34375
10000000,-17.953125
