steps,returns
100000.0,137.88416
200000.0,136.35638
300000.0,136.43323
400000.0,136.26517
500000.0,136.22778
600000.0,136.24246
700000.0,136.09044
800000.0,135.98077
900000.0,136.01494
1000000.0,136.29553
