steps,returns
100000.0,1133.593
200000.0,930.9605
300000.0,1001.9033
400000.0,942.98694
500000.0,924.0939
600000.0,916.9982
700000.0,969.99426
800000.0,1076.7312
900000.0,1204.6752
1000000.0,1221.3755
