steps,returns
10000,-197.25
20000,-301.0625
30000,-344.77344
40000,-447.47656
50000,-494.7422
60000,-500.0
70000,-500.0
80000,-500.0
90000,-500.0
100000,-500.0
