steps,returns
5000,24.632812
10000,14.8359375
15000,20.84375
20000,160.78906
25000,409.6875
30000,11.890625
35000,17.359375
40000,88.41406
45000,82.21094
50000,137.55469
