steps,returns
5000,14.9921875
10000,42.5
15000,43.40625
20000,48.882812
25000,156.07031
30000,139.50781
35000,153.83594
40000,280.875
45000,339.60938
50000,289.60938
