steps,returns
1000000,17.1875
2000000,17.5
3000000,170.46875
4000000,370.0
5000000,269.375
6000000,89.53125
7000000,255.15625
8000000,208.28125
9000000,332.96875
10000000,455.78125
