steps,returns
1000000,624.21875
2000000,522.85156
3000000,937.5
4000000,4505.4688
5000000,739.2578
6000000,3417.9688
7000000,3885.3516
8000000,4235.1562
9000000,4543.75
10000000,4289.8438
