steps,returns
10000,-308.84375
20000,-345.0625
30000,-417.96094
40000,-495.20312
50000,-500.0
60000,-500.0
70000,-500.0
80000,-500.0
90000,-500.0
100000,-500.0
