steps,returns
1000000,-18.21875
2000000,-17.890625
3000000,-17.0625
4000000,-17.296875
5000000,-17.34375
6000000,-16.671875
7000000,-17.59375
8000000,-17.234375
9000000,-16.640625
10000000,-17.25
