steps,returns
1000000,-17.84375
2000000,-18.015625
3000000,-17.828125
4000000,-18.046875
5000000,-17.734375
6000000,-18.03125
7000000,-18.28125
8000000,-18.84375
9000000,-18.015625
10000000,-17.84375
