steps,returns
1000000,17.34375
2000000,27.5
3000000,27.5
4000000,28.28125
5000000,53.4375
6000000,17.65625
7000000,16.875
8000000,50.15625
9000000,28.90625
10000000,48.75
