steps,returns
1000000,150.0
2000000,292.77344
3000000,125.0
4000000,322.46094
5000000,350.39062
6000000,513.28125
7000000,536.91406
8000000,636.71875
9000000,748.0469
10000000,777.7344
