steps,returns
1000000,-17.765625
2000000,-18.1875
3000000,-18.03125
4000000,-18.25
5000000,-18.4375
6000000,-18.359375
7000000,-18.328125
8000000,-18.09375
9000000,-18.453125
10000000,-18.046875
