steps,returns
10000,329.71094
20000,416.53125
30000,456.625
40000,382.14844
50000,447.92188
60000,500.0
70000,313.89062
80000,398.83594
90000,483.73438
100000,500.0
