steps,returns
5000,46.859375
10000,50.78125
15000,56.203125
20000,60.335938
25000,61.757812
30000,64.0
35000,63.84375
40000,67.21875
45000,64.859375
50000,62.710938
