steps,returns
5000,9.296875
10000,9.4375
15000,9.4453125
20000,9.21875
25000,9.265625
30000,9.3984375
35000,9.40625
40000,10.0390625
45000,13.0625
50000,20.523438
