steps,returns
1000000,125.0
2000000,125.0
3000000,125.0
4000000,282.8125
5000000,256.64062
6000000,256.25
7000000,258.0078
8000000,250.0
9000000,150.0
10000000,275.97656
