steps,returns
100000.0,0.198641
200000.0,1.0647625
300000.0,1.4790356
400000.0,5.2836704
500000.0,87.65338
600000.0,719.53436
700000.0,181.4054
800000.0,25.825256
900000.0,27.489807
1000000.0,28.22536
