steps,returns
100000.0,1025.1545
200000.0,961.8459
300000.0,840.5547
400000.0,665.39325
500000.0,603.49365
600000.0,542.35913
700000.0,407.549
800000.0,285.27386
900000.0,205.36954
1000000.0,238.83115
