steps,returns
100000.0,1013.1807
200000.0,1036.7734
300000.0,1009.1853
400000.0,1022.24414
500000.0,1019.86536
600000.0,1020.50433
700000.0,1013.9595
800000.0,1003.04785
900000.0,968.8372
1000000.0,938.28235
