steps,returns
100000.0,54.38974
200000.0,55.033684
300000.0,55.193733
400000.0,55.089893
500000.0,55.39903
600000.0,
700000.0,
800000.0,
900000.0,
1000000.0,
