steps,returns
100000.0,650.313
200000.0,540.59753
300000.0,529.0264
400000.0,570.7626
500000.0,538.89325
600000.0,533.74457
700000.0,515.3192
800000.0,514.28235
900000.0,513.7633
1000000.0,511.5265
