steps,returns
10000,-376.1328
20000,-500.0
30000,-500.0
40000,-500.0
50000,-268.39844
60000,-500.0
70000,-235.53906
80000,-500.0
90000,-500.0
100000,-500.0
