steps,returns
10000,134.92969
20000,153.375
30000,138.01562
40000,172.63281
50000,201.60938
60000,500.0
70000,499.2422
80000,490.375
90000,328.52344
100000,500.0
