steps,returns
100000.0,-371.6727
200000.0,-363.45044
300000.0,-366.1559
400000.0,-305.53168
500000.0,-243.38095
600000.0,-285.6435
700000.0,-279.14056
800000.0,-347.88263
900000.0,-317.44714
1000000.0,-278.58398
