steps,returns
1000000,-17.8125
2000000,-18.421875
3000000,-17.640625
4000000,-17.71875
5000000,-18.390625
6000000,-18.171875
7000000,-17.75
8000000,-17.625
9000000,-18.140625
10000000,-18.078125
