steps,returns
1000000,51.71875
2000000,38.75
3000000,16.5625
4000000,27.8125
5000000,36.09375
6000000,31.40625
7000000,51.71875
8000000,17.1875
9000000,17.8125
10000000,17.34375
