steps,returns
5000,51.84375
10000,55.953125
15000,52.875
20000,48.851562
25000,43.554688
30000,21.234375
35000,10.5703125
40000,11.390625
45000,12.8046875
50000,14.9609375
