steps,returns
10000,442.8047
20000,422.71875
30000,479.21094
40000,398.3828
50000,500.0
60000,500.0
70000,500.0
80000,500.0
90000,500.0
100000,500.0
