steps,returns
1000000,2040.9375
2000000,2188.0469
3000000,1043.0469
4000000,291.09375
5000000,115.78125
6000000,192.73438
7000000,39.21875
8000000,127.1875
9000000,416.71875
10000000,18.59375
