steps,returns
100000.0,901.9497
200000.0,1004.78577
300000.0,982.72687
400000.0,785.8303
500000.0,404.66174
600000.0,-1817.9948
700000.0,-21947.08
800000.0,-49164.96
900000.0,-101876.6
1000000.0,-121680.8
