{"config": {"hp_config.clip_eps": 0.2744067519636624, "hp_config.ent_coef": 0.35759468318620974, "hp_config.gae_lambda": 0.9204923988767216, "hp_config.learning_rate": 0.0005301709347576831, "hp_config.max_grad_norm": 0.4236547993389047, "hp_config.minibatch_size": 256, "hp_config.normalize_advantage": true, "hp_config.vf_clip_eps": 0.4458865003910399, "hp_config.vf_coef": 0.9636627605010293}, "score": -200.0, "budget_used": 13, "total_wallclock_time": -150.33493399620056, "total_optimization_time": 0.008827686309814453}
{"config": {"hp_config.clip_eps": 0.2744067519636624, "hp_config.ent_coef": 0.35759468318620974, "hp_config.gae_lambda": 0.9204923988767216, "hp_config.learning_rate": 0.0005301709347576831, "hp_config.max_grad_norm": 0.4236547993389047, "hp_config.minibatch_size": 256, "hp_config.normalize_advantage": true, "hp_config.vf_clip_eps": 0.4458865003910399, "hp_config.vf_coef": 0.9636627605010293}, "score": -200.0, "budget_used": 26, "total_wallclock_time": -299.95913100242615, "total_optimization_time": 0.05279207229614258}
{"config": {"hp_config.clip_eps": 0.2744067519636624, "hp_config.ent_coef": 0.35759468318620974, "hp_config.gae_lambda": 0.9204923988767216, "hp_config.learning_rate": 0.0005301709347576831, "hp_config.max_grad_norm": 0.4236547993389047, "hp_config.minibatch_size": 256, "hp_config.normalize_advantage": true, "hp_config.vf_clip_eps": 0.4458865003910399, "hp_config.vf_coef": 0.9636627605010293}, "score": -200.0, "budget_used": 39, "total_wallclock_time": -449.93112540245056, "total_optimization_time": 0.055457115173339844}
{"config": {"hp_config.clip_eps": 0.2744067519636624, "hp_config.ent_coef": 0.35759468318620974, "hp_config.gae_lambda": 0.9204923988767216, "hp_config.learning_rate": 0.0005301709347576831, "hp_config.max_grad_norm": 0.4236547993389047, "hp_config.minibatch_size": 256, "hp_config.normalize_advantage": true, "hp_config.vf_clip_eps": 0.4458865003910399, "hp_config.vf_coef": 0.9636627605010293}, "score": -200.0, "budget_used": 52, "total_wallclock_time": -599.8261752128601, "total_optimization_time": 0.2926340103149414}
{"config": {"hp_config.clip_eps": 0.2744067519636624, "hp_config.ent_coef": 0.35759468318620974, "hp_config.gae_lambda": 0.9204923988767216, "hp_config.learning_rate": 0.0005301709347576831, "hp_config.max_grad_norm": 0.4236547993389047, "hp_config.minibatch_size": 256, "hp_config.normalize_advantage": true, "hp_config.vf_clip_eps": 0.4458865003910399, "hp_config.vf_coef": 0.9636627605010293}, "score": -200.0, "budget_used": 65, "total_wallclock_time": -749.4682650566101, "total_optimization_time": 0.2955796718597412}
{"config": {"hp_config.clip_eps": 0.2744067519636624, "hp_config.ent_coef": 0.35759468318620974, "hp_config.gae_lambda": 0.9204923988767216, "hp_config.learning_rate": 0.0005301709347576831, "hp_config.max_grad_norm": 0.4236547993389047, "hp_config.minibatch_size": 256, "hp_config.normalize_advantage": true, "hp_config.vf_clip_eps": 0.4458865003910399, "hp_config.vf_coef": 0.9636627605010293}, "score": -200.0, "budget_used": 78, "total_wallclock_time": -895.8489625453949, "total_optimization_time": 0.29957079887390137}
{"config": {"hp_config.clip_eps": 0.2744067519636624, "hp_config.ent_coef": 0.35759468318620974, "hp_config.gae_lambda": 0.9204923988767216, "hp_config.learning_rate": 0.0005301709347576831, "hp_config.max_grad_norm": 0.4236547993389047, "hp_config.minibatch_size": 256, "hp_config.normalize_advantage": true, "hp_config.vf_clip_eps": 0.4458865003910399, "hp_config.vf_coef": 0.9636627605010293}, "score": -200.0, "budget_used": 91, "total_wallclock_time": -1042.623117685318, "total_optimization_time": 0.30260777473449707}
{"config": {"hp_config.clip_eps": 0.2744067519636624, "hp_config.ent_coef": 0.35759468318620974, "hp_config.gae_lambda": 0.9204923988767216, "hp_config.learning_rate": 0.0005301709347576831, "hp_config.max_grad_norm": 0.4236547993389047, "hp_config.minibatch_size": 256, "hp_config.normalize_advantage": true, "hp_config.vf_clip_eps": 0.4458865003910399, "hp_config.vf_coef": 0.9636627605010293}, "score": -200.0, "budget_used": 104, "total_wallclock_time": -1188.7522792816162, "total_optimization_time": 0.3067026138305664}
{"config": {"hp_config.clip_eps": 0.2744067519636624, "hp_config.ent_coef": 0.35759468318620974, "hp_config.gae_lambda": 0.9204923988767216, "hp_config.learning_rate": 0.0005301709347576831, "hp_config.max_grad_norm": 0.4236547993389047, "hp_config.minibatch_size": 256, "hp_config.normalize_advantage": true, "hp_config.vf_clip_eps": 0.4458865003910399, "hp_config.vf_coef": 0.9636627605010293}, "score": -200.0, "budget_used": 117, "total_wallclock_time": -1340.028342962265, "total_optimization_time": 0.31018710136413574}
{"config": {"hp_config.clip_eps": 0.2744067519636624, "hp_config.ent_coef": 0.35759468318620974, "hp_config.gae_lambda": 0.9204923988767216, "hp_config.learning_rate": 0.0005301709347576831, "hp_config.max_grad_norm": 0.4236547993389047, "hp_config.minibatch_size": 256, "hp_config.normalize_advantage": true, "hp_config.vf_clip_eps": 0.4458865003910399, "hp_config.vf_coef": 0.9636627605010293}, "score": -200.0, "budget_used": 130, "total_wallclock_time": -1488.7644107341766, "total_optimization_time": 0.3135073184967041}
{"config": {"hp_config.clip_eps": 0.2744067519636624, "hp_config.ent_coef": 0.35759468318620974, "hp_config.gae_lambda": 0.9204923988767216, "hp_config.learning_rate": 0.0005301709347576831, "hp_config.max_grad_norm": 0.4236547993389047, "hp_config.minibatch_size": 256, "hp_config.normalize_advantage": true, "hp_config.vf_clip_eps": 0.4458865003910399, "hp_config.vf_coef": 0.9636627605010293}, "score": -200.0, "budget_used": 143, "total_wallclock_time": -1636.2468132972717, "total_optimization_time": 0.3202998638153076}
