steps,returns
1000000,308.28125
2000000,374.84375
3000000,281.5625
4000000,289.0625
5000000,258.4375
6000000,28.75
7000000,1132.5
8000000,992.2656
9000000,77.03125
10000000,552.8906
