steps,returns
1000000,-18.359375
2000000,-17.328125
3000000,-17.859375
4000000,-18.140625
5000000,-17.9375
6000000,-17.75
7000000,-18.0625
8000000,-18.03125
9000000,-17.546875
10000000,-18.0
