steps,returns
5000,15.3359375
10000,10.7578125
15000,8.9453125
20000,8.7421875
25000,8.859375
30000,8.8828125
35000,8.8515625
40000,8.953125
45000,8.90625
50000,8.96875
