steps,returns
5000,9.109375
10000,9.2109375
15000,9.3515625
20000,9.34375
25000,9.421875
30000,9.421875
35000,9.3359375
40000,9.3515625
45000,9.3984375
50000,9.3671875
