steps,returns
100000.0,70.51918
200000.0,71.470924
300000.0,69.82997
400000.0,69.52701
500000.0,70.685684
600000.0,72.254
700000.0,72.320694
800000.0,72.753716
900000.0,69.38158
1000000.0,70.39006
