steps,returns
10000,92.3125
20000,99.46094
30000,96.546875
40000,102.94531
50000,126.578125
60000,119.484375
70000,120.890625
80000,118.32031
90000,132.03125
100000,137.49219
