steps,returns
100000.0,594.33105
200000.0,542.4593
300000.0,565.94025
400000.0,499.93115
500000.0,494.2915
600000.0,553.187
700000.0,608.78015
800000.0,539.4775
900000.0,966.7949
1000000.0,1140.0547
