steps,returns
5000,59.132812
10000,107.5625
15000,128.71094
20000,250.10156
25000,213.66406
30000,288.71875
35000,238.20312
40000,427.78906
45000,181.80469
50000,170.01562
