steps,returns
100000.0,602.21967
200000.0,562.9082
300000.0,583.83624
400000.0,571.68884
500000.0,532.5288
600000.0,525.1625
700000.0,536.63153
800000.0,584.8247
900000.0,699.83295
1000000.0,826.9171
