steps,returns
10000,-500.0
20000,-500.0
30000,-314.53906
40000,-106.703125
50000,-103.484375
60000,-128.5625
70000,-361.375
80000,-97.28906
90000,-500.0
100000,-428.3828
