steps,returns
100000.0,740.26013
200000.0,623.47546
300000.0,589.2157
400000.0,882.7877
500000.0,1161.8015
600000.0,1397.5903
700000.0,1257.3895
800000.0,1114.8367
900000.0,1315.8318
1000000.0,1369.4033
