steps,returns
100000.0,1658.7926
200000.0,306.00085
300000.0,541.5075
400000.0,295.37216
500000.0,1420.519
600000.0,1392.581
700000.0,1415.8525
800000.0,2005.3909
900000.0,1433.9761
1000000.0,1170.096
