steps,returns
100000.0,41.674015
200000.0,39.255783
300000.0,37.908672
400000.0,35.67794
500000.0,40.278034
600000.0,41.048374
700000.0,41.027542
800000.0,40.33788
900000.0,43.940563
1000000.0,43.46146
