steps,returns
5000,49.195312
10000,88.125
15000,158.375
20000,144.75781
25000,163.32031
30000,156.99219
35000,114.53906
40000,138.50781
45000,296.96875
50000,268.73438
