steps,returns
100000.0,512.78394
200000.0,267.90582
300000.0,-763.641
400000.0,-1645.8777
500000.0,-5223.6914
600000.0,-4233.789
700000.0,-3315.0076
800000.0,-3131.1157
900000.0,-3322.5913
1000000.0,-3338.0566
