steps,returns
1000000,-17.859375
2000000,-18.40625
3000000,-18.0
4000000,-18.171875
5000000,-17.453125
6000000,-17.671875
7000000,-17.890625
8000000,-18.34375
9000000,-18.03125
10000000,-17.3125
