steps,returns
10000,34.742188
20000,18.117188
30000,38.296875
40000,133.44531
50000,173.57031
60000,199.79688
70000,238.44531
80000,204.85938
90000,182.14844
100000,256.71875
