steps,returns
100000.0,676.1802
200000.0,1053.3491
300000.0,2061.2478
400000.0,1623.231
500000.0,1086.9058
600000.0,616.8514
700000.0,-3.6039865
800000.0,-183.1293
900000.0,308.69742
1000000.0,514.8957
