steps,returns
1000000,543.16406
2000000,655.46875
3000000,593.16406
4000000,489.0625
5000000,2166.211
6000000,3506.0547
7000000,3348.8281
8000000,722.46094
9000000,4376.953
10000000,4511.328
