steps,returns
5000,9.2890625
10000,9.28125
15000,12.7578125
20000,51.664062
25000,156.625
30000,75.74219
35000,217.10938
40000,78.9375
45000,53.546875
50000,35.125
