steps,returns
10000,469.95312
20000,500.0
30000,421.46094
40000,488.1875
50000,500.0
60000,445.3047
70000,500.0
80000,500.0
90000,500.0
100000,500.0
