steps,returns
100000.0,983.1068
200000.0,737.599
300000.0,454.12238
400000.0,433.7967
500000.0,697.13403
600000.0,642.1377
700000.0,802.22565
800000.0,845.82263
900000.0,958.3224
1000000.0,933.1996
