steps,returns
100000.0,1120.6454
200000.0,1450.2473
300000.0,2710.6902
400000.0,1591.6643
500000.0,645.27856
600000.0,709.7379
700000.0,734.5264
800000.0,658.93115
900000.0,704.3353
1000000.0,734.76074
