steps,returns
100000.0,648.4849
200000.0,304.51965
300000.0,486.15417
400000.0,457.44623
500000.0,407.5346
600000.0,318.28607
700000.0,460.0868
800000.0,587.1145
900000.0,574.92786
1000000.0,560.1763
