steps,returns
10000,175.78125
20000,280.78906
30000,500.0
40000,185.96094
50000,500.0
60000,500.0
70000,500.0
80000,500.0
90000,70.34375
100000,493.8047
