steps,returns
5000,79.82031
10000,85.97656
15000,83.39844
20000,89.71094
25000,81.27344
30000,81.71094
35000,83.53906
40000,92.0
45000,80.47656
50000,79.546875
