steps,returns
5000,9.015625
10000,9.140625
15000,9.109375
20000,9.1484375
25000,9.2890625
30000,9.296875
35000,9.28125
40000,9.28125
45000,9.3671875
50000,9.203125
