steps,returns
1000000,-17.640625
2000000,-17.671875
3000000,-17.671875
4000000,-18.265625
5000000,-17.828125
6000000,-17.53125
7000000,-16.921875
8000000,-17.59375
9000000,-17.203125
10000000,-17.328125
