steps,returns
5000,9.578125
10000,9.53125
15000,9.53125
20000,9.65625
25000,9.5390625
30000,9.6328125
35000,9.3203125
40000,9.515625
45000,9.5625
50000,9.5234375
