steps,returns
1000000,17.5
2000000,37.1875
3000000,24.6875
4000000,222.03125
5000000,58.28125
6000000,211.25
7000000,208.28125
8000000,430.23438
9000000,337.1875
10000000,126.796875
