{"config": {"hp_config.clip_eps": 0.46165303394458157, "hp_config.ent_coef": 0.4149486843016716, "hp_config.gae_lambda": 0.9935604534178301, "hp_config.learning_rate": 0.03971129537421177, "hp_config.max_grad_norm": 0.03603381742856948, "hp_config.minibatch_size": 128, "hp_config.normalize_advantage": true, "hp_config.vf_clip_eps": 0.4760713486477104, "hp_config.vf_coef": 0.3000289194759296}, "score": -18.734375, "budget_used": 128, "total_wallclock_time": -4538.025021076202, "total_optimization_time": 0.014116048812866211}
