steps,returns
10000,497.28125
20000,470.2578
30000,499.20312
40000,500.0
50000,95.17969
60000,183.38281
70000,96.015625
80000,300.04688
90000,191.96094
100000,446.5078
