steps,returns
100000.0,18.536604
200000.0,-192.59561
300000.0,-229.25125
400000.0,-302.95895
500000.0,-9.131888
600000.0,-302.7367
700000.0,-701.05786
800000.0,-1162.209
900000.0,-1638.1775
1000000.0,-2346.3843
