steps,returns
10000,257.6328
20000,407.8125
30000,142.02344
40000,499.90625
50000,496.23438
60000,470.89844
70000,500.0
80000,500.0
90000,500.0
100000,500.0
