steps,returns
100000.0,1001.15717
200000.0,1004.6028
300000.0,937.02136
400000.0,797.3653
500000.0,621.87335
600000.0,429.19632
700000.0,285.79608
800000.0,388.04236
900000.0,131.74518
1000000.0,43.133965
