steps,returns
1000000,-18.234375
2000000,-17.9375
3000000,-17.578125
4000000,-18.125
5000000,-18.3125
6000000,-18.09375
7000000,-17.875
8000000,-18.046875
9000000,-18.296875
10000000,-17.765625
