steps,returns
5000,8.9921875
10000,9.109375
15000,9.125
20000,9.234375
25000,9.265625
30000,9.1796875
35000,9.2734375
40000,9.3515625
45000,9.3515625
50000,9.375
