steps,returns
100000.0,437.37164
200000.0,210.88289
300000.0,731.68976
400000.0,702.7181
500000.0,773.1481
600000.0,1009.3496
700000.0,1137.6871
800000.0,1071.8069
900000.0,1007.1879
1000000.0,1242.2913
