steps,returns
1000000,-18.015625
2000000,-18.109375
3000000,-17.765625
4000000,-18.0
5000000,-18.578125
6000000,-18.203125
7000000,-17.6875
8000000,-17.21875
9000000,-18.171875
10000000,-17.75
