steps,returns
1000000,230.07812
2000000,785.15625
3000000,825.58594
4000000,720.7031
5000000,836.91406
6000000,1711.9141
7000000,838.6719
8000000,1479.6875
9000000,842.96875
10000000,2952.7344
