steps,returns
100000.0,542.00464
200000.0,539.8253
300000.0,497.4123
400000.0,523.42725
500000.0,582.7898
600000.0,741.0768
700000.0,686.3922
800000.0,627.4149
900000.0,665.8547
1000000.0,546.9564
