steps,returns
100000.0,0.05691299
200000.0,0.7149615
300000.0,3.0049086
400000.0,17.117313
500000.0,572.11536
600000.0,834.24786
700000.0,72.18618
800000.0,78.392204
900000.0,73.69783
1000000.0,48.43978
