steps,returns
5000,9.390625
10000,10.9296875
15000,26.5
20000,17.132812
25000,37.054688
30000,112.8125
35000,205.8125
40000,112.97656
45000,286.01562
50000,96.53906
