steps,returns
1000000,65.3125
2000000,124.0625
3000000,296.64062
4000000,505.70312
5000000,862.5
6000000,1896.4844
7000000,2593.2031
8000000,2676.9531
9000000,1802.8125
10000000,3501.7188
