steps,returns
10000,275.1172
20000,9.375
30000,9.421875
40000,9.3828125
50000,11.4765625
60000,9.2890625
70000,9.359375
80000,9.34375
90000,9.265625
100000,9.3671875
