steps,returns
10000,153.89844
20000,100.609375
30000,130.46094
40000,131.26562
50000,135.26562
60000,140.54688
70000,136.24219
80000,146.39062
90000,150.50781
100000,160.24219
