steps,returns
10000,-170.09375
20000,-181.82031
30000,-189.375
40000,-226.45312
50000,-216.50781
60000,-222.89844
70000,-255.72656
80000,-246.73438
90000,-252.89844
100000,-260.2422
