steps,returns
10000,-500.0
20000,-378.45312
30000,-500.0
40000,-500.0
50000,-500.0
60000,-500.0
70000,-500.0
80000,-500.0
90000,-369.85938
100000,-452.75
