steps,returns
100000.0,-243.11398
200000.0,-1615.8706
300000.0,-257.79114
400000.0,-918.7261
500000.0,-1915.5745
600000.0,-1887.2463
700000.0,-2985.3643
800000.0,-3611.311
900000.0,-4799.2026
1000000.0,-6700.876
