steps,returns
10000,341.46094
20000,288.23438
30000,429.0547
40000,425.09375
50000,470.0703
60000,457.5547
70000,450.17188
80000,500.0
90000,344.72656
100000,500.0
