steps,returns
10000,419.29688
20000,321.75
30000,500.0
40000,473.90625
50000,480.4453
60000,500.0
70000,444.9453
80000,489.64062
90000,500.0
100000,500.0
