steps,returns
100000.0,28.095943
200000.0,32.00224
300000.0,31.38747
400000.0,31.551746
500000.0,31.903057
600000.0,31.910454
700000.0,32.275017
800000.0,31.731705
900000.0,32.04185
1000000.0,31.81137
