steps,returns
100000.0,1075.83
200000.0,729.1438
300000.0,1328.8578
400000.0,1132.9811
500000.0,342.69666
600000.0,163.95886
700000.0,190.19518
800000.0,203.91801
900000.0,-1538.698
1000000.0,-1650.5549
