steps,returns
100000.0,852.85657
200000.0,879.9829
300000.0,757.62646
400000.0,736.20374
500000.0,728.60425
600000.0,1002.08826
700000.0,1650.2405
800000.0,1476.0576
900000.0,1190.7828
1000000.0,998.88354
