steps,returns
100000.0,935.3749
200000.0,966.86383
300000.0,1022.46265
400000.0,1181.7734
500000.0,1108.2231
600000.0,1131.0422
700000.0,1001.166
800000.0,1042.4703
900000.0,1079.0232
1000000.0,1080.3147
