steps,returns
1000000,-18.5625
2000000,-17.546875
3000000,-17.375
4000000,-18.140625
5000000,-18.09375
6000000,-18.078125
7000000,-17.640625
8000000,-17.09375
9000000,-18.0625
10000000,-18.28125
