steps,returns
100000.0,200.34215
200000.0,-248.17488
300000.0,-769.97076
400000.0,-3381.4116
500000.0,-5811.411
600000.0,-5335.709
700000.0,-7855.0786
800000.0,-5938.0996
900000.0,-8291.665
1000000.0,-11587.999
