steps,returns
5000,81.9375
10000,79.88281
15000,61.46875
20000,50.898438
25000,50.96875
30000,36.164062
35000,23.0
40000,20.617188
45000,14.5078125
50000,11.4375
