steps,returns
5000,13.265625
10000,127.453125
15000,116.9375
20000,97.05469
25000,33.523438
30000,106.28125
35000,99.375
40000,97.00781
45000,92.9375
50000,93.21875
