steps,returns
100000.0,-544.63055
200000.0,-1044.6628
300000.0,-966.1288
400000.0,-917.12335
500000.0,-948.6355
600000.0,-926.31104
700000.0,-934.3248
800000.0,-936.0445
900000.0,-938.2481
1000000.0,-929.47327
