steps,returns
12000,-200.0
24000,-200.0
36000,-200.0
48000,-200.0
60000,-200.0
72000,-200.0
84000,-200.0
96000,-190.60938
108000,-200.0
120000,-171.66406
