steps,returns
10000,283.8047
20000,500.0
30000,245.30469
40000,220.45312
50000,20.046875
60000,241.77344
70000,240.17188
80000,94.765625
90000,495.3828
100000,65.91406
