steps,returns
5000,63.007812
10000,40.484375
15000,38.210938
20000,37.164062
25000,33.1875
30000,56.632812
35000,336.2578
40000,290.82812
45000,310.67188
50000,282.57812
