steps,returns
5000,43.296875
10000,125.64844
15000,99.19531
20000,102.38281
25000,94.49219
30000,82.69531
35000,84.11719
40000,134.49219
45000,118.69531
50000,75.25781
