steps,returns
1000000,142.1875
2000000,18.59375
3000000,93.28125
4000000,47.1875
5000000,288.75
6000000,759.375
7000000,687.03125
8000000,51.25
9000000,119.21875
10000000,969.4531
