steps,returns
1000000,714.53125
2000000,1554.5312
3000000,969.84375
4000000,1688.125
5000000,5179.297
6000000,5129.375
7000000,5167.9688
8000000,5102.3438
9000000,6053.9062
10000000,5128.5938
