steps,returns
1000000,-17.796875
2000000,-18.4375
3000000,-18.046875
4000000,-18.265625
5000000,-17.421875
6000000,-18.21875
7000000,-17.84375
8000000,-18.359375
9000000,-18.046875
10000000,-17.40625
