steps,returns
5000,51.109375
10000,15.0390625
15000,9.3359375
20000,25.015625
25000,20.953125
30000,47.484375
35000,40.554688
40000,91.703125
45000,160.28906
50000,168.05469
