steps,returns
5000,52.4375
10000,134.57031
15000,147.39062
20000,152.97656
25000,484.04688
30000,468.60156
35000,297.0078
40000,492.4453
45000,229.25781
50000,500.0
