steps,returns
5000,8.7578125
10000,8.890625
15000,8.8515625
20000,8.828125
25000,8.84375
30000,8.8671875
35000,8.8828125
40000,8.9453125
45000,8.921875
50000,9.03125
