steps,returns
100000.0,322.73553
200000.0,229.79538
300000.0,-351.34863
400000.0,-2813.9146
500000.0,-13138.087
600000.0,-62989.07
700000.0,-157011.94
800000.0,-569586.4
900000.0,-2120240.5
1000000.0,-3875413.8
