steps,returns
100000.0,35.29724
200000.0,35.60533
300000.0,35.67885
400000.0,35.26115
500000.0,35.43118
600000.0,35.324898
700000.0,35.44279
800000.0,35.44011
900000.0,35.615814
1000000.0,35.484146
