steps,returns
10000,335.21094
20000,435.01562
30000,297.60938
40000,500.0
50000,500.0
60000,500.0
70000,207.91406
80000,500.0
90000,500.0
100000,125.11719
