steps,returns
100000.0,420.4403
200000.0,457.18805
300000.0,748.8755
400000.0,1092.1573
500000.0,460.54028
600000.0,460.2147
700000.0,492.16898
800000.0,1154.7378
900000.0,975.47217
1000000.0,520.57227
