steps,returns
100000.0,688.47687
200000.0,466.2857
300000.0,370.859
400000.0,308.74713
500000.0,275.6626
600000.0,235.89467
700000.0,206.86441
800000.0,186.39206
900000.0,176.62817
1000000.0,171.41669
