steps,returns
10000,443.28125
20000,166.3125
30000,121.94531
40000,112.453125
50000,469.59375
60000,276.21875
70000,500.0
80000,500.0
90000,500.0
100000,500.0
