steps,returns
1000000,-17.609375
2000000,-18.15625
3000000,-18.046875
4000000,-18.0625
5000000,-17.828125
6000000,-17.578125
7000000,-17.515625
8000000,-17.359375
9000000,-17.984375
10000000,-17.5625
