steps,returns
1000000,17.8125
2000000,16.71875
3000000,16.875
4000000,17.5
5000000,46.25
6000000,45.9375
7000000,17.5
8000000,26.875
9000000,51.71875
10000000,17.5
