steps,returns
100000.0,1117.5378
200000.0,953.47095
300000.0,910.9691
400000.0,975.88983
500000.0,962.612
600000.0,935.6416
700000.0,841.4903
800000.0,1028.4695
900000.0,1196.3555
1000000.0,1108.0457
