steps,returns
5000,86.02344
10000,37.15625
15000,23.828125
20000,51.75
25000,20.84375
30000,31.960938
35000,123.22656
40000,320.29688
45000,397.48438
50000,264.98438
