steps,returns
100000.0,568.84406
200000.0,546.14734
300000.0,490.52164
400000.0,588.1831
500000.0,578.32056
600000.0,458.94574
700000.0,1219.6323
800000.0,541.9061
900000.0,413.07535
1000000.0,586.5014
