steps,returns
10000,134.92969
20000,166.69531
30000,468.6797
40000,219.14844
50000,463.9453
60000,483.79688
70000,500.0
80000,493.67188
90000,485.9453
100000,319.85156
