steps,returns
100000.0,59.156807
200000.0,144.40466
300000.0,89.796036
400000.0,76.90067
500000.0,73.85585
600000.0,74.21473
700000.0,75.320854
800000.0,74.93948
900000.0,75.83751
1000000.0,76.0341
