{"config": {"hp_config.clip_eps": 0.48838054409516857, "hp_config.ent_coef": 0.302422759872523, "hp_config.gae_lambda": 0.9477787895217205, "hp_config.learning_rate": 1.5701421102720535e-06, "hp_config.max_grad_norm": 0.2828069625764096, "hp_config.minibatch_size": 32, "hp_config.normalize_advantage": true, "hp_config.vf_clip_eps": 0.05936385947712203, "hp_config.vf_coef": 0.317983179393976}, "score": -41.37902069091797, "budget_used": 13, "total_wallclock_time": -189.05250883102417, "total_optimization_time": 0.022717952728271484}
{"config": {"hp_config.clip_eps": 0.16000857541123392, "hp_config.ent_coef": 0.19173194708594898, "hp_config.gae_lambda": 0.9176045909993658, "hp_config.learning_rate": 0.014296913058545252, "hp_config.max_grad_norm": 0.6289818435911487, "hp_config.minibatch_size": 128, "hp_config.normalize_advantage": true, "hp_config.vf_clip_eps": 0.39902341695628185, "hp_config.vf_coef": 0.1856359443059522}, "score": NaN, "budget_used": 26, "total_wallclock_time": -417.35089659690857, "total_optimization_time": 0.08104848861694336}
{"config": {"hp_config.clip_eps": 0.16000857541123392, "hp_config.ent_coef": 0.19173194708594898, "hp_config.gae_lambda": 0.9176045909993658, "hp_config.learning_rate": 0.014296913058545252, "hp_config.max_grad_norm": 0.6289818435911487, "hp_config.minibatch_size": 128, "hp_config.normalize_advantage": true, "hp_config.vf_clip_eps": 0.39902341695628185, "hp_config.vf_coef": 0.1856359443059522}, "score": NaN, "budget_used": 39, "total_wallclock_time": -565.7277739048004, "total_optimization_time": 0.08504366874694824}
{"config": {"hp_config.clip_eps": 0.16000857541123392, "hp_config.ent_coef": 0.19173194708594898, "hp_config.gae_lambda": 0.9176045909993658, "hp_config.learning_rate": 0.014296913058545252, "hp_config.max_grad_norm": 0.6289818435911487, "hp_config.minibatch_size": 128, "hp_config.normalize_advantage": true, "hp_config.vf_clip_eps": 0.39902341695628185, "hp_config.vf_coef": 0.1856359443059522}, "score": NaN, "budget_used": 52, "total_wallclock_time": -725.9654262065887, "total_optimization_time": 0.08881759643554688}
{"config": {"hp_config.clip_eps": 0.16000857541123392, "hp_config.ent_coef": 0.19173194708594898, "hp_config.gae_lambda": 0.9176045909993658, "hp_config.learning_rate": 0.014296913058545252, "hp_config.max_grad_norm": 0.6289818435911487, "hp_config.minibatch_size": 128, "hp_config.normalize_advantage": true, "hp_config.vf_clip_eps": 0.39902341695628185, "hp_config.vf_coef": 0.1856359443059522}, "score": NaN, "budget_used": 65, "total_wallclock_time": -876.7503528594971, "total_optimization_time": 0.09164762496948242}
{"config": {"hp_config.clip_eps": 0.16000857541123392, "hp_config.ent_coef": 0.19173194708594898, "hp_config.gae_lambda": 0.9176045909993658, "hp_config.learning_rate": 0.014296913058545252, "hp_config.max_grad_norm": 0.6289818435911487, "hp_config.minibatch_size": 128, "hp_config.normalize_advantage": true, "hp_config.vf_clip_eps": 0.39902341695628185, "hp_config.vf_coef": 0.1856359443059522}, "score": NaN, "budget_used": 78, "total_wallclock_time": -1027.1302943229675, "total_optimization_time": 0.0983591079711914}
{"config": {"hp_config.clip_eps": 0.16000857541123392, "hp_config.ent_coef": 0.19173194708594898, "hp_config.gae_lambda": 0.9176045909993658, "hp_config.learning_rate": 0.014296913058545252, "hp_config.max_grad_norm": 0.6289818435911487, "hp_config.minibatch_size": 128, "hp_config.normalize_advantage": true, "hp_config.vf_clip_eps": 0.39902341695628185, "hp_config.vf_coef": 0.1856359443059522}, "score": NaN, "budget_used": 91, "total_wallclock_time": -6593.179778814316, "total_optimization_time": 0.10284781455993652}
{"config": {"hp_config.clip_eps": 0.16000857541123392, "hp_config.ent_coef": 0.19173194708594898, "hp_config.gae_lambda": 0.9176045909993658, "hp_config.learning_rate": 0.014296913058545252, "hp_config.max_grad_norm": 0.6289818435911487, "hp_config.minibatch_size": 128, "hp_config.normalize_advantage": true, "hp_config.vf_clip_eps": 0.39902341695628185, "hp_config.vf_coef": 0.1856359443059522}, "score": NaN, "budget_used": 104, "total_wallclock_time": -6733.132775783539, "total_optimization_time": 0.2813899517059326}
{"config": {"hp_config.clip_eps": 0.16000857541123392, "hp_config.ent_coef": 0.19173194708594898, "hp_config.gae_lambda": 0.9176045909993658, "hp_config.learning_rate": 0.014296913058545252, "hp_config.max_grad_norm": 0.6289818435911487, "hp_config.minibatch_size": 128, "hp_config.normalize_advantage": true, "hp_config.vf_clip_eps": 0.39902341695628185, "hp_config.vf_coef": 0.1856359443059522}, "score": NaN, "budget_used": 117, "total_wallclock_time": -6879.423768520355, "total_optimization_time": 0.2905538082122803}
{"config": {"hp_config.clip_eps": 0.16000857541123392, "hp_config.ent_coef": 0.19173194708594898, "hp_config.gae_lambda": 0.9176045909993658, "hp_config.learning_rate": 0.014296913058545252, "hp_config.max_grad_norm": 0.6289818435911487, "hp_config.minibatch_size": 128, "hp_config.normalize_advantage": true, "hp_config.vf_clip_eps": 0.39902341695628185, "hp_config.vf_coef": 0.1856359443059522}, "score": NaN, "budget_used": 130, "total_wallclock_time": -7023.388594865799, "total_optimization_time": 0.29353928565979004}
{"config": {"hp_config.clip_eps": 0.16000857541123392, "hp_config.ent_coef": 0.19173194708594898, "hp_config.gae_lambda": 0.9176045909993658, "hp_config.learning_rate": 0.014296913058545252, "hp_config.max_grad_norm": 0.6289818435911487, "hp_config.minibatch_size": 128, "hp_config.normalize_advantage": true, "hp_config.vf_clip_eps": 0.39902341695628185, "hp_config.vf_coef": 0.1856359443059522}, "score": NaN, "budget_used": 143, "total_wallclock_time": -7165.4478986263275, "total_optimization_time": 0.3694639205932617}
