steps,returns
1000000,-18.359375
2000000,-18.3125
3000000,-18.28125
4000000,-17.671875
5000000,-17.65625
6000000,-17.671875
7000000,-18.125
8000000,-17.796875
9000000,-18.125
10000000,-17.65625
