steps,returns
100000.0,1127.3745
200000.0,1130.2937
300000.0,1145.3217
400000.0,189.93411
500000.0,900.18353
600000.0,817.9116
700000.0,806.7146
800000.0,1160.4415
900000.0,1103.155
1000000.0,-213.86554
