steps,returns
1000000,-18.21875
2000000,-17.796875
3000000,-17.84375
4000000,-17.53125
5000000,-18.078125
6000000,-18.265625
7000000,-17.921875
8000000,-17.828125
9000000,-17.71875
10000000,-18.046875
