steps,returns
100000.0,1024.886
200000.0,1021.4402
300000.0,1024.0022
400000.0,987.569
500000.0,980.22595
600000.0,965.09906
700000.0,930.1302
800000.0,918.0582
900000.0,865.3911
1000000.0,759.589
