steps,returns
100000.0,8.479391
200000.0,-232.33163
300000.0,-340.25793
400000.0,-1234.9407
500000.0,-2394.0723
600000.0,-4637.045
700000.0,-9368.271
800000.0,-16344.234
900000.0,-25296.105
1000000.0,-32915.023
