steps,returns
100000.0,1025.377
200000.0,927.2831
300000.0,786.3966
400000.0,589.99536
500000.0,442.5788
600000.0,404.40155
700000.0,271.46515
800000.0,242.59717
900000.0,54.162743
1000000.0,-0.07136369
