steps,returns
100000.0,717.6913
200000.0,509.58533
300000.0,637.5027
400000.0,-14.558605
500000.0,-389.47595
600000.0,-862.7052
700000.0,-1890.189
800000.0,-3666.5383
900000.0,-7102.401
1000000.0,-13320.012
