steps,returns
10000,119.82031
20000,120.96094
30000,121.71875
40000,134.5
50000,213.35156
60000,382.6953
70000,500.0
80000,349.9375
90000,500.0
100000,499.08594
