steps,returns
5000,9.5390625
10000,9.5
15000,9.5
20000,9.546875
25000,9.5078125
30000,9.5
35000,9.5078125
40000,9.515625
45000,9.3671875
50000,9.5078125
