steps,returns
5000,36.8125
10000,209.73438
15000,119.078125
20000,126.875
25000,103.99219
30000,500.0
35000,500.0
40000,382.5
45000,493.76562
50000,136.03125
