steps,returns
100000.0,914.4404
200000.0,860.67554
300000.0,867.91943
400000.0,863.68915
500000.0,956.12115
600000.0,1095.1008
700000.0,1187.6503
800000.0,1180.0625
900000.0,1181.3687
1000000.0,1163.9264
