steps,returns
5000,70.046875
10000,72.515625
15000,74.35156
20000,77.0
25000,84.05469
30000,84.75781
35000,80.91406
40000,79.109375
45000,81.69531
50000,74.83594
