steps,returns
1000000,1377.7344
2000000,306.95312
3000000,179.84375
4000000,259.375
5000000,210.625
6000000,116.09375
7000000,279.53125
8000000,561.875
9000000,246.09375
10000000,292.03125
