steps,returns
100000.0,535.8335
200000.0,670.0127
300000.0,611.952
400000.0,558.92224
500000.0,500.6567
600000.0,534.6559
700000.0,559.5555
800000.0,449.79767
900000.0,605.49817
1000000.0,629.50745
