steps,returns
100000.0,-162.42203
200000.0,-117.683914
300000.0,-103.33229
400000.0,-92.254
500000.0,-88.19866
600000.0,-81.159836
700000.0,-78.744644
800000.0,-81.15567
900000.0,-78.36055
1000000.0,-81.66168
