steps,returns
1000000,189.84375
2000000,17.96875
3000000,232.96875
4000000,359.29688
5000000,292.65625
6000000,622.34375
7000000,951.40625
8000000,1001.40625
9000000,438.35938
10000000,156.71875
