steps,returns
5000,105.97656
10000,137.21875
15000,168.63281
20000,220.97656
25000,267.03906
30000,313.125
35000,366.03125
40000,430.6172
45000,476.45312
50000,499.08594
