steps,returns
10000,113.1875
20000,95.5
30000,117.125
40000,166.82812
50000,255.97656
60000,419.48438
70000,472.21875
80000,428.9375
90000,436.0703
100000,418.4453
