steps,returns
10000,219.69531
20000,200.77344
30000,454.60156
40000,151.85938
50000,56.859375
60000,132.41406
70000,498.58594
80000,485.97656
90000,189.71875
100000,47.085938
