steps,returns
1000000,250.0
2000000,250.0
3000000,256.4453
4000000,240.82031
5000000,290.625
6000000,252.73438
7000000,313.28125
8000000,373.6328
9000000,576.5625
10000000,558.0078
