steps,returns
100000.0,0.08171484
200000.0,43.81017
300000.0,-154.29752
400000.0,-333.42645
500000.0,-143.63612
600000.0,120.78547
700000.0,140.81122
800000.0,-16.2118
900000.0,219.85663
1000000.0,145.90494
