steps,returns
5000,9.0078125
10000,9.078125
15000,9.09375
20000,9.1640625
25000,9.34375
30000,9.3671875
35000,9.3671875
40000,9.3203125
45000,9.3046875
50000,9.234375
