steps,returns
10000,448.1172
20000,381.95312
30000,416.0
40000,440.84375
50000,472.72656
60000,500.0
70000,500.0
80000,500.0
90000,500.0
100000,500.0
