steps,returns
1000000,201.95312
2000000,290.4297
3000000,125.0
4000000,150.0
5000000,125.0
6000000,125.0
7000000,276.5625
8000000,193.35938
9000000,236.71875
10000000,150.0
