steps,returns
100000.0,651.32666
200000.0,558.3723
300000.0,559.9631
400000.0,511.35013
500000.0,511.56955
600000.0,544.42084
700000.0,601.96466
800000.0,880.28094
900000.0,1092.054
1000000.0,1038.8171
