steps,returns
5000,85.546875
10000,82.30469
15000,78.24219
20000,68.17969
25000,59.414062
30000,50.5
35000,49.09375
40000,40.640625
45000,25.53125
50000,18.554688
