steps,returns
100000.0,533.62805
200000.0,379.35928
300000.0,567.6493
400000.0,672.65735
500000.0,317.53937
600000.0,467.91064
700000.0,261.91837
800000.0,-50.28635
900000.0,-455.03366
1000000.0,-929.59827
