steps,returns
1000000,17.8125
2000000,321.25
3000000,217.96875
4000000,178.59375
5000000,244.53125
6000000,135.15625
7000000,237.65625
8000000,282.1875
9000000,1399.2969
10000000,103.28125
