steps,returns
5000,12.5
10000,41.710938
15000,9.3828125
20000,69.828125
25000,95.21094
30000,86.0
35000,115.765625
40000,97.58594
45000,122.35156
50000,111.44531
