steps,returns
1000000,17.65625
2000000,46.71875
3000000,16.71875
4000000,28.59375
5000000,27.65625
6000000,16.71875
7000000,30.625
8000000,27.65625
9000000,52.34375
10000000,28.28125
