steps,returns
1000000,118.90625
2000000,17.96875
3000000,63.75
4000000,80.78125
5000000,17.1875
6000000,472.1875
7000000,188.28125
8000000,474.53125
9000000,267.03125
10000000,1117.8125
