steps,returns
10000,163.75781
20000,151.52344
30000,500.0
40000,9.3359375
50000,9.4375
60000,9.375
70000,9.4609375
80000,9.2734375
90000,489.79688
100000,42.125
