steps,returns
1000000,-16.671875
2000000,-15.859375
3000000,-16.046875
4000000,-7.40625
5000000,-3.953125
6000000,-3.125
7000000,-17.171875
8000000,-2.578125
9000000,-18.46875
10000000,-2.625
