steps,returns
100000.0,1375.5681
200000.0,816.7085
300000.0,793.81213
400000.0,801.5087
500000.0,815.29346
600000.0,826.245
700000.0,831.0471
800000.0,836.37744
900000.0,837.7274
1000000.0,838.968
