steps,returns
100000.0,1020.85364
200000.0,972.45074
300000.0,704.124
400000.0,504.41125
500000.0,583.79626
600000.0,663.0954
700000.0,609.08276
800000.0,407.41742
900000.0,276.26385
1000000.0,418.37585
