steps,returns
1000000,385.625
2000000,71.875
3000000,214.375
4000000,131.09375
5000000,216.25
6000000,121.5625
7000000,506.79688
8000000,430.0
9000000,119.375
10000000,98.125
