steps,returns
100000.0,852.3412
200000.0,630.87756
300000.0,319.95135
400000.0,-176.3573
500000.0,-770.6196
600000.0,-1145.0681
700000.0,-1760.983
800000.0,-2614.4448
900000.0,-3646.2397
1000000.0,-2186.5593
