steps,returns
10000,180.59375
20000,231.26562
30000,254.0625
40000,259.71875
50000,414.85156
60000,500.0
70000,497.20312
80000,470.8828
90000,500.0
100000,500.0
