steps,returns
1000000,-17.671875
2000000,-18.171875
3000000,-17.8125
4000000,-17.59375
5000000,-17.609375
6000000,-17.625
7000000,-17.90625
8000000,-17.421875
9000000,-18.21875
10000000,-18.078125
