steps,returns
1000000,-17.4375
2000000,-17.828125
3000000,-17.515625
4000000,-18.109375
5000000,-17.953125
6000000,-18.0
7000000,-17.921875
8000000,-18.09375
9000000,-17.8125
10000000,-17.96875
