steps,returns
1000000,50.78125
2000000,27.96875
3000000,49.21875
4000000,18.125
5000000,16.25
6000000,17.1875
7000000,17.1875
8000000,17.65625
9000000,17.65625
10000000,17.8125
