steps,returns
1000000,637.3047
2000000,706.83594
3000000,755.46875
4000000,770.1172
5000000,1296.6797
6000000,1710.7422
7000000,824.02344
8000000,1485.7422
9000000,886.3281
10000000,644.53125
