steps,returns
1000000,-17.90625
2000000,-18.171875
3000000,-17.859375
4000000,-17.796875
5000000,-17.765625
6000000,-17.6875
7000000,-18.578125
8000000,-18.421875
9000000,-18.5
10000000,-17.71875
