steps,returns
100000.0,322.55374
200000.0,529.57776
300000.0,840.71204
400000.0,706.9408
500000.0,545.675
600000.0,431.09995
700000.0,369.41876
800000.0,338.86768
900000.0,317.37323
1000000.0,299.1731
