steps,returns
100000.0,1023.7173
200000.0,990.44525
300000.0,965.46106
400000.0,975.7656
500000.0,666.48126
600000.0,1201.706
700000.0,900.1214
800000.0,827.8447
900000.0,392.1136
1000000.0,-1381.8232
