steps,returns
5000,29.617188
10000,37.867188
15000,28.539062
20000,15.4296875
25000,9.4296875
30000,9.359375
35000,9.3203125
40000,9.3984375
45000,10.671875
50000,12.2265625
