steps,returns
5000,9.34375
10000,9.34375
15000,9.28125
20000,9.40625
25000,9.34375
30000,9.4140625
35000,9.3046875
40000,9.3203125
45000,9.25
50000,9.3203125
