steps,returns
10000,-150.40625
20000,-500.0
30000,-500.0
40000,-500.0
50000,-500.0
60000,-500.0
70000,-500.0
80000,-496.64062
90000,-500.0
100000,-500.0
