steps,returns
10000,-500.0
20000,-271.96094
30000,-110.67969
40000,-130.82812
50000,-374.6953
60000,-86.41406
70000,-419.33594
80000,-88.86719
90000,-98.16406
100000,-500.0
