steps,returns
5000,8.8515625
10000,8.9765625
15000,8.9296875
20000,9.03125
25000,8.9921875
30000,9.109375
35000,9.0546875
40000,9.2421875
45000,9.265625
50000,9.3359375
