steps,returns
10000,69.42969
20000,58.554688
30000,49.890625
40000,43.820312
50000,40.046875
60000,30.984375
70000,27.695312
80000,25.679688
90000,23.15625
100000,20.929688
