steps,returns
1000000,-17.28125
2000000,-18.09375
3000000,-18.171875
4000000,-17.5
5000000,-17.59375
6000000,-17.8125
7000000,-17.46875
8000000,-17.296875
9000000,-17.15625
10000000,-18.0
