steps,returns
10000,71.515625
20000,105.3125
30000,114.34375
40000,123.109375
50000,109.94531
60000,113.72656
70000,106.27344
80000,115.71094
90000,126.125
100000,114.6875
