steps,returns
1000000,-17.734375
2000000,-18.109375
3000000,-18.09375
4000000,-17.71875
5000000,-17.5625
6000000,-17.75
7000000,-17.71875
8000000,-18.28125
9000000,-17.34375
10000000,-18.140625
