steps,returns
100000.0,314.95892
200000.0,517.8854
300000.0,114.36797
400000.0,-275.52628
500000.0,-1054.0271
600000.0,-2187.919
700000.0,-6230.0947
800000.0,-14743.482
900000.0,-44057.06
1000000.0,-110414.33
