steps,returns
1000000,-18.34375
2000000,-17.515625
3000000,-17.796875
4000000,-17.4375
5000000,-17.890625
6000000,-17.859375
7000000,-17.84375
8000000,-17.859375
9000000,-17.546875
10000000,-17.84375
