steps,returns
10000,305.33594
20000,497.32812
30000,414.26562
40000,141.16406
50000,9.2734375
60000,9.3515625
70000,9.2890625
80000,9.2578125
90000,9.359375
100000,9.453125
