steps,returns
10000,102.42969
20000,364.8672
30000,386.8203
40000,9.3515625
50000,9.2578125
60000,9.46875
70000,9.2890625
80000,9.265625
90000,9.40625
100000,9.2421875
