steps,returns
100000.0,1041.1412
200000.0,872.2141
300000.0,1088.2073
400000.0,984.47675
500000.0,958.36365
600000.0,922.16907
700000.0,919.8762
800000.0,917.11084
900000.0,917.3124
1000000.0,1014.5906
