steps,returns
10000,192.85938
20000,148.6875
30000,163.96875
40000,116.22656
50000,153.95312
60000,9.4140625
70000,9.4765625
80000,9.3125
90000,9.21875
100000,9.3671875
