steps,returns
100000.0,753.4282
200000.0,705.7102
300000.0,892.1454
400000.0,940.45374
500000.0,900.5332
600000.0,912.80585
700000.0,819.6509
800000.0,815.47046
900000.0,808.6731
1000000.0,852.44446
