steps,returns
5000,29.007812
10000,66.11719
15000,71.125
20000,132.21875
25000,157.96094
30000,117.92969
35000,240.28125
40000,500.0
45000,500.0
50000,160.15625
