steps,returns
10000,467.09375
20000,118.75
30000,500.0
40000,394.35938
50000,126.72656
60000,500.0
70000,229.30469
80000,500.0
90000,500.0
100000,500.0
