steps,returns
1000000,237.89062
2000000,409.375
3000000,679.8828
4000000,909.1797
5000000,420.5078
6000000,779.10156
7000000,537.6953
8000000,1692.5781
9000000,2162.3047
10000000,534.375
