steps,returns
100000.0,919.657
200000.0,907.6876
300000.0,904.2486
400000.0,905.19824
500000.0,902.4859
600000.0,895.3334
700000.0,922.4238
800000.0,1001.75793
900000.0,1110.8989
1000000.0,1175.5292
