steps,returns
100000.0,63.66896
200000.0,61.02858
300000.0,61.491833
400000.0,62.22898
500000.0,62.1475
600000.0,62.388393
700000.0,61.902546
800000.0,61.52807
900000.0,61.584637
1000000.0,62.46959
