steps,returns
10000,89.47656
20000,79.47656
30000,85.25
40000,94.05469
50000,107.984375
60000,103.046875
70000,117.88281
80000,116.91406
90000,114.94531
100000,121.77344
