steps,returns
100000.0,456.6073
200000.0,437.43616
300000.0,311.3036
400000.0,339.41846
500000.0,450.45947
600000.0,619.5352
700000.0,205.62598
800000.0,-43.963623
900000.0,-75.17711
1000000.0,-558.98615
