steps,returns
100000.0,10.735817
200000.0,40.90266
300000.0,84.23761
400000.0,-394.57288
500000.0,-392.5723
600000.0,-1331.0125
700000.0,-1454.0253
800000.0,-2237.1409
900000.0,-2587.559
1000000.0,-4451.6924
