steps,returns
1000000,-18.234375
2000000,-17.96875
3000000,-17.828125
4000000,-18.25
5000000,-18.015625
6000000,-18.015625
7000000,-17.703125
8000000,-17.28125
9000000,-18.0625
10000000,-18.453125
