steps,returns
100000.0,103.93765
200000.0,-360.98096
300000.0,-232.66095
400000.0,-1382.823
500000.0,-2074.855
600000.0,-2946.5942
700000.0,-7427.785
800000.0,-15700.49
900000.0,-22122.887
1000000.0,-43583.484
