steps,returns
10000,-270.7578
20000,-272.79688
30000,-282.625
40000,-298.65625
50000,-271.39844
60000,-317.5547
70000,-318.90625
80000,-318.10156
90000,-311.90625
100000,-317.625
