steps,returns
5000,21.101562
10000,9.390625
15000,58.835938
20000,214.47656
25000,189.50781
30000,192.46094
35000,291.01562
40000,163.44531
45000,246.97656
50000,17.460938
