steps,returns
100000.0,675.7458
200000.0,690.6397
300000.0,854.74005
400000.0,775.3495
500000.0,579.09595
600000.0,944.00903
700000.0,1136.9078
800000.0,947.47656
900000.0,739.4639
1000000.0,903.0829
