steps,returns
100000.0,290.32294
200000.0,1140.1892
300000.0,482.09888
400000.0,437.02487
500000.0,448.1113
600000.0,373.518
700000.0,325.21875
800000.0,294.30954
900000.0,274.53845
1000000.0,262.3842
