steps,returns
10000,485.90625
20000,391.39062
30000,14.40625
40000,165.11719
50000,355.71875
60000,113.36719
70000,71.796875
80000,99.10156
90000,9.4140625
100000,13.9296875
