steps,returns
10000,255.8125
20000,500.0
30000,388.28906
40000,500.0
50000,500.0
60000,500.0
70000,500.0
80000,198.39844
90000,182.16406
100000,494.08594
