steps,returns
100000.0,61.272346
200000.0,62.990147
300000.0,59.87805
400000.0,56.64515
500000.0,48.118355
600000.0,71.40544
700000.0,55.002426
800000.0,51.516876
900000.0,43.885864
1000000.0,73.52275
