steps,returns
1000000,-17.328125
2000000,-17.25
3000000,-16.59375
4000000,-16.328125
5000000,-16.375
6000000,-15.21875
7000000,-15.328125
8000000,-15.546875
9000000,-15.078125
10000000,-14.671875
