steps,returns
10000,279.60156
20000,447.25
30000,498.9922
40000,499.53906
50000,309.10938
60000,444.79688
70000,314.60156
80000,480.90625
90000,263.85156
100000,493.53906
