steps,returns
10000,-451.3203
20000,-434.1172
30000,-454.10156
40000,-449.1797
50000,-467.73438
60000,-471.41406
70000,-456.1797
80000,-453.7422
90000,-451.0547
100000,-446.75
