steps,returns
100000.0,878.55695
200000.0,826.11865
300000.0,843.6714
400000.0,561.847
500000.0,481.9592
600000.0,485.18008
700000.0,562.75574
800000.0,566.3835
900000.0,655.42957
1000000.0,657.64734
