steps,returns
10000,262.51562
20000,359.2578
30000,94.53906
40000,366.02344
50000,72.28125
60000,9.3203125
70000,9.2734375
80000,9.421875
90000,9.53125
100000,9.296875
