steps,returns
10000,147.64062
20000,140.96094
30000,499.67188
40000,166.22656
50000,323.32812
60000,500.0
70000,500.0
80000,500.0
90000,500.0
100000,500.0
