steps,returns
10000,98.36719
20000,340.26562
30000,500.0
40000,63.1875
50000,493.67188
60000,500.0
70000,481.3125
80000,477.5703
90000,210.11719
100000,500.0
