steps,returns
100000.0,0.07854818
200000.0,3.340606
300000.0,50.93991
400000.0,82.970566
500000.0,-210.64209
600000.0,-220.1567
700000.0,-256.14542
800000.0,-432.40173
900000.0,-531.495
1000000.0,-948.939
