steps,returns
100000.0,578.0575
200000.0,550.3902
300000.0,572.2502
400000.0,605.24036
500000.0,596.4104
600000.0,723.54193
700000.0,1031.6636
800000.0,1209.4373
900000.0,1338.0322
1000000.0,1338.7054
