steps,returns
100000.0,725.8817
200000.0,975.8523
300000.0,731.4177
400000.0,829.45044
500000.0,890.3246
600000.0,862.434
700000.0,830.5864
800000.0,808.9284
900000.0,786.2066
1000000.0,785.83276
