steps,returns
1000000,-17.46875
2000000,-18.21875
3000000,-17.6875
4000000,-17.671875
5000000,-17.453125
6000000,-18.015625
7000000,-17.796875
8000000,-18.234375
9000000,-17.59375
10000000,-18.140625
