steps,returns
100000.0,1017.7376
200000.0,1017.7351
300000.0,1012.14514
400000.0,396.16318
500000.0,1095.1111
600000.0,1116.3553
700000.0,909.30707
800000.0,803.50867
900000.0,441.14172
1000000.0,-4360.5693
