steps,returns
1000000,-18.296875
2000000,-17.765625
3000000,-18.6875
4000000,-18.4375
5000000,-18.21875
6000000,-17.875
7000000,-17.453125
8000000,-18.421875
9000000,-18.25
10000000,-18.4375
