steps,returns
1000000,17.1875
2000000,17.5
3000000,18.125
4000000,18.125
5000000,16.40625
6000000,47.03125
7000000,439.76562
8000000,106.25
9000000,332.65625
10000000,476.32812
