steps,returns
1000000,-17.84375
2000000,-18.03125
3000000,-18.0
4000000,-18.078125
5000000,-18.421875
6000000,-17.9375
7000000,-18.078125
8000000,-18.046875
9000000,-17.9375
10000000,-17.296875
