steps,returns
5000,51.945312
10000,120.42969
15000,235.21875
20000,177.70312
25000,190.80469
30000,239.3125
35000,137.05469
40000,147.01562
45000,226.98438
50000,151.80469
