steps,returns
100000.0,1020.0396
200000.0,874.93005
300000.0,934.7052
400000.0,1010.00165
500000.0,1117.706
600000.0,1117.7253
700000.0,1128.5248
800000.0,1118.1794
900000.0,1101.3385
1000000.0,1090.3396
