steps,returns
5000,15.6328125
10000,9.5
15000,37.53125
20000,21.640625
25000,19.460938
30000,56.9375
35000,61.328125
40000,222.74219
45000,73.125
50000,154.98438
