steps,returns
10000,67.6875
20000,39.226562
30000,24.890625
40000,32.164062
50000,119.25
60000,144.33594
70000,229.92969
80000,211.69531
90000,182.08594
100000,171.33594
