steps,returns
1000000,168.94531
2000000,225.0
3000000,177.73438
4000000,38.28125
5000000,371.28906
6000000,125.0
7000000,350.0
8000000,389.2578
9000000,150.0
10000000,425.0
