steps,returns
10000,-500.0
20000,-496.64844
30000,-387.48438
40000,-394.28906
50000,-367.96094
60000,-493.60938
70000,-500.0
80000,-94.69531
90000,-449.97656
100000,-500.0
