steps,returns
1000000,1679.375
2000000,1254.6875
3000000,430.78125
4000000,965.625
5000000,719.53125
6000000,219.0625
7000000,671.25
8000000,443.75
9000000,130.3125
10000000,115.78125
