steps,returns
1000000,250.0
2000000,125.0
3000000,246.67969
4000000,335.7422
5000000,408.98438
6000000,266.9922
7000000,291.79688
8000000,321.6797
9000000,499.21875
10000000,837.1094
