steps,returns
100000.0,295.04602
200000.0,290.40234
300000.0,288.03943
400000.0,286.23102
500000.0,285.95786
600000.0,285.16766
700000.0,287.69342
800000.0,286.8505
900000.0,286.62238
1000000.0,285.2423
