steps,returns
5000,86.08594
10000,87.28125
15000,89.36719
20000,81.828125
25000,83.421875
30000,88.109375
35000,87.99219
40000,85.40625
45000,86.109375
50000,82.80469
