steps,returns
100000.0,886.1935
200000.0,874.4715
300000.0,677.70496
400000.0,386.51413
500000.0,148.36316
600000.0,-105.16713
700000.0,-289.1206
800000.0,-687.09607
900000.0,-1651.0338
1000000.0,-1552.7097
