steps,returns
1000000,-17.546875
2000000,-17.703125
3000000,-18.015625
4000000,-18.0
5000000,-18.390625
6000000,-17.96875
7000000,-17.953125
8000000,-18.078125
9000000,-17.953125
10000000,-17.984375
