steps,returns
10000,218.85156
20000,500.0
30000,500.0
40000,428.21094
50000,410.3203
60000,500.0
70000,500.0
80000,419.16406
90000,195.91406
100000,170.11719
