steps,returns
100000.0,916.9995
200000.0,865.11426
300000.0,1429.1467
400000.0,1444.9427
500000.0,1478.6597
600000.0,1301.9666
700000.0,1470.6526
800000.0,971.7033
900000.0,631.9224
1000000.0,-136.93375
