steps,returns
1000000,-18.21875
2000000,-17.359375
3000000,-16.265625
4000000,-14.375
5000000,-15.984375
6000000,-14.796875
7000000,-15.984375
8000000,-13.5
9000000,-15.625
10000000,-14.828125
