steps,returns
100000.0,684.85187
200000.0,592.4353
300000.0,530.6974
400000.0,502.27765
500000.0,482.436
600000.0,477.69122
700000.0,481.91476
800000.0,473.83502
900000.0,471.17377
1000000.0,473.17142
