steps,returns
100000.0,939.9605
200000.0,970.9994
300000.0,689.57996
400000.0,598.0336
500000.0,537.5198
600000.0,597.9303
700000.0,556.4855
800000.0,499.62048
900000.0,502.52646
1000000.0,501.45776
