steps,returns
100000.0,492.33826
200000.0,573.6441
300000.0,527.85583
400000.0,767.6643
500000.0,766.1861
600000.0,859.41846
700000.0,840.3767
800000.0,845.861
900000.0,847.63684
1000000.0,845.00635
