steps,returns
10000,500.0
20000,424.6328
30000,174.53906
40000,33.023438
50000,226.34375
60000,109.828125
70000,17.117188
80000,38.039062
90000,9.359375
100000,260.78906
