steps,returns
1000000,-18.125
2000000,-18.390625
3000000,-17.796875
4000000,-18.078125
5000000,-17.234375
6000000,-17.875
7000000,-17.703125
8000000,-17.609375
9000000,-17.78125
10000000,-18.25
