steps,returns
1000000,-17.609375
2000000,-17.578125
3000000,-18.03125
4000000,-17.765625
5000000,-17.71875
6000000,-18.15625
7000000,-18.265625
8000000,-17.5625
9000000,-17.953125
10000000,-17.453125
