steps,returns
5000,24.851562
10000,62.945312
15000,255.03906
20000,168.35938
25000,243.96094
30000,500.0
35000,500.0
40000,226.58594
45000,500.0
50000,153.21094
