steps,returns
1000000,549.1406
2000000,178.90625
3000000,265.625
4000000,171.25
5000000,152.03125
6000000,71.25
7000000,17.03125
8000000,21.5625
9000000,16.5625
10000000,188.4375
