steps,returns
100000.0,849.14087
200000.0,665.1566
300000.0,700.5442
400000.0,644.85144
500000.0,734.6156
600000.0,719.59283
700000.0,1012.15436
800000.0,943.8473
900000.0,1054.4946
1000000.0,1186.7234
