steps,returns
100000.0,578.08716
200000.0,613.8864
300000.0,650.51526
400000.0,876.8049
500000.0,694.7319
600000.0,994.67084
700000.0,958.2306
800000.0,818.90344
900000.0,861.04065
1000000.0,1131.6526
