steps,returns
5000,9.3359375
10000,9.4375
15000,11.5703125
20000,13.3359375
25000,9.375
30000,34.476562
35000,76.0
40000,26.921875
45000,108.265625
50000,131.26562
