steps,returns
5000,9.421875
10000,39.820312
15000,25.695312
20000,43.570312
25000,35.125
30000,104.07031
35000,38.3125
40000,105.5
45000,97.94531
50000,214.05469
