steps,returns
10000,420.95312
20000,421.08594
30000,500.0
40000,500.0
50000,500.0
60000,9.40625
70000,9.40625
80000,9.25
90000,9.3671875
100000,9.2890625
