steps,returns
1000000,-17.84375
2000000,-18.65625
3000000,-17.78125
4000000,-18.25
5000000,-17.546875
6000000,-17.984375
7000000,-17.1875
8000000,-18.484375
9000000,-17.28125
10000000,-18.3125
