steps,returns
100000.0,676.6109
200000.0,657.66016
300000.0,1072.9506
400000.0,1398.6946
500000.0,620.824
600000.0,549.95483
700000.0,151.8305
800000.0,-515.9337
900000.0,-1161.5488
1000000.0,-1341.0911
