steps,returns
10000,-395.91406
20000,-500.0
30000,-500.0
40000,-500.0
50000,-500.0
60000,-500.0
70000,-339.9375
80000,-240.22656
90000,-231.96094
100000,-497.72656
