steps,returns
5000,27.570312
10000,28.226562
15000,27.484375
20000,28.890625
25000,31.984375
30000,33.078125
35000,34.226562
40000,33.640625
45000,36.851562
50000,36.898438
