steps,returns
100000.0,-9.510229
200000.0,-207.37247
300000.0,-375.1805
400000.0,-1149.1423
500000.0,-1612.7837
600000.0,-1877.8469
700000.0,-2524.6975
800000.0,-2939.233
900000.0,-3767.3818
1000000.0,-3834.9443
