steps,returns
5000,55.8125
10000,10.90625
15000,20.320312
20000,31.742188
25000,107.03125
30000,93.828125
35000,325.15625
40000,143.0625
45000,129.80469
50000,129.45312
