steps,returns
100000.0,974.477
200000.0,680.07886
300000.0,783.536
400000.0,871.48486
500000.0,971.27124
600000.0,959.709
700000.0,944.1566
800000.0,926.4027
900000.0,920.99426
1000000.0,914.18506
