steps,returns
1000000,17.34375
2000000,17.65625
3000000,17.96875
4000000,18.4375
5000000,16.5625
6000000,23.90625
7000000,50.9375
8000000,17.34375
9000000,53.125
10000000,17.34375
