steps,returns
5000,8.875
10000,9.0234375
15000,8.8828125
20000,9.0078125
25000,9.0078125
30000,9.015625
35000,9.0234375
40000,9.046875
45000,9.1640625
50000,9.2265625
