steps,returns
100000.0,876.75574
200000.0,871.52637
300000.0,451.50494
400000.0,931.55096
500000.0,885.4843
600000.0,1124.4989
700000.0,1219.5426
800000.0,1889.115
900000.0,2244.8213
1000000.0,1500.5635
