steps,returns
1000000,-17.921875
2000000,-18.296875
3000000,-17.34375
4000000,-17.53125
5000000,-17.96875
6000000,-18.125
7000000,-17.671875
8000000,-18.1875
9000000,-17.546875
10000000,-18.203125
