steps,returns
100000.0,470.84644
200000.0,1049.7263
300000.0,718.04675
400000.0,815.5537
500000.0,947.3562
600000.0,1101.6713
700000.0,967.7098
800000.0,769.5386
900000.0,1255.1987
1000000.0,1099.9111
