steps,returns
1000000,472.46094
2000000,630.27344
3000000,4448.4375
4000000,4059.1797
5000000,3026.3672
6000000,4414.0625
7000000,7962.3047
8000000,11063.477
9000000,9417.969
10000000,12553.711
