steps,returns
10000,247.35938
20000,369.53125
30000,338.3828
40000,447.77344
50000,500.0
60000,443.70312
70000,295.01562
80000,500.0
90000,485.4297
100000,498.22656
