steps,returns
10000,500.0
20000,500.0
30000,228.09375
40000,500.0
50000,500.0
60000,446.52344
70000,324.90625
80000,500.0
90000,181.32031
100000,416.34375
