steps,returns
100000.0,485.67694
200000.0,-214.84943
300000.0,-3925.0312
400000.0,-12820.117
500000.0,-9510.647
600000.0,-11539.336
700000.0,-10533.744
800000.0,-10302.815
900000.0,-10791.116
1000000.0,-10941.68
