steps,returns
100000.0,136.69366
200000.0,128.10867
300000.0,131.21478
400000.0,128.58215
500000.0,128.55258
600000.0,127.32033
700000.0,125.848465
800000.0,125.84943
900000.0,124.91751
1000000.0,122.97189
