steps,returns
10000,-500.0
20000,-500.0
30000,-472.3047
40000,-500.0
50000,-500.0
60000,-450.77344
70000,-499.59375
80000,-500.0
90000,-500.0
100000,-500.0
