steps,returns
100000.0,587.4894
200000.0,843.091
300000.0,863.42194
400000.0,843.26495
500000.0,878.7031
600000.0,1021.83594
700000.0,1085.6166
800000.0,1160.0623
900000.0,1145.411
1000000.0,1169.3569
