steps,returns
5000,9.28125
10000,9.390625
15000,9.2421875
20000,9.453125
25000,11.9609375
30000,15.859375
35000,22.65625
40000,35.054688
45000,62.023438
50000,67.60156
