steps,returns
100000.0,1016.88794
200000.0,1067.1974
300000.0,992.22644
400000.0,1001.5933
500000.0,1047.5397
600000.0,1309.9207
700000.0,1190.6257
800000.0,1253.1929
900000.0,1232.4152
1000000.0,1490.0077
