steps,returns
1000000,-17.640625
2000000,-18.078125
3000000,-18.015625
4000000,-17.484375
5000000,-17.3125
6000000,-18.078125
7000000,-18.1875
8000000,-18.21875
9000000,-17.828125
10000000,-17.765625
