steps,returns
1000000,-18.21875
2000000,-17.703125
3000000,-17.859375
4000000,-18.03125
5000000,-18.265625
6000000,-18.015625
7000000,-18.21875
8000000,-18.140625
9000000,-17.671875
10000000,-18.25
