steps,returns
5000,9.3828125
10000,75.453125
15000,110.140625
20000,15.7109375
25000,99.796875
30000,89.19531
35000,98.24219
40000,58.984375
45000,84.05469
50000,89.625
