steps,returns
10000,103.05469
20000,110.17969
30000,125.765625
40000,132.67969
50000,145.9375
60000,148.73438
70000,136.98438
80000,159.51562
90000,155.66406
100000,154.58594
