steps,returns
1000000,-18.046875
2000000,-18.234375
3000000,-17.90625
4000000,-17.671875
5000000,-17.65625
6000000,-17.640625
7000000,-18.109375
8000000,-17.234375
9000000,-18.296875
10000000,-17.65625
