steps,returns
5000,22.6875
10000,18.609375
15000,125.34375
20000,215.32031
25000,198.86719
30000,92.74219
35000,100.50781
40000,14.5859375
45000,53.195312
50000,101.99219
