steps,returns
5000,12.4296875
10000,41.265625
15000,34.453125
20000,18.554688
25000,53.101562
30000,32.96875
35000,128.65625
40000,96.796875
45000,14.8203125
50000,106.375
