steps,returns
1000000,-18.09375
2000000,-17.9375
3000000,-17.90625
4000000,-18.65625
5000000,-17.5625
6000000,-18.125
7000000,-18.15625
8000000,-17.90625
9000000,-18.203125
10000000,-17.71875
