steps,returns
100000.0,-738.6072
200000.0,-748.69507
300000.0,-730.9967
400000.0,-731.8533
500000.0,-727.12463
600000.0,-730.7952
700000.0,-737.50146
800000.0,-719.1522
900000.0,-738.96423
1000000.0,-727.2841
