steps,returns
10000,280.57812
20000,414.70312
30000,477.9922
40000,399.9453
50000,449.98438
60000,432.03125
70000,480.10938
80000,440.5547
90000,462.35156
100000,486.51562
