steps,returns
100000.0,22.084621
200000.0,-111.089005
300000.0,-124.97448
400000.0,99.3104
500000.0,93.2632
600000.0,200.04877
700000.0,112.75475
800000.0,171.14455
900000.0,-182.81816
1000000.0,-318.71698
