steps,returns
100000,-200.0
200000,-200.0
300000,-200.0
400000,-200.0
500000,-200.0
600000,-131.33594
700000,-126.40625
800000,-113.640625
900000,-119.38281
1000000,-109.21094
