steps,returns
10000,210.33594
20000,487.46094
30000,454.78906
40000,500.0
50000,163.89844
60000,500.0
70000,500.0
80000,500.0
90000,500.0
100000,500.0
