steps,returns
100000.0,633.443
200000.0,433.39288
300000.0,52.82492
400000.0,-560.09753
500000.0,-449.71826
600000.0,-757.09326
700000.0,-1471.887
800000.0,-1666.2273
900000.0,-2686.892
1000000.0,-4759.318
