steps,returns
1000000,-18.203125
2000000,-18.65625
3000000,-18.625
4000000,-18.140625
5000000,-17.5625
6000000,-17.875
7000000,-17.5
8000000,-17.78125
9000000,-18.171875
10000000,-17.921875
