steps,returns
100000.0,-1.5152647
200000.0,-2.4030948
300000.0,-18.287891
400000.0,14.797404
500000.0,-121.17843
600000.0,-183.72266
700000.0,-263.67517
800000.0,-778.7878
900000.0,-999.0842
1000000.0,-1145.4407
