steps,returns
100000.0,399.63428
200000.0,349.3115
300000.0,-63.963627
400000.0,-593.9942
500000.0,-1781.3057
600000.0,-3691.8662
700000.0,-6827.788
800000.0,-11082.15
900000.0,-18016.121
1000000.0,-23820.918
