steps,returns
100000.0,1016.54224
200000.0,985.88696
300000.0,926.4836
400000.0,861.6567
500000.0,743.924
600000.0,545.8546
700000.0,384.87357
800000.0,89.41644
900000.0,-299.23328
1000000.0,-843.6693
