steps,returns
5000,59.476562
10000,29.164062
15000,235.23438
20000,225.0625
25000,198.50781
30000,219.48438
35000,218.21094
40000,152.14062
45000,292.70312
50000,131.375
