steps,returns
100000.0,1269.1166
200000.0,760.16064
300000.0,659.30566
400000.0,316.0963
500000.0,-439.08423
600000.0,-1799.1687
700000.0,-3524.1582
800000.0,-5066.7417
900000.0,-7235.51
1000000.0,-10455.521
