steps,returns
100000.0,627.3308
200000.0,828.7378
300000.0,1026.277
400000.0,930.70465
500000.0,920.24097
600000.0,869.8632
700000.0,853.6591
800000.0,870.542
900000.0,867.5715
1000000.0,943.3542
