steps,returns
100000.0,1309.3049
200000.0,1026.3557
300000.0,1145.2651
400000.0,998.21045
500000.0,967.93555
600000.0,1557.9547
700000.0,574.4639
800000.0,-264.21402
900000.0,-991.11707
1000000.0,-1375.1752
