steps,returns
1000000,-17.515625
2000000,-17.4375
3000000,-17.46875
4000000,-17.4375
5000000,-18.171875
6000000,-17.6875
7000000,-17.8125
8000000,-17.25
9000000,-17.46875
10000000,-17.609375
