steps,returns
1000000,-17.828125
2000000,-18.015625
3000000,-18.0625
4000000,-18.1875
5000000,-17.859375
6000000,-18.234375
7000000,-17.859375
8000000,-18.15625
9000000,-17.65625
10000000,-17.390625
