steps,returns
100000.0,-178.2492
200000.0,-188.10812
300000.0,-192.16595
400000.0,-197.33537
500000.0,-193.43633
600000.0,-187.95328
700000.0,-185.78177
800000.0,-196.93164
900000.0,-185.94113
1000000.0,-195.20795
