steps,returns
100000.0,913.75653
200000.0,904.64514
300000.0,971.5315
400000.0,897.65906
500000.0,-452.53027
600000.0,-555.19135
700000.0,-689.5558
800000.0,41.628395
900000.0,-409.0451
1000000.0,-2990.1348
