steps,returns
10000,120.19531
20000,137.20312
30000,147.52344
40000,163.38281
50000,197.25
60000,203.73438
70000,245.6875
80000,309.47656
90000,341.78906
100000,401.3125
