steps,returns
1000000,-16.796875
2000000,-18.171875
3000000,-17.09375
4000000,-17.984375
5000000,-17.9375
6000000,-18.21875
7000000,-18.265625
8000000,-18.640625
9000000,-18.109375
10000000,-17.46875
