steps,returns
100000.0,0.57093036
200000.0,33.266857
300000.0,34.031326
400000.0,43.494293
500000.0,-150.10858
600000.0,-106.0567
700000.0,-315.57666
800000.0,-468.28458
900000.0,-410.39
1000000.0,-396.26074
