steps,returns
1000000,-18.5
2000000,-17.40625
3000000,-17.75
4000000,-17.765625
5000000,-17.875
6000000,-17.875
7000000,-18.25
8000000,-17.890625
9000000,-17.640625
10000000,-17.96875
