steps,returns
100000,-164.45312
200000,-200.0
300000,-186.45312
400000,-200.0
500000,-200.0
600000,-200.0
700000,-200.0
800000,-200.0
900000,-200.0
1000000,-200.0
