steps,returns
1000000,-17.984375
2000000,-18.109375
3000000,-17.6875
4000000,-18.0
5000000,-17.921875
6000000,-17.71875
7000000,-17.796875
8000000,-18.1875
9000000,-17.453125
10000000,-17.84375
