steps,returns
100000.0,-516.7919
200000.0,-514.5852
300000.0,-510.30432
400000.0,-533.51917
500000.0,-512.2285
600000.0,-507.80942
700000.0,-510.92566
800000.0,-483.71408
900000.0,-485.14862
1000000.0,-488.30615
