steps,returns
1000000,231.875
2000000,38.75
3000000,28.28125
4000000,17.96875
5000000,16.09375
6000000,43.59375
7000000,17.5
8000000,17.1875
9000000,27.96875
10000000,48.90625
