steps,returns
100000.0,1020.9142
200000.0,1020.30176
300000.0,1016.1238
400000.0,1005.5569
500000.0,992.9298
600000.0,969.4179
700000.0,947.6614
800000.0,885.89636
900000.0,814.3519
1000000.0,755.9207
