steps,returns
100000.0,1007.40247
200000.0,926.3781
300000.0,749.44604
400000.0,509.5148
500000.0,108.18783
600000.0,-186.10336
700000.0,-510.8355
800000.0,-1127.4565
900000.0,-2143.557
1000000.0,-3535.0122
