steps,returns
100000.0,812.47314
200000.0,784.24
300000.0,715.6271
400000.0,663.88464
500000.0,717.26495
600000.0,722.15155
700000.0,630.5964
800000.0,660.3312
900000.0,759.6134
1000000.0,638.72046
