steps,returns
100000.0,54.37731
200000.0,55.30362
300000.0,60.44022
400000.0,59.01116
500000.0,59.332886
600000.0,62.53697
700000.0,62.225628
800000.0,63.048325
900000.0,64.28083
1000000.0,59.605995
