steps,returns
10000,149.82812
20000,155.15625
30000,149.75781
40000,141.88281
50000,173.10156
60000,171.28125
70000,160.59375
80000,152.25
90000,146.63281
100000,143.67188
