steps,returns
10000,90.4375
20000,93.34375
30000,103.59375
40000,100.609375
50000,111.83594
60000,104.125
70000,108.28906
80000,98.203125
90000,111.109375
100000,114.74219
