steps,returns
1000000,174.84375
2000000,120.15625
3000000,264.84375
4000000,35.78125
5000000,365.0
6000000,41.09375
7000000,796.40625
8000000,316.17188
9000000,17.1875
10000000,210.46875
