steps,returns
100000.0,403.63602
200000.0,223.21024
300000.0,-501.07098
400000.0,-2253.6035
500000.0,-7959.094
600000.0,-26966.777
700000.0,-35068.04
800000.0,-22855.234
900000.0,-45442.543
1000000.0,-59492.582
