steps,returns
10000,-500.0
20000,-500.0
30000,-159.76562
40000,-113.13281
50000,-158.32031
60000,-89.21094
70000,-124.41406
80000,-140.57031
90000,-500.0
100000,-138.53125
