steps,returns
100000.0,1024.324
200000.0,1015.52673
300000.0,1008.84656
400000.0,1020.8661
500000.0,1014.8187
600000.0,1015.93945
700000.0,1014.35645
800000.0,1001.92285
900000.0,1013.374
1000000.0,1005.0537
