steps,returns
1000000,-18.109375
2000000,-17.890625
3000000,-17.625
4000000,-17.46875
5000000,-17.890625
6000000,-17.65625
7000000,-16.390625
8000000,-16.578125
9000000,-16.578125
10000000,-16.625
