steps,returns
100000.0,829.95496
200000.0,729.384
300000.0,773.2051
400000.0,582.616
500000.0,668.46606
600000.0,1007.1221
700000.0,1280.275
800000.0,551.12854
900000.0,471.33258
1000000.0,436.0458
