steps,returns
100000.0,25.96872
200000.0,24.417835
300000.0,23.663723
400000.0,23.619915
500000.0,23.246803
600000.0,23.055347
700000.0,23.772629
800000.0,23.616695
900000.0,23.199203
1000000.0,22.633831
