steps,returns
10000,444.10156
20000,500.0
30000,500.0
40000,500.0
50000,133.33594
60000,500.0
70000,500.0
80000,500.0
90000,190.90625
100000,500.0
