steps,returns
1000000,-17.90625
2000000,-17.5
3000000,-18.21875
4000000,-18.265625
5000000,-17.96875
6000000,-18.125
7000000,-17.6875
8000000,-17.515625
9000000,-17.796875
10000000,-17.953125
