steps,returns
1000000,488.28125
2000000,227.14844
3000000,244.72656
4000000,125.0
5000000,250.0
6000000,125.0
7000000,248.4375
8000000,200.0
9000000,150.0
10000000,150.0
