steps,returns
10000,-83.15625
20000,-500.0
30000,-500.0
40000,-500.0
50000,-500.0
60000,-500.0
70000,-500.0
80000,-500.0
90000,-231.41406
100000,-500.0
