steps,returns
1000000,-18.015625
2000000,-17.40625
3000000,-17.703125
4000000,-17.625
5000000,-17.234375
6000000,-17.625
7000000,-17.921875
8000000,-17.59375
9000000,-17.328125
10000000,-17.359375
