steps,returns
100000.0,489.41315
200000.0,436.82224
300000.0,691.3552
400000.0,498.81305
500000.0,467.21176
600000.0,679.8168
700000.0,559.4489
800000.0,748.67566
900000.0,668.67596
1000000.0,812.73553
