steps,returns
10000,271.6953
20000,398.20312
30000,500.0
40000,182.75
50000,400.48438
60000,500.0
70000,278.125
80000,500.0
90000,500.0
100000,151.55469
