steps,returns
100000.0,935.34424
200000.0,619.9503
300000.0,871.08984
400000.0,892.6901
500000.0,877.3583
600000.0,842.08575
700000.0,822.5567
800000.0,767.6286
900000.0,828.0955
1000000.0,920.6389
