steps,returns
5000,70.0625
10000,64.125
15000,69.30469
20000,71.25
25000,70.125
30000,69.109375
35000,70.17969
40000,68.234375
45000,72.27344
50000,71.359375
