steps,returns
100000.0,306.34613
200000.0,208.46698
300000.0,754.4678
400000.0,731.0683
500000.0,718.1935
600000.0,740.39856
700000.0,991.18616
800000.0,1342.2052
900000.0,1357.3035
1000000.0,1294.7087
