steps,returns
100000.0,814.6021
200000.0,767.2468
300000.0,712.7931
400000.0,701.3476
500000.0,663.7661
600000.0,638.82605
700000.0,623.8241
800000.0,598.4142
900000.0,579.01587
1000000.0,565.1918
