steps,returns
10000,260.10156
20000,331.10938
30000,368.16406
40000,363.0547
50000,382.4922
60000,389.02344
70000,440.2422
80000,460.5078
90000,487.09375
100000,500.0
