steps,returns
100000.0,871.23413
200000.0,699.16907
300000.0,1169.4097
400000.0,1105.1843
500000.0,1105.6814
600000.0,1296.7096
700000.0,2680.1155
800000.0,2601.8733
900000.0,2512.1797
1000000.0,2604.5103
