steps,returns
1000000,57.8125
2000000,412.96875
3000000,109.21875
4000000,513.75
5000000,23.4375
6000000,211.25
7000000,43.125
8000000,719.9219
9000000,611.3281
10000000,594.0625
