steps,returns
1000000,28.125
2000000,27.96875
3000000,17.34375
4000000,46.25
5000000,16.25
6000000,17.1875
7000000,29.21875
8000000,17.65625
9000000,17.65625
10000000,29.84375
