steps,returns
10000,217.4375
20000,285.53906
30000,500.0
40000,425.59375
50000,409.90625
60000,500.0
70000,500.0
80000,500.0
90000,295.23438
100000,447.27344
