steps,returns
1000000,125.0
2000000,379.29688
3000000,579.8828
4000000,639.64844
5000000,643.16406
6000000,819.72656
7000000,653.125
8000000,645.3125
9000000,1808.3984
10000000,837.3047
