steps,returns
100000.0,1013.64264
200000.0,1009.6826
300000.0,1002.25903
400000.0,1027.3542
500000.0,1022.3375
600000.0,1030.891
700000.0,1032.3163
800000.0,1028.147
900000.0,1024.5612
1000000.0,1030.3477
