steps,returns
1000000,339.6875
2000000,41.71875
3000000,177.96875
4000000,347.03125
5000000,182.34375
6000000,269.21875
7000000,18.125
8000000,195.85938
9000000,25.15625
10000000,380.46875
