steps,returns
100000.0,11.054964
200000.0,-502.94183
300000.0,-1928.4655
400000.0,-2779.2039
500000.0,-1753.8245
600000.0,-3624.1763
700000.0,-4948.3906
800000.0,-5021.1016
900000.0,-6386.4814
1000000.0,-7825.208
