steps,returns
5000,9.796875
10000,15.4921875
15000,13.1640625
20000,34.984375
25000,36.429688
30000,17.367188
35000,101.078125
40000,153.98438
45000,155.51562
50000,154.0
