steps,returns
10000,199.42969
20000,465.46875
30000,200.32031
40000,500.0
50000,500.0
60000,500.0
70000,500.0
80000,500.0
90000,500.0
100000,500.0
