steps,returns
100000.0,985.9673
200000.0,907.99866
300000.0,766.3125
400000.0,732.4008
500000.0,611.9005
600000.0,822.73755
700000.0,902.0361
800000.0,843.4391
900000.0,835.8495
1000000.0,765.44165
