steps,returns
1000000,301.5625
2000000,487.3047
3000000,236.52344
4000000,290.03906
5000000,171.09375
6000000,375.1953
7000000,350.97656
8000000,289.0625
9000000,369.14062
10000000,350.58594
