steps,returns
1000000,325.0
2000000,325.0
3000000,393.16406
4000000,312.89062
5000000,331.64062
6000000,558.59375
7000000,303.3203
8000000,344.53125
9000000,263.47656
10000000,212.89062
