steps,returns
1000000,225.0
2000000,250.0
3000000,305.46875
4000000,291.79688
5000000,661.1328
6000000,312.3047
7000000,333.98438
8000000,488.47656
9000000,581.6406
10000000,533.59375
