steps,returns
1000000,-18.140625
2000000,-18.078125
3000000,-17.953125
4000000,-17.3125
5000000,-18.5
6000000,-18.046875
7000000,-17.5625
8000000,-18.03125
9000000,-18.140625
10000000,-18.15625
