steps,returns
5000,60.609375
10000,65.8125
15000,46.773438
20000,50.742188
25000,83.71094
30000,27.84375
35000,136.625
40000,20.898438
45000,175.29688
50000,270.21875
