steps,returns
100000.0,470.2437
200000.0,515.6717
300000.0,520.8126
400000.0,504.83673
500000.0,483.62933
600000.0,496.19592
700000.0,510.1742
800000.0,477.4657
900000.0,484.3703
1000000.0,491.9051
