steps,returns
1000000,17.1875
2000000,50.46875
3000000,240.78125
4000000,301.40625
5000000,148.59375
6000000,17.5
7000000,362.96875
8000000,235.15625
9000000,283.59375
10000000,19.375
