steps,returns
10000,500.0
20000,500.0
30000,500.0
40000,499.95312
50000,500.0
60000,500.0
70000,156.875
80000,92.86719
90000,500.0
100000,500.0
