steps,returns
1000000,-17.328125
2000000,-17.3125
3000000,-17.5625
4000000,-17.0
5000000,-16.546875
6000000,-15.8125
7000000,-16.0625
8000000,-16.59375
9000000,-15.578125
10000000,-15.375
