steps,returns
100000.0,-0.38956094
200000.0,-0.23560539
300000.0,0.7516504
400000.0,8.122089
500000.0,477.0237
600000.0,57.369144
700000.0,33.026604
800000.0,148.2767
900000.0,111.86489
1000000.0,2.3445258
