steps,returns
1000000,125.0
2000000,150.0
3000000,154.29688
4000000,150.0
5000000,219.53125
6000000,250.0
7000000,176.95312
8000000,255.85938
9000000,200.0
10000000,230.85938
