steps,returns
100000.0,321.74677
200000.0,219.14626
300000.0,699.46704
400000.0,729.34265
500000.0,716.21893
600000.0,699.0028
700000.0,694.6766
800000.0,691.66675
900000.0,691.0413
1000000.0,686.59656
