steps,returns
100000.0,327.3761
200000.0,236.75967
300000.0,682.73175
400000.0,754.7947
500000.0,734.2671
600000.0,720.7831
700000.0,714.1588
800000.0,714.43054
900000.0,701.64166
1000000.0,700.6177
