steps,returns
1000000,-17.265625
2000000,-17.28125
3000000,-17.359375
4000000,-16.546875
5000000,-16.46875
6000000,-16.40625
7000000,-15.4375
8000000,-15.65625
9000000,-16.640625
10000000,-16.515625
