steps,returns
5000,9.5859375
10000,9.4609375
15000,9.3359375
20000,9.2734375
25000,9.28125
30000,9.3203125
35000,9.4765625
40000,9.296875
45000,9.3203125
50000,9.328125
