steps,returns
1000000,-17.984375
2000000,-17.828125
3000000,-18.46875
4000000,-18.3125
5000000,-17.796875
6000000,-17.890625
7000000,-17.828125
8000000,-17.765625
9000000,-17.796875
10000000,-18.0625
