steps,returns
1000000,361.64062
2000000,731.0156
3000000,1936.3281
4000000,1853.2031
5000000,2252.6562
6000000,2449.5312
7000000,2012.5
8000000,53.125
9000000,130.15625
10000000,311.875
