steps,returns
100000.0,802.155
200000.0,1108.5735
300000.0,1255.0038
400000.0,975.02893
500000.0,442.0299
600000.0,357.06128
700000.0,420.02924
800000.0,455.01068
900000.0,510.98065
1000000.0,575.9482
