steps,returns
100000.0,513.8004
200000.0,621.4318
300000.0,870.3347
400000.0,834.3214
500000.0,796.8215
600000.0,768.70325
700000.0,772.60657
800000.0,795.39
900000.0,916.6521
1000000.0,1062.596
