steps,returns
1000000,-17.59375
2000000,-18.0
3000000,-18.125
4000000,-17.765625
5000000,-17.453125
6000000,-17.984375
7000000,-18.40625
8000000,-17.421875
9000000,-18.34375
10000000,-18.59375
