steps,returns
12000,-200.0
24000,-200.0
36000,-200.0
48000,-200.0
60000,-200.0
72000,-200.0
84000,-167.85938
96000,-176.39062
108000,-167.96875
120000,-146.52344
