steps,returns
100000.0,1051.6113
200000.0,1062.5364
300000.0,838.87256
400000.0,593.93286
500000.0,415.5236
600000.0,343.70642
700000.0,311.76886
800000.0,158.93605
900000.0,64.648415
1000000.0,-22.06496
