steps,returns
5000,9.3671875
10000,9.375
15000,9.2578125
20000,9.2421875
25000,9.4140625
30000,9.3984375
35000,9.40625
40000,9.3203125
45000,9.5078125
50000,9.453125
