steps,returns
1000000,351.95312
2000000,344.53125
3000000,412.10938
4000000,473.6328
5000000,250.0
6000000,180.66406
7000000,387.89062
8000000,222.85156
9000000,266.01562
10000000,200.0
