steps,returns
100000.0,1041.8876
200000.0,932.86523
300000.0,971.3035
400000.0,713.3248
500000.0,793.94135
600000.0,911.8792
700000.0,912.60535
800000.0,876.3463
900000.0,862.49646
1000000.0,859.7478
