steps,returns
100000.0,269.61493
200000.0,793.5639
300000.0,936.03156
400000.0,817.40247
500000.0,833.8484
600000.0,733.6533
700000.0,961.783
800000.0,937.6654
900000.0,926.13416
1000000.0,937.018
