steps,returns
1000000,298.6328
2000000,150.0
3000000,155.27344
4000000,125.0
5000000,313.47656
6000000,268.5547
7000000,269.53125
8000000,246.48438
9000000,275.0
10000000,325.0
