steps,returns
5000,9.28125
10000,9.34375
15000,9.484375
20000,9.375
25000,9.3984375
30000,9.328125
35000,9.3515625
40000,9.3125
45000,9.2578125
50000,9.1875
