steps,returns
100000.0,358.8206
200000.0,108.73841
300000.0,399.7771
400000.0,414.7286
500000.0,417.51132
600000.0,790.776
700000.0,993.03625
800000.0,1187.1187
900000.0,1212.4495
1000000.0,1280.0217
