steps,returns
10000,177.48438
20000,126.52344
30000,110.78125
40000,158.91406
50000,122.109375
60000,149.30469
70000,134.76562
80000,139.52344
90000,154.61719
100000,165.32031
