steps,returns
100000.0,425.49957
200000.0,-78.292465
300000.0,-441.9292
400000.0,-295.2271
500000.0,-1899.0522
600000.0,-5894.0234
700000.0,-9994.461
800000.0,-17761.258
900000.0,-28818.443
1000000.0,-45005.023
