steps,returns
5000,76.609375
10000,83.71094
15000,92.32031
20000,100.75
25000,115.375
30000,120.671875
35000,134.375
40000,142.58594
45000,153.82812
50000,160.44531
