steps,returns
5000,9.3125
10000,9.375
15000,9.3203125
20000,9.359375
25000,9.5234375
30000,9.28125
35000,9.34375
40000,9.3671875
45000,9.3828125
50000,9.375
