steps,returns
1000000,-17.390625
2000000,-18.15625
3000000,-16.78125
4000000,-17.890625
5000000,-17.6875
6000000,-17.84375
7000000,-17.484375
8000000,-17.875
9000000,-17.921875
10000000,-18.0
