steps,returns
100000,-200.0
200000,-200.0
300000,-200.0
400000,-200.0
500000,-200.0
600000,-151.26562
700000,-129.52344
800000,-123.83594
900000,-117.91406
1000000,-147.51562
