steps,returns
1000000,500.0
2000000,238.47656
3000000,622.65625
4000000,383.0078
5000000,1465.625
6000000,525.0
7000000,697.2656
8000000,745.3125
9000000,800.0
10000000,800.0
