steps,returns
5000,77.47656
10000,88.40625
15000,95.14844
20000,108.38281
25000,123.15625
30000,128.97656
35000,150.76562
40000,155.9375
45000,172.14062
50000,176.14062
