steps,returns
100000.0,977.5775
200000.0,993.8245
300000.0,822.6229
400000.0,639.3865
500000.0,634.90125
600000.0,620.0133
700000.0,754.8738
800000.0,763.03955
900000.0,765.2977
1000000.0,789.4691
