steps,returns
10000,81.734375
20000,99.578125
30000,143.375
40000,152.85938
50000,251.5625
60000,273.39844
70000,375.01562
80000,380.89844
90000,416.07812
100000,436.8828
