steps,returns
1000000,-17.96875
2000000,-17.546875
3000000,-17.828125
4000000,-17.625
5000000,-18.546875
6000000,-18.703125
7000000,-17.5
8000000,-17.765625
9000000,-18.296875
10000000,-17.359375
