steps,returns
1000000,-17.890625
2000000,-18.0625
3000000,-17.625
4000000,-17.8125
5000000,-17.828125
6000000,-17.890625
7000000,-17.375
8000000,-17.4375
9000000,-17.46875
10000000,-17.765625
