steps,returns
10000,315.6328
20000,233.91406
30000,229.11719
40000,248.875
50000,500.0
60000,500.0
70000,201.25781
80000,206.10938
90000,337.48438
100000,319.10156
