steps,returns
10000,293.77344
20000,335.78906
30000,440.7422
40000,425.1797
50000,423.40625
60000,444.75
70000,441.72656
80000,447.1172
90000,499.85938
100000,487.3672
