steps,returns
5000,117.828125
10000,10.375
15000,22.789062
20000,93.171875
25000,81.61719
30000,93.359375
35000,42.289062
40000,422.0703
45000,283.9922
50000,105.96875
