steps,returns
100000.0,917.1985
200000.0,1083.349
300000.0,1725.3121
400000.0,843.85236
500000.0,788.57764
600000.0,739.8776
700000.0,713.9037
800000.0,702.4668
900000.0,739.9115
1000000.0,708.5784
