steps,returns
5000,9.140625
10000,9.2421875
15000,9.3515625
20000,9.3515625
25000,9.4140625
30000,9.3984375
35000,9.2734375
40000,9.3046875
45000,9.2578125
50000,9.5546875
