steps,returns
10000,316.8203
20000,435.67188
30000,417.9297
40000,470.15625
50000,234.0
60000,492.16406
70000,194.10938
80000,193.17188
90000,22.476562
100000,283.33594
