steps,returns
100000.0,452.4875
200000.0,483.49094
300000.0,697.49347
400000.0,559.4363
500000.0,287.9599
600000.0,268.35754
700000.0,147.0789
800000.0,150.15793
900000.0,-35.712128
1000000.0,-456.1363
