steps,returns
5000,122.203125
10000,9.40625
15000,9.2734375
20000,92.25781
25000,76.19531
30000,90.59375
35000,100.25
40000,108.796875
45000,268.9453
50000,204.44531
