steps,returns
1000000,17.65625
2000000,16.875
3000000,16.71875
4000000,17.8125
5000000,200.46875
6000000,16.71875
7000000,17.5
8000000,354.21875
9000000,118.4375
10000000,17.65625
