steps,returns
100000.0,77.8454
200000.0,81.39116
300000.0,80.66805
400000.0,82.662254
500000.0,81.82062
600000.0,81.26309
700000.0,82.85907
800000.0,80.64728
900000.0,80.97891
1000000.0,79.64929
