steps,returns
100000.0,23.968964
200000.0,23.999588
300000.0,23.85418
400000.0,23.922646
500000.0,23.914322
600000.0,23.905254
700000.0,23.846073
800000.0,23.80756
900000.0,23.907608
1000000.0,23.768982
