steps,returns
100000.0,660.8456
200000.0,618.56537
300000.0,621.281
400000.0,582.0459
500000.0,582.92975
600000.0,614.871
700000.0,668.96344
800000.0,862.65784
900000.0,1170.8687
1000000.0,1379.8945
