steps,returns
5000,19.625
10000,62.679688
15000,42.867188
20000,200.23438
25000,37.257812
30000,160.66406
35000,161.27344
40000,101.75
45000,45.726562
50000,198.625
