steps,returns
1000000,150.0
2000000,125.0
3000000,275.0
4000000,281.25
5000000,250.0
6000000,250.0
7000000,265.8203
8000000,331.4453
9000000,438.28125
10000000,414.45312
