steps,returns
10000,57.890625
20000,70.14844
30000,9.4140625
40000,9.34375
50000,9.421875
60000,9.25
70000,9.4140625
80000,9.40625
90000,9.359375
100000,9.4140625
