steps,returns
100000.0,1015.71124
200000.0,947.8523
300000.0,730.5858
400000.0,425.9159
500000.0,-13.763775
600000.0,-419.80783
700000.0,-1019.53467
800000.0,-1963.118
900000.0,-2882.97
1000000.0,-3996.8455
