steps,returns
1000000,150.0
2000000,339.64844
3000000,270.1172
4000000,354.10156
5000000,198.82812
6000000,325.97656
7000000,595.5078
8000000,458.20312
9000000,739.0625
10000000,496.09375
