steps,returns
100000.0,741.31885
200000.0,670.1286
300000.0,656.84937
400000.0,667.4606
500000.0,700.2473
600000.0,800.8025
700000.0,1348.1733
800000.0,1453.8352
900000.0,1478.7662
1000000.0,1518.4135
