steps,returns
100000.0,-143.24629
200000.0,81.39961
300000.0,-128.32187
400000.0,-39.280323
500000.0,532.887
600000.0,603.67645
700000.0,560.6265
800000.0,564.31775
900000.0,547.9658
1000000.0,515.17847
