steps,returns
5000,30.859375
10000,38.429688
15000,42.898438
20000,42.882812
25000,45.546875
30000,47.546875
35000,49.65625
40000,46.476562
45000,45.117188
50000,44.46875
