steps,returns
10000,146.96875
20000,133.85156
30000,177.82812
40000,179.08594
50000,150.00781
60000,123.4375
70000,500.0
80000,500.0
90000,428.57812
100000,498.29688
