steps,returns
1000000,125.0
2000000,629.2969
3000000,1020.5078
4000000,550.78125
5000000,800.0
6000000,1139.8438
7000000,684.7656
8000000,545.1172
9000000,680.66406
10000000,680.66406
