steps,returns
100000.0,287.35413
200000.0,-330.54187
300000.0,-2485.501
400000.0,-5345.6943
500000.0,-9278.9375
600000.0,-12377.871
700000.0,-17159.87
800000.0,-21961.662
900000.0,-28373.125
1000000.0,-37544.547
