steps,returns
1000000,250.0
2000000,125.0
3000000,179.29688
4000000,178.125
5000000,256.25
6000000,242.1875
7000000,527.34375
8000000,435.54688
9000000,376.17188
10000000,337.5
