steps,returns
10000,-269.26562
20000,-276.6797
30000,-278.66406
40000,-317.60938
50000,-318.71875
60000,-324.5078
70000,-355.2422
80000,-380.59375
90000,-437.8203
100000,-481.75
