steps,returns
5000,55.703125
10000,61.375
15000,63.554688
20000,64.50781
25000,63.601562
30000,60.773438
35000,55.28125
40000,48.273438
45000,46.851562
50000,44.21875
