steps,returns
10000,-151.73438
20000,-146.38281
30000,-146.5625
40000,-143.6875
50000,-145.46094
60000,-148.48438
70000,-146.5
80000,-149.48438
90000,-151.16406
100000,-155.92188
