steps,returns
100000.0,536.9022
200000.0,509.07947
300000.0,478.6375
400000.0,494.69547
500000.0,501.3758
600000.0,502.78003
700000.0,513.3777
800000.0,529.5005
900000.0,550.6253
1000000.0,609.60815
