steps,returns
5000,21.242188
10000,58.023438
15000,12.9453125
20000,117.52344
25000,20.75
30000,30.34375
35000,89.13281
40000,96.453125
45000,106.5
50000,271.15625
