steps,returns
12000,-200.0
24000,-200.0
36000,-200.0
48000,-200.0
60000,-200.0
72000,-200.0
84000,-187.5625
96000,-169.54688
108000,-155.45312
120000,-139.86719
