steps,returns
10000,-500.0
20000,-407.92188
30000,-500.0
40000,-500.0
50000,-500.0
60000,-500.0
70000,-500.0
80000,-500.0
90000,-385.14844
100000,-500.0
