steps,returns
5000,28.132812
10000,27.671875
15000,28.234375
20000,28.359375
25000,26.960938
30000,27.890625
35000,28.273438
40000,27.3125
45000,28.078125
50000,28.304688
