steps,returns
1000000,-17.859375
2000000,-17.734375
3000000,-17.984375
4000000,-18.015625
5000000,-17.484375
6000000,-17.28125
7000000,-17.296875
8000000,-17.203125
9000000,-17.140625
10000000,-17.421875
