steps,returns
5000,268.71094
10000,79.86719
15000,9.3359375
20000,9.265625
25000,20.90625
30000,26.375
35000,18.179688
40000,12.4140625
45000,45.726562
50000,18.789062
