steps,returns
10000,154.23438
20000,197.24219
30000,473.6953
40000,500.0
50000,42.265625
60000,481.79688
70000,500.0
80000,500.0
90000,168.07812
100000,494.67188
