steps,returns
100000.0,911.777
200000.0,837.62805
300000.0,851.4021
400000.0,852.94745
500000.0,902.05817
600000.0,948.1216
700000.0,1073.3271
800000.0,1089.0201
900000.0,1181.4686
1000000.0,1145.2626
