steps,returns
1000000,17.1875
2000000,51.25
3000000,116.25
4000000,43.125
5000000,111.40625
6000000,161.09375
7000000,526.1719
8000000,34.0625
9000000,322.1875
10000000,278.82812
