steps,returns
100000.0,1028.5913
200000.0,1027.3196
300000.0,1023.2938
400000.0,1011.428
500000.0,985.06274
600000.0,940.52356
700000.0,868.66376
800000.0,766.1649
900000.0,636.26575
1000000.0,472.80164
