steps,returns
100000.0,1016.1299
200000.0,1019.00916
300000.0,1017.27094
400000.0,1012.0863
500000.0,990.06934
600000.0,950.61346
700000.0,897.7433
800000.0,852.7949
900000.0,773.64923
1000000.0,719.11664
