steps,returns
100000.0,645.621
200000.0,1740.9653
300000.0,433.17932
400000.0,554.05396
500000.0,492.0454
600000.0,409.18176
700000.0,765.42725
800000.0,754.9885
900000.0,621.0674
1000000.0,639.64185
