steps,returns
5000,83.39844
10000,79.25781
15000,82.875
20000,83.16406
25000,83.625
30000,81.47656
35000,79.83594
40000,81.22656
45000,76.0625
50000,71.15625
