steps,returns
5000,252.71875
10000,49.179688
15000,24.390625
20000,245.45312
25000,334.39062
30000,386.35156
35000,446.28906
40000,371.6172
45000,264.10938
50000,268.79688
