steps,returns
100000.0,842.1221
200000.0,747.6694
300000.0,736.04407
400000.0,574.6866
500000.0,614.10266
600000.0,674.3416
700000.0,748.36365
800000.0,866.33777
900000.0,1014.9419
1000000.0,1073.8857
