steps,returns
10000,486.90625
20000,500.0
30000,500.0
40000,270.51562
50000,274.26562
60000,265.1875
70000,500.0
80000,500.0
90000,500.0
100000,500.0
