steps,returns
10000,420.98438
20000,216.38281
30000,168.21875
40000,387.46875
50000,244.45312
60000,345.27344
70000,430.27344
80000,496.3672
90000,498.75
100000,298.35938
