steps,returns
100000.0,980.8914
200000.0,636.4756
300000.0,637.812
400000.0,681.47437
500000.0,740.0129
600000.0,799.10046
700000.0,837.04584
800000.0,913.1609
900000.0,929.14355
1000000.0,923.6345
