steps,returns
1000000,17.03125
2000000,79.53125
3000000,90.15625
4000000,273.28125
5000000,22.1875
6000000,380.07812
7000000,17.1875
8000000,300.3125
9000000,329.84375
10000000,244.21875
