steps,returns
100000.0,-1.4661622
200000.0,31.005466
300000.0,-111.86554
400000.0,-401.66998
500000.0,-465.17612
600000.0,-674.8818
700000.0,-1212.6537
800000.0,-2107.6035
900000.0,-2263.434
1000000.0,-2195.3926
