steps,returns
1000000,27.96875
2000000,17.5
3000000,17.03125
4000000,18.125
5000000,15.625
6000000,30.46875
7000000,38.125
8000000,28.4375
9000000,17.65625
10000000,17.8125
