steps,returns
1000000,150.0
2000000,350.58594
3000000,207.61719
4000000,738.28125
5000000,500.0
6000000,721.875
7000000,603.90625
8000000,716.7969
9000000,634.1797
10000000,676.9531
