steps,returns
100000.0,840.9605
200000.0,660.6948
300000.0,486.55182
400000.0,488.9854
500000.0,488.33282
600000.0,482.04782
700000.0,465.3252
800000.0,466.0786
900000.0,467.92773
1000000.0,460.91193
