steps,returns
100000.0,1025.2876
200000.0,1010.8562
300000.0,996.6878
400000.0,966.5669
500000.0,929.3971
600000.0,889.79126
700000.0,843.05975
800000.0,707.17615
900000.0,573.9302
1000000.0,512.3531
