steps,returns
5000,49.148438
10000,24.890625
15000,157.76562
20000,356.9375
25000,294.1172
30000,74.75
35000,121.8125
40000,94.36719
45000,120.1875
50000,105.46094
