steps,returns
1000000,1190.0
2000000,953.59375
3000000,1579.375
4000000,4123.3594
5000000,3019.2969
6000000,451.09375
7000000,2987.5
8000000,3634.0625
9000000,4672.6562
10000000,3284.6875
