steps,returns
1000000,-17.25
2000000,-16.546875
3000000,-16.828125
4000000,-17.15625
5000000,-17.25
6000000,-17.453125
7000000,-17.3125
8000000,-16.6875
9000000,-17.375
10000000,-17.5
