steps,returns
100000.0,-178.06438
200000.0,-511.2428
300000.0,-143.96906
400000.0,-926.0733
500000.0,-1861.2954
600000.0,-1412.9731
700000.0,-3371.985
800000.0,-4965.55
900000.0,-7763.7314
1000000.0,-8965.826
