steps,returns
1000000,-18.28125
2000000,-18.703125
3000000,-17.96875
4000000,-18.203125
5000000,-17.390625
6000000,-17.234375
7000000,-17.765625
8000000,-17.84375
9000000,-17.71875
10000000,-18.203125
