steps,returns
10000,154.07812
20000,135.5
30000,131.99219
40000,166.0
50000,153.46875
60000,158.61719
70000,164.46094
80000,171.75781
90000,172.0625
100000,187.41406
