steps,returns
1000000,815.15625
2000000,781.71875
3000000,457.57812
4000000,220.3125
5000000,147.96875
6000000,348.75
7000000,493.90625
8000000,1270.3906
9000000,1620.3906
10000000,750.46875
