steps,returns
100000.0,414.2265
200000.0,236.18832
300000.0,209.89738
400000.0,686.3235
500000.0,740.80493
600000.0,737.03284
700000.0,709.5087
800000.0,710.6958
900000.0,701.43884
1000000.0,692.74384
