steps,returns
1000000,237.5
2000000,401.5625
3000000,538.47656
4000000,831.25
5000000,725.0
6000000,673.0469
7000000,825.0
8000000,805.66406
9000000,3291.9922
10000000,2310.1562
