steps,returns
10000,69.97656
20000,79.33594
30000,95.140625
40000,74.28125
50000,73.00781
60000,63.671875
70000,59.609375
80000,56.4375
90000,55.234375
100000,43.585938
