steps,returns
100000.0,1028.8577
200000.0,1023.2009
300000.0,1011.2571
400000.0,1002.69324
500000.0,983.31024
600000.0,958.3298
700000.0,926.56323
800000.0,910.9475
900000.0,873.8377
1000000.0,844.10767
