steps,returns
1000000,-17.796875
2000000,-18.28125
3000000,-18.109375
4000000,-18.234375
5000000,-17.5625
6000000,-18.125
7000000,-18.171875
8000000,-18.03125
9000000,-18.296875
10000000,-18.375
