steps,returns
100000.0,-29.025637
200000.0,-324.9583
300000.0,146.48357
400000.0,303.63287
500000.0,359.10815
600000.0,367.92902
700000.0,382.1593
800000.0,392.31583
900000.0,381.7116
1000000.0,357.3006
