steps,returns
100000.0,914.7397
200000.0,759.0588
300000.0,715.34204
400000.0,1342.5164
500000.0,1517.0656
600000.0,2376.8818
700000.0,1025.8645
800000.0,941.8043
900000.0,608.23444
1000000.0,-48.427597
