steps,returns
100000.0,609.54614
200000.0,624.2573
300000.0,649.6998
400000.0,891.5299
500000.0,927.02716
600000.0,1076.1665
700000.0,958.79297
800000.0,1141.1299
900000.0,1138.4484
1000000.0,1031.1284
