steps,returns
100000.0,692.09875
200000.0,-455.60663
300000.0,-3148.4846
400000.0,-4706.711
500000.0,-12516.775
600000.0,-171202.27
700000.0,-1196266.4
800000.0,-2119197.2
900000.0,-3606407.2
1000000.0,-5851106.0
