steps,returns
100000.0,284.857
200000.0,828.14453
300000.0,835.11304
400000.0,846.01355
500000.0,803.10754
600000.0,755.7679
700000.0,737.58923
800000.0,1198.0818
900000.0,1385.8486
1000000.0,1206.5404
