steps,returns
100000.0,188.68643
200000.0,188.00262
300000.0,188.74179
400000.0,186.74438
500000.0,187.54314
600000.0,189.4684
700000.0,187.97083
800000.0,187.93149
900000.0,188.10345
1000000.0,188.95682
