steps,returns
10000,217.03125
20000,274.91406
30000,500.0
40000,500.0
50000,358.09375
60000,473.6328
70000,500.0
80000,500.0
90000,500.0
100000,257.625
