steps,returns
1000000,-18.140625
2000000,-17.796875
3000000,-17.5625
4000000,-17.234375
5000000,-18.015625
6000000,-17.984375
7000000,-17.515625
8000000,-17.734375
9000000,-17.515625
10000000,-17.5
