steps,returns
1000000,-17.84375
2000000,-18.359375
3000000,-18.234375
4000000,-17.40625
5000000,-17.734375
6000000,-18.140625
7000000,-18.046875
8000000,-17.640625
9000000,-17.578125
10000000,-17.890625
