steps,returns
5000,9.3125
10000,20.664062
15000,67.86719
20000,64.30469
25000,42.335938
30000,41.898438
35000,43.195312
40000,403.76562
45000,449.77344
50000,434.77344
