steps,returns
100000.0,141.34973
200000.0,-657.7099
300000.0,-807.37317
400000.0,-673.28784
500000.0,-879.9206
600000.0,-1062.9932
700000.0,-3176.9216
800000.0,-6275.158
900000.0,-12169.064
1000000.0,-22833.361
