steps,returns
1000000,265.625
2000000,125.0
3000000,250.0
4000000,207.03125
5000000,214.84375
6000000,250.0
7000000,225.0
8000000,300.0
9000000,211.91406
10000000,225.0
