steps,returns
5000,12.3359375
10000,9.3125
15000,40.148438
20000,38.671875
25000,62.6875
30000,66.90625
35000,78.34375
40000,62.328125
45000,109.53125
50000,102.09375
