steps,returns
1000000,230.625
2000000,290.54688
3000000,18.59375
4000000,389.53125
5000000,17.34375
6000000,148.4375
7000000,18.75
8000000,1039.5312
9000000,191.01562
10000000,1152.8906
