steps,returns
10000,-311.83594
20000,-445.26562
30000,-416.8125
40000,-500.0
50000,-500.0
60000,-500.0
70000,-500.0
80000,-500.0
90000,-500.0
100000,-500.0
