steps,returns
1000000,125.0
2000000,350.0
3000000,137.5
4000000,250.0
5000000,197.85156
6000000,465.23438
7000000,546.09375
8000000,291.21094
9000000,272.26562
10000000,454.8828
