steps,returns
1000000,-17.9375
2000000,-18.0625
3000000,-17.796875
4000000,-18.46875
5000000,-17.9375
6000000,-18.125
7000000,-17.90625
8000000,-18.015625
9000000,-17.8125
10000000,-18.28125
