steps,returns
10000,118.17969
20000,110.921875
30000,109.890625
40000,119.046875
50000,138.79688
60000,145.98438
70000,143.47656
80000,146.28125
90000,160.78125
100000,148.42969
