steps,returns
1000000,-17.640625
2000000,-17.921875
3000000,-18.078125
4000000,-18.015625
5000000,-17.59375
6000000,-17.78125
7000000,-17.640625
8000000,-17.9375
9000000,-18.109375
10000000,-17.78125
