steps,returns
1000000,125.0
2000000,250.0
3000000,387.3047
4000000,267.1875
5000000,580.0781
6000000,599.41406
7000000,693.5547
8000000,856.25
9000000,538.47656
10000000,759.5703
