steps,returns
10000,80.32031
20000,9.3125
30000,9.359375
40000,9.4140625
50000,73.359375
60000,11.78125
70000,9.3125
80000,9.3515625
90000,9.3203125
100000,9.2890625
