steps,returns
1000000,51.40625
2000000,16.875
3000000,44.21875
4000000,20.3125
5000000,175.46875
6000000,17.65625
7000000,23.125
8000000,63.59375
9000000,48.28125
10000000,25.15625
