steps,returns
100000.0,620.40247
200000.0,-139.66852
300000.0,-223.72037
400000.0,-2231.9001
500000.0,-2300.3306
600000.0,-2463.596
700000.0,-663.8489
800000.0,-3213.5356
900000.0,-620.6532
1000000.0,-4568.8154
