steps,returns
100000.0,996.09375
200000.0,856.3275
300000.0,378.1663
400000.0,-383.72382
500000.0,-2218.5718
600000.0,-5753.3657
700000.0,-10783.602
800000.0,-16676.781
900000.0,-27864.072
1000000.0,-42560.473
