steps,returns
1000000,658.39844
2000000,656.83594
3000000,3850.0
4000000,4326.953
5000000,4291.4062
6000000,4435.1562
7000000,4375.0
8000000,4799.6094
9000000,8239.648
10000000,8092.1875
