steps,returns
5000,22.671875
10000,9.4453125
15000,13.9921875
20000,12.640625
25000,20.757812
30000,44.0625
35000,27.929688
40000,12.578125
45000,11.671875
50000,64.22656
