steps,returns
1000000,194.53125
2000000,908.39844
3000000,909.96094
4000000,2071.289
5000000,689.2578
6000000,3449.414
7000000,1113.2812
8000000,2125.3906
9000000,2633.5938
10000000,2029.4922
