steps,returns
10000,279.78906
20000,288.64062
30000,466.45312
40000,481.9922
50000,490.77344
60000,500.0
70000,500.0
80000,500.0
90000,500.0
100000,500.0
