steps,returns
1000000,-18.203125
2000000,-18.03125
3000000,-17.921875
4000000,-17.953125
5000000,-18.296875
6000000,-17.703125
7000000,-18.9375
8000000,-18.296875
9000000,-18.46875
10000000,-18.75
