steps,returns
10000,-146.36719
20000,-500.0
30000,-248.66406
40000,-500.0
50000,-500.0
60000,-500.0
70000,-241.64844
80000,-500.0
90000,-500.0
100000,-500.0
