steps,returns
1000000,-17.890625
2000000,-17.5625
3000000,-18.78125
4000000,-18.265625
5000000,-17.609375
6000000,-17.578125
7000000,-18.578125
8000000,-17.9375
9000000,-18.328125
10000000,-17.5
