steps,returns
1000000,-17.6875
2000000,-17.609375
3000000,-17.859375
4000000,-18.328125
5000000,-18.4375
6000000,-17.875
7000000,-18.234375
8000000,-18.1875
9000000,-18.3125
10000000,-18.078125
