steps,returns
1000000,175.0
2000000,640.2344
3000000,637.1094
4000000,673.6328
5000000,826.3672
6000000,607.6172
7000000,378.125
8000000,806.83594
9000000,519.53125
10000000,630.46875
