steps,returns
5000,77.77344
10000,56.976562
15000,44.851562
20000,23.445312
25000,20.328125
30000,28.4375
35000,20.03125
40000,12.453125
45000,18.953125
50000,24.492188
