steps,returns
1000000,-17.53125
2000000,-17.78125
3000000,-17.765625
4000000,-18.046875
5000000,-17.546875
6000000,-18.375
7000000,-18.671875
8000000,-18.09375
9000000,-18.078125
10000000,-17.9375
