steps,returns
10000,-500.0
20000,-239.44531
30000,-500.0
40000,-500.0
50000,-500.0
60000,-440.45312
70000,-500.0
80000,-500.0
90000,-500.0
100000,-500.0
