steps,returns
100000.0,-0.32624856
200000.0,0.3697443
300000.0,1.0187471
400000.0,4.4690814
500000.0,738.6901
600000.0,39.813194
700000.0,40.680428
800000.0,59.55815
900000.0,-45.666462
1000000.0,31.565237
