steps,returns
100000.0,887.656
200000.0,420.66638
300000.0,-78.257385
400000.0,-599.7393
500000.0,-907.9899
600000.0,-1281.6565
700000.0,-1302.0778
800000.0,-599.48694
900000.0,-682.86523
1000000.0,-1275.8389
