steps,returns
5000,9.1640625
10000,8.9765625
15000,9.2578125
20000,9.25
25000,9.4609375
30000,9.1875
35000,9.3828125
40000,9.34375
45000,9.4140625
50000,9.4609375
