steps,returns
10000,116.203125
20000,165.05469
30000,233.25781
40000,373.98438
50000,371.92188
60000,418.5703
70000,406.14062
80000,423.375
90000,452.02344
100000,406.83594
