steps,returns
10000,-500.0
20000,-500.0
30000,-500.0
40000,-470.52344
50000,-123.16406
60000,-151.39844
70000,-500.0
80000,-500.0
90000,-500.0
100000,-500.0
