steps,returns
100000.0,1030.5383
200000.0,1025.6091
300000.0,1027.1746
400000.0,1020.43604
500000.0,1017.6602
600000.0,1014.35266
700000.0,1004.8489
800000.0,1002.2632
900000.0,992.9353
1000000.0,979.4647
