steps,returns
10000,193.53125
20000,402.72656
30000,440.8203
40000,439.97656
50000,478.83594
60000,500.0
70000,500.0
80000,500.0
90000,500.0
100000,500.0
