steps,returns
100000.0,5.3689165
200000.0,5.7816744
300000.0,5.5003166
400000.0,5.5346503
500000.0,5.5983415
600000.0,5.7399206
700000.0,5.8533254
800000.0,5.891714
900000.0,5.645688
1000000.0,5.4801483
