steps,returns
100000.0,338.97067
200000.0,336.81
300000.0,339.8378
400000.0,337.75983
500000.0,339.99133
600000.0,338.4417
700000.0,341.82788
800000.0,347.96442
900000.0,340.99408
1000000.0,343.9511
