steps,returns
5000,9.5703125
10000,9.5546875
15000,9.578125
20000,9.6171875
25000,9.4765625
30000,9.578125
35000,9.375
40000,9.5234375
45000,9.421875
50000,9.4921875
