steps,returns
100000.0,1001.10156
200000.0,694.24347
300000.0,664.1997
400000.0,636.4147
500000.0,574.68976
600000.0,545.00195
700000.0,555.7463
800000.0,553.2434
900000.0,554.22614
1000000.0,560.82275
