steps,returns
10000,428.21875
20000,226.76562
30000,400.16406
40000,208.83594
50000,156.17188
60000,175.29688
70000,409.16406
80000,364.45312
90000,491.26562
100000,500.0
