steps,returns
10000,-156.71875
20000,-139.70312
30000,-90.5
40000,-500.0
50000,-419.28906
60000,-500.0
70000,-484.6875
80000,-259.6797
90000,-498.52344
100000,-99.91406
