steps,returns
100000.0,-0.5758351
200000.0,0.0880578
300000.0,82.61941
400000.0,68.616875
500000.0,-51.325977
600000.0,73.59827
700000.0,238.07492
800000.0,-76.022255
900000.0,-159.59805
1000000.0,-172.93158
