steps,returns
10000,-500.0
20000,-500.0
30000,-265.9922
40000,-126.64844
50000,-125.078125
60000,-359.7422
70000,-500.0
80000,-499.77344
90000,-500.0
100000,-500.0
