fold,mean_squared_error,mean_absolute_error,phase_index
0,0.0008697441071468906,0.018190498524815663,0
1,0.0006323591949522322,0.01920739651964787,0
2,0.0007215594904768428,0.01948746798645205,0
3,0.0004999414515242234,0.0161168749968725,0
4,0.0006687506265479922,0.019467874310491226,0
