fold,mean_squared_error,mean_absolute_error,phase_index
0,0.003805789163618409,0.042076458585576265,0
1,0.0023084204849193714,0.03754786422560247,0
2,0.002144663280092015,0.033699255115979834,0
3,0.002731373516780627,0.03964545217947637,0
4,0.006976096509506402,0.05452546947254791,0
