steps,returns
5000,9.265625
10000,9.359375
15000,9.25
20000,9.4375
25000,10.5546875
30000,12.921875
35000,17.648438
40000,30.875
45000,61.429688
50000,71.375
