steps,returns
10000,10.765625
20000,222.89844
30000,79.50781
40000,116.63281
50000,145.99219
60000,126.359375
70000,497.72656
80000,129.79688
90000,133.07812
100000,9.2890625
