steps,returns
100000.0,12.765178
200000.0,12.132293
300000.0,12.119772
400000.0,12.023169
500000.0,
600000.0,
700000.0,
800000.0,
900000.0,
1000000.0,
