steps,returns
1000000,-17.765625
2000000,-18.03125
3000000,-17.859375
4000000,-17.796875
5000000,-17.984375
6000000,-18.3125
7000000,-18.0625
8000000,-17.703125
9000000,-18.03125
10000000,-17.40625
