steps,returns
10000,349.60156
20000,307.67188
30000,282.79688
40000,328.77344
50000,361.8828
60000,405.10156
70000,442.7422
80000,452.67188
90000,498.77344
100000,500.0
