steps,returns
100000.0,510.9189
200000.0,914.96625
300000.0,933.1278
400000.0,860.8941
500000.0,995.81323
600000.0,1187.5712
700000.0,1156.241
800000.0,1139.1917
900000.0,1148.0286
1000000.0,1124.1184
