steps,returns
100000.0,670.2096
200000.0,612.14435
300000.0,583.16064
400000.0,625.8273
500000.0,970.5012
600000.0,1223.2812
700000.0,1002.1845
800000.0,1141.2727
900000.0,990.94055
1000000.0,904.20483
