steps,returns
1000000,91.09375
2000000,201.25
3000000,365.0
4000000,325.46875
5000000,725.7031
6000000,436.5625
7000000,282.57812
8000000,237.34375
9000000,370.3125
10000000,1691.25
