steps,returns
10000,85.28906
20000,87.08594
30000,82.71094
40000,82.125
50000,93.61719
60000,90.15625
70000,88.703125
80000,84.015625
90000,81.33594
100000,78.61719
