steps,returns
5000,9.3515625
10000,9.5
15000,9.3671875
20000,13.171875
25000,18.851562
30000,26.195312
35000,35.515625
40000,47.46875
45000,71.69531
50000,107.5625
