steps,returns
5000,74.859375
10000,81.78906
15000,86.71875
20000,89.67969
25000,98.03125
30000,107.015625
35000,113.58594
40000,123.359375
45000,134.60156
50000,139.79688
