steps,returns
1000000,-17.5625
2000000,-18.078125
3000000,-17.875
4000000,-17.328125
5000000,-17.03125
6000000,-18.03125
7000000,-17.4375
8000000,-17.375
9000000,-17.625
10000000,-17.65625
