steps,returns
10000,125.328125
20000,202.60938
30000,206.14062
40000,179.69531
50000,447.14844
60000,247.21875
70000,500.0
80000,492.375
90000,337.15625
100000,487.60156
