steps,returns
100000.0,402.51492
200000.0,1113.7634
300000.0,1078.3812
400000.0,1522.6323
500000.0,557.43256
600000.0,635.0758
700000.0,476.2812
800000.0,681.95154
900000.0,-121.23948
1000000.0,-519.9381
