steps,returns
1000000,-18.1875
2000000,-17.8125
3000000,-17.953125
4000000,-18.625
5000000,-18.125
6000000,-18.1875
7000000,-18.078125
8000000,-17.1875
9000000,-18.25
10000000,-17.484375
