steps,returns
10000,107.88281
20000,88.296875
30000,146.0
40000,228.53125
50000,396.65625
60000,426.8125
70000,435.5547
80000,418.53125
90000,456.33594
100000,424.71875
