steps,returns
5000,155.72656
10000,265.22656
15000,410.26562
20000,498.91406
25000,500.0
30000,496.65625
35000,479.6953
40000,426.52344
45000,420.42188
50000,398.02344
