steps,returns
10000,362.23438
20000,338.0625
30000,360.9922
40000,387.52344
50000,404.1953
60000,429.53125
70000,450.08594
80000,486.71094
90000,500.0
100000,500.0
