steps,returns
1000000,-17.640625
2000000,-17.96875
3000000,-18.578125
4000000,-17.90625
5000000,-18.359375
6000000,-17.53125
7000000,-18.09375
8000000,-17.9375
9000000,-18.9375
10000000,-17.84375
