steps,returns
1000000,-17.828125
2000000,-17.59375
3000000,-18.234375
4000000,-17.703125
5000000,-17.78125
6000000,-18.546875
7000000,-17.875
8000000,-18.234375
9000000,-17.78125
10000000,-17.59375
