steps,returns
5000,51.34375
10000,48.734375
15000,42.53125
20000,43.734375
25000,27.367188
30000,20.351562
35000,10.0546875
40000,42.703125
45000,43.6875
50000,42.070312
