steps,returns
5000,17.023438
10000,13.953125
15000,10.71875
20000,8.9296875
25000,8.875
30000,8.921875
35000,8.84375
40000,8.8984375
45000,8.8203125
50000,8.875
