steps,returns
1000000,-17.9375
2000000,-18.59375
3000000,-18.40625
4000000,-17.953125
5000000,-17.9375
6000000,-18.15625
7000000,-17.765625
8000000,-18.15625
9000000,-18.265625
10000000,-18.359375
