steps,returns
1000000,150.0
2000000,615.8203
3000000,561.91406
4000000,631.25
5000000,625.78125
6000000,721.875
7000000,867.5781
8000000,918.16406
9000000,502.9297
10000000,561.71875
