steps,returns
1000000,29.0625
2000000,16.875
3000000,28.125
4000000,17.8125
5000000,15.78125
6000000,46.71875
7000000,17.5
8000000,17.03125
9000000,51.09375
10000000,17.65625
