steps,returns
10000,135.49219
20000,159.60938
30000,181.78125
40000,361.41406
50000,46.859375
60000,322.7422
70000,104.96094
80000,110.28906
90000,9.53125
100000,148.64844
