steps,returns
1000000,-17.8125
2000000,-18.53125
3000000,-17.65625
4000000,-18.734375
5000000,-17.734375
6000000,-17.6875
7000000,-18.984375
8000000,-18.046875
9000000,-18.1875
10000000,-18.0
