steps,returns
10000,124.203125
20000,87.17969
30000,136.17188
40000,276.96094
50000,486.96094
60000,435.71875
70000,337.66406
80000,226.52344
90000,215.97656
100000,459.4375
