steps,returns
100000.0,477.53333
200000.0,492.03876
300000.0,547.48535
400000.0,729.2194
500000.0,757.4363
600000.0,495.0912
700000.0,-48.475723
800000.0,-947.64404
900000.0,-4036.2605
1000000.0,-3778.2915
