steps,returns
5000,75.234375
10000,75.64844
15000,79.10156
20000,82.03125
25000,90.734375
30000,93.25
35000,94.390625
40000,100.34375
45000,102.8125
50000,107.859375
