steps,returns
100000.0,-28.455051
200000.0,-28.94476
300000.0,-28.704458
400000.0,-28.66709
500000.0,-28.557943
600000.0,-28.622776
700000.0,-28.470684
800000.0,-28.592945
900000.0,-28.304768
1000000.0,-28.48873
