steps,returns
1000000,-17.765625
2000000,-17.6875
3000000,-18.25
4000000,-18.078125
5000000,-18.078125
6000000,-18.015625
7000000,-18.0625
8000000,-17.828125
9000000,-18.03125
10000000,-18.234375
