steps,returns
1000000,250.0
2000000,400.39062
3000000,364.0625
4000000,468.35938
5000000,553.125
6000000,633.59375
7000000,1608.0078
8000000,484.76562
9000000,682.4219
10000000,1014.84375
