steps,returns
1000000,-17.6875
2000000,-17.71875
3000000,-17.984375
4000000,-17.953125
5000000,-17.96875
6000000,-18.734375
7000000,-18.109375
8000000,-17.609375
9000000,-18.296875
10000000,-17.5625
