steps,returns
100000.0,830.281
200000.0,805.3947
300000.0,811.425
400000.0,810.6068
500000.0,812.46924
600000.0,813.9824
700000.0,816.656
800000.0,819.1562
900000.0,825.32886
1000000.0,813.52686
