steps,returns
5000,9.1328125
10000,9.078125
15000,9.1484375
20000,9.4453125
25000,9.390625
30000,9.375
35000,9.4453125
40000,9.21875
45000,9.453125
50000,9.3046875
