steps,returns
100000.0,-523.8948
200000.0,-485.9448
300000.0,-614.5029
400000.0,-521.7682
500000.0,-549.77686
600000.0,-538.9314
700000.0,-589.82135
800000.0,-473.603
900000.0,-639.6598
1000000.0,-593.81036
