steps,returns
5000,10.3828125
10000,89.89844
15000,200.09375
20000,165.74219
25000,158.30469
30000,145.64844
35000,122.88281
40000,183.08594
45000,108.84375
50000,206.89844
