steps,returns
10000,448.3203
20000,291.35938
30000,489.15625
40000,177.55469
50000,467.52344
60000,464.9375
70000,500.0
80000,500.0
90000,500.0
100000,500.0
