steps,returns
1000000,-17.734375
2000000,-18.375
3000000,-18.09375
4000000,-17.546875
5000000,-17.609375
6000000,-18.265625
7000000,-18.15625
8000000,-17.765625
9000000,-17.828125
10000000,-18.703125
