steps,returns
100000.0,768.81384
200000.0,231.76855
300000.0,395.43408
400000.0,-337.9946
500000.0,-1277.8428
600000.0,-3310.3137
700000.0,-4340.252
800000.0,-6258.883
900000.0,-11062.361
1000000.0,-19902.998
