steps,returns
10000,128.59375
20000,500.0
30000,167.10938
40000,145.25
50000,500.0
60000,345.96094
70000,479.8828
80000,493.46875
90000,9.3125
100000,9.34375
