steps,returns
10000,303.77344
20000,500.0
30000,500.0
40000,357.3828
50000,500.0
60000,426.70312
70000,500.0
80000,500.0
90000,139.77344
100000,500.0
