steps,returns
5000,42.640625
10000,11.8515625
15000,20.664062
20000,25.632812
25000,10.8203125
30000,20.796875
35000,105.60156
40000,159.19531
45000,73.77344
50000,84.13281
