steps,returns
100000.0,1634.7661
200000.0,500.0322
300000.0,166.45435
400000.0,275.6139
500000.0,387.0662
600000.0,470.16272
700000.0,529.6588
800000.0,569.07086
900000.0,602.0567
1000000.0,625.0439
