steps,returns
100000.0,523.16174
200000.0,405.0915
300000.0,423.87256
400000.0,447.7125
500000.0,508.8803
600000.0,794.27966
700000.0,928.4906
800000.0,1058.1647
900000.0,980.79675
1000000.0,656.3026
