steps,returns
1000000,-17.84375
2000000,-18.0
3000000,-17.421875
4000000,-17.734375
5000000,-17.953125
6000000,-17.5625
7000000,-17.578125
8000000,-18.09375
9000000,-17.875
10000000,-18.53125
