steps,returns
10000,88.734375
20000,10.8203125
30000,282.6328
40000,24.71875
50000,90.828125
60000,72.77344
70000,256.83594
80000,84.46875
90000,65.36719
100000,151.27344
