steps,returns
10000,261.60938
20000,442.29688
30000,500.0
40000,20.65625
50000,283.21094
60000,500.0
70000,26.15625
80000,115.28906
90000,24.65625
100000,436.8047
