steps,returns
5000,206.0625
10000,11.796875
15000,9.4140625
20000,10.59375
25000,19.460938
30000,42.523438
35000,63.835938
40000,171.55469
45000,116.109375
50000,162.49219
