steps,returns
1000000,237.5
2000000,576.7578
3000000,562.1094
4000000,334.5703
5000000,313.28125
6000000,293.9453
7000000,175.58594
8000000,271.28906
9000000,321.09375
10000000,200.0
