steps,returns
1000000,48.28125
2000000,94.375
3000000,16.71875
4000000,207.8125
5000000,57.65625
6000000,117.5
7000000,18.75
8000000,22.34375
9000000,73.28125
10000000,32.1875
