steps,returns
100000.0,-2.0670195
200000.0,31.218582
300000.0,-209.13043
400000.0,-363.73044
500000.0,-453.72446
600000.0,-600.01385
700000.0,-1917.9486
800000.0,-2354.7498
900000.0,-2535.5745
1000000.0,-2629.3325
