steps,returns
1000000,-17.90625
2000000,-17.40625
3000000,-18.265625
4000000,-18.609375
5000000,-17.6875
6000000,-17.578125
7000000,-17.71875
8000000,-17.765625
9000000,-17.859375
10000000,-17.984375
