steps,returns
5000,8.8984375
10000,8.7734375
15000,8.765625
20000,8.9609375
25000,8.9453125
30000,8.9375
35000,9.15625
40000,9.0625
45000,9.1171875
50000,9.1328125
