steps,returns
1000000,533.39844
2000000,433.20312
3000000,717.77344
4000000,345.5078
5000000,625.3906
6000000,804.4922
7000000,908.59375
8000000,566.0156
9000000,533.2031
10000000,1432.8125
