{"config": {"hp_config.clip_eps": 0.48838054409516857, "hp_config.ent_coef": 0.302422759872523, "hp_config.gae_lambda": 0.9477787895217205, "hp_config.learning_rate": 1.5701421102720535e-06, "hp_config.max_grad_norm": 0.2828069625764096, "hp_config.minibatch_size": 128, "hp_config.normalize_advantage": true, "hp_config.vf_clip_eps": 0.05936385947712203, "hp_config.vf_coef": 0.317983179393976}, "score": 123.5078125, "budget_used": 13, "total_wallclock_time": -99.03547167778015, "total_optimization_time": 0.0073299407958984375}
{"config": {"hp_config.clip_eps": 0.22684842227802265, "hp_config.ent_coef": 0.2682896055543611, "hp_config.gae_lambda": 0.9792445914787644, "hp_config.learning_rate": 0.08947356400945196, "hp_config.max_grad_norm": 0.21689698439847394, "hp_config.minibatch_size": 256, "hp_config.normalize_advantage": true, "hp_config.vf_clip_eps": 0.01032549973286434, "hp_config.vf_coef": 0.7583786538361414}, "score": 9.4140625, "budget_used": 26, "total_wallclock_time": -193.09211611747742, "total_optimization_time": 0.036185503005981445}
{"config": {"hp_config.clip_eps": 0.22684842227802265, "hp_config.ent_coef": 0.2682896055543611, "hp_config.gae_lambda": 0.9792445914787644, "hp_config.learning_rate": 0.08947356400945196, "hp_config.max_grad_norm": 0.21689698439847394, "hp_config.minibatch_size": 256, "hp_config.normalize_advantage": true, "hp_config.vf_clip_eps": 0.01032549973286434, "hp_config.vf_coef": 0.7583786538361414}, "score": 9.4140625, "budget_used": 39, "total_wallclock_time": -289.0299758911133, "total_optimization_time": 0.03896164894104004}
{"config": {"hp_config.clip_eps": 0.08147721302330269, "hp_config.ent_coef": 0.31938087868326465, "hp_config.gae_lambda": 0.8980120387750926, "hp_config.learning_rate": 0.08852152486073094, "hp_config.max_grad_norm": 0.0653042071517802, "hp_config.minibatch_size": 512, "hp_config.normalize_advantage": true, "hp_config.vf_clip_eps": 0.120709310038287, "hp_config.vf_coef": 0.662504571532676}, "score": 9.2734375, "budget_used": 52, "total_wallclock_time": -385.42290139198303, "total_optimization_time": 0.04236268997192383}
{"config": {"hp_config.clip_eps": 0.08147721302330269, "hp_config.ent_coef": 0.31938087868326465, "hp_config.gae_lambda": 0.8980120387750926, "hp_config.learning_rate": 0.08852152486073094, "hp_config.max_grad_norm": 0.0653042071517802, "hp_config.minibatch_size": 512, "hp_config.normalize_advantage": true, "hp_config.vf_clip_eps": 0.120709310038287, "hp_config.vf_coef": 0.662504571532676}, "score": 9.2734375, "budget_used": 65, "total_wallclock_time": -481.63459944725037, "total_optimization_time": 0.264082670211792}
{"config": {"hp_config.clip_eps": 0.08147721302330269, "hp_config.ent_coef": 0.31938087868326465, "hp_config.gae_lambda": 0.8980120387750926, "hp_config.learning_rate": 0.08852152486073094, "hp_config.max_grad_norm": 0.0653042071517802, "hp_config.minibatch_size": 512, "hp_config.normalize_advantage": true, "hp_config.vf_clip_eps": 0.120709310038287, "hp_config.vf_coef": 0.662504571532676}, "score": 9.2734375, "budget_used": 78, "total_wallclock_time": -575.4646389484406, "total_optimization_time": 0.26721692085266113}
{"config": {"hp_config.clip_eps": 0.08147721302330269, "hp_config.ent_coef": 0.31938087868326465, "hp_config.gae_lambda": 0.8980120387750926, "hp_config.learning_rate": 0.08852152486073094, "hp_config.max_grad_norm": 0.0653042071517802, "hp_config.minibatch_size": 512, "hp_config.normalize_advantage": true, "hp_config.vf_clip_eps": 0.120709310038287, "hp_config.vf_coef": 0.662504571532676}, "score": 9.2734375, "budget_used": 91, "total_wallclock_time": -671.131279706955, "total_optimization_time": 0.2750124931335449}
{"config": {"hp_config.clip_eps": 0.08147721302330269, "hp_config.ent_coef": 0.31938087868326465, "hp_config.gae_lambda": 0.8980120387750926, "hp_config.learning_rate": 0.08852152486073094, "hp_config.max_grad_norm": 0.0653042071517802, "hp_config.minibatch_size": 512, "hp_config.normalize_advantage": true, "hp_config.vf_clip_eps": 0.120709310038287, "hp_config.vf_coef": 0.662504571532676}, "score": 9.2734375, "budget_used": 104, "total_wallclock_time": -766.0177030563354, "total_optimization_time": 0.2811884880065918}
{"config": {"hp_config.clip_eps": 0.08147721302330269, "hp_config.ent_coef": 0.31938087868326465, "hp_config.gae_lambda": 0.8980120387750926, "hp_config.learning_rate": 0.08852152486073094, "hp_config.max_grad_norm": 0.0653042071517802, "hp_config.minibatch_size": 512, "hp_config.normalize_advantage": true, "hp_config.vf_clip_eps": 0.120709310038287, "hp_config.vf_coef": 0.662504571532676}, "score": 9.2734375, "budget_used": 117, "total_wallclock_time": -863.3771657943726, "total_optimization_time": 0.2845115661621094}
{"config": {"hp_config.clip_eps": 0.08147721302330269, "hp_config.ent_coef": 0.31938087868326465, "hp_config.gae_lambda": 0.8980120387750926, "hp_config.learning_rate": 0.08852152486073094, "hp_config.max_grad_norm": 0.0653042071517802, "hp_config.minibatch_size": 512, "hp_config.normalize_advantage": true, "hp_config.vf_clip_eps": 0.120709310038287, "hp_config.vf_coef": 0.662504571532676}, "score": 9.2734375, "budget_used": 130, "total_wallclock_time": -958.0103600025177, "total_optimization_time": 0.2888917922973633}
{"config": {"hp_config.clip_eps": 0.08147721302330269, "hp_config.ent_coef": 0.31938087868326465, "hp_config.gae_lambda": 0.8980120387750926, "hp_config.learning_rate": 0.08852152486073094, "hp_config.max_grad_norm": 0.0653042071517802, "hp_config.minibatch_size": 512, "hp_config.normalize_advantage": true, "hp_config.vf_clip_eps": 0.120709310038287, "hp_config.vf_coef": 0.662504571532676}, "score": 9.2734375, "budget_used": 143, "total_wallclock_time": -1055.0365221500397, "total_optimization_time": 0.29999303817749023}
