steps,returns
10000,-286.0625
20000,-283.21094
30000,-223.95312
40000,-282.4922
50000,-226.4375
60000,-265.71094
70000,-231.73438
80000,-263.02344
90000,-271.10156
100000,-296.25
