steps,returns
10000,161.25781
20000,323.14062
30000,398.9922
40000,383.59375
50000,453.97656
60000,472.4453
70000,500.0
80000,500.0
90000,500.0
100000,290.10938
