steps,returns
1000000,325.58594
2000000,263.67188
3000000,125.0
4000000,167.77344
5000000,325.0
6000000,150.0
7000000,150.0
8000000,225.0
9000000,201.5625
10000000,254.49219
