steps,returns
10000,151.80469
20000,245.875
30000,356.42188
40000,500.0
50000,477.58594
60000,498.9375
70000,500.0
80000,500.0
90000,173.05469
100000,494.29688
