steps,returns
1000000,17.1875
2000000,362.5
3000000,18.125
4000000,229.84375
5000000,138.75
6000000,507.73438
7000000,17.65625
8000000,67.1875
9000000,74.84375
10000000,247.1875
