steps,returns
5000,11.6875
10000,139.88281
15000,79.140625
20000,98.59375
25000,163.97656
30000,110.13281
35000,105.35156
40000,91.15625
45000,337.53125
50000,500.0
