steps,returns
10000,119.21094
20000,230.03125
30000,155.60156
40000,163.25
50000,448.60156
60000,87.92969
70000,29.445312
80000,10.9765625
90000,89.21094
100000,500.0
