steps,returns
100000.0,716.6135
200000.0,550.0831
300000.0,889.5698
400000.0,934.8612
500000.0,863.224
600000.0,844.5902
700000.0,835.32245
800000.0,797.01953
900000.0,787.24963
1000000.0,867.8772
