steps,returns
1000000,-17.75
2000000,-17.5625
3000000,-18.625
4000000,-17.671875
5000000,-17.921875
6000000,-17.515625
7000000,-18.109375
8000000,-17.9375
9000000,-18.234375
10000000,-17.796875
