steps,returns
1000000,-17.96875
2000000,-17.84375
3000000,-17.796875
4000000,-18.78125
5000000,-18.109375
6000000,-17.59375
7000000,-17.953125
8000000,-17.59375
9000000,-18.0625
10000000,-18.0625
