steps,returns
100000.0,1014.8794
200000.0,1019.4371
300000.0,1036.173
400000.0,1020.9079
500000.0,1007.31885
600000.0,1011.96045
700000.0,1003.34106
800000.0,998.0735
900000.0,986.11975
1000000.0,976.54846
