steps,returns
10000,108.41406
20000,500.0
30000,495.46875
40000,486.78125
50000,500.0
60000,45.953125
70000,9.3828125
80000,392.84375
90000,500.0
100000,500.0
