steps,returns
1000000,-18.171875
2000000,-18.015625
3000000,-18.21875
4000000,-18.328125
5000000,-18.390625
6000000,-18.25
7000000,-17.75
8000000,-18.234375
9000000,-18.234375
10000000,-18.09375
