steps,returns
1000000,584.7656
2000000,554.6875
3000000,860.15625
4000000,1459.9609
5000000,716.7969
6000000,731.25
7000000,643.3594
8000000,1816.7969
9000000,847.46094
10000000,1716.6016
