steps,returns
5000,85.64844
10000,80.77344
15000,66.59375
20000,51.507812
25000,51.078125
30000,31.335938
35000,19.554688
40000,13.1640625
45000,12.0390625
50000,14.671875
