steps,returns
1000000,17.03125
2000000,16.875
3000000,94.84375
4000000,125.78125
5000000,121.71875
6000000,32.5
7000000,16.875
8000000,318.125
9000000,19.84375
10000000,39.84375
