steps,returns
5000,79.77344
10000,14.46875
15000,94.00781
20000,101.17969
25000,103.734375
30000,133.00781
35000,136.09375
40000,106.47656
45000,500.0
50000,105.0
