steps,returns
100000.0,-599.6848
200000.0,-588.3537
300000.0,-607.14294
400000.0,-598.5731
500000.0,-598.20496
600000.0,-613.8522
700000.0,-581.6772
800000.0,-611.94196
900000.0,-628.1925
1000000.0,-605.90283
