steps,returns
1000000,818.5156
2000000,693.75
3000000,1048.3594
4000000,784.0625
5000000,1036.7969
6000000,908.75
7000000,597.34375
8000000,878.28125
9000000,571.5625
10000000,1686.5625
