steps,returns
100000.0,563.9013
200000.0,464.82336
300000.0,351.91583
400000.0,238.50334
500000.0,244.69626
600000.0,265.75687
700000.0,49.247665
800000.0,-16.453094
900000.0,-211.7395
1000000.0,-698.4918
