steps,returns
100000.0,33.328465
200000.0,-328.99896
300000.0,-912.5132
400000.0,-884.24524
500000.0,-550.197
600000.0,-501.29095
700000.0,-709.3176
800000.0,-928.40625
900000.0,-1207.8291
1000000.0,-1186.9486
