steps,returns
1000000,-17.40625
2000000,-17.953125
3000000,-18.21875
4000000,-17.875
5000000,-17.8125
6000000,-18.328125
7000000,-18.296875
8000000,-17.859375
9000000,-18.3125
10000000,-18.09375
