steps,returns
1000000,277.14844
2000000,277.53906
3000000,370.70312
4000000,149.21875
5000000,198.82812
6000000,415.625
7000000,250.19531
8000000,380.07812
9000000,232.03125
10000000,233.78906
