steps,returns
1000000,342.26562
2000000,17.34375
3000000,104.21875
4000000,342.03125
5000000,332.8125
6000000,85.625
7000000,27.8125
8000000,247.8125
9000000,104.0625
10000000,79.6875
