steps,returns
100000.0,1012.588
200000.0,932.61676
300000.0,693.37787
400000.0,394.50308
500000.0,175.44218
600000.0,-59.6323
700000.0,-55.318565
800000.0,-152.90646
900000.0,13.49689
1000000.0,-103.32684
