steps,returns
100000.0,539.6451
200000.0,475.43542
300000.0,454.1466
400000.0,450.7024
500000.0,405.62714
600000.0,482.84473
700000.0,592.5377
800000.0,453.5069
900000.0,167.4018
1000000.0,-236.60481
