steps,returns
100000.0,-779.1566
200000.0,-808.60095
300000.0,-816.9442
400000.0,-815.809
500000.0,-809.8983
600000.0,-813.3506
700000.0,-802.0014
800000.0,-815.47156
900000.0,-803.49176
1000000.0,-806.2273
