steps,returns
100000.0,478.1756
200000.0,478.99847
300000.0,513.61426
400000.0,494.64093
500000.0,469.40747
600000.0,493.80817
700000.0,541.2073
800000.0,508.76492
900000.0,633.5798
1000000.0,816.2605
