steps,returns
1000000,-18.125
2000000,-17.5
3000000,-17.671875
4000000,-17.796875
5000000,-17.25
6000000,-17.453125
7000000,-16.921875
8000000,-17.671875
9000000,-17.390625
10000000,-16.515625
