steps,returns
10000,290.95312
20000,187.21094
30000,126.32031
40000,374.3203
50000,116.953125
60000,491.29688
70000,98.46094
80000,155.8125
90000,500.0
100000,178.1875
