steps,returns
5000,10.046875
10000,9.375
15000,9.828125
20000,21.226562
25000,109.03906
30000,146.5
35000,244.55469
40000,186.75781
45000,134.92188
50000,146.65625
