steps,returns
10000,88.05469
20000,140.72656
30000,160.64062
40000,114.609375
50000,83.02344
60000,89.16406
70000,81.67969
80000,84.14844
90000,97.55469
100000,117.66406
