steps,returns
100000.0,904.4873
200000.0,133.62094
300000.0,107.34987
400000.0,-52.80033
500000.0,-912.8545
600000.0,-1125.8949
700000.0,-2129.975
800000.0,-3413.0818
900000.0,-4601.8115
1000000.0,-7264.276
