steps,returns
100000.0,482.32874
200000.0,428.31274
300000.0,597.7008
400000.0,840.86053
500000.0,1194.0398
600000.0,1196.886
700000.0,1212.353
800000.0,1207.1323
900000.0,1209.865
1000000.0,1204.2411
