steps,returns
100000.0,314.0932
200000.0,957.17474
300000.0,563.5459
400000.0,957.5377
500000.0,965.2257
600000.0,939.9153
700000.0,896.85986
800000.0,1057.2529
900000.0,1061.4097
1000000.0,675.38885
