steps,returns
100000.0,949.1399
200000.0,737.4716
300000.0,318.58862
400000.0,414.1242
500000.0,343.75198
600000.0,378.51996
700000.0,-426.45245
800000.0,-230.65405
900000.0,-662.39386
1000000.0,-580.7527
