steps,returns
1000000,150.0
2000000,150.0
3000000,150.0
4000000,255.85938
5000000,275.78125
6000000,325.0
7000000,325.0
8000000,255.27344
9000000,308.98438
10000000,202.73438
