steps,returns
1000000,175.0
2000000,282.8125
3000000,125.0
4000000,180.46875
5000000,230.46875
6000000,326.17188
7000000,337.5
8000000,426.5625
9000000,294.72656
10000000,559.375
