steps,returns
100000.0,61.610077
200000.0,-171.57364
300000.0,-725.80505
400000.0,-4322.7114
500000.0,-14135.1875
600000.0,-30622.8
700000.0,-55115.805
800000.0,-112915.234
900000.0,-203192.88
1000000.0,-370081.34
