steps,returns
10000,76.265625
20000,84.75
30000,81.27344
40000,88.25781
50000,98.64844
60000,107.765625
70000,106.171875
80000,95.9375
90000,109.08594
100000,116.86719
