steps,returns
10000,49.15625
20000,25.078125
30000,115.953125
40000,157.33594
50000,201.76562
60000,167.44531
70000,153.55469
80000,197.78906
90000,212.76562
100000,239.29688
