steps,returns
5000,41.664062
10000,119.921875
15000,118.08594
20000,145.95312
25000,121.28125
30000,136.28906
35000,214.46094
40000,151.03125
45000,156.32812
50000,500.0
