steps,returns
100000.0,-0.42442322
200000.0,257.07812
300000.0,-313.20392
400000.0,-256.31882
500000.0,-344.4039
600000.0,-752.7744
700000.0,-535.6069
800000.0,-390.96027
900000.0,-407.8047
1000000.0,-526.91907
