steps,returns
5000,104.21094
10000,81.02344
15000,347.26562
20000,265.77344
25000,218.23438
30000,12.6171875
35000,143.52344
40000,19.992188
45000,161.78125
50000,124.50781
