steps,returns
1000000,17.03125
2000000,27.65625
3000000,49.21875
4000000,17.8125
5000000,16.09375
6000000,17.65625
7000000,37.96875
8000000,49.53125
9000000,40.625
10000000,18.4375
