steps,returns
100000,-200.0
200000,-200.0
300000,-200.0
400000,-200.0
500000,-200.0
600000,-138.42969
700000,-117.46875
800000,-118.71094
900000,-123.64844
1000000,-151.89062
