steps,returns
100000.0,641.0601
200000.0,427.91437
300000.0,173.37994
400000.0,-1.0150661
500000.0,-1013.89594
600000.0,-962.8008
700000.0,-4159.0127
800000.0,-6284.1807
900000.0,-12103.5
1000000.0,-14835.197
