steps,returns
100000.0,755.39703
200000.0,650.61115
300000.0,658.08344
400000.0,735.52936
500000.0,719.0789
600000.0,660.16077
700000.0,733.7183
800000.0,845.4386
900000.0,829.7495
1000000.0,759.1705
