steps,returns
100000.0,813.91016
200000.0,798.178
300000.0,796.5591
400000.0,829.62396
500000.0,781.44275
600000.0,747.4234
700000.0,717.2859
800000.0,699.1206
900000.0,727.40533
1000000.0,1078.8345
