steps,returns
100000.0,1070.416
200000.0,1027.1543
300000.0,1021.0724
400000.0,1028.2969
500000.0,1010.82056
600000.0,918.06
700000.0,1058.7388
800000.0,1004.18
900000.0,716.35583
1000000.0,315.83783
