steps,returns
1000000,-17.8125
2000000,-17.828125
3000000,-18.421875
4000000,-18.171875
5000000,-18.140625
6000000,-17.90625
7000000,-18.140625
8000000,-18.03125
9000000,-18.203125
10000000,-17.9375
