steps,returns
100000.0,880.36444
200000.0,1453.7461
300000.0,870.5558
400000.0,925.6007
500000.0,867.63165
600000.0,782.20184
700000.0,838.7694
800000.0,638.7535
900000.0,558.1506
1000000.0,584.35297
