steps,returns
10000,324.8672
20000,418.3047
30000,475.67188
40000,392.625
50000,500.0
60000,500.0
70000,500.0
80000,334.03906
90000,500.0
100000,500.0
