steps,returns
1000000,-18.390625
2000000,-16.90625
3000000,-18.28125
4000000,-17.96875
5000000,-17.828125
6000000,-18.203125
7000000,-18.484375
8000000,-17.796875
9000000,-17.90625
10000000,-18.328125
