steps,returns
1000000,-17.171875
2000000,-15.078125
3000000,-15.296875
4000000,-15.171875
5000000,-15.046875
6000000,-15.46875
7000000,-15.0
8000000,-13.65625
9000000,-14.203125
10000000,-12.25
