{"config": {"hp_config.clip_eps": 0.16698243479840458, "hp_config.ent_coef": 0.39542008161370246, "hp_config.gae_lambda": 0.8194388608339217, "hp_config.learning_rate": 0.00016224756536956577, "hp_config.max_grad_norm": 0.5199523745708382, "hp_config.minibatch_size": 512, "hp_config.normalize_advantage": true, "hp_config.vf_clip_eps": 0.11387975076893048, "hp_config.vf_coef": 0.41030156269012563}, "score": -10853.4375, "budget_used": 128, "total_wallclock_time": -3586.6583349704742, "total_optimization_time": 0.01083064079284668}
