steps,returns
1000000,-18.40625
2000000,-17.984375
3000000,-17.96875
4000000,-17.75
5000000,-18.1875
6000000,-18.4375
7000000,-17.96875
8000000,-17.90625
9000000,-18.4375
10000000,-17.34375
