steps,returns
5000,35.929688
10000,226.83594
15000,12.828125
20000,125.125
25000,99.53906
30000,131.23438
35000,163.89844
40000,108.46094
45000,131.42188
50000,106.015625
