steps,returns
100000.0,957.59106
200000.0,895.8633
300000.0,675.7964
400000.0,831.4879
500000.0,968.57294
600000.0,931.87506
700000.0,833.3466
800000.0,959.7667
900000.0,1108.4226
1000000.0,930.8922
