steps,returns
5000,9.3125
10000,9.453125
15000,9.3984375
20000,9.421875
25000,9.359375
30000,9.453125
35000,9.3203125
40000,9.3125
45000,9.359375
50000,9.3046875
