steps,returns
100000.0,624.2521
200000.0,795.70514
300000.0,743.48663
400000.0,747.58984
500000.0,718.82574
600000.0,685.16614
700000.0,681.2366
800000.0,851.4934
900000.0,1125.8207
1000000.0,1147.5432
