steps,returns
100000.0,6.0059767
200000.0,19.85235
300000.0,-38.02388
400000.0,-23.12948
500000.0,-52.615692
600000.0,-194.5921
700000.0,-287.11533
800000.0,-655.22705
900000.0,-853.7721
1000000.0,-946.4658
