steps,returns
100000.0,329.41156
200000.0,128.79114
300000.0,-353.70288
400000.0,-883.28674
500000.0,-517.8761
600000.0,-1266.6978
700000.0,-2300.7607
800000.0,-3590.527
900000.0,-5093.092
1000000.0,-6938.664
