steps,returns
1000000,-18.09375
2000000,-17.0
3000000,-17.46875
4000000,-17.578125
5000000,-17.3125
6000000,-17.140625
7000000,-17.0
8000000,-16.921875
9000000,-17.140625
10000000,-16.875
