steps,returns
1000000,-18.46875
2000000,-18.109375
3000000,-17.984375
4000000,-17.390625
5000000,-16.859375
6000000,-16.796875
7000000,-16.90625
8000000,-15.828125
9000000,-16.359375
10000000,-15.921875
