steps,returns
10000,499.59375
20000,449.28125
30000,117.3125
40000,500.0
50000,500.0
60000,9.46875
70000,22.90625
80000,462.14844
90000,500.0
100000,396.0625
