steps,returns
5000,9.4140625
10000,9.6796875
15000,9.5625
20000,25.421875
25000,62.804688
30000,55.609375
35000,106.83594
40000,233.35938
45000,104.546875
50000,74.765625
