steps,returns
1000000,-18.25
2000000,-17.796875
3000000,-17.953125
4000000,-18.375
5000000,-17.25
6000000,-17.765625
7000000,-18.046875
8000000,-18.03125
9000000,-17.90625
10000000,-17.890625
