steps,returns
10000,60.304688
20000,72.65625
30000,61.210938
40000,47.703125
50000,49.09375
60000,66.58594
70000,130.25781
80000,175.96875
90000,214.85938
100000,257.08594
