steps,returns
5000,9.34375
10000,70.36719
15000,267.39062
20000,231.51562
25000,203.23438
30000,141.24219
35000,182.22656
40000,138.27344
45000,196.78906
50000,253.60156
