steps,returns
5000,9.4453125
10000,9.3984375
15000,9.34375
20000,9.28125
25000,9.359375
30000,9.421875
35000,9.390625
40000,9.2734375
45000,9.375
50000,9.4296875
