steps,returns
1000000,17.8125
2000000,16.71875
3000000,27.96875
4000000,35.78125
5000000,35.9375
6000000,45.9375
7000000,17.5
8000000,16.71875
9000000,28.28125
10000000,17.5
