steps,returns
100000.0,734.4415
200000.0,324.99573
300000.0,-218.44653
400000.0,-2260.4373
500000.0,-8979.6
600000.0,-16299.689
700000.0,-21767.807
800000.0,-31268.568
900000.0,-107182.19
1000000.0,-173101.94
