steps,returns
1000000,17.65625
2000000,190.78125
3000000,110.46875
4000000,46.875
5000000,113.75
6000000,35.0
7000000,590.2344
8000000,79.21875
9000000,414.21875
10000000,35.3125
