steps,returns
100000.0,704.14996
200000.0,681.79767
300000.0,1358.2029
400000.0,2430.977
500000.0,2193.4531
600000.0,1179.8473
700000.0,2294.9958
800000.0,2199.041
900000.0,2226.437
1000000.0,2008.1019
