steps,returns
100000.0,1003.56445
200000.0,924.5244
300000.0,698.0681
400000.0,622.2237
500000.0,319.8829
600000.0,96.80031
700000.0,136.9099
800000.0,-85.19867
900000.0,-581.27026
1000000.0,-805.6742
