steps,returns
100000.0,878.74384
200000.0,919.06775
300000.0,383.794
400000.0,967.0131
500000.0,213.69923
600000.0,492.74747
700000.0,-107.746414
800000.0,165.23889
900000.0,-682.0411
1000000.0,-1356.1582
