steps,returns
5000,8.9296875
10000,8.890625
15000,9.0625
20000,8.9609375
25000,9.0703125
30000,9.109375
35000,9.171875
40000,9.171875
45000,9.2578125
50000,9.328125
