steps,returns
10000,448.97656
20000,160.17188
30000,500.0
40000,500.0
50000,500.0
60000,161.39062
70000,500.0
80000,500.0
90000,114.859375
100000,500.0
