steps,returns
5000,9.2421875
10000,10.4140625
15000,24.390625
20000,44.710938
25000,40.234375
30000,20.859375
35000,24.71875
40000,253.78906
45000,266.8047
50000,132.14062
