steps,returns
100000.0,984.72894
200000.0,907.09595
300000.0,881.9411
400000.0,831.34094
500000.0,180.76483
600000.0,173.7279
700000.0,1043.4365
800000.0,-1525.4198
900000.0,-78031.8
1000000.0,-168525.22
