steps,returns
10000,490.46875
20000,285.71875
30000,500.0
40000,161.16406
50000,264.35938
60000,275.16406
70000,349.14062
80000,391.33594
90000,481.7422
100000,395.98438
