steps,returns
1000000,345.70312
2000000,851.1719
3000000,705.27344
4000000,640.4297
5000000,946.875
6000000,1969.7266
7000000,3675.9766
8000000,2677.1484
9000000,4116.6016
10000000,2403.711
