steps,returns
100000.0,453.36636
200000.0,587.48303
300000.0,688.7778
400000.0,913.3357
500000.0,797.2037
600000.0,37.811356
700000.0,-309.4461
800000.0,-619.67816
900000.0,-1388.0769
1000000.0,-1769.1387
