steps,returns
10000,-500.0
20000,-500.0
30000,-491.28906
40000,-500.0
50000,-499.5547
60000,-393.41406
70000,-500.0
80000,-500.0
90000,-500.0
100000,-500.0
