steps,returns
5000,30.242188
10000,37.554688
15000,41.882812
20000,45.335938
25000,49.210938
30000,51.539062
35000,52.851562
40000,55.9375
45000,58.039062
50000,62.304688
