steps,returns
5000,9.3125
10000,11.8515625
15000,89.97656
20000,64.07031
25000,34.742188
30000,35.351562
35000,47.757812
40000,133.57031
45000,170.42969
50000,407.22656
