steps,returns
100000.0,945.17224
200000.0,823.2991
300000.0,752.97235
400000.0,877.1663
500000.0,980.94415
600000.0,1043.2346
700000.0,1083.2653
800000.0,1108.8187
900000.0,1129.9487
1000000.0,1145.6709
