steps,returns
10000,-211.60156
20000,-198.64844
30000,-203.54688
40000,-189.64062
50000,-222.05469
60000,-240.45312
70000,-271.60938
80000,-300.3125
90000,-341.73438
100000,-363.29688
