steps,returns
1000000,-17.9375
2000000,-18.21875
3000000,-18.078125
4000000,-17.96875
5000000,-17.390625
6000000,-17.71875
7000000,-18.03125
8000000,-17.25
9000000,-18.953125
10000000,-17.765625
