steps,returns
1000000,182.22656
2000000,125.0
3000000,233.20312
4000000,299.21875
5000000,301.17188
6000000,364.45312
7000000,262.3047
8000000,328.90625
9000000,525.0
10000000,389.45312
