steps,returns
100000.0,461.24084
200000.0,517.1821
300000.0,598.198
400000.0,448.03992
500000.0,1072.5894
600000.0,1100.2308
700000.0,425.02875
800000.0,789.2512
900000.0,1289.4636
1000000.0,1426.6323
