steps,returns
5000,9.28125
10000,9.3984375
15000,9.34375
20000,9.265625
25000,9.40625
30000,9.390625
35000,9.4609375
40000,9.4609375
45000,9.2734375
50000,9.2890625
