steps,returns
1000000,748.0469
2000000,782.22656
3000000,596.28906
4000000,642.5781
5000000,417.77344
6000000,828.5156
7000000,485.7422
8000000,426.3672
9000000,711.3281
10000000,650.78125
