steps,returns
10000,415.76562
20000,500.0
30000,500.0
40000,215.5
50000,455.60156
60000,500.0
70000,152.1875
80000,500.0
90000,500.0
100000,307.21875
