steps,returns
1000000,-17.953125
2000000,-17.890625
3000000,-17.6875
4000000,-17.859375
5000000,-17.296875
6000000,-18.09375
7000000,-17.875
8000000,-17.6875
9000000,-18.328125
10000000,-17.5
