steps,returns
10000,322.84375
20000,463.875
30000,370.89062
40000,500.0
50000,422.8125
60000,494.60938
70000,500.0
80000,500.0
90000,500.0
100000,500.0
