steps,returns
1000000,17.34375
2000000,158.4375
3000000,43.75
4000000,475.85938
5000000,226.01562
6000000,192.65625
7000000,685.625
8000000,164.375
9000000,1025.0
10000000,831.9531
