steps,returns
5000,9.265625
10000,9.3203125
15000,9.2734375
20000,9.2734375
25000,9.3515625
30000,9.296875
35000,9.40625
40000,9.3828125
45000,9.40625
50000,9.265625
