steps,returns
1000000,-16.765625
2000000,-15.65625
3000000,-14.921875
4000000,-14.46875
5000000,-16.078125
6000000,-14.171875
7000000,-13.671875
8000000,-13.796875
9000000,-13.953125
10000000,-14.625
