steps,returns
5000,62.132812
10000,65.35156
15000,62.320312
20000,61.984375
25000,62.984375
30000,59.023438
35000,58.914062
40000,62.539062
45000,60.09375
50000,60.148438
