steps,returns
100000.0,-1.3856009
200000.0,-1.2145482
300000.0,-1.2095386
400000.0,-1.5989945
500000.0,-2.0830164
600000.0,-3.1671278
700000.0,-4.765787
800000.0,-7.3228097
900000.0,-11.4019375
1000000.0,-12.284598
