steps,returns
1000000,17.03125
2000000,20.9375
3000000,246.25
4000000,17.96875
5000000,19.84375
6000000,18.28125
7000000,160.15625
8000000,256.25
9000000,27.96875
10000000,1168.3594
