steps,returns
10000,455.85156
20000,291.42188
30000,453.8203
40000,500.0
50000,500.0
60000,500.0
70000,500.0
80000,500.0
90000,143.83594
100000,412.1953
