steps,returns
1000000,300.0
2000000,240.82031
3000000,653.71094
4000000,745.1172
5000000,484.76562
6000000,676.1719
7000000,712.5
8000000,696.875
9000000,889.0625
10000000,1007.6172
