steps,returns
5000,55.179688
10000,59.226562
15000,66.34375
20000,62.335938
25000,71.61719
30000,65.265625
35000,73.515625
40000,75.0625
45000,69.99219
50000,77.16406
