steps,returns
1000000,40.0
2000000,27.5
3000000,27.96875
4000000,35.78125
5000000,27.03125
6000000,16.40625
7000000,17.5
8000000,16.71875
9000000,51.71875
10000000,29.0625
