steps,returns
1000000,-17.796875
2000000,-18.234375
3000000,-17.734375
4000000,-17.78125
5000000,-17.890625
6000000,-17.890625
7000000,-18.359375
8000000,-17.671875
9000000,-18.265625
10000000,-18.671875
