steps,returns
10000,500.0
20000,420.97656
30000,324.9297
40000,500.0
50000,336.78125
60000,162.17188
70000,500.0
80000,455.8672
90000,121.53906
100000,143.57031
