steps,returns
10000,138.3125
20000,354.6875
30000,386.85156
40000,388.79688
50000,500.0
60000,500.0
70000,500.0
80000,500.0
90000,500.0
100000,500.0
