steps,returns
1000000,501.17188
2000000,714.2578
3000000,818.75
4000000,1524.4141
5000000,1335.9375
6000000,655.27344
7000000,2231.25
8000000,3895.1172
9000000,3994.7266
10000000,4555.078
