steps,returns
100000.0,534.3213
200000.0,836.3468
300000.0,852.1487
400000.0,830.6012
500000.0,874.41565
600000.0,804.145
700000.0,683.33105
800000.0,1003.9065
900000.0,1094.124
1000000.0,1068.2908
