steps,returns
100000.0,1004.5122
200000.0,1027.009
300000.0,1019.3784
400000.0,1010.1837
500000.0,994.5376
600000.0,977.45184
700000.0,956.3468
800000.0,931.44617
900000.0,889.5147
1000000.0,839.48816
