steps,returns
1000000,-17.9375
2000000,-18.109375
3000000,-18.125
4000000,-18.53125
5000000,-17.84375
6000000,-18.53125
7000000,-17.546875
8000000,-17.609375
9000000,-17.984375
10000000,-17.796875
