steps,returns
1000000,1388.3594
2000000,506.79688
3000000,639.4531
4000000,664.84375
5000000,1264.8438
6000000,1024.7656
7000000,539.21875
8000000,1241.9531
9000000,1694.0625
10000000,1385.7812
