steps,returns
100000.0,1243.3956
200000.0,1049.2285
300000.0,909.18353
400000.0,847.03876
500000.0,810.0921
600000.0,805.53674
700000.0,790.23474
800000.0,770.20703
900000.0,783.8696
1000000.0,668.9187
