steps,returns
100000.0,679.32825
200000.0,655.2103
300000.0,547.14514
400000.0,536.5638
500000.0,509.86346
600000.0,495.13702
700000.0,538.02856
800000.0,568.53564
900000.0,537.69446
1000000.0,528.20087
