steps,returns
1000000,-18.296875
2000000,-18.0625
3000000,-17.71875
4000000,-17.90625
5000000,-18.09375
6000000,-18.296875
7000000,-18.078125
8000000,-17.828125
9000000,-17.921875
10000000,-18.078125
