steps,returns
100000.0,122.48332
200000.0,141.40631
300000.0,146.44733
400000.0,148.38397
500000.0,147.58829
600000.0,147.20401
700000.0,145.6696
800000.0,147.56915
900000.0,148.0097
1000000.0,148.49945
