steps,returns
100000.0,1011.8779
200000.0,747.3827
300000.0,608.21936
400000.0,501.23468
500000.0,473.9209
600000.0,479.4343
700000.0,475.45294
800000.0,470.48108
900000.0,469.9829
1000000.0,482.90045
