steps,returns
5000,53.6875
10000,55.554688
15000,52.726562
20000,63.867188
25000,98.765625
30000,124.77344
35000,101.50781
40000,95.64844
45000,114.57031
50000,500.0
