steps,returns
1000000,-18.296875
2000000,-17.90625
3000000,-18.484375
4000000,-17.703125
5000000,-17.625
6000000,-17.90625
7000000,-18.125
8000000,-17.453125
9000000,-18.09375
10000000,-18.015625
