steps,returns
5000,8.8125
10000,8.9140625
15000,8.859375
20000,8.9453125
25000,8.921875
30000,8.9296875
35000,9.078125
40000,9.0234375
45000,8.9921875
50000,9.078125
