steps,returns
10000,364.3203
20000,471.6172
30000,498.75
40000,467.53125
50000,500.0
60000,292.54688
70000,500.0
80000,464.35156
90000,495.67188
100000,500.0
