{"config": {"hp_config.clip_eps": 0.012136352311030607, "hp_config.ent_coef": 0.21505799218836996, "hp_config.gae_lambda": 0.9303597065089436, "hp_config.learning_rate": 0.018459922814136477, "hp_config.max_grad_norm": 0.4753247822120824, "hp_config.minibatch_size": 512, "hp_config.normalize_advantage": true, "hp_config.vf_clip_eps": 0.00675435331335944, "hp_config.vf_coef": 0.4837528647017362}, "score": -18.78125, "budget_used": 128, "total_wallclock_time": -3979.1341667175293, "total_optimization_time": 0.013214588165283203}
