steps,returns
5000,9.578125
10000,48.125
15000,229.3125
20000,131.46094
25000,129.34375
30000,185.69531
35000,192.32031
40000,141.57812
45000,105.71875
50000,99.421875
