steps,returns
5000,71.52344
10000,65.72656
15000,34.4375
20000,219.28125
25000,212.72656
30000,25.984375
35000,124.67969
40000,107.14844
45000,53.59375
50000,86.8125
