steps,returns
1000000,-17.59375
2000000,-17.921875
3000000,-17.84375
4000000,-17.9375
5000000,-17.765625
6000000,-18.21875
7000000,-17.625
8000000,-17.6875
9000000,-18.25
10000000,-17.703125
