steps,returns
10000,276.42188
20000,496.2578
30000,276.15625
40000,192.59375
50000,260.47656
60000,500.0
70000,499.9375
80000,476.01562
90000,182.57031
100000,499.98438
