steps,returns
1000000,-17.671875
2000000,-15.375
3000000,-16.765625
4000000,-15.296875
5000000,-13.75
6000000,-15.671875
7000000,-14.5
8000000,-14.90625
9000000,-16.296875
10000000,-15.015625
