steps,returns
1000000,723.6328
2000000,576.3672
3000000,766.9922
4000000,805.0781
5000000,541.60156
6000000,819.33594
7000000,1425.1953
8000000,773.4375
9000000,922.65625
10000000,767.1875
