steps,returns
100000.0,-921.5414
200000.0,-1020.2991
300000.0,-883.59393
400000.0,-902.8165
500000.0,-967.35815
600000.0,-974.42596
700000.0,-900.241
800000.0,-964.9934
900000.0,-936.81354
1000000.0,-948.53076
