steps,returns
100000.0,525.6448
200000.0,916.83374
300000.0,920.2191
400000.0,874.8556
500000.0,884.23047
600000.0,876.3067
700000.0,859.8718
800000.0,923.2449
900000.0,1045.0776
1000000.0,1163.708
