steps,returns
1000000,325.1953
2000000,805.8594
3000000,440.625
4000000,516.7969
5000000,742.96875
6000000,610.15625
7000000,749.41406
8000000,766.21094
9000000,754.4922
10000000,741.40625
