steps,returns
1000000,-18.171875
2000000,-18.109375
3000000,-18.078125
4000000,-17.453125
5000000,-18.09375
6000000,-18.015625
7000000,-17.75
8000000,-18.09375
9000000,-17.96875
10000000,-18.015625
