steps,returns
1000000,-17.375
2000000,-17.8125
3000000,-18.421875
4000000,-17.59375
5000000,-17.609375
6000000,-18.0
7000000,-17.890625
8000000,-17.875
9000000,-17.859375
10000000,-17.890625
