steps,returns
10000,291.79688
20000,255.78906
30000,499.23438
40000,500.0
50000,130.14062
60000,100.44531
70000,500.0
80000,234.55469
90000,127.10156
100000,500.0
