steps,returns
10000,85.71094
20000,109.75781
30000,112.546875
40000,114.546875
50000,126.828125
60000,99.66406
70000,121.46875
80000,110.66406
90000,118.75781
100000,111.03906
