steps,returns
5000,9.3359375
10000,9.3046875
15000,9.375
20000,9.375
25000,9.3046875
30000,9.2890625
35000,9.3203125
40000,9.375
45000,9.234375
50000,9.375
