steps,returns
1000000,-1.3125
2000000,-1.25
3000000,-1.3125
4000000,-1.5
5000000,-1.25
6000000,-1.390625
7000000,-1.3125
8000000,-1.328125
9000000,-1.328125
10000000,-1.359375
