steps,returns
1000000,-17.5
2000000,-17.671875
3000000,-17.703125
4000000,-17.828125
5000000,-17.9375
6000000,-18.25
7000000,-18.203125
8000000,-17.9375
9000000,-17.5625
10000000,-17.859375
