steps,returns
100000.0,-0.85453176
200000.0,-0.902564
300000.0,-1.7426344
400000.0,-5.950087
500000.0,27.043926
600000.0,17.352257
700000.0,43.70942
800000.0,-62.493637
900000.0,-162.69244
1000000.0,-260.19727
