steps,returns
10000,133.38281
20000,127.4375
30000,133.34375
40000,137.46094
50000,128.46875
60000,131.54688
70000,142.83594
80000,134.11719
90000,137.69531
100000,148.24219
