steps,returns
10000,262.71875
20000,139.38281
30000,500.0
40000,499.91406
50000,500.0
60000,266.2422
70000,500.0
80000,500.0
90000,500.0
100000,500.0
