steps,returns
1000000,-18.078125
2000000,-17.734375
3000000,-17.5
4000000,-17.46875
5000000,-17.234375
6000000,-17.59375
7000000,-17.5625
8000000,-17.34375
9000000,-16.6875
10000000,-17.125
