steps,returns
5000,11.6171875
10000,21.015625
15000,134.125
20000,301.59375
25000,151.15625
30000,296.0625
35000,278.89844
40000,115.88281
45000,119.703125
50000,117.703125
