steps,returns
1000000,-17.90625
2000000,-18.546875
3000000,-17.765625
4000000,-17.828125
5000000,-17.828125
6000000,-18.40625
7000000,-17.796875
8000000,-18.3125
9000000,-17.9375
10000000,-17.609375
