steps,returns
10000,-260.8672
20000,-272.8125
30000,-275.8672
40000,-265.73438
50000,-282.5
60000,-268.91406
70000,-290.42188
80000,-281.7578
90000,-284.8125
100000,-289.35156
