steps,returns
100000.0,713.7406
200000.0,786.12854
300000.0,595.8576
400000.0,720.35315
500000.0,594.33203
600000.0,439.26324
700000.0,-453.37582
800000.0,-369.36642
900000.0,-903.5112
1000000.0,-1780.0698
