steps,returns
10000,429.0078
20000,184.42969
30000,162.40625
40000,82.828125
50000,9.7421875
60000,27.789062
70000,9.4296875
80000,500.0
90000,77.14844
100000,108.15625
