steps,returns
100000.0,993.9043
200000.0,667.36304
300000.0,779.9388
400000.0,771.54614
500000.0,948.84985
600000.0,925.73254
700000.0,906.56476
800000.0,878.9969
900000.0,873.19763
1000000.0,904.4689
