steps,returns
1000000,-18.453125
2000000,-17.609375
3000000,-18.078125
4000000,-17.546875
5000000,-16.984375
6000000,-16.765625
7000000,-15.734375
8000000,-16.390625
9000000,-16.25
10000000,-15.890625
