steps,returns
10000,121.67969
20000,124.171875
30000,114.41406
40000,129.32031
50000,138.09375
60000,135.79688
70000,156.83594
80000,146.92188
90000,156.39844
100000,168.55469
