steps,returns
5000,9.3046875
10000,11.625
15000,55.046875
20000,50.164062
25000,184.14844
30000,85.00781
35000,82.828125
40000,75.515625
45000,127.91406
50000,146.0
