steps,returns
1000000,-17.65625
2000000,-17.953125
3000000,-16.84375
4000000,-16.3125
5000000,-17.3125
6000000,-16.328125
7000000,-15.0625
8000000,-15.75
9000000,-14.796875
10000000,-14.34375
