steps,returns
100000.0,-0.66555274
200000.0,-0.75929314
300000.0,47.358044
400000.0,-52.667267
500000.0,-200.51465
600000.0,-497.02875
700000.0,-519.01843
800000.0,-510.57043
900000.0,-736.7964
1000000.0,-908.6422
