steps,returns
100000.0,611.0506
200000.0,541.3955
300000.0,731.28674
400000.0,671.9896
500000.0,634.75745
600000.0,676.6886
700000.0,767.8279
800000.0,797.9707
900000.0,963.1052
1000000.0,1112.2942
