steps,returns
1000000,125.0
2000000,400.0
3000000,425.0
4000000,689.84375
5000000,475.0
6000000,475.0
7000000,525.0
8000000,1399.2188
9000000,460.15625
10000000,3850.0
