steps,returns
100000.0,273.43338
200000.0,275.71628
300000.0,257.7683
400000.0,1288.1309
500000.0,1269.9089
600000.0,1224.7317
700000.0,1271.5583
800000.0,1293.5387
900000.0,1321.6118
1000000.0,1319.7773
