steps,returns
100000.0,705.985
200000.0,706.651
300000.0,676.568
400000.0,763.58325
500000.0,772.8567
600000.0,890.03174
700000.0,883.4614
800000.0,875.90283
900000.0,899.93066
1000000.0,835.9735
