steps,returns
100000.0,681.326
200000.0,705.1405
300000.0,980.7313
400000.0,993.61475
500000.0,1009.1511
600000.0,1005.8258
700000.0,1038.8475
800000.0,984.80383
900000.0,1052.7699
1000000.0,1108.7849
