steps,returns
100000.0,776.06555
200000.0,731.1814
300000.0,585.27734
400000.0,649.33057
500000.0,713.3356
600000.0,753.72205
700000.0,806.78253
800000.0,942.6632
900000.0,849.3302
1000000.0,813.526
