steps,returns
1000000,-17.71875
2000000,-17.921875
3000000,-17.6875
4000000,-18.53125
5000000,-18.046875
6000000,-17.546875
7000000,-18.34375
8000000,-18.171875
9000000,-17.6875
10000000,-17.71875
