steps,returns
100000.0,449.80457
200000.0,-250.62163
300000.0,-3096.8198
400000.0,-4819.9814
500000.0,-4347.58
600000.0,-6215.4785
700000.0,-5510.545
800000.0,-5606.545
900000.0,-5910.6045
1000000.0,-5877.6255
