steps,returns
100000.0,1027.374
200000.0,1020.56934
300000.0,1014.42505
400000.0,1000.12134
500000.0,982.30676
600000.0,974.21985
700000.0,955.69775
800000.0,920.92175
900000.0,878.12683
1000000.0,832.2489
