steps,returns
100000.0,-0.29854137
200000.0,-153.09982
300000.0,-550.7799
400000.0,-1633.172
500000.0,-1866.3345
600000.0,-2097.1497
700000.0,-1524.7473
800000.0,-1602.3488
900000.0,-1149.3882
1000000.0,-945.90967
