steps,returns
100000.0,838.26184
200000.0,414.42175
300000.0,-438.5781
400000.0,-3007.5693
500000.0,-7449.975
600000.0,-15069.344
700000.0,-26408.941
800000.0,-115473.234
900000.0,-209514.5
1000000.0,-126924.59
