steps,returns
1000000,-17.84375
2000000,-17.9375
3000000,-17.359375
4000000,-17.59375
5000000,-17.078125
6000000,-17.53125
7000000,-16.734375
8000000,-16.3125
9000000,-15.984375
10000000,-15.484375
