steps,returns
100000.0,784.4804
200000.0,713.6402
300000.0,560.3937
400000.0,557.0072
500000.0,578.55035
600000.0,633.47156
700000.0,595.8003
800000.0,658.25183
900000.0,845.4695
1000000.0,1098.2568
