steps,returns
5000,89.765625
10000,97.515625
15000,102.609375
20000,96.30469
25000,75.3125
30000,55.1875
35000,53.289062
40000,37.015625
45000,22.648438
50000,16.882812
