steps,returns
10000,72.078125
20000,67.71094
30000,65.21094
40000,77.86719
50000,84.88281
60000,89.484375
70000,85.52344
80000,113.30469
90000,141.72656
100000,154.66406
