steps,returns
1000000,-17.875
2000000,-18.046875
3000000,-18.109375
4000000,-17.609375
5000000,-17.90625
6000000,-18.234375
7000000,-17.984375
8000000,-17.875
9000000,-17.75
10000000,-18.390625
