steps,returns
5000,73.42969
10000,79.82031
15000,282.8672
20000,215.84375
25000,354.78906
30000,235.83594
35000,325.04688
40000,260.42188
45000,212.83594
50000,332.4297
