steps,returns
1000000,253.90625
2000000,28.59375
3000000,16.71875
4000000,17.34375
5000000,46.25
6000000,17.03125
7000000,49.375
8000000,26.40625
9000000,54.84375
10000000,51.09375
