steps,returns
5000,77.21094
10000,89.90625
15000,80.796875
20000,80.484375
25000,91.72656
30000,86.66406
35000,81.421875
40000,85.296875
45000,81.91406
50000,84.07031
