steps,returns
5000,38.515625
10000,31.195312
15000,58.515625
20000,14.8828125
25000,104.71875
30000,175.78125
35000,95.0625
40000,63.929688
45000,124.64844
50000,85.39844
