steps,returns
100000.0,-113.16339
200000.0,-128.77066
300000.0,-94.05224
400000.0,-73.76877
500000.0,-122.137665
600000.0,-91.45851
700000.0,-124.19993
800000.0,-139.28711
900000.0,-123.434235
1000000.0,-138.74326
