steps,returns
100000.0,881.017
200000.0,880.61536
300000.0,836.20374
400000.0,581.5542
500000.0,786.463
600000.0,762.7916
700000.0,1044.1267
800000.0,465.53787
900000.0,210.56573
1000000.0,455.03387
