steps,returns
100000.0,1029.2231
200000.0,1001.29895
300000.0,1003.57947
400000.0,1000.54193
500000.0,997.5293
600000.0,1076.9546
700000.0,1110.6675
800000.0,1110.1404
900000.0,1126.1149
1000000.0,1037.9193
