steps,returns
1000000,-17.46875
2000000,-18.171875
3000000,-17.921875
4000000,-17.375
5000000,-18.0
6000000,-18.046875
7000000,-17.578125
8000000,-17.609375
9000000,-17.171875
10000000,-17.046875
