steps,returns
10000,276.8047
20000,419.65625
30000,421.95312
40000,432.85938
50000,442.08594
60000,438.78125
70000,448.09375
80000,451.4375
90000,414.32812
100000,364.84375
