steps,returns
100000.0,-140.75616
200000.0,-157.08325
300000.0,-159.66418
400000.0,-171.49872
500000.0,-137.96129
600000.0,-134.1358
700000.0,-149.87068
800000.0,-143.07571
900000.0,-157.64899
1000000.0,-168.86484
