steps,returns
100000.0,888.84094
200000.0,744.8176
300000.0,732.8285
400000.0,688.8082
500000.0,654.3009
600000.0,603.9685
700000.0,586.7403
800000.0,588.34076
900000.0,588.63446
1000000.0,568.6761
