steps,returns
1000000,150.0
2000000,350.0
3000000,156.64062
4000000,350.0
5000000,250.0
6000000,328.125
7000000,216.79688
8000000,275.0
9000000,264.84375
10000000,367.96875
