steps,returns
10000,-500.0
20000,-500.0
30000,-500.0
40000,-500.0
50000,-366.10938
60000,-500.0
70000,-110.046875
80000,-354.9922
90000,-500.0
100000,-500.0
