steps,returns
10000,87.65625
20000,143.03906
30000,150.32031
40000,240.74219
50000,399.375
60000,217.63281
70000,281.66406
80000,454.1172
90000,304.85156
100000,207.82031
