steps,returns
1000000,325.0
2000000,225.0
3000000,225.0
4000000,273.4375
5000000,231.05469
6000000,254.88281
7000000,230.85938
8000000,272.26562
9000000,266.01562
10000000,262.10938
