steps,returns
5000,9.453125
10000,9.5703125
15000,9.5859375
20000,9.5078125
25000,9.453125
30000,9.5546875
35000,9.5390625
40000,9.5
45000,9.4375
50000,9.4765625
