steps,returns
1000000,69.6875
2000000,36.09375
3000000,16.5625
4000000,26.09375
5000000,15.625
6000000,300.0
7000000,23.90625
8000000,209.6875
9000000,66.5625
10000000,43.125
