steps,returns
1000000,333.98438
2000000,591.21094
3000000,396.09375
4000000,467.57812
5000000,537.3047
6000000,862.3047
7000000,751.9531
8000000,656.6406
9000000,305.27344
10000000,516.9922
