steps,returns
1000000,17.8125
2000000,64.53125
3000000,212.34375
4000000,263.28125
5000000,236.71875
6000000,162.1875
7000000,260.78125
8000000,362.1875
9000000,250.15625
10000000,384.0625
