steps,returns
1000000,-18.328125
2000000,-17.796875
3000000,-18.015625
4000000,-17.875
5000000,-18.015625
6000000,-18.296875
7000000,-17.546875
8000000,-18.3125
9000000,-18.25
10000000,-18.234375
