steps,returns
1000000,150.0
2000000,291.01562
3000000,236.52344
4000000,222.65625
5000000,345.1172
6000000,353.51562
7000000,250.0
8000000,256.0547
9000000,409.1797
10000000,301.3672
