steps,returns
1000000,-18.53125
2000000,-18.09375
3000000,-17.8125
4000000,-18.03125
5000000,-17.5
6000000,-17.96875
7000000,-17.9375
8000000,-18.078125
9000000,-17.84375
10000000,-17.40625
