steps,returns
5000,9.328125
10000,9.21875
15000,34.554688
20000,71.64844
25000,33.921875
30000,34.976562
35000,71.0
40000,20.53125
45000,45.742188
50000,148.57031
