steps,returns
1000000,1869.9219
2000000,1325.7812
3000000,792.96875
4000000,730.0781
5000000,2291.6016
6000000,541.9922
7000000,474.02344
8000000,592.96875
9000000,669.53125
10000000,516.40625
