steps,returns
10000,-144.57031
20000,-426.64844
30000,-500.0
40000,-499.5
50000,-500.0
60000,-369.8203
70000,-500.0
80000,-500.0
90000,-500.0
100000,-500.0
