steps,returns
1000000,17.03125
2000000,112.96875
3000000,371.5625
4000000,18.125
5000000,16.25
6000000,19.375
7000000,19.375
8000000,17.65625
9000000,20.0
10000000,17.8125
