steps,returns
1000000,-17.3125
2000000,-17.84375
3000000,-17.65625
4000000,-17.921875
5000000,-17.15625
6000000,-18.03125
7000000,-17.5
8000000,-17.984375
9000000,-18.234375
10000000,-17.890625
