steps,returns
1000000,-17.90625
2000000,-17.40625
3000000,-18.46875
4000000,-18.046875
5000000,-17.875
6000000,-17.84375
7000000,-18.0625
8000000,-18.125
9000000,-18.03125
10000000,-17.34375
