steps,returns
5000,10.015625
10000,15.609375
15000,30.914062
20000,44.164062
25000,33.460938
30000,86.74219
35000,73.66406
40000,210.79688
45000,146.07031
50000,350.20312
