steps,returns
1000000,-18.25
2000000,-17.515625
3000000,-17.296875
4000000,-17.4375
5000000,-17.328125
6000000,-17.46875
7000000,-17.984375
8000000,-17.484375
9000000,-17.796875
10000000,-17.515625
