steps,returns
10000,147.73438
20000,277.7422
30000,492.2422
40000,475.72656
50000,498.6797
60000,499.03125
70000,382.60938
80000,255.29688
90000,500.0
100000,500.0
