steps,returns
1000000,150.0
2000000,250.0
3000000,323.6328
4000000,514.64844
5000000,669.1406
6000000,674.21875
7000000,813.47656
8000000,625.97656
9000000,649.6094
10000000,567.1875
