steps,returns
5000,83.328125
10000,90.578125
15000,80.82031
20000,79.640625
25000,67.66406
30000,56.859375
35000,51.632812
40000,48.242188
45000,38.859375
50000,24.03125
