steps,returns
10000,129.45312
20000,69.640625
30000,63.117188
40000,52.234375
50000,49.289062
60000,40.664062
70000,35.835938
80000,36.039062
90000,61.359375
100000,120.94531
