steps,returns
100000.0,382.72333
200000.0,200.99605
300000.0,177.3519
400000.0,356.05194
500000.0,583.8746
600000.0,722.1373
700000.0,688.67645
800000.0,683.4016
900000.0,682.5719
1000000.0,687.1307
