steps,returns
1000000,-18.1875
2000000,-17.515625
3000000,-18.328125
4000000,-17.6875
5000000,-17.796875
6000000,-17.921875
7000000,-17.96875
8000000,-17.4375
9000000,-17.46875
10000000,-17.90625
