steps,returns
5000,9.3515625
10000,9.3125
15000,9.2578125
20000,9.4375
25000,9.3671875
30000,9.3515625
35000,9.3515625
40000,9.234375
45000,9.390625
50000,9.359375
