steps,returns
1000000,-17.859375
2000000,-17.984375
3000000,-18.546875
4000000,-18.21875
5000000,-18.125
6000000,-18.125
7000000,-17.8125
8000000,-17.75
9000000,-17.890625
10000000,-17.65625
