steps,returns
10000,273.5078
20000,431.39844
30000,460.40625
40000,500.0
50000,473.33594
60000,500.0
70000,52.070312
80000,500.0
90000,63.828125
100000,500.0
