steps,returns
100000.0,935.32983
200000.0,679.45215
300000.0,673.963
400000.0,93.010376
500000.0,-661.9944
600000.0,-1592.8418
700000.0,-3935.6978
800000.0,-6710.9736
900000.0,-9767.033
1000000.0,-16506.246
