steps,returns
10000,85.765625
20000,76.21094
30000,74.234375
40000,69.65625
50000,73.03125
60000,72.14844
70000,74.46875
80000,75.77344
90000,70.203125
100000,66.86719
