steps,returns
1000000,-17.8125
2000000,-17.125
3000000,-16.046875
4000000,-16.53125
5000000,-17.15625
6000000,-16.703125
7000000,-16.40625
8000000,-16.15625
9000000,-15.84375
10000000,-16.3125
