steps,returns
100000.0,203.3243
200000.0,493.64526
300000.0,852.3141
400000.0,843.55164
500000.0,863.1572
600000.0,859.64355
700000.0,856.5813
800000.0,847.4446
900000.0,851.0737
1000000.0,862.3716
