steps,returns
5000,9.3515625
10000,9.3203125
15000,9.1875
20000,9.375
25000,10.859375
30000,13.28125
35000,20.421875
40000,98.50781
45000,130.17188
50000,29.515625
