steps,returns
100000.0,847.63666
200000.0,1025.9016
300000.0,641.42834
400000.0,525.5958
500000.0,488.73474
600000.0,511.61853
700000.0,563.80023
800000.0,578.82263
900000.0,556.5392
1000000.0,599.8622
