steps,returns
1000000,-18.25
2000000,-18.1875
3000000,-17.640625
4000000,-18.359375
5000000,-17.65625
6000000,-18.125
7000000,-18.078125
8000000,-17.65625
9000000,-18.265625
10000000,-17.875
