steps,returns
5000,45.359375
10000,38.15625
15000,21.03125
20000,15.765625
25000,19.734375
30000,35.601562
35000,34.117188
40000,19.007812
45000,16.742188
50000,19.96875
