steps,returns
1000000,50.0
2000000,28.125
3000000,17.96875
4000000,29.21875
5000000,53.90625
6000000,34.375
7000000,17.8125
8000000,28.90625
9000000,17.96875
10000000,17.34375
