steps,returns
10000,73.14844
20000,54.679688
30000,48.65625
40000,119.96094
50000,129.91406
60000,134.36719
70000,132.0625
80000,140.5
90000,141.96094
100000,137.42188
