steps,returns
100000,-200.0
200000,-200.0
300000,-200.0
400000,-200.0
500000,-188.46875
600000,-200.0
700000,-200.0
800000,-200.0
900000,-199.39062
1000000,-193.375
