steps,returns
10000,280.0
20000,427.7422
30000,170.71875
40000,487.78125
50000,376.1172
60000,279.41406
70000,459.78906
80000,343.53906
90000,500.0
100000,500.0
