steps,returns
10000,95.74219
20000,84.875
30000,75.08594
40000,84.92969
50000,111.33594
60000,132.10938
70000,155.71875
80000,222.28906
90000,260.60156
100000,450.6328
