steps,returns
1000000,17.65625
2000000,543.90625
3000000,1656.7188
4000000,1647.7344
5000000,3012.0312
6000000,1278.6719
7000000,4261.7188
8000000,3049.1406
9000000,3997.1875
10000000,4895.4688
