steps,returns
100000.0,650.8583
200000.0,664.37305
300000.0,664.5408
400000.0,641.8511
500000.0,655.22217
600000.0,659.09393
700000.0,878.8982
800000.0,1046.6123
900000.0,1424.4037
1000000.0,1384.7957
