steps,returns
10000,439.33594
20000,158.45312
30000,159.57031
40000,246.59375
50000,500.0
60000,457.53906
70000,500.0
80000,500.0
90000,500.0
100000,500.0
