steps,returns
10000,-500.0
20000,-291.45312
30000,-496.8828
40000,-101.6875
50000,-500.0
60000,-266.84375
70000,-477.5625
80000,-162.02344
90000,-85.359375
100000,-84.890625
