steps,returns
100000.0,670.8065
200000.0,722.3135
300000.0,958.54047
400000.0,753.865
500000.0,469.37872
600000.0,377.81738
700000.0,296.19363
800000.0,140.40314
900000.0,-273.24103
1000000.0,-229.3446
