steps,returns
5000,12.6484375
10000,20.4375
15000,112.13281
20000,156.15625
25000,168.25781
30000,129.71094
35000,176.49219
40000,154.10938
45000,225.63281
50000,117.171875
