steps,returns
1000000,-18.0625
2000000,-17.765625
3000000,-18.28125
4000000,-18.078125
5000000,-17.859375
6000000,-17.515625
7000000,-17.265625
8000000,-17.484375
9000000,-18.0625
10000000,-17.703125
