steps,returns
10000,-266.1875
20000,-285.625
30000,-295.5703
40000,-328.125
50000,-319.7422
60000,-344.15625
70000,-390.10938
80000,-420.1875
90000,-460.1875
100000,-462.91406
