steps,returns
100000.0,11.258602
200000.0,-56.99496
300000.0,-159.0849
400000.0,-225.57135
500000.0,-218.78076
600000.0,-436.61688
700000.0,-461.2415
800000.0,-443.93317
900000.0,-559.1377
1000000.0,-759.6366
