steps,returns
1000000,150.0
2000000,250.0
3000000,177.73438
4000000,125.0
5000000,125.0
6000000,125.0
7000000,125.0
8000000,125.0
9000000,302.34375
10000000,125.0
