steps,returns
10000,91.375
20000,375.125
30000,252.25
40000,239.30469
50000,134.875
60000,87.4375
70000,388.07812
80000,404.91406
90000,133.26562
100000,486.5703
