steps,returns
1000000,-17.9375
2000000,-17.78125
3000000,-18.109375
4000000,-18.3125
5000000,-17.90625
6000000,-18.09375
7000000,-18.3125
8000000,-18.265625
9000000,-17.9375
10000000,-17.890625
