steps,returns
1000000,17.65625
2000000,16.875
3000000,16.71875
4000000,32.96875
5000000,15.78125
6000000,31.5625
7000000,17.5
8000000,27.65625
9000000,17.03125
10000000,29.53125
