steps,returns
1000000,548.4375
2000000,804.6875
3000000,725.97656
4000000,858.78906
5000000,782.4219
6000000,642.96875
7000000,459.76562
8000000,569.72656
9000000,513.28125
10000000,555.46875
