steps,returns
10000,66.0
20000,84.05469
30000,162.5625
40000,241.85156
50000,375.78906
60000,455.6172
70000,484.47656
80000,480.90625
90000,462.72656
100000,462.67188
