steps,returns
100000.0,1015.3563
200000.0,907.16064
300000.0,672.42004
400000.0,356.78754
500000.0,69.56856
600000.0,-489.49493
700000.0,-953.1072
800000.0,-1730.2965
900000.0,-2465.445
1000000.0,-4407.1694
