steps,returns
100000.0,177.87308
200000.0,177.36787
300000.0,174.77934
400000.0,169.7605
500000.0,173.53903
600000.0,171.08304
700000.0,172.25977
800000.0,174.27989
900000.0,170.47493
1000000.0,168.84402
