steps,returns
100000.0,885.3239
200000.0,760.69727
300000.0,508.80762
400000.0,723.1883
500000.0,814.55566
600000.0,1027.9285
700000.0,1460.6229
800000.0,705.99194
900000.0,719.8816
1000000.0,1019.60077
