steps,returns
5000,49.640625
10000,105.875
15000,102.421875
20000,103.765625
25000,22.242188
30000,107.015625
35000,160.91406
40000,124.46875
45000,21.726562
50000,321.6172
