steps,returns
5000,9.2890625
10000,60.695312
15000,157.25781
20000,69.140625
25000,23.546875
30000,44.632812
35000,87.0
40000,65.17969
45000,280.5703
50000,299.33594
