steps,returns
100000.0,916.0121
200000.0,814.0978
300000.0,763.1937
400000.0,723.88745
500000.0,687.1864
600000.0,659.19275
700000.0,637.7591
800000.0,606.5481
900000.0,581.9652
1000000.0,563.30457
