steps,returns
100000.0,-259.0927
200000.0,173.43198
300000.0,492.18478
400000.0,527.22327
500000.0,498.10806
600000.0,512.7846
700000.0,474.79916
800000.0,455.58868
900000.0,379.0434
1000000.0,485.55685
