steps,returns
1000000,17.34375
2000000,16.71875
3000000,17.5
4000000,17.96875
5000000,570.78125
6000000,776.7969
7000000,22.5
8000000,653.59375
9000000,81.40625
10000000,895.15625
