steps,returns
5000,42.8125
10000,38.382812
15000,48.507812
20000,42.6875
25000,45.273438
30000,46.539062
35000,71.17969
40000,306.29688
45000,115.72656
50000,137.91406
