steps,returns
10000,-500.0
20000,-499.3828
30000,-496.76562
40000,-396.66406
50000,-500.0
60000,-130.71875
70000,-359.02344
80000,-500.0
90000,-353.60156
100000,-500.0
