steps,returns
10000,105.421875
20000,87.296875
30000,104.13281
40000,105.40625
50000,98.015625
60000,112.90625
70000,105.41406
80000,108.453125
90000,95.859375
100000,111.39844
