steps,returns
10000,-434.64062
20000,-133.8125
30000,-169.85156
40000,-490.6797
50000,-434.14062
60000,-500.0
70000,-500.0
80000,-500.0
90000,-464.03906
100000,-500.0
