steps,returns
100000.0,-1.069879
200000.0,-1.2292571
300000.0,-6.8116007
400000.0,-10.448845
500000.0,-57.430073
600000.0,-157.57687
700000.0,-194.53076
800000.0,-252.35518
900000.0,-347.56512
1000000.0,-582.68976
