steps,returns
100000.0,870.1673
200000.0,910.6968
300000.0,159.48346
400000.0,1075.0372
500000.0,701.56226
600000.0,-25235.51
700000.0,-74695.22
800000.0,-116061.47
900000.0,-117232.42
1000000.0,-114230.55
