steps,returns
100000.0,1007.8677
200000.0,971.18634
300000.0,911.7344
400000.0,839.95764
500000.0,738.5723
600000.0,544.2451
700000.0,325.273
800000.0,-4.8050556
900000.0,-212.58737
1000000.0,-587.7007
