steps,returns
1000000,-18.140625
2000000,-17.796875
3000000,-18.328125
4000000,-17.578125
5000000,-17.4375
6000000,-18.21875
7000000,-18.3125
8000000,-17.84375
9000000,-17.796875
10000000,-17.78125
