steps,returns
10000,366.76562
20000,231.27344
30000,224.35938
40000,9.7578125
50000,297.0625
60000,347.8125
70000,130.53906
80000,101.984375
90000,500.0
100000,41.0
