steps,returns
5000,9.2734375
10000,9.2734375
15000,9.3515625
20000,9.3984375
25000,9.3359375
30000,9.3828125
35000,9.2421875
40000,9.3359375
45000,9.2421875
50000,9.3984375
