steps,returns
1000000,28.90625
2000000,48.75
3000000,17.5
4000000,28.28125
5000000,29.375
6000000,17.65625
7000000,16.875
8000000,41.25
9000000,28.90625
10000000,48.75
