steps,returns
100000.0,808.85376
200000.0,853.35345
300000.0,886.2766
400000.0,953.7894
500000.0,1067.7815
600000.0,1219.8088
700000.0,1254.2715
800000.0,1017.89453
900000.0,981.1887
1000000.0,988.87787
