steps,returns
100000.0,1004.1642
200000.0,956.0546
300000.0,815.0437
400000.0,700.54706
500000.0,630.7953
600000.0,570.8311
700000.0,404.37408
800000.0,329.1613
900000.0,383.7505
1000000.0,266.7498
