steps,returns
100000.0,1554.6188
200000.0,1614.6965
300000.0,1846.1665
400000.0,743.9726
500000.0,689.11255
600000.0,669.4101
700000.0,663.0095
800000.0,656.80945
900000.0,687.64624
1000000.0,582.4005
