steps,returns
1000000,386.25
2000000,248.28125
3000000,588.59375
4000000,1008.75
5000000,456.875
6000000,1363.6719
7000000,2251.7969
8000000,2903.9062
9000000,1220.7812
10000000,2945.9375
