steps,returns
1000000,150.0
2000000,271.6797
3000000,150.0
4000000,215.23438
5000000,250.0
6000000,175.0
7000000,249.21875
8000000,560.5469
9000000,508.98438
10000000,524.8047
