steps,returns
10000,131.27344
20000,195.73438
30000,499.8047
40000,500.0
50000,500.0
60000,500.0
70000,11.75
80000,498.26562
90000,500.0
100000,288.75
