steps,returns
1000000,261.32812
2000000,268.16406
3000000,565.8203
4000000,367.1875
5000000,738.47656
6000000,724.6094
7000000,692.5781
8000000,440.03906
9000000,595.89844
10000000,346.28906
