steps,returns
1000000,-18.265625
2000000,-18.375
3000000,-18.265625
4000000,-17.578125
5000000,-17.421875
6000000,-17.9375
7000000,-18.6875
8000000,-17.5
9000000,-17.609375
10000000,-17.921875
