steps,returns
1000000,604.8828
2000000,389.84375
3000000,606.4453
4000000,279.29688
5000000,706.25
6000000,709.375
7000000,383.98438
8000000,613.6719
9000000,413.28125
10000000,315.23438
