steps,returns
1000000,271.64062
2000000,230.3125
3000000,238.125
4000000,54.21875
5000000,297.65625
6000000,75.625
7000000,298.28125
8000000,131.09375
9000000,19.6875
10000000,86.71875
