steps,returns
10000,-287.6875
20000,-267.23438
30000,-283.40625
40000,-299.27344
50000,-310.97656
60000,-334.96094
70000,-327.01562
80000,-347.52344
90000,-378.5547
100000,-400.89062
