steps,returns
10000,420.28906
20000,251.46094
30000,476.53125
40000,293.96094
50000,388.92188
60000,20.132812
70000,117.24219
80000,500.0
90000,500.0
100000,500.0
