steps,returns
1000000,-17.90625
2000000,-18.015625
3000000,-18.046875
4000000,-18.078125
5000000,-17.515625
6000000,-17.6875
7000000,-17.421875
8000000,-17.84375
9000000,-17.90625
10000000,-17.8125
