steps,returns
1000000,-17.109375
2000000,-17.828125
3000000,-17.6875
4000000,-18.15625
5000000,-18.234375
6000000,-17.875
7000000,-17.984375
8000000,-16.921875
9000000,-17.046875
10000000,-17.734375
