steps,returns
1000000,-18.359375
2000000,-17.640625
3000000,-18.15625
4000000,-17.78125
5000000,-18.046875
6000000,-17.71875
7000000,-17.203125
8000000,-17.96875
9000000,-17.875
10000000,-17.734375
