steps,returns
100000.0,906.83844
200000.0,913.9826
300000.0,871.9615
400000.0,862.03076
500000.0,857.2392
600000.0,858.792
700000.0,948.8458
800000.0,1093.6868
900000.0,1138.6653
1000000.0,1162.5242
