steps,returns
1000000,17.03125
2000000,40.9375
3000000,17.96875
4000000,36.5625
5000000,16.09375
6000000,30.0
7000000,17.1875
8000000,17.34375
9000000,17.5
10000000,29.21875
