steps,returns
100000.0,919.1655
200000.0,692.7107
300000.0,651.54297
400000.0,621.4044
500000.0,685.49945
600000.0,897.48
700000.0,1161.7083
800000.0,1244.0374
900000.0,1347.19
1000000.0,1353.8098
