steps,returns
10000,159.60156
20000,352.6797
30000,354.33594
40000,337.78125
50000,500.0
60000,496.45312
70000,289.3672
80000,25.609375
90000,500.0
100000,500.0
