steps,returns
10000,407.90625
20000,479.60156
30000,207.67188
40000,212.1875
50000,500.0
60000,174.23438
70000,284.0
80000,196.92188
90000,499.78125
100000,435.5703
