steps,returns
1000000,-17.984375
2000000,-18.1875
3000000,-18.4375
4000000,-17.625
5000000,-17.3125
6000000,-17.6875
7000000,-17.984375
8000000,-17.65625
9000000,-18.140625
10000000,-18.109375
