steps,returns
10000,-500.0
20000,-108.578125
30000,-156.42188
40000,-500.0
50000,-95.5
60000,-99.0
70000,-192.80469
80000,-86.375
90000,-451.46875
100000,-91.765625
