steps,returns
5000,47.5
10000,18.164062
15000,128.39062
20000,72.453125
25000,500.0
30000,123.953125
35000,70.00781
40000,75.171875
45000,177.73438
50000,15.0625
