steps,returns
5000,37.070312
10000,34.351562
15000,19.578125
20000,21.570312
25000,44.640625
30000,91.546875
35000,116.46875
40000,166.125
45000,170.75
50000,161.94531
