steps,returns
100000.0,349.1711
200000.0,339.92688
300000.0,-124.07774
400000.0,-1052.407
500000.0,-785.0939
600000.0,-4885.5293
700000.0,-5272.626
800000.0,-6656.6426
900000.0,-29028.27
1000000.0,-73951.3
