steps,returns
100000.0,770.2009
200000.0,695.7368
300000.0,762.1249
400000.0,748.1813
500000.0,809.9657
600000.0,1292.0491
700000.0,967.66656
800000.0,783.04016
900000.0,859.8027
1000000.0,1141.8848
