steps,returns
1000000,180.46875
2000000,25.0
3000000,17.5
4000000,22.34375
5000000,783.90625
6000000,917.34375
7000000,703.59375
8000000,682.65625
9000000,118.4375
10000000,1068.2031
