steps,returns
10000,101.828125
20000,123.80469
30000,170.60938
40000,311.73438
50000,415.0625
60000,424.76562
70000,439.2578
80000,438.1172
90000,460.34375
100000,457.71094
