steps,returns
1000000,150.0
2000000,125.0
3000000,257.42188
4000000,186.71875
5000000,218.75
6000000,258.98438
7000000,261.32812
8000000,245.11719
9000000,468.35938
10000000,675.0
