steps,returns
1000000,665.2344
2000000,274.60938
3000000,336.52344
4000000,627.9297
5000000,222.65625
6000000,166.21094
7000000,157.03125
8000000,175.78125
9000000,295.89844
10000000,542.1875
