steps,returns
100000.0,78.59491
200000.0,79.18674
300000.0,78.626755
400000.0,77.98677
500000.0,78.69455
600000.0,78.659294
700000.0,78.650024
800000.0,78.59292
900000.0,78.89502
1000000.0,78.2964
