steps,returns
10000,455.40625
20000,111.86719
30000,114.57031
40000,114.828125
50000,116.8125
60000,108.94531
70000,98.58594
80000,89.171875
90000,86.21094
100000,96.75781
