steps,returns
100000.0,1086.6818
200000.0,1140.7935
300000.0,1343.9338
400000.0,1431.5544
500000.0,1333.8813
600000.0,1375.3562
700000.0,26.703617
800000.0,99.1006
900000.0,1151.0178
1000000.0,352.43842
