steps,returns
10000,117.34375
20000,488.52344
30000,376.3672
40000,9.28125
50000,9.390625
60000,9.4375
70000,9.4609375
80000,9.2734375
90000,9.40625
100000,9.375
