steps,returns
10000,118.74219
20000,81.25781
30000,93.72656
40000,101.42969
50000,109.109375
60000,102.984375
70000,107.625
80000,104.21875
90000,109.13281
100000,108.671875
