steps,returns
100000.0,25.236515
200000.0,25.748032
300000.0,26.40596
400000.0,26.056715
500000.0,26.159533
600000.0,26.01595
700000.0,25.973225
800000.0,26.051476
900000.0,26.112366
1000000.0,26.052307
