steps,returns
100000.0,975.5454
200000.0,943.53357
300000.0,1009.95807
400000.0,1057.0308
500000.0,1057.9072
600000.0,1050.1465
700000.0,993.9151
800000.0,1013.80743
900000.0,1009.7604
1000000.0,976.69025
