steps,returns
100000.0,931.20667
200000.0,917.1133
300000.0,784.7483
400000.0,630.5404
500000.0,595.7964
600000.0,544.7342
700000.0,526.7137
800000.0,497.39914
900000.0,487.31104
1000000.0,479.86557
