steps,returns
10000,120.19531
20000,108.30469
30000,70.328125
40000,73.36719
50000,73.63281
60000,59.0625
70000,54.9375
80000,48.734375
90000,41.71875
100000,38.59375
