steps,returns
1000000,-18.609375
2000000,-17.828125
3000000,-17.8125
4000000,-18.4375
5000000,-18.140625
6000000,-18.5
7000000,-17.78125
8000000,-17.984375
9000000,-17.703125
10000000,-17.890625
