steps,returns
1000000,888.8281
2000000,940.3125
3000000,1269.1406
4000000,903.2031
5000000,120.15625
6000000,32.65625
7000000,107.96875
8000000,184.53125
9000000,46.5625
10000000,28.28125
