steps,returns
100000.0,996.9911
200000.0,957.18774
300000.0,839.0581
400000.0,666.72314
500000.0,506.78076
600000.0,449.59195
700000.0,471.68417
800000.0,226.72556
900000.0,98.43996
1000000.0,24.09935
