steps,returns
100000.0,-0.88238156
200000.0,-1.4204156
300000.0,-5.2734327
400000.0,24.098892
500000.0,-59.647408
600000.0,-209.0486
700000.0,-291.8432
800000.0,-359.41785
900000.0,-487.7145
1000000.0,-647.9707
