steps,returns
100000.0,-2.313507
200000.0,11.912286
300000.0,-143.37875
400000.0,-342.25064
500000.0,-441.15637
600000.0,-610.3639
700000.0,-1347.4597
800000.0,-2142.2637
900000.0,-2182.2625
1000000.0,-2310.864
