steps,returns
100000.0,398.66788
200000.0,266.22552
300000.0,226.79472
400000.0,812.6503
500000.0,755.18
600000.0,731.4586
700000.0,720.23474
800000.0,700.5411
900000.0,693.1813
1000000.0,686.24286
