steps,returns
100000.0,-1.370184
200000.0,-0.8515291
300000.0,-1.3295705
400000.0,-3.9711456
500000.0,-23.267174
600000.0,46.574413
700000.0,126.89967
800000.0,-158.99548
900000.0,-110.7673
1000000.0,-191.09299
