steps,returns
10000,182.20312
20000,228.10938
30000,500.0
40000,76.390625
50000,129.75781
60000,500.0
70000,500.0
80000,137.48438
90000,500.0
100000,114.5625
