steps,returns
5000,66.1875
10000,63.171875
15000,55.359375
20000,46.1875
25000,46.992188
30000,39.648438
35000,42.78125
40000,46.140625
45000,42.6875
50000,43.4375
