steps,returns
10000,283.82812
20000,406.65625
30000,471.10156
40000,500.0
50000,394.23438
60000,481.71875
70000,490.91406
80000,500.0
90000,500.0
100000,500.0
