steps,returns
5000,160.96875
10000,322.02344
15000,499.17188
20000,500.0
25000,498.39844
30000,489.0
35000,492.85156
40000,474.83594
45000,452.66406
50000,421.54688
