steps,returns
1000000,125.0
2000000,236.32812
3000000,319.92188
4000000,350.0
5000000,125.0
6000000,275.0
7000000,250.0
8000000,300.97656
9000000,244.14062
10000000,313.47656
