steps,returns
1000000,317.77344
2000000,360.9375
3000000,662.8906
4000000,615.03906
5000000,644.72656
6000000,658.0078
7000000,707.03125
8000000,657.4219
9000000,551.5625
10000000,701.3672
