steps,returns
1000000,-17.890625
2000000,-17.140625
3000000,-17.15625
4000000,-15.875
5000000,-16.265625
6000000,-16.765625
7000000,-16.296875
8000000,-15.796875
9000000,-16.9375
10000000,-15.96875
