steps,returns
5000,88.58594
10000,78.21094
15000,49.882812
20000,40.21875
25000,16.429688
30000,12.109375
35000,16.601562
40000,25.671875
45000,37.195312
50000,62.835938
