steps,returns
100000.0,632.60864
200000.0,623.5394
300000.0,544.8374
400000.0,742.75415
500000.0,768.4887
600000.0,737.255
700000.0,750.2796
800000.0,806.07355
900000.0,826.4208
1000000.0,1223.3496
