steps,returns
1000000,55.15625
2000000,267.5
3000000,207.34375
4000000,721.9531
5000000,648.59375
6000000,1528.2031
7000000,1841.25
8000000,1577.3438
9000000,3306.0156
10000000,3012.3438
