steps,returns
1000000,-17.734375
2000000,-17.96875
3000000,-18.3125
4000000,-18.0625
5000000,-17.453125
6000000,-17.5625
7000000,-17.5625
8000000,-18.125
9000000,-18.21875
10000000,-17.375
