steps,returns
100000.0,719.37744
200000.0,677.7012
300000.0,486.38214
400000.0,451.63696
500000.0,480.76544
600000.0,548.5273
700000.0,415.42023
800000.0,680.85645
900000.0,912.25806
1000000.0,1479.2744
