steps,returns
100000.0,976.7463
200000.0,556.1109
300000.0,886.9264
400000.0,980.7235
500000.0,1031.8682
600000.0,1118.1125
700000.0,1116.5562
800000.0,554.43494
900000.0,547.56946
1000000.0,589.8248
