steps,returns
100000.0,1002.4718
200000.0,1004.5132
300000.0,1010.1284
400000.0,1012.12537
500000.0,1002.0923
600000.0,982.5336
700000.0,952.2389
800000.0,913.4988
900000.0,798.4662
1000000.0,733.76373
