steps,returns
1000000,-18.328125
2000000,-17.515625
3000000,-18.015625
4000000,-17.453125
5000000,-17.625
6000000,-17.765625
7000000,-17.78125
8000000,-17.65625
9000000,-17.453125
10000000,-17.84375
