steps,returns
1000000,332.22656
2000000,466.21094
3000000,307.6172
4000000,720.3125
5000000,568.75
6000000,695.5078
7000000,1076.5625
8000000,813.28125
9000000,1273.8281
10000000,782.22656
