steps,returns
5000,9.359375
10000,9.3125
15000,9.375
20000,9.34375
25000,9.34375
30000,9.390625
35000,9.3984375
40000,9.4375
45000,9.3984375
50000,9.2578125
