steps,returns
10000,-500.0
20000,-322.4453
30000,-500.0
40000,-500.0
50000,-415.96875
60000,-499.46094
70000,-500.0
80000,-500.0
90000,-498.71875
100000,-500.0
