steps,returns
100000.0,21.994661
200000.0,-396.69666
300000.0,-1115.1749
400000.0,-2071.7976
500000.0,-7062.049
600000.0,-19583.562
700000.0,-52888.242
800000.0,-107429.42
900000.0,-187734.72
1000000.0,-267666.1
