steps,returns
100000.0,1009.32306
200000.0,1013.52716
300000.0,1066.2698
400000.0,1051.7766
500000.0,1097.7783
600000.0,1056.9768
700000.0,1155.9805
800000.0,1167.3107
900000.0,1258.9974
1000000.0,1216.268
