steps,returns
5000,84.27344
10000,82.42969
15000,92.25
20000,88.90625
25000,85.53125
30000,85.41406
35000,85.25
40000,84.546875
45000,69.03906
50000,61.09375
