steps,returns
5000,9.40625
10000,9.265625
15000,9.25
20000,9.2890625
25000,9.2890625
30000,9.3984375
35000,9.296875
40000,9.3984375
45000,9.40625
50000,9.2421875
