steps,returns
1000000,-17.171875
2000000,-18.078125
3000000,-18.15625
4000000,-17.890625
5000000,-17.3125
6000000,-17.71875
7000000,-17.734375
8000000,-17.75
9000000,-18.265625
10000000,-17.625
