steps,returns
100000.0,-757.0918
200000.0,-830.3921
300000.0,-829.5915
400000.0,-846.7008
500000.0,-846.0957
600000.0,-801.43823
700000.0,-812.4065
800000.0,-824.75574
900000.0,-821.105
1000000.0,-819.088
