steps,returns
5000,70.10156
10000,71.39844
15000,71.25781
20000,77.83594
25000,86.14844
30000,78.875
35000,80.0
40000,85.828125
45000,79.08594
50000,84.83594
