steps,returns
5000,9.6640625
10000,9.640625
15000,9.6171875
20000,9.546875
25000,9.5625
30000,9.5390625
35000,9.5234375
40000,9.5625
45000,9.515625
50000,9.5078125
