steps,returns
1000000,257.22656
2000000,532.03125
3000000,612.3047
4000000,449.02344
5000000,816.7969
6000000,588.47656
7000000,943.3594
8000000,627.9297
9000000,976.3672
10000000,1012.5
