steps,returns
100000.0,-145.92044
200000.0,-141.42188
300000.0,-152.84308
400000.0,-147.1831
500000.0,-151.29715
600000.0,-143.07707
700000.0,-145.25555
800000.0,-139.94612
900000.0,-145.71828
1000000.0,-139.3481
