steps,returns
1000000,-18.09375
2000000,-18.171875
3000000,-17.203125
4000000,-18.90625
5000000,-17.796875
6000000,-18.265625
7000000,-18.21875
8000000,-18.0625
9000000,-17.96875
10000000,-17.71875
