steps,returns
100000.0,-1.0707724
200000.0,-0.35109383
300000.0,2.3328116
400000.0,34.166203
500000.0,150.9089
600000.0,-131.8505
700000.0,-121.54347
800000.0,-309.10254
900000.0,-641.4082
1000000.0,-679.3356
