steps,returns
1000000,282.22656
2000000,125.0
3000000,339.84375
4000000,125.0
5000000,250.0
6000000,320.5078
7000000,276.17188
8000000,253.90625
9000000,284.76562
10000000,187.5
