steps,returns
100000.0,982.4106
200000.0,711.77637
300000.0,64.54317
400000.0,-866.417
500000.0,-1900.2999
600000.0,-4464.0195
700000.0,-9964.634
800000.0,-19075.455
900000.0,-32593.324
1000000.0,-47178.586
