steps,returns
1000000,-17.625
2000000,-17.859375
3000000,-17.5
4000000,-18.421875
5000000,-18.28125
6000000,-17.546875
7000000,-17.875
8000000,-17.859375
9000000,-17.859375
10000000,-18.5
