steps,returns
100000.0,207.97142
200000.0,209.35408
300000.0,209.97746
400000.0,216.24518
500000.0,218.28653
600000.0,220.82755
700000.0,222.19939
800000.0,223.58566
900000.0,225.35577
1000000.0,227.80176
