steps,returns
1000000,212.89062
2000000,213.28125
3000000,212.5
4000000,806.0547
5000000,559.96094
6000000,624.8047
7000000,775.3906
8000000,701.3672
9000000,911.71875
10000000,766.9922
