steps,returns
100000.0,218.15935
200000.0,569.9667
300000.0,871.44543
400000.0,827.9203
500000.0,802.1331
600000.0,782.6644
700000.0,732.6762
800000.0,1453.0853
900000.0,1422.8678
1000000.0,1614.2065
