steps,returns
100000.0,366.0396
200000.0,244.5073
300000.0,217.4391
400000.0,719.3069
500000.0,745.9064
600000.0,732.51306
700000.0,720.40045
800000.0,728.2081
900000.0,739.19244
1000000.0,776.2381
