steps,returns
100000.0,1142.1101
200000.0,953.53064
300000.0,464.71844
400000.0,371.6142
500000.0,336.74173
600000.0,290.39822
700000.0,253.99725
800000.0,228.8458
900000.0,214.52367
1000000.0,207.48015
