steps,returns
10000,222.61719
20000,500.0
30000,500.0
40000,218.99219
50000,188.82812
60000,497.73438
70000,500.0
80000,500.0
90000,446.82812
100000,91.328125
