steps,returns
100000.0,476.8051
200000.0,484.62457
300000.0,485.84723
400000.0,492.66226
500000.0,495.36646
600000.0,491.03857
700000.0,489.43417
800000.0,498.584
900000.0,480.87866
1000000.0,484.07208
