steps,returns
5000,80.55469
10000,189.82031
15000,402.28906
20000,109.953125
25000,127.57031
30000,123.453125
35000,94.35156
40000,102.53125
45000,109.46094
50000,90.69531
