steps,returns
10000,69.984375
20000,57.460938
30000,55.609375
40000,59.429688
50000,69.92969
60000,122.10156
70000,159.875
80000,173.74219
90000,197.82812
100000,319.95312
