steps,returns
5000,9.40625
10000,36.796875
15000,195.67188
20000,58.515625
25000,68.38281
30000,128.64844
35000,309.54688
40000,114.34375
45000,122.21094
50000,130.75
