steps,returns
5000,9.3671875
10000,9.3671875
15000,12.3125
20000,17.546875
25000,16.46875
30000,43.109375
35000,19.367188
40000,75.60156
45000,78.74219
50000,49.382812
