steps,returns
1000000,17.5
2000000,17.5
3000000,17.03125
4000000,37.96875
5000000,15.625
6000000,30.46875
7000000,17.1875
8000000,52.5
9000000,28.125
10000000,50.15625
