steps,returns
1000000,325.0
2000000,125.0
3000000,292.57812
4000000,269.53125
5000000,180.85938
6000000,508.59375
7000000,593.75
8000000,467.1875
9000000,509.96094
10000000,337.89062
