steps,returns
10000,281.9297
20000,182.28125
30000,201.09375
40000,196.63281
50000,208.78125
60000,165.82031
70000,122.55469
80000,140.47656
90000,140.51562
100000,147.92188
