steps,returns
100000.0,627.06116
200000.0,170.0777
300000.0,678.87866
400000.0,555.8495
500000.0,149.63474
600000.0,-8.071305
700000.0,-49.631714
800000.0,-178.35916
900000.0,-353.2277
1000000.0,-235.93173
