steps,returns
100000.0,983.7031
200000.0,882.43713
300000.0,916.0192
400000.0,780.5099
500000.0,825.8348
600000.0,902.0174
700000.0,909.90234
800000.0,879.4534
900000.0,843.94366
1000000.0,837.6142
