steps,returns
100000.0,870.01184
200000.0,-344.21246
300000.0,-2982.2742
400000.0,-4881.8184
500000.0,-11395.998
600000.0,-16470.027
700000.0,-23688.969
800000.0,-41117.316
900000.0,-56149.617
1000000.0,-77155.516
