steps,returns
10000,-127.91406
20000,-500.0
30000,-500.0
40000,-500.0
50000,-500.0
60000,-366.96875
70000,-108.19531
80000,-500.0
90000,-500.0
100000,-500.0
