steps,returns
10000,-432.39062
20000,-500.0
30000,-500.0
40000,-500.0
50000,-500.0
60000,-500.0
70000,-498.58594
80000,-500.0
90000,-500.0
100000,-468.9375
