steps,returns
1000000,288.08594
2000000,478.125
3000000,443.16406
4000000,819.9219
5000000,2079.6875
6000000,2062.5
7000000,555.8594
8000000,4001.1719
9000000,4644.336
10000000,4931.0547
