steps,returns
1000000,17.8125
2000000,16.71875
3000000,65.9375
4000000,26.5625
5000000,326.25
6000000,21.5625
7000000,88.28125
8000000,105.15625
9000000,342.8125
10000000,16.71875
