steps,returns
10000,-185.25781
20000,-191.17969
30000,-187.15625
40000,-189.92188
50000,-190.97656
60000,-200.625
70000,-245.9375
80000,-252.13281
90000,-234.4375
100000,-261.0
