steps,returns
5000,66.57031
10000,66.421875
15000,66.44531
20000,69.21875
25000,66.328125
30000,68.33594
35000,71.36719
40000,72.21875
45000,70.0625
50000,74.28125
