steps,returns
100000.0,-0.9837887
200000.0,-0.97818536
300000.0,-0.9962917
400000.0,-1.0262377
500000.0,-1.4888892
600000.0,-1.9739223
700000.0,-3.4608455
800000.0,-5.7657204
900000.0,-9.618692
1000000.0,-12.949327
