steps,returns
100000.0,1026.1611
200000.0,986.2475
300000.0,912.4125
400000.0,779.90717
500000.0,683.6531
600000.0,657.4804
700000.0,690.44916
800000.0,648.4857
900000.0,642.8833
1000000.0,622.2162
