steps,returns
5000,9.53125
10000,9.390625
15000,9.4140625
20000,9.390625
25000,9.4453125
30000,9.2890625
35000,9.5390625
40000,9.3125
45000,9.359375
50000,9.328125
