steps,returns
1000000,-18.59375
2000000,-17.890625
3000000,-17.453125
4000000,-17.953125
5000000,-18.125
6000000,-17.59375
7000000,-18.0
8000000,-17.96875
9000000,-17.828125
10000000,-17.609375
