steps,returns
10000,169.85156
20000,100.97656
30000,86.99219
40000,90.44531
50000,84.953125
60000,92.453125
70000,98.53906
80000,117.453125
90000,122.27344
100000,141.16406
