steps,returns
100000.0,515.52844
200000.0,-208.8558
300000.0,-1755.3871
400000.0,-1003.11194
500000.0,-416.74655
600000.0,-543.3815
700000.0,-545.3484
800000.0,-631.0305
900000.0,-624.3832
1000000.0,-696.84436
