steps,returns
5000,79.21094
10000,76.828125
15000,65.015625
20000,50.929688
25000,51.039062
30000,44.3125
35000,32.71875
40000,23.429688
45000,23.28125
50000,54.429688
