steps,returns
1000000,305.3125
2000000,133.125
3000000,508.35938
4000000,225.0
5000000,365.46875
6000000,271.875
7000000,951.5625
8000000,1416.3281
9000000,842.2656
10000000,833.8281
