steps,returns
10000,99.02344
20000,98.796875
30000,111.234375
40000,123.60156
50000,116.078125
60000,117.640625
70000,130.03906
80000,136.76562
90000,154.67188
100000,148.03125
