steps,returns
100000.0,898.1819
200000.0,1391.8268
300000.0,1029.5442
400000.0,783.9004
500000.0,758.19385
600000.0,791.2473
700000.0,874.02295
800000.0,878.8585
900000.0,947.4971
1000000.0,936.0495
