steps,returns
100000.0,486.28375
200000.0,278.79944
300000.0,-492.91415
400000.0,-2081.7017
500000.0,-3810.7358
600000.0,-14153.433
700000.0,-14023.973
800000.0,-13901.975
900000.0,-14176.871
1000000.0,-14179.957
