steps,returns
10000,125.609375
20000,122.0625
30000,120.07031
40000,110.96094
50000,131.25781
60000,119.21875
70000,129.64062
80000,110.515625
90000,99.27344
100000,101.25781
