steps,returns
5000,9.2265625
10000,9.4296875
15000,9.2734375
20000,10.0390625
25000,12.2109375
30000,16.960938
35000,23.046875
40000,51.8125
45000,214.47656
50000,29.78125
