steps,returns
100000.0,809.7237
200000.0,743.5956
300000.0,670.49695
400000.0,744.69543
500000.0,1368.9604
600000.0,1104.886
700000.0,852.5919
800000.0,26.863722
900000.0,228.11969
1000000.0,502.9768
