steps,returns
5000,80.671875
10000,93.9375
15000,85.88281
20000,80.80469
25000,78.265625
30000,78.91406
35000,87.83594
40000,83.078125
45000,81.234375
50000,83.38281
