steps,returns
100000.0,796.66516
200000.0,785.4541
300000.0,811.4832
400000.0,925.73773
500000.0,820.1101
600000.0,823.2618
700000.0,1132.6135
800000.0,1353.4331
900000.0,1499.8469
1000000.0,1522.8662
