steps,returns
10000,416.6172
20000,378.6172
30000,279.70312
40000,498.95312
50000,200.50781
60000,300.23438
70000,500.0
80000,497.3828
90000,193.52344
100000,500.0
