steps,returns
100000.0,666.0438
200000.0,712.8191
300000.0,678.4656
400000.0,677.77246
500000.0,679.9436
600000.0,678.6769
700000.0,678.67285
800000.0,722.78687
900000.0,917.90894
1000000.0,1573.6365
