steps,returns
1000000,-18.171875
2000000,-18.0625
3000000,-17.4375
4000000,-18.109375
5000000,-17.515625
6000000,-17.21875
7000000,-18.234375
8000000,-18.015625
9000000,-18.078125
10000000,-17.6875
