steps,returns
100000.0,468.99353
200000.0,446.28223
300000.0,410.19165
400000.0,367.55377
500000.0,165.33281
600000.0,34.172318
700000.0,-250.3967
800000.0,-991.6175
900000.0,-1547.3612
1000000.0,-2727.4111
