steps,returns
1000000,-17.765625
2000000,-17.640625
3000000,-17.640625
4000000,-17.34375
5000000,-17.578125
6000000,-17.296875
7000000,-17.359375
8000000,-16.40625
9000000,-17.5
10000000,-16.75
