steps,returns
100000.0,515.4398
200000.0,585.91614
300000.0,592.76373
400000.0,570.0272
500000.0,431.95886
600000.0,442.98935
700000.0,433.3905
800000.0,542.6344
900000.0,477.07532
1000000.0,542.019
