steps,returns
10000,214.69531
20000,500.0
30000,454.6797
40000,500.0
50000,500.0
60000,500.0
70000,225.20312
80000,500.0
90000,500.0
100000,156.42188
