steps,returns
1000000,703.3203
2000000,823.8281
3000000,744.53125
4000000,460.35156
5000000,755.46875
6000000,658.2031
7000000,589.0625
8000000,690.03906
9000000,732.03125
10000000,657.4219
