steps,returns
1000000,340.85938
2000000,44.375
3000000,16.875
4000000,145.0
5000000,164.6875
6000000,72.8125
7000000,17.1875
8000000,47.65625
9000000,18.90625
10000000,143.125
