steps,returns
10000,152.90625
20000,138.67188
30000,126.875
40000,143.3125
50000,500.0
60000,500.0
70000,500.0
80000,499.6797
90000,358.54688
100000,396.10938
