steps,returns
10000,416.82812
20000,500.0
30000,500.0
40000,500.0
50000,500.0
60000,457.89844
70000,239.66406
80000,500.0
90000,500.0
100000,500.0
