steps,returns
100000.0,1014.6235
200000.0,978.8224
300000.0,848.87524
400000.0,665.7218
500000.0,501.31796
600000.0,339.84814
700000.0,257.7812
800000.0,239.15149
900000.0,285.09015
1000000.0,26.430347
