steps,returns
100000.0,483.8928
200000.0,901.71436
300000.0,669.92566
400000.0,534.2424
500000.0,559.17255
600000.0,855.363
700000.0,804.0033
800000.0,621.3517
900000.0,1073.5398
1000000.0,1115.9497
