steps,returns
5000,9.453125
10000,9.421875
15000,9.2578125
20000,9.4921875
25000,9.4296875
30000,9.2734375
35000,9.3828125
40000,22.6875
45000,19.890625
50000,16.117188
