steps,returns
10000,142.70312
20000,150.01562
30000,136.17969
40000,172.01562
50000,158.97656
60000,194.13281
70000,216.75781
80000,263.97656
90000,297.17188
100000,301.58594
