steps,returns
100000.0,536.8596
200000.0,538.797
300000.0,685.9186
400000.0,640.2623
500000.0,706.49634
600000.0,1191.0182
700000.0,634.6682
800000.0,844.8036
900000.0,788.96027
1000000.0,843.0796
