steps,returns
10000,148.79688
20000,500.0
30000,499.04688
40000,16.640625
50000,500.0
60000,500.0
70000,447.98438
80000,421.78906
90000,399.8828
100000,183.42188
