steps,returns
10000,170.07812
20000,252.28906
30000,406.9453
40000,444.3047
50000,498.9453
60000,500.0
70000,472.0078
80000,464.5547
90000,476.0
100000,490.96875
