steps,returns
5000,38.59375
10000,9.3046875
15000,49.195312
20000,9.3125
25000,63.203125
30000,9.421875
35000,31.460938
40000,41.703125
45000,15.0546875
50000,29.40625
