steps,returns
5000,38.78125
10000,44.25
15000,51.648438
20000,51.0625
25000,53.75
30000,52.414062
35000,51.679688
40000,53.078125
45000,46.015625
50000,46.289062
