steps,returns
100000.0,651.5751
200000.0,990.8923
300000.0,1471.0957
400000.0,203.34125
500000.0,201.32806
600000.0,-697.2564
700000.0,-24709.934
800000.0,-37566.77
900000.0,-51855.656
1000000.0,-50305.117
