steps,returns
100000.0,302.84518
200000.0,881.264
300000.0,924.84406
400000.0,872.9518
500000.0,914.1395
600000.0,1181.8354
700000.0,1253.5044
800000.0,1514.8125
900000.0,1542.03
1000000.0,1528.6897
