steps,returns
1000000,-18.109375
2000000,-18.0
3000000,-18.40625
4000000,-17.90625
5000000,-18.0
6000000,-18.375
7000000,-18.09375
8000000,-18.125
9000000,-18.0625
10000000,-17.8125
