steps,returns
10000,123.015625
20000,71.84375
30000,82.515625
40000,212.95312
50000,439.73438
60000,460.22656
70000,472.73438
80000,445.03906
90000,469.79688
100000,469.64062
