steps,returns
100000.0,80.053085
200000.0,53.239025
300000.0,56.27903
400000.0,48.923607
500000.0,46.146812
600000.0,47.679935
700000.0,49.666153
800000.0,52.071655
900000.0,53.82355
1000000.0,50.351265
