steps,returns
10000,135.82812
20000,151.90625
30000,139.89844
40000,149.53125
50000,146.82031
60000,151.78125
70000,172.24219
80000,185.59375
90000,198.71875
100000,234.21875
