steps,returns
100000.0,26.986977
200000.0,100.65291
300000.0,128.11798
400000.0,146.92178
500000.0,155.32419
600000.0,161.53322
700000.0,166.37746
800000.0,167.58391
900000.0,173.31442
1000000.0,173.09515
