steps,returns
10000,-295.3672
20000,-288.53125
30000,-323.35938
40000,-336.59375
50000,-363.89844
60000,-446.03125
70000,-486.5
80000,-493.21094
90000,-499.34375
100000,-500.0
