steps,returns
1000000,-18.390625
2000000,-18.265625
3000000,-17.859375
4000000,-18.359375
5000000,-17.9375
6000000,-18.03125
7000000,-17.875
8000000,-17.953125
9000000,-18.0625
10000000,-17.640625
