steps,returns
100000.0,835.1289
200000.0,863.34326
300000.0,886.422
400000.0,859.3245
500000.0,928.08026
600000.0,944.348
700000.0,957.6714
800000.0,950.56445
900000.0,941.23663
1000000.0,935.6846
