steps,returns
100000.0,-0.6944426
200000.0,6.318442
300000.0,52.7703
400000.0,30.897635
500000.0,-354.74615
600000.0,-156.35541
700000.0,-287.40536
800000.0,-724.0904
900000.0,-1163.357
1000000.0,-1072.3247
