steps,returns
12000,-200.0
24000,-200.0
36000,-175.35938
48000,-200.0
60000,-200.0
72000,-200.0
84000,-170.70312
96000,-200.0
108000,-200.0
120000,-200.0
