steps,returns
5000,9.1796875
10000,9.3671875
15000,9.3046875
20000,9.40625
25000,9.5390625
30000,9.4140625
35000,9.4296875
40000,9.3828125
45000,9.2734375
50000,9.6875
