steps,returns
1000000,-18.109375
2000000,-17.125
3000000,-17.890625
4000000,-18.171875
5000000,-17.796875
6000000,-17.890625
7000000,-18.46875
8000000,-18.375
9000000,-18.1875
10000000,-17.671875
