steps,returns
1000000,39.21875
2000000,43.28125
3000000,17.96875
4000000,29.21875
5000000,16.5625
6000000,29.53125
7000000,29.53125
8000000,39.53125
9000000,17.96875
10000000,29.21875
