steps,returns
100000.0,593.08154
200000.0,550.3352
300000.0,524.43536
400000.0,525.5835
500000.0,533.15295
600000.0,541.1431
700000.0,576.65393
800000.0,632.2575
900000.0,760.8513
1000000.0,888.13513
