steps,returns
1000000,125.0
2000000,150.0
3000000,125.0
4000000,250.0
5000000,125.0
6000000,250.0
7000000,267.57812
8000000,309.1797
9000000,255.66406
10000000,281.4453
