steps,returns
1000000,17.03125
2000000,16.875
3000000,17.96875
4000000,31.71875
5000000,16.09375
6000000,71.5625
7000000,48.75
8000000,28.125
9000000,55.0
10000000,39.84375
