steps,returns
10000,41.078125
20000,83.78125
30000,157.875
40000,390.04688
50000,325.39062
60000,473.28125
70000,500.0
80000,194.48438
90000,435.1875
100000,496.1953
