steps,returns
100000.0,529.3906
200000.0,928.1553
300000.0,886.29224
400000.0,822.3025
500000.0,780.64526
600000.0,745.1334
700000.0,918.02625
800000.0,1123.853
900000.0,1164.1775
1000000.0,1146.1855
