steps,returns
5000,87.47656
10000,71.00781
15000,46.65625
20000,38.125
25000,28.046875
30000,30.15625
35000,35.34375
40000,45.484375
45000,58.648438
50000,66.64844
