steps,returns
1000000,-18.296875
2000000,-18.0
3000000,-18.28125
4000000,-17.640625
5000000,-17.578125
6000000,-17.875
7000000,-17.90625
8000000,-17.09375
9000000,-18.046875
10000000,-18.125
