steps,returns
1000000,-17.546875
2000000,-17.8125
3000000,-17.609375
4000000,-17.828125
5000000,-17.265625
6000000,-17.734375
7000000,-17.390625
8000000,-17.390625
9000000,-17.265625
10000000,-17.390625
