steps,returns
100000.0,1082.7947
200000.0,789.9114
300000.0,806.8722
400000.0,872.30316
500000.0,890.7076
600000.0,935.5193
700000.0,920.92834
800000.0,924.1473
900000.0,910.1507
1000000.0,902.548
