steps,returns
1000000,-17.8125
2000000,-18.25
3000000,-18.3125
4000000,-17.8125
5000000,-18.046875
6000000,-17.90625
7000000,-18.296875
8000000,-17.59375
9000000,-18.171875
10000000,-17.453125
