steps,returns
1000000,-17.9375
2000000,-17.90625
3000000,-18.0
4000000,-18.09375
5000000,-17.65625
6000000,-18.234375
7000000,-18.046875
8000000,-18.140625
9000000,-18.078125
10000000,-17.4375
