steps,returns
100000.0,981.2031
200000.0,880.7376
300000.0,933.40137
400000.0,850.3329
500000.0,556.51794
600000.0,435.7802
700000.0,372.67664
800000.0,327.9488
900000.0,312.33542
1000000.0,300.3948
