steps,returns
5000,8.828125
10000,8.8515625
15000,8.9140625
20000,8.890625
25000,8.7890625
30000,8.8203125
35000,8.8203125
40000,8.7421875
45000,8.8046875
50000,8.8515625
