steps,returns
100000.0,633.07764
200000.0,534.37866
300000.0,479.36877
400000.0,478.3208
500000.0,488.47833
600000.0,488.90073
700000.0,498.1035
800000.0,524.42175
900000.0,531.848
1000000.0,531.6404
