steps,returns
10000,74.83594
20000,92.67969
30000,85.46094
40000,98.85156
50000,119.16406
60000,119.08594
70000,103.13281
80000,116.42969
90000,125.88281
100000,148.07031
