steps,returns
10000,129.92188
20000,126.78906
30000,156.39844
40000,172.35938
50000,362.58594
60000,343.8203
70000,280.71094
80000,426.54688
90000,414.51562
100000,492.5547
