steps,returns
100000.0,667.1256
200000.0,655.7784
300000.0,1014.32214
400000.0,1435.2341
500000.0,1163.547
600000.0,1626.3936
700000.0,503.5746
800000.0,345.23285
900000.0,186.30623
1000000.0,238.96994
