steps,returns
100000.0,402.4884
200000.0,652.05676
300000.0,315.85214
400000.0,-177.44447
500000.0,-399.5894
600000.0,-514.0398
700000.0,-673.71356
800000.0,-1084.3337
900000.0,-1851.8302
1000000.0,-3156.6204
