steps,returns
5000,9.2734375
10000,13.8046875
15000,64.61719
20000,145.48438
25000,23.726562
30000,394.2422
35000,140.99219
40000,119.39844
45000,77.17969
50000,120.38281
