steps,returns
5000,80.32031
10000,81.03906
15000,81.796875
20000,84.55469
25000,78.0625
30000,85.28906
35000,84.78906
40000,83.25781
45000,88.84375
50000,87.75
