steps,returns
100000.0,545.7461
200000.0,829.0872
300000.0,821.33215
400000.0,832.0327
500000.0,823.5789
600000.0,815.74854
700000.0,811.3907
800000.0,822.0115
900000.0,806.32574
1000000.0,820.5848
