steps,returns
5000,34.585938
10000,42.023438
15000,47.039062
20000,51.09375
25000,53.945312
30000,51.78125
35000,57.6875
40000,56.320312
45000,57.851562
50000,55.984375
