steps,returns
10000,36.140625
20000,62.101562
30000,124.078125
40000,240.01562
50000,185.21094
60000,81.97656
70000,113.17969
80000,103.22656
90000,214.92969
100000,141.39062
