steps,returns
1000000,-17.78125
2000000,-18.015625
3000000,-18.25
4000000,-18.015625
5000000,-17.953125
6000000,-17.84375
7000000,-17.796875
8000000,-18.15625
9000000,-17.859375
10000000,-17.984375
