steps,returns
10000,-285.35156
20000,-305.14844
30000,-323.8203
40000,-348.01562
50000,-433.53125
60000,-478.73438
70000,-482.29688
80000,-484.52344
90000,-492.46875
100000,-489.66406
