steps,returns
10000,430.22656
20000,500.0
30000,43.875
40000,353.22656
50000,138.71094
60000,277.70312
70000,500.0
80000,21.265625
90000,148.63281
100000,297.20312
