steps,returns
10000,157.47656
20000,102.85156
30000,124.78125
40000,146.36719
50000,223.46875
60000,252.77344
70000,345.9922
80000,266.2422
90000,352.3125
100000,281.47656
