steps,returns
100000.0,884.49634
200000.0,754.4951
300000.0,727.95935
400000.0,1023.5841
500000.0,1362.7461
600000.0,1485.3445
700000.0,1494.3025
800000.0,1459.0918
900000.0,1409.4701
1000000.0,1432.8153
