steps,returns
100000.0,1057.8992
200000.0,1019.25476
300000.0,887.6924
400000.0,696.6493
500000.0,294.489
600000.0,-483.80933
700000.0,-1415.5317
800000.0,-2667.689
900000.0,-4968.309
1000000.0,-6334.714
