steps,returns
100000.0,241.15979
200000.0,97.939026
300000.0,-393.9125
400000.0,-1117.0405
500000.0,-2478.4888
600000.0,-2779.4905
700000.0,-3301.1973
800000.0,-10121.857
900000.0,-14166.991
1000000.0,-48269.156
