steps,returns
10000,-182.97656
20000,-196.0
30000,-204.10938
40000,-198.50781
50000,-210.34375
60000,-251.67188
70000,-211.46094
80000,-245.78906
90000,-254.16406
100000,-276.4922
