steps,returns
1000000,125.0
2000000,275.0
3000000,244.72656
4000000,150.0
5000000,292.96875
6000000,239.64844
7000000,433.39844
8000000,339.64844
9000000,521.09375
10000000,352.14844
