steps,returns
100000.0,327.0403
200000.0,239.68295
300000.0,470.5001
400000.0,623.0808
500000.0,698.0337
600000.0,688.2243
700000.0,683.6404
800000.0,683.475
900000.0,684.49744
1000000.0,695.3377
