steps,returns
100000.0,315.1795
200000.0,319.63113
300000.0,762.0525
400000.0,730.567
500000.0,727.93884
600000.0,706.4049
700000.0,697.89905
800000.0,696.3821
900000.0,699.49316
1000000.0,711.0661
