steps,returns
1000000,-17.640625
2000000,-17.953125
3000000,-18.03125
4000000,-18.15625
5000000,-17.765625
6000000,-17.25
7000000,-17.375
8000000,-18.3125
9000000,-18.25
10000000,-18.171875
