steps,returns
10000,371.3828
20000,500.0
30000,500.0
40000,500.0
50000,457.1172
60000,500.0
70000,442.97656
80000,499.14844
90000,495.83594
100000,500.0
