steps,returns
1000000,1375.1562
2000000,47.65625
3000000,156.71875
4000000,276.875
5000000,174.375
6000000,57.1875
7000000,157.96875
8000000,149.84375
9000000,115.46875
10000000,122.03125
