steps,returns
5000,14.84375
10000,38.890625
15000,9.34375
20000,160.08594
25000,69.58594
30000,125.38281
35000,9.3828125
40000,114.00781
45000,79.515625
50000,87.13281
