steps,returns
1000000,-18.09375
2000000,-18.25
3000000,-17.984375
4000000,-17.65625
5000000,-18.203125
6000000,-18.375
7000000,-18.40625
8000000,-17.875
9000000,-18.0
10000000,-17.75
