steps,returns
5000,11.4140625
10000,16.757812
15000,9.40625
20000,89.22656
25000,112.4375
30000,85.35156
35000,67.77344
40000,103.046875
45000,137.85156
50000,121.4375
