steps,returns
10000,29.640625
20000,341.03906
30000,265.75
40000,287.35156
50000,291.42188
60000,339.39844
70000,456.09375
80000,462.9922
90000,493.1875
100000,499.78125
