steps,returns
1000000,353.59375
2000000,605.9375
3000000,452.03125
4000000,79.0625
5000000,36.71875
6000000,164.53125
7000000,82.5
8000000,16.5625
9000000,39.53125
10000000,49.53125
