steps,returns
100000.0,31.880236
200000.0,-143.1537
300000.0,-268.05634
400000.0,-496.57373
500000.0,-496.60864
600000.0,-149.89761
700000.0,-439.14474
800000.0,-830.9774
900000.0,-1446.8086
1000000.0,-2097.4175
