steps,returns
10000,175.125
20000,201.10156
30000,211.49219
40000,499.7422
50000,488.97656
60000,51.203125
70000,26.382812
80000,314.3125
90000,141.78125
100000,135.75781
