steps,returns
5000,20.210938
10000,20.140625
15000,9.296875
20000,17.882812
25000,25.921875
30000,45.921875
35000,55.203125
40000,119.97656
45000,226.34375
50000,158.75781
