steps,returns
1000000,-18.09375
2000000,-18.34375
3000000,-17.953125
4000000,-18.5625
5000000,-18.09375
6000000,-18.046875
7000000,-17.796875
8000000,-17.703125
9000000,-17.890625
10000000,-17.828125
