steps,returns
1000000,150.0
2000000,242.96875
3000000,150.0
4000000,330.66406
5000000,230.46875
6000000,325.78125
7000000,270.3125
8000000,316.21094
9000000,251.17188
10000000,185.54688
