steps,returns
1000000,150.0
2000000,325.0
3000000,125.0
4000000,281.25
5000000,237.89062
6000000,190.23438
7000000,198.4375
8000000,272.0703
9000000,224.21875
10000000,272.65625
