steps,returns
5000,9.03125
10000,9.1953125
15000,9.328125
20000,9.421875
25000,9.3203125
30000,9.3515625
35000,9.359375
40000,9.4140625
45000,9.296875
50000,9.3046875
