steps,returns
100000.0,615.0729
200000.0,596.4028
300000.0,569.7969
400000.0,628.85345
500000.0,592.2235
600000.0,726.3452
700000.0,716.7489
800000.0,670.74945
900000.0,628.06604
1000000.0,551.5595
