steps,returns
100000.0,1027.1261
200000.0,1024.667
300000.0,1015.5825
400000.0,1000.7915
500000.0,969.2154
600000.0,940.60754
700000.0,905.40485
800000.0,869.43604
900000.0,788.59766
1000000.0,738.0106
