steps,returns
1000000,-17.78125
2000000,-17.84375
3000000,-17.546875
4000000,-17.828125
5000000,-17.84375
6000000,-18.0625
7000000,-17.84375
8000000,-17.84375
9000000,-17.59375
10000000,-17.84375
