steps,returns
1000000,-18.015625
2000000,-17.65625
3000000,-17.53125
4000000,-17.375
5000000,-17.78125
6000000,-17.859375
7000000,-17.953125
8000000,-17.4375
9000000,-17.4375
10000000,-18.03125
