steps,returns
10000,128.75
20000,172.49219
30000,488.10938
40000,465.9375
50000,500.0
60000,500.0
70000,500.0
80000,500.0
90000,500.0
100000,131.70312
