steps,returns
10000,16.179688
20000,110.015625
30000,25.695312
40000,373.85938
50000,71.58594
60000,80.125
70000,401.625
80000,9.34375
90000,485.78906
100000,9.328125
