steps,returns
1000000,-18.015625
2000000,-18.0
3000000,-18.328125
4000000,-18.09375
5000000,-18.09375
6000000,-17.578125
7000000,-18.28125
8000000,-17.5
9000000,-18.234375
10000000,-18.28125
