steps,returns
100000.0,147.73492
200000.0,592.6374
300000.0,-309.56357
400000.0,-9054.416
500000.0,-49820.695
600000.0,-158462.97
700000.0,-432246.2
800000.0,-1173498.2
900000.0,-1994250.0
1000000.0,-3171513.8
