steps,returns
1000000,-17.65625
2000000,-17.875
3000000,-17.515625
4000000,-18.671875
5000000,-17.734375
6000000,-17.5625
7000000,-17.703125
8000000,-17.8125
9000000,-17.859375
10000000,-17.234375
