steps,returns
100000.0,1438.5916
200000.0,1585.5679
300000.0,1709.9543
400000.0,914.1083
500000.0,863.75854
600000.0,849.1369
700000.0,792.7838
800000.0,836.9232
900000.0,844.50073
1000000.0,837.3938
