steps,returns
5000,70.78906
10000,68.5
15000,79.33594
20000,77.57031
25000,81.640625
30000,84.84375
35000,86.09375
40000,83.50781
45000,89.13281
50000,86.44531
