steps,returns
5000,27.078125
10000,135.44531
15000,120.265625
20000,106.75781
25000,157.73438
30000,491.875
35000,170.40625
40000,110.92969
45000,173.72656
50000,81.47656
