steps,returns
1000000,17.1875
2000000,17.5
3000000,48.75
4000000,18.125
5000000,16.40625
6000000,17.96875
7000000,29.375
8000000,17.1875
9000000,28.75
10000000,17.65625
