steps,returns
100000.0,-1.5417137
200000.0,7.7601786
300000.0,-409.92755
400000.0,-679.88684
500000.0,-1042.1727
600000.0,-1042.3807
700000.0,-716.0485
800000.0,-918.49866
900000.0,-639.95984
1000000.0,-683.3934
