steps,returns
5000,63.632812
10000,43.867188
15000,21.0
20000,11.5546875
25000,16.109375
30000,30.765625
35000,9.359375
40000,10.8671875
45000,18.96875
50000,34.234375
