steps,returns
100000.0,644.30994
200000.0,-244.84138
300000.0,-913.4734
400000.0,-1479.9354
500000.0,-2411.2896
600000.0,-3066.5183
700000.0,-8999.92
800000.0,-15832.983
900000.0,-36418.75
1000000.0,-54234.87
