steps,returns
1000000,-18.828125
2000000,-18.03125
3000000,-18.203125
4000000,-17.96875
5000000,-17.796875
6000000,-17.71875
7000000,-17.109375
8000000,-17.53125
9000000,-18.046875
10000000,-17.5625
