steps,returns
100000.0,-1.1415031
200000.0,-1.1913397
300000.0,-1.2019856
400000.0,-1.2145586
500000.0,-1.8143144
600000.0,-1.7131456
700000.0,-2.8533165
800000.0,8.648452
900000.0,52.23369
1000000.0,22.655878
