steps,returns
1000000,-18.625
2000000,-17.953125
3000000,-18.0625
4000000,-18.890625
5000000,-17.859375
6000000,-18.0
7000000,-17.9375
8000000,-17.953125
9000000,-17.734375
10000000,-17.828125
