steps,returns
100000.0,570.4712
200000.0,421.30524
300000.0,613.66736
400000.0,673.79004
500000.0,-2979.5974
600000.0,-12949.431
700000.0,-48288.42
800000.0,-324224.5
900000.0,-2240596.0
1000000.0,-6683462.0
