steps,returns
100000.0,1078.3423
200000.0,677.171
300000.0,687.67554
400000.0,741.6008
500000.0,1010.4917
600000.0,1009.3854
700000.0,971.8718
800000.0,921.79364
900000.0,893.5145
1000000.0,891.36536
