steps,returns
100000.0,20.63595
200000.0,20.547632
300000.0,20.545666
400000.0,20.514729
500000.0,20.567272
600000.0,20.54881
700000.0,20.614403
800000.0,20.586739
900000.0,20.648874
1000000.0,20.517673
