steps,returns
100000.0,1185.8699
200000.0,1401.1951
300000.0,1372.0288
400000.0,1262.905
500000.0,1416.3242
600000.0,1514.0714
700000.0,-264.82233
800000.0,-555.5254
900000.0,-489.30063
1000000.0,-395.7621
