steps,returns
1000000,-18.0625
2000000,-17.65625
3000000,-17.65625
4000000,-16.546875
5000000,-17.03125
6000000,-16.671875
7000000,-16.78125
8000000,-16.6875
9000000,-16.09375
10000000,-16.75
