steps,returns
5000,32.5625
10000,141.00781
15000,253.64062
20000,282.6172
25000,499.0547
30000,218.64062
35000,98.60156
40000,500.0
45000,95.28125
50000,92.875
