steps,returns
1000000,150.0
2000000,250.0
3000000,150.0
4000000,235.54688
5000000,331.25
6000000,210.54688
7000000,150.0
8000000,304.10156
9000000,263.28125
10000000,220.3125
