steps,returns
100000.0,665.26794
200000.0,780.79114
300000.0,1141.6416
400000.0,1011.48413
500000.0,989.3921
600000.0,939.7643
700000.0,1035.2559
800000.0,1126.6302
900000.0,1266.8848
1000000.0,976.018
