steps,returns
1000000,-18.0625
2000000,-17.890625
3000000,-18.46875
4000000,-18.046875
5000000,-17.671875
6000000,-17.8125
7000000,-18.359375
8000000,-18.21875
9000000,-18.390625
10000000,-17.59375
