steps,returns
1000000,-17.796875
2000000,-18.109375
3000000,-18.15625
4000000,-17.453125
5000000,-17.6875
6000000,-18.21875
7000000,-18.453125
8000000,-17.375
9000000,-17.890625
10000000,-18.296875
