steps,returns
10000,336.125
20000,369.51562
30000,500.0
40000,282.0078
50000,149.96875
60000,398.20312
70000,274.89062
80000,465.09375
90000,346.46094
100000,500.0
