steps,returns
10000,99.64844
20000,166.39062
30000,490.3047
40000,454.14062
50000,441.97656
60000,434.9453
70000,448.0625
80000,396.70312
90000,441.10938
100000,441.78125
