steps,returns
1000000,125.0
2000000,150.0
3000000,150.0
4000000,150.0
5000000,150.0
6000000,499.21875
7000000,360.7422
8000000,626.9531
9000000,619.33594
10000000,725.0
