steps,returns
5000,74.890625
10000,79.265625
15000,83.0625
20000,77.0
25000,82.09375
30000,80.59375
35000,79.78906
40000,88.08594
45000,89.34375
50000,85.890625
