steps,returns
5000,59.804688
10000,14.7578125
15000,21.976562
20000,9.3671875
25000,9.3671875
30000,27.257812
35000,20.078125
40000,22.421875
45000,43.585938
50000,36.296875
