steps,returns
1000000,156.25
2000000,339.375
3000000,392.57812
4000000,169.84375
5000000,60.78125
6000000,195.625
7000000,610.8594
8000000,42.5
9000000,103.59375
10000000,358.4375
