steps,returns
1000000,-18.21875
2000000,-17.8125
3000000,-17.8125
4000000,-18.375
5000000,-17.703125
6000000,-17.953125
7000000,-17.8125
8000000,-17.5625
9000000,-18.546875
10000000,-18.1875
