steps,returns
10000,128.85938
20000,500.0
30000,500.0
40000,253.23438
50000,268.04688
60000,407.0703
70000,324.02344
80000,438.73438
90000,500.0
100000,500.0
