steps,returns
1000000,150.0
2000000,150.0
3000000,275.0
4000000,275.0
5000000,325.0
6000000,542.96875
7000000,250.0
8000000,252.73438
9000000,463.08594
10000000,552.34375
