steps,returns
5000,34.070312
10000,15.3046875
15000,120.82031
20000,15.1640625
25000,254.00781
30000,134.47656
35000,142.83594
40000,92.67969
45000,139.07812
50000,166.85938
