steps,returns
10000,-149.54688
20000,-149.83594
30000,-149.53125
40000,-148.27344
50000,-145.67969
60000,-152.96094
70000,-148.28906
80000,-147.98438
90000,-147.85938
100000,-152.32812
