steps,returns
100000.0,1027.1646
200000.0,965.5214
300000.0,827.3703
400000.0,730.5322
500000.0,585.821
600000.0,306.87946
700000.0,310.88837
800000.0,275.88812
900000.0,-41.701218
1000000.0,-69.66684
