steps,returns
5000,11.34375
10000,9.390625
15000,9.484375
20000,15.125
25000,15.6640625
30000,13.1328125
35000,61.453125
40000,74.734375
45000,76.1875
50000,84.30469
