steps,returns
100000.0,965.49506
200000.0,833.3595
300000.0,718.12427
400000.0,769.1064
500000.0,723.0756
600000.0,671.73193
700000.0,991.8391
800000.0,1047.0538
900000.0,1235.1501
1000000.0,1280.6294
