steps,returns
100000.0,32.888687
200000.0,35.713207
300000.0,31.666552
400000.0,33.729153
500000.0,34.44113
600000.0,30.319914
700000.0,28.686089
800000.0,28.2454
900000.0,29.740517
1000000.0,31.50726
