steps,returns
100000.0,917.53326
200000.0,852.23773
300000.0,699.277
400000.0,295.82578
500000.0,366.3783
600000.0,313.84927
700000.0,-180.18408
800000.0,-1000.97424
900000.0,-2060.6548
1000000.0,-2270.0972
