steps,returns
1000000,21.875
2000000,117.96875
3000000,224.0625
4000000,369.21875
5000000,16.875
6000000,21.5625
7000000,715.0781
8000000,415.625
9000000,285.39062
10000000,216.95312
