steps,returns
1000000,-18.359375
2000000,-17.328125
3000000,-17.984375
4000000,-18.25
5000000,-18.15625
6000000,-17.6875
7000000,-18.3125
8000000,-17.78125
9000000,-17.453125
10000000,-18.09375
