steps,returns
100000.0,659.8907
200000.0,524.6543
300000.0,-3.3595777
400000.0,-254.62177
500000.0,-530.5237
600000.0,-988.69745
700000.0,-1870.6427
800000.0,-2568.0952
900000.0,-3804.4197
1000000.0,-5682.783
