steps,returns
100000.0,963.6367
200000.0,867.20276
300000.0,662.868
400000.0,483.01053
500000.0,617.3619
600000.0,803.61145
700000.0,931.3427
800000.0,815.21545
900000.0,932.2804
1000000.0,1083.6902
