steps,returns
1000000,-18.109375
2000000,-17.578125
3000000,-17.9375
4000000,-18.75
5000000,-17.84375
6000000,-17.375
7000000,-17.828125
8000000,-17.96875
9000000,-17.390625
10000000,-17.78125
