steps,returns
1000000,607.4219
2000000,2381.25
3000000,676.1719
4000000,913.28125
5000000,742.5781
6000000,759.7656
7000000,932.8125
8000000,1494.7266
9000000,554.6875
10000000,849.02344
