steps,returns
5000,9.34375
10000,9.296875
15000,9.2734375
20000,9.3359375
25000,9.203125
30000,9.2890625
35000,9.421875
40000,9.3828125
45000,9.28125
50000,9.3828125
