steps,returns
100000.0,719.21436
200000.0,546.9829
300000.0,699.46045
400000.0,891.68567
500000.0,883.78406
600000.0,842.08295
700000.0,795.92664
800000.0,831.14905
900000.0,814.4728
1000000.0,907.29083
