steps,returns
1000000,556.83594
2000000,769.53125
3000000,770.89844
4000000,739.0625
5000000,799.02344
6000000,540.4297
7000000,463.67188
8000000,648.4375
9000000,460.35156
10000000,528.125
