steps,returns
100000.0,627.2006
200000.0,553.6785
300000.0,500.07568
400000.0,551.6698
500000.0,532.7711
600000.0,587.1583
700000.0,627.3853
800000.0,824.03503
900000.0,763.6754
1000000.0,847.2064
