steps,returns
5000,9.0
10000,9.0
15000,9.0859375
20000,9.0859375
25000,9.0
30000,9.1171875
35000,9.09375
40000,9.0
45000,9.125
50000,9.0390625
