steps,returns
1000000,1632.4219
2000000,639.84375
3000000,639.84375
4000000,1591.9922
5000000,807.03125
6000000,1528.125
7000000,813.8672
8000000,800.58594
9000000,1731.25
10000000,2373.6328
