steps,returns
10000,382.1797
20000,420.15625
30000,439.60938
40000,367.17188
50000,421.8672
60000,468.53125
70000,461.35156
80000,500.0
90000,232.20312
100000,500.0
