steps,returns
1000000,388.8672
2000000,286.32812
3000000,277.9297
4000000,75.0
5000000,446.09375
6000000,230.46875
7000000,442.77344
8000000,151.17188
9000000,365.625
10000000,225.78125
