steps,returns
1000000,-18.296875
2000000,-17.171875
3000000,-18.421875
4000000,-18.0625
5000000,-17.953125
6000000,-18.265625
7000000,-18.34375
8000000,-18.03125
9000000,-18.0
10000000,-18.015625
