steps,returns
5000,89.453125
10000,82.78906
15000,64.99219
20000,50.75
25000,48.765625
30000,38.007812
35000,23.75
40000,20.507812
45000,16.648438
50000,14.9921875
