steps,returns
1000000,250.3125
2000000,281.71875
3000000,35.0
4000000,351.64062
5000000,17.03125
6000000,115.78125
7000000,17.5
8000000,128.28125
9000000,18.75
10000000,180.39062
