steps,returns
100000.0,592.8097
200000.0,665.405
300000.0,-10.980746
400000.0,-654.1992
500000.0,-893.19904
600000.0,-2516.751
700000.0,-5995.3057
800000.0,-15796.001
900000.0,-45289.35
1000000.0,-49654.664
