steps,returns
1000000,-17.65625
2000000,-18.09375
3000000,-17.703125
4000000,-18.0625
5000000,-18.03125
6000000,-17.734375
7000000,-17.6875
8000000,-17.4375
9000000,-17.59375
10000000,-18.453125
