steps,returns
100000.0,1016.1153
200000.0,1023.5533
300000.0,992.4356
400000.0,953.2627
500000.0,890.978
600000.0,739.3139
700000.0,705.95667
800000.0,562.87305
900000.0,386.44058
1000000.0,472.9954
