steps,returns
1000000,-17.765625
2000000,-17.71875
3000000,-17.671875
4000000,-18.0625
5000000,-17.921875
6000000,-18.109375
7000000,-18.0
8000000,-18.078125
9000000,-17.703125
10000000,-17.796875
