steps,returns
1000000,292.77344
2000000,154.29688
3000000,350.0
4000000,125.0
5000000,258.98438
6000000,262.10938
7000000,223.4375
8000000,236.52344
9000000,264.0625
10000000,175.0
