steps,returns
100000.0,1023.7067
200000.0,1003.7565
300000.0,978.42566
400000.0,899.8611
500000.0,788.91376
600000.0,642.68024
700000.0,419.90497
800000.0,165.883
900000.0,-183.61023
1000000.0,-638.90656
