steps,returns
1000000,-17.875
2000000,-17.734375
3000000,-17.78125
4000000,-18.140625
5000000,-17.921875
6000000,-17.109375
7000000,-18.140625
8000000,-17.765625
9000000,-18.1875
10000000,-17.703125
