steps,returns
100000.0,789.5458
200000.0,634.33453
300000.0,868.58026
400000.0,361.75098
500000.0,-9238.422
600000.0,-38965.812
700000.0,-53775.76
800000.0,-54488.93
900000.0,-52980.46
1000000.0,-51922.29
