steps,returns
100000.0,373.637
200000.0,359.1931
300000.0,330.48956
400000.0,324.18536
500000.0,320.20447
600000.0,338.35846
700000.0,454.05252
800000.0,508.61438
900000.0,459.11493
1000000.0,408.69745
