steps,returns
1000000,747.4219
2000000,1061.1719
3000000,2194.4531
4000000,523.59375
5000000,3329.7656
6000000,843.28125
7000000,3567.5781
8000000,4024.8438
9000000,3091.25
10000000,972.8125
