steps,returns
5000,89.265625
10000,58.351562
15000,51.3125
20000,46.671875
25000,49.9375
30000,62.523438
35000,69.13281
40000,64.96094
45000,64.75
50000,51.984375
