steps,returns
10000,85.703125
20000,112.84375
30000,210.05469
40000,410.5547
50000,465.8203
60000,422.5
70000,491.6172
80000,486.8047
90000,459.39844
100000,481.97656
