steps,returns
10000,-500.0
20000,-500.0
30000,-500.0
40000,-500.0
50000,-499.02344
60000,-342.82812
70000,-500.0
80000,-500.0
90000,-113.72656
100000,-199.71875
