steps,returns
100000.0,743.24194
200000.0,926.1428
300000.0,908.30664
400000.0,859.2168
500000.0,917.2376
600000.0,1194.4767
700000.0,1196.3505
800000.0,1141.4762
900000.0,1143.6466
1000000.0,1118.7002
