steps,returns
1000000,574.02344
2000000,115.234375
3000000,350.0
4000000,256.4453
5000000,206.25
6000000,125.0
7000000,249.60938
8000000,548.4375
9000000,151.95312
10000000,517.96875
