steps,returns
1000000,423.82812
2000000,458.39844
3000000,766.60156
4000000,749.02344
5000000,771.4844
6000000,625.3906
7000000,648.8281
8000000,765.8203
9000000,721.09375
10000000,841.0156
