steps,returns
1000000,17.5
2000000,40.78125
3000000,17.03125
4000000,35.625
5000000,18.59375
6000000,17.1875
7000000,17.1875
8000000,17.5
9000000,94.6875
10000000,335.625
