steps,returns
5000,8.96875
10000,9.0078125
15000,9.3671875
20000,10.1328125
25000,12.3984375
30000,48.09375
35000,45.9375
40000,47.460938
45000,44.03125
50000,78.828125
