steps,returns
100000.0,-0.91844064
200000.0,1.1587887
300000.0,42.728912
400000.0,87.65022
500000.0,-168.79294
600000.0,-380.5527
700000.0,-460.2789
800000.0,-428.9021
900000.0,-394.76813
1000000.0,-285.78653
