steps,returns
100000.0,928.1049
200000.0,696.5958
300000.0,378.9905
400000.0,-3.0858436
500000.0,-627.42224
600000.0,-1552.2776
700000.0,-2517.5945
800000.0,-2744.8047
900000.0,-2819.7178
1000000.0,-1515.2358
