steps,returns
10000,194.45312
20000,430.1172
30000,412.9922
40000,358.75
50000,406.3047
60000,309.14844
70000,391.10938
80000,182.44531
90000,499.39062
100000,500.0
