steps,returns
100000.0,760.5654
200000.0,933.3427
300000.0,847.1385
400000.0,845.0261
500000.0,1116.0654
600000.0,278.05923
700000.0,321.82758
800000.0,1013.1848
900000.0,1079.8269
1000000.0,821.5209
