steps,returns
100000.0,859.93964
200000.0,916.29584
300000.0,595.4804
400000.0,906.68896
500000.0,461.71576
600000.0,190.4361
700000.0,-125.512276
800000.0,-366.56506
900000.0,-540.94183
1000000.0,-770.4912
