steps,returns
5000,38.023438
10000,46.640625
15000,48.0
20000,53.101562
25000,52.578125
30000,51.6875
35000,49.234375
40000,46.9375
45000,45.953125
50000,44.203125
