steps,returns
5000,9.3125
10000,9.2421875
15000,9.2109375
20000,9.4375
25000,9.3125
30000,9.2421875
35000,9.3984375
40000,9.265625
45000,9.25
50000,9.328125
