steps,returns
10000,499.97656
20000,165.78125
30000,155.86719
40000,500.0
50000,500.0
60000,500.0
70000,500.0
80000,500.0
90000,500.0
100000,500.0
