steps,returns
10000,117.328125
20000,104.35156
30000,113.33594
40000,107.17969
50000,100.390625
60000,85.703125
70000,97.171875
80000,82.765625
90000,88.671875
100000,96.328125
