steps,returns
1000000,-17.96875
2000000,-18.03125
3000000,-18.484375
4000000,-17.9375
5000000,-17.984375
6000000,-18.15625
7000000,-18.25
8000000,-18.0
9000000,-18.015625
10000000,-17.984375
