steps,returns
100000.0,263.00818
200000.0,731.4884
300000.0,865.8731
400000.0,983.2648
500000.0,1033.3917
600000.0,1016.34204
700000.0,972.31885
800000.0,924.36255
900000.0,934.9958
1000000.0,932.4872
