steps,returns
5000,10.0078125
10000,10.1640625
15000,92.21094
20000,49.007812
25000,67.25781
30000,14.3671875
35000,49.476562
40000,142.1875
45000,69.50781
50000,103.5625
