steps,returns
100000.0,746.1536
200000.0,672.0044
300000.0,727.07434
400000.0,664.726
500000.0,1025.4072
600000.0,1037.7297
700000.0,886.04266
800000.0,588.825
900000.0,434.3994
1000000.0,301.1286
