steps,returns
100000.0,9.333489
200000.0,9.351604
300000.0,9.331863
400000.0,9.333866
500000.0,9.414297
600000.0,9.364514
700000.0,9.346181
800000.0,9.192146
900000.0,9.391413
1000000.0,9.257219
