steps,returns
10000,127.390625
20000,130.09375
30000,500.0
40000,284.23438
50000,106.66406
60000,500.0
70000,500.0
80000,18.523438
90000,321.92188
100000,296.8047
