steps,returns
5000,9.421875
10000,9.265625
15000,9.296875
20000,9.34375
25000,9.34375
30000,9.3671875
35000,9.2578125
40000,9.2890625
45000,9.2578125
50000,9.328125
