steps,returns
10000,-449.66406
20000,-435.27344
30000,-446.25
40000,-476.0625
50000,-463.90625
60000,-450.26562
70000,-463.8047
80000,-475.5078
90000,-467.4922
100000,-454.85156
