steps,returns
5000,18.054688
10000,144.5625
15000,410.9453
20000,103.52344
25000,111.39844
30000,60.835938
35000,111.46094
40000,92.96094
45000,37.65625
50000,17.734375
