steps,returns
1000000,17.65625
2000000,16.875
3000000,36.25
4000000,17.8125
5000000,27.03125
6000000,343.59375
7000000,17.5
8000000,224.0625
9000000,17.03125
10000000,538.3594
