steps,returns
10000,166.83594
20000,284.79688
30000,496.6875
40000,500.0
50000,135.89844
60000,500.0
70000,500.0
80000,500.0
90000,500.0
100000,500.0
