steps,returns
5000,9.3125
10000,30.976562
15000,130.94531
20000,64.46094
25000,83.6875
30000,68.671875
35000,376.97656
40000,178.94531
45000,207.72656
50000,370.5547
