steps,returns
100000.0,537.95123
200000.0,536.60425
300000.0,581.2456
400000.0,512.37604
500000.0,569.2832
600000.0,671.58887
700000.0,647.82874
800000.0,1303.7856
900000.0,1162.619
1000000.0,1305.8059
