steps,returns
5000,8.9765625
10000,9.0546875
15000,9.2578125
20000,9.453125
25000,9.3359375
30000,9.3671875
35000,9.390625
40000,9.3671875
45000,9.4140625
50000,9.328125
