steps,returns
100000.0,403.1007
200000.0,331.70868
300000.0,300.41602
400000.0,70.44953
500000.0,-171.47269
600000.0,-1594.0369
700000.0,-4255.036
800000.0,-3194.188
900000.0,-4756.3237
1000000.0,-5655.693
