steps,returns
10000,84.40625
20000,82.92969
30000,84.11719
40000,83.90625
50000,90.65625
60000,82.75
70000,80.05469
80000,82.80469
90000,83.99219
100000,84.390625
