steps,returns
100000.0,936.4346
200000.0,911.0792
300000.0,1122.3684
400000.0,1218.0308
500000.0,1060.6033
600000.0,1029.3552
700000.0,1005.0729
800000.0,1000.6832
900000.0,970.60254
1000000.0,964.14075
