steps,returns
100000.0,841.41626
200000.0,217.03023
300000.0,-1972.2727
400000.0,-2342.7622
500000.0,-4268.278
600000.0,-7252.8145
700000.0,-8074.6826
800000.0,-8095.4165
900000.0,-8008.7627
1000000.0,-8076.1504
