steps,returns
1000000,214.64844
2000000,692.77344
3000000,534.1797
4000000,763.28125
5000000,892.3828
6000000,727.14844
7000000,544.9219
8000000,638.8672
9000000,2006.0547
10000000,662.3047
