steps,returns
100000.0,872.00134
200000.0,-309.87042
300000.0,-176.61954
400000.0,-342.4856
500000.0,-82.614075
600000.0,-88.3806
700000.0,-183.28542
800000.0,-226.06384
900000.0,-251.46935
1000000.0,-254.50879
