steps,returns
100000.0,657.0035
200000.0,655.3954
300000.0,494.87222
400000.0,561.5191
500000.0,625.96875
600000.0,720.44147
700000.0,415.31543
800000.0,519.55634
900000.0,399.33594
1000000.0,815.0111
