steps,returns
5000,9.28125
10000,9.265625
15000,9.3203125
20000,9.296875
25000,9.34375
30000,9.3984375
35000,9.296875
40000,9.2109375
45000,9.3125
50000,9.3203125
