steps,returns
1000000,-17.875
2000000,-18.0625
3000000,-18.1875
4000000,-17.296875
5000000,-17.328125
6000000,-17.75
7000000,-16.96875
8000000,-16.8125
9000000,-16.625
10000000,-17.40625
