steps,returns
100000.0,659.26154
200000.0,529.5482
300000.0,739.51074
400000.0,1114.1431
500000.0,634.93445
600000.0,562.0566
700000.0,644.80566
800000.0,735.35785
900000.0,910.19885
1000000.0,605.2938
