steps,returns
10000,313.72656
20000,398.26562
30000,383.9297
40000,397.97656
50000,271.4375
60000,492.75
70000,500.0
80000,500.0
90000,500.0
100000,500.0
