steps,returns
1000000,-17.546875
2000000,-17.1875
3000000,-18.078125
4000000,-17.90625
5000000,-18.015625
6000000,-17.890625
7000000,-17.09375
8000000,-17.359375
9000000,-18.15625
10000000,-17.09375
