steps,returns
10000,112.546875
20000,124.484375
30000,106.89844
40000,81.10156
50000,72.734375
60000,72.94531
70000,81.953125
80000,82.22656
90000,74.46875
100000,73.24219
