steps,returns
100000.0,509.85443
200000.0,558.11383
300000.0,538.8002
400000.0,642.28076
500000.0,704.2305
600000.0,879.0356
700000.0,846.5241
800000.0,829.9609
900000.0,914.70215
1000000.0,833.35596
