steps,returns
5000,9.1640625
10000,9.265625
15000,9.421875
20000,9.296875
25000,9.421875
30000,9.359375
35000,9.2421875
40000,9.2890625
45000,9.4609375
50000,9.328125
