steps,returns
1000000,-17.796875
2000000,-18.421875
3000000,-18.15625
4000000,-17.984375
5000000,-18.1875
6000000,-18.203125
7000000,-18.59375
8000000,-17.984375
9000000,-17.953125
10000000,-18.078125
