steps,returns
100000.0,1023.3605
200000.0,1018.64185
300000.0,1017.78174
400000.0,1015.6558
500000.0,1013.18634
600000.0,1009.9769
700000.0,1008.7964
800000.0,1003.81665
900000.0,1002.6222
1000000.0,995.7939
