steps,returns
5000,39.742188
10000,20.742188
15000,38.289062
20000,20.140625
25000,29.164062
30000,114.63281
35000,156.21094
40000,167.3125
45000,202.5625
50000,202.96094
