steps,returns
1000000,51.5625
2000000,43.75
3000000,38.90625
4000000,65.625
5000000,15.625
6000000,498.28125
7000000,20.3125
8000000,17.65625
9000000,367.26562
10000000,22.96875
