steps,returns
1000000,-17.828125
2000000,-17.828125
3000000,-17.8125
4000000,-18.09375
5000000,-17.390625
6000000,-18.015625
7000000,-18.125
8000000,-17.609375
9000000,-17.96875
10000000,-17.921875
