steps,returns
1000000,593.5547
2000000,675.0
3000000,797.2656
4000000,956.6406
5000000,1961.3281
6000000,1849.8047
7000000,666.60156
8000000,805.46875
9000000,2672.2656
10000000,2931.25
