{"config": {"hp_config.clip_eps": 0.48838054409516857, "hp_config.ent_coef": 0.302422759872523, "hp_config.gae_lambda": 0.9477787895217205, "hp_config.learning_rate": 1.5701421102720535e-06, "hp_config.max_grad_norm": 0.2828069625764096, "hp_config.minibatch_size": 128, "hp_config.normalize_advantage": true, "hp_config.vf_clip_eps": 0.05936385947712203, "hp_config.vf_coef": 0.317983179393976}, "score": 134.578125, "budget_used": 13, "total_wallclock_time": -100.83943724632263, "total_optimization_time": 0.006566524505615234}
{"config": {"hp_config.clip_eps": 0.22684842227802265, "hp_config.ent_coef": 0.2682896055543611, "hp_config.gae_lambda": 0.9792445914787644, "hp_config.learning_rate": 0.08947356400945196, "hp_config.max_grad_norm": 0.21689698439847394, "hp_config.minibatch_size": 256, "hp_config.normalize_advantage": true, "hp_config.vf_clip_eps": 0.01032549973286434, "hp_config.vf_coef": 0.7583786538361414}, "score": 9.375, "budget_used": 26, "total_wallclock_time": -197.83942461013794, "total_optimization_time": 0.036805152893066406}
{"config": {"hp_config.clip_eps": 0.4887475698722234, "hp_config.ent_coef": 0.4382526226582954, "hp_config.gae_lambda": 0.8675979744721855, "hp_config.learning_rate": 0.06424669222650195, "hp_config.max_grad_norm": 0.2317016264712045, "hp_config.minibatch_size": 512, "hp_config.normalize_advantage": false, "hp_config.vf_clip_eps": 0.39960129367619585, "hp_config.vf_coef": 0.6304479368667911}, "score": 9.328125, "budget_used": 39, "total_wallclock_time": -294.4899253845215, "total_optimization_time": 0.03969907760620117}
{"config": {"hp_config.clip_eps": 0.4887475698722234, "hp_config.ent_coef": 0.4382526226582954, "hp_config.gae_lambda": 0.8675979744721855, "hp_config.learning_rate": 0.06424669222650195, "hp_config.max_grad_norm": 0.2317016264712045, "hp_config.minibatch_size": 512, "hp_config.normalize_advantage": false, "hp_config.vf_clip_eps": 0.39960129367619585, "hp_config.vf_coef": 0.6304479368667911}, "score": 9.328125, "budget_used": 52, "total_wallclock_time": -391.5793879032135, "total_optimization_time": 0.04262518882751465}
{"config": {"hp_config.clip_eps": 0.4887475698722234, "hp_config.ent_coef": 0.4382526226582954, "hp_config.gae_lambda": 0.8675979744721855, "hp_config.learning_rate": 0.06424669222650195, "hp_config.max_grad_norm": 0.2317016264712045, "hp_config.minibatch_size": 512, "hp_config.normalize_advantage": false, "hp_config.vf_clip_eps": 0.39960129367619585, "hp_config.vf_coef": 0.6304479368667911}, "score": 9.328125, "budget_used": 65, "total_wallclock_time": -486.63475728034973, "total_optimization_time": 0.04588484764099121}
{"config": {"hp_config.clip_eps": 0.4887475698722234, "hp_config.ent_coef": 0.4382526226582954, "hp_config.gae_lambda": 0.8675979744721855, "hp_config.learning_rate": 0.06424669222650195, "hp_config.max_grad_norm": 0.2317016264712045, "hp_config.minibatch_size": 512, "hp_config.normalize_advantage": false, "hp_config.vf_clip_eps": 0.39960129367619585, "hp_config.vf_coef": 0.6304479368667911}, "score": 9.328125, "budget_used": 78, "total_wallclock_time": -583.1460642814636, "total_optimization_time": 0.04895472526550293}
{"config": {"hp_config.clip_eps": 0.4887475698722234, "hp_config.ent_coef": 0.4382526226582954, "hp_config.gae_lambda": 0.8675979744721855, "hp_config.learning_rate": 0.06424669222650195, "hp_config.max_grad_norm": 0.2317016264712045, "hp_config.minibatch_size": 512, "hp_config.normalize_advantage": false, "hp_config.vf_clip_eps": 0.39960129367619585, "hp_config.vf_coef": 0.6304479368667911}, "score": 9.328125, "budget_used": 91, "total_wallclock_time": -677.839320898056, "total_optimization_time": 0.05211067199707031}
{"config": {"hp_config.clip_eps": 0.4887475698722234, "hp_config.ent_coef": 0.4382526226582954, "hp_config.gae_lambda": 0.8675979744721855, "hp_config.learning_rate": 0.06424669222650195, "hp_config.max_grad_norm": 0.2317016264712045, "hp_config.minibatch_size": 512, "hp_config.normalize_advantage": false, "hp_config.vf_clip_eps": 0.39960129367619585, "hp_config.vf_coef": 0.6304479368667911}, "score": 9.328125, "budget_used": 104, "total_wallclock_time": -774.2363924980164, "total_optimization_time": 0.05522608757019043}
{"config": {"hp_config.clip_eps": 0.4887475698722234, "hp_config.ent_coef": 0.4382526226582954, "hp_config.gae_lambda": 0.8675979744721855, "hp_config.learning_rate": 0.06424669222650195, "hp_config.max_grad_norm": 0.2317016264712045, "hp_config.minibatch_size": 512, "hp_config.normalize_advantage": false, "hp_config.vf_clip_eps": 0.39960129367619585, "hp_config.vf_coef": 0.6304479368667911}, "score": 9.328125, "budget_used": 117, "total_wallclock_time": -872.3991341590881, "total_optimization_time": 0.059227705001831055}
{"config": {"hp_config.clip_eps": 0.4887475698722234, "hp_config.ent_coef": 0.4382526226582954, "hp_config.gae_lambda": 0.8675979744721855, "hp_config.learning_rate": 0.06424669222650195, "hp_config.max_grad_norm": 0.2317016264712045, "hp_config.minibatch_size": 512, "hp_config.normalize_advantage": false, "hp_config.vf_clip_eps": 0.39960129367619585, "hp_config.vf_coef": 0.6304479368667911}, "score": 9.328125, "budget_used": 130, "total_wallclock_time": -968.0664792060852, "total_optimization_time": 0.06278729438781738}
{"config": {"hp_config.clip_eps": 0.4887475698722234, "hp_config.ent_coef": 0.4382526226582954, "hp_config.gae_lambda": 0.8675979744721855, "hp_config.learning_rate": 0.06424669222650195, "hp_config.max_grad_norm": 0.2317016264712045, "hp_config.minibatch_size": 512, "hp_config.normalize_advantage": false, "hp_config.vf_clip_eps": 0.39960129367619585, "hp_config.vf_coef": 0.6304479368667911}, "score": 9.328125, "budget_used": 143, "total_wallclock_time": -1065.0428092479706, "total_optimization_time": 0.06615805625915527}
