steps,returns
100000.0,-8.137881
200000.0,-285.49548
300000.0,-617.9055
400000.0,-843.02814
500000.0,-785.9624
600000.0,-2372.669
700000.0,-2813.1465
800000.0,-3009.4126
900000.0,-3504.4775
1000000.0,-3661.1704
