steps,returns
5000,33.296875
10000,34.96875
15000,33.53125
20000,32.75
25000,34.8125
30000,34.078125
35000,37.03125
40000,43.140625
45000,41.3125
50000,44.007812
