steps,returns
1000000,-18.3125
2000000,-17.96875
3000000,-18.15625
4000000,-18.21875
5000000,-17.828125
6000000,-18.1875
7000000,-17.921875
8000000,-17.765625
9000000,-18.15625
10000000,-17.796875
