steps,returns
10000,129.17188
20000,428.0703
30000,317.48438
40000,195.69531
50000,193.25
60000,291.8047
70000,430.01562
80000,333.46094
90000,218.53125
100000,494.6328
