steps,returns
1000000,17.8125
2000000,39.84375
3000000,17.65625
4000000,333.4375
5000000,303.59375
6000000,27.5
7000000,355.54688
8000000,17.1875
9000000,436.875
10000000,17.34375
