steps,returns
100000.0,1019.1932
200000.0,1006.99756
300000.0,991.8593
400000.0,966.39514
500000.0,888.9202
600000.0,745.1462
700000.0,559.2915
800000.0,386.52496
900000.0,292.2432
1000000.0,268.22284
