steps,returns
100000.0,-0.7987026
200000.0,-1.59073
300000.0,-7.977005
400000.0,-0.4695336
500000.0,22.881672
600000.0,-153.78452
700000.0,-214.07841
800000.0,-272.7542
900000.0,-279.9939
1000000.0,-338.27142
