steps,returns
100000.0,-0.07856555
200000.0,5.686039
300000.0,41.13334
400000.0,60.891983
500000.0,-135.07701
600000.0,-379.1647
700000.0,-501.1738
800000.0,-427.42133
900000.0,-797.15967
1000000.0,-895.0353
