steps,returns
1000000,-18.03125
2000000,-18.3125
3000000,-17.5
4000000,-18.171875
5000000,-18.0
6000000,-18.09375
7000000,-17.359375
8000000,-18.375
9000000,-18.09375
10000000,-18.34375
