steps,returns
1000000,-18.234375
2000000,-17.734375
3000000,-18.21875
4000000,-17.65625
5000000,-18.046875
6000000,-17.953125
7000000,-17.65625
8000000,-17.578125
9000000,-17.796875
10000000,-17.921875
