steps,returns
100000.0,-0.5076199
200000.0,-0.02387885
300000.0,4.1683373
400000.0,43.614754
500000.0,25.722752
600000.0,-12.47293
700000.0,-258.95782
800000.0,-419.476
900000.0,-524.978
1000000.0,-575.7709
