steps,returns
1000000,699.8047
2000000,641.40625
3000000,516.40625
4000000,582.22656
5000000,530.66406
6000000,638.47656
7000000,524.41406
8000000,570.3125
9000000,645.7031
10000000,697.0703
