steps,returns
10000,88.703125
20000,120.921875
30000,296.85156
40000,480.98438
50000,117.28906
60000,500.0
70000,452.6172
80000,500.0
90000,311.29688
100000,77.83594
