steps,returns
1000000,150.0
2000000,150.0
3000000,125.0
4000000,250.0
5000000,452.14844
6000000,620.1172
7000000,768.3594
8000000,667.77344
9000000,757.8125
10000000,761.52344
