steps,returns
100000.0,812.5551
200000.0,841.96985
300000.0,933.11707
400000.0,933.80896
500000.0,856.0741
600000.0,849.77686
700000.0,837.47
800000.0,813.17017
900000.0,871.79736
1000000.0,939.52124
