steps,returns
1000000,-16.953125
2000000,-17.390625
3000000,-16.5625
4000000,-15.75
5000000,-16.03125
6000000,-16.125
7000000,-16.4375
8000000,-16.078125
9000000,-16.28125
10000000,-15.578125
