steps,returns
10000,206.94531
20000,362.5
30000,430.6953
40000,489.28906
50000,321.59375
60000,496.625
70000,454.6328
80000,500.0
90000,287.95312
100000,319.64844
