steps,returns
1000000,17.65625
2000000,28.125
3000000,28.125
4000000,27.03125
5000000,15.78125
6000000,16.71875
7000000,17.5
8000000,27.65625
9000000,17.03125
10000000,29.53125
