steps,returns
100000.0,989.0693
200000.0,1062.3905
300000.0,1127.7966
400000.0,1026.5984
500000.0,1007.3293
600000.0,1015.38904
700000.0,956.2256
800000.0,964.59827
900000.0,1039.1251
1000000.0,1001.56903
