steps,returns
10000,384.96094
20000,304.75
30000,401.40625
40000,469.6875
50000,500.0
60000,472.0703
70000,477.1875
80000,462.08594
90000,492.04688
100000,421.8203
