steps,returns
10000,-500.0
20000,-154.61719
30000,-149.80469
40000,-500.0
50000,-450.21094
60000,-448.73438
70000,-500.0
80000,-408.3203
90000,-500.0
100000,-500.0
