steps,returns
1000000,589.0625
2000000,17.96875
3000000,50.78125
4000000,16.5625
5000000,49.6875
6000000,17.96875
7000000,46.09375
8000000,17.5
9000000,50.46875
10000000,29.375
