{"config": {"hp_config.buffer_alpha": 0.7006548839679922, "hp_config.buffer_batch_size": 64, "hp_config.buffer_beta": 0.670099048291211, "hp_config.buffer_epsilon": 0.007035740826563435, "hp_config.buffer_prio_sampling": true, "hp_config.buffer_size": 13784, "hp_config.epsilon": 0.161137033707471, "hp_config.gradient_steps": 4, "hp_config.learning_rate": 0.0007095513849771362, "hp_config.learning_starts": 449, "hp_config.train_freq": 127, "hp_config.use_target_network": true, "hp_config.target_update_interval": 209, "hp_config.tau": 0.1696964227061463}, "score": 11.015625, "budget_used": 13, "total_wallclock_time": -69.8134093284607, "total_optimization_time": 0.007393360137939453}
{"config": {"hp_config.buffer_alpha": 0.7006548839679922, "hp_config.buffer_batch_size": 64, "hp_config.buffer_beta": 0.670099048291211, "hp_config.buffer_epsilon": 0.007035740826563435, "hp_config.buffer_prio_sampling": true, "hp_config.buffer_size": 13784, "hp_config.epsilon": 0.161137033707471, "hp_config.gradient_steps": 4, "hp_config.learning_rate": 0.0007095513849771362, "hp_config.learning_starts": 449, "hp_config.train_freq": 127, "hp_config.use_target_network": true, "hp_config.target_update_interval": 209, "hp_config.tau": 0.1696964227061463}, "score": 11.015625, "budget_used": 26, "total_wallclock_time": -139.4422709941864, "total_optimization_time": 0.0428614616394043}
{"config": {"hp_config.buffer_alpha": 0.7006548839679922, "hp_config.buffer_batch_size": 64, "hp_config.buffer_beta": 0.670099048291211, "hp_config.buffer_epsilon": 0.007035740826563435, "hp_config.buffer_prio_sampling": true, "hp_config.buffer_size": 13784, "hp_config.epsilon": 0.161137033707471, "hp_config.gradient_steps": 4, "hp_config.learning_rate": 0.0007095513849771362, "hp_config.learning_starts": 449, "hp_config.train_freq": 127, "hp_config.use_target_network": true, "hp_config.target_update_interval": 209, "hp_config.tau": 0.1696964227061463}, "score": 11.015625, "budget_used": 39, "total_wallclock_time": -208.22551202774048, "total_optimization_time": 0.04713296890258789}
{"config": {"hp_config.buffer_alpha": 0.7006548839679922, "hp_config.buffer_batch_size": 64, "hp_config.buffer_beta": 0.670099048291211, "hp_config.buffer_epsilon": 0.007035740826563435, "hp_config.buffer_prio_sampling": true, "hp_config.buffer_size": 13784, "hp_config.epsilon": 0.161137033707471, "hp_config.gradient_steps": 4, "hp_config.learning_rate": 0.0007095513849771362, "hp_config.learning_starts": 449, "hp_config.train_freq": 127, "hp_config.use_target_network": true, "hp_config.target_update_interval": 209, "hp_config.tau": 0.1696964227061463}, "score": 11.015625, "budget_used": 52, "total_wallclock_time": -275.4881315231323, "total_optimization_time": 0.05117964744567871}
{"config": {"hp_config.buffer_alpha": 0.2956842580751786, "hp_config.buffer_batch_size": 256, "hp_config.buffer_beta": 0.12130304404018813, "hp_config.buffer_epsilon": 0.0029119092516463694, "hp_config.buffer_prio_sampling": true, "hp_config.buffer_size": 40914, "hp_config.epsilon": 0.37389031521590393, "hp_config.gradient_steps": 6, "hp_config.learning_rate": 0.0002743984271641121, "hp_config.learning_starts": 0, "hp_config.train_freq": 55, "hp_config.use_target_network": true, "hp_config.target_update_interval": 209, "hp_config.tau": 0.9330699995708894}, "score": 10.9765625, "budget_used": 65, "total_wallclock_time": -342.28594040870667, "total_optimization_time": 0.05523848533630371}
{"config": {"hp_config.buffer_alpha": 0.2956842580751786, "hp_config.buffer_batch_size": 256, "hp_config.buffer_beta": 0.12130304404018813, "hp_config.buffer_epsilon": 0.0029119092516463694, "hp_config.buffer_prio_sampling": true, "hp_config.buffer_size": 40914, "hp_config.epsilon": 0.37389031521590393, "hp_config.gradient_steps": 6, "hp_config.learning_rate": 0.0002743984271641121, "hp_config.learning_starts": 0, "hp_config.train_freq": 55, "hp_config.use_target_network": true, "hp_config.target_update_interval": 209, "hp_config.tau": 0.9330699995708894}, "score": 10.9765625, "budget_used": 78, "total_wallclock_time": -417.14867758750916, "total_optimization_time": 0.06045341491699219}
{"config": {"hp_config.buffer_alpha": 0.2956842580751786, "hp_config.buffer_batch_size": 256, "hp_config.buffer_beta": 0.12130304404018813, "hp_config.buffer_epsilon": 0.0029119092516463694, "hp_config.buffer_prio_sampling": true, "hp_config.buffer_size": 40914, "hp_config.epsilon": 0.37389031521590393, "hp_config.gradient_steps": 6, "hp_config.learning_rate": 0.0002743984271641121, "hp_config.learning_starts": 0, "hp_config.train_freq": 55, "hp_config.use_target_network": true, "hp_config.target_update_interval": 209, "hp_config.tau": 0.9330699995708894}, "score": 10.9765625, "budget_used": 91, "total_wallclock_time": -497.66171383857727, "total_optimization_time": 0.06497025489807129}
{"config": {"hp_config.buffer_alpha": 0.2956842580751786, "hp_config.buffer_batch_size": 256, "hp_config.buffer_beta": 0.12130304404018813, "hp_config.buffer_epsilon": 0.0029119092516463694, "hp_config.buffer_prio_sampling": true, "hp_config.buffer_size": 40914, "hp_config.epsilon": 0.37389031521590393, "hp_config.gradient_steps": 6, "hp_config.learning_rate": 0.0002743984271641121, "hp_config.learning_starts": 0, "hp_config.train_freq": 55, "hp_config.use_target_network": true, "hp_config.target_update_interval": 209, "hp_config.tau": 0.9330699995708894}, "score": 10.9765625, "budget_used": 104, "total_wallclock_time": -566.0743715763092, "total_optimization_time": 0.06959676742553711}
{"config": {"hp_config.buffer_alpha": 0.2956842580751786, "hp_config.buffer_batch_size": 256, "hp_config.buffer_beta": 0.12130304404018813, "hp_config.buffer_epsilon": 0.0029119092516463694, "hp_config.buffer_prio_sampling": true, "hp_config.buffer_size": 40914, "hp_config.epsilon": 0.37389031521590393, "hp_config.gradient_steps": 6, "hp_config.learning_rate": 0.0002743984271641121, "hp_config.learning_starts": 0, "hp_config.train_freq": 55, "hp_config.use_target_network": true, "hp_config.target_update_interval": 209, "hp_config.tau": 0.9330699995708894}, "score": 10.9765625, "budget_used": 117, "total_wallclock_time": -634.197098493576, "total_optimization_time": 0.07399654388427734}
{"config": {"hp_config.buffer_alpha": 0.2956842580751786, "hp_config.buffer_batch_size": 256, "hp_config.buffer_beta": 0.12130304404018813, "hp_config.buffer_epsilon": 0.0029119092516463694, "hp_config.buffer_prio_sampling": true, "hp_config.buffer_size": 40914, "hp_config.epsilon": 0.37389031521590393, "hp_config.gradient_steps": 6, "hp_config.learning_rate": 0.0002743984271641121, "hp_config.learning_starts": 0, "hp_config.train_freq": 55, "hp_config.use_target_network": true, "hp_config.target_update_interval": 209, "hp_config.tau": 0.9330699995708894}, "score": 10.9765625, "budget_used": 130, "total_wallclock_time": -704.6946396827698, "total_optimization_time": 0.07887411117553711}
{"config": {"hp_config.buffer_alpha": 0.2956842580751786, "hp_config.buffer_batch_size": 256, "hp_config.buffer_beta": 0.12130304404018813, "hp_config.buffer_epsilon": 0.0029119092516463694, "hp_config.buffer_prio_sampling": true, "hp_config.buffer_size": 40914, "hp_config.epsilon": 0.37389031521590393, "hp_config.gradient_steps": 6, "hp_config.learning_rate": 0.0002743984271641121, "hp_config.learning_starts": 0, "hp_config.train_freq": 55, "hp_config.use_target_network": true, "hp_config.target_update_interval": 209, "hp_config.tau": 0.9330699995708894}, "score": 10.9765625, "budget_used": 143, "total_wallclock_time": -772.6335752010345, "total_optimization_time": 0.08426117897033691}
