steps,returns
10000,126.09375
20000,134.48438
30000,180.55469
40000,164.09375
50000,256.3672
60000,372.8672
70000,416.9297
80000,444.41406
90000,449.60938
100000,438.125
