steps,returns
100000.0,1022.7018
200000.0,959.25806
300000.0,807.11597
400000.0,564.42755
500000.0,484.9135
600000.0,309.02963
700000.0,271.377
800000.0,234.71715
900000.0,154.68626
1000000.0,67.35707
