steps,returns
1000000,634.96094
2000000,639.64844
3000000,774.21875
4000000,745.89844
5000000,809.1797
6000000,951.5625
7000000,830.27344
8000000,2588.8672
9000000,1617.1875
10000000,3313.086
