steps,returns
5000,8.9140625
10000,8.9296875
15000,9.046875
20000,9.015625
25000,9.09375
30000,9.1171875
35000,9.1484375
40000,9.2265625
45000,9.1875
50000,9.328125
