steps,returns
1000000,-17.984375
2000000,-17.921875
3000000,-18.0625
4000000,-18.203125
5000000,-17.546875
6000000,-17.890625
7000000,-18.234375
8000000,-17.875
9000000,-17.765625
10000000,-18.5
