steps,returns
100000.0,189.69437
200000.0,186.16637
300000.0,195.1291
400000.0,193.23682
500000.0,188.92613
600000.0,184.4841
700000.0,184.49652
800000.0,182.71658
900000.0,183.94815
1000000.0,183.47908
