steps,returns
5000,11.8984375
10000,47.648438
15000,91.734375
20000,9.7578125
25000,96.89844
30000,122.99219
35000,78.42969
40000,89.171875
45000,91.44531
50000,101.546875
