steps,returns
5000,9.3828125
10000,9.3515625
15000,9.3046875
20000,9.28125
25000,10.515625
30000,13.2421875
35000,16.179688
40000,22.289062
45000,31.414062
50000,42.773438
