steps,returns
100000.0,1018.606
200000.0,1025.2809
300000.0,1027.9465
400000.0,1028.3038
500000.0,1025.2036
600000.0,1021.8207
700000.0,1015.62585
800000.0,1004.17004
900000.0,988.31744
1000000.0,971.80273
