steps,returns
5000,9.4140625
10000,9.40625
15000,9.3984375
20000,9.3515625
25000,9.3203125
30000,9.34375
35000,9.375
40000,9.3203125
45000,9.390625
50000,9.3671875
