steps,returns
100000.0,485.72443
200000.0,630.29065
300000.0,481.21185
400000.0,347.80997
500000.0,317.53964
600000.0,309.65973
700000.0,330.19598
800000.0,381.0885
900000.0,397.76407
1000000.0,594.6029
