steps,returns
1000000,997.34375
2000000,556.09375
3000000,27.65625
4000000,285.0
5000000,308.59375
6000000,279.375
7000000,238.4375
8000000,41.40625
9000000,32.8125
10000000,323.4375
