steps,returns
1000000,-17.796875
2000000,-17.4375
3000000,-17.421875
4000000,-18.109375
5000000,-17.609375
6000000,-17.5625
7000000,-18.28125
8000000,-18.453125
9000000,-17.984375
10000000,-17.265625
