steps,returns
10000,139.3125
20000,198.125
30000,194.85156
40000,175.92969
50000,414.07812
60000,14.984375
70000,9.3828125
80000,105.203125
90000,192.5
100000,500.0
