steps,returns
1000000,115.15625
2000000,146.25
3000000,238.75
4000000,97.8125
5000000,252.1875
6000000,29.6875
7000000,17.65625
8000000,144.53125
9000000,87.65625
10000000,17.1875
