steps,returns
100000.0,467.69046
200000.0,502.4891
300000.0,540.2794
400000.0,514.6971
500000.0,843.1874
600000.0,548.07214
700000.0,700.4564
800000.0,1084.334
900000.0,1708.0
1000000.0,1536.8652
