steps,returns
1000000,-17.78125
2000000,-17.375
3000000,-17.625
4000000,-16.59375
5000000,-16.828125
6000000,-16.53125
7000000,-16.75
8000000,-15.953125
9000000,-16.453125
10000000,-15.65625
