steps,returns
10000,206.60156
20000,403.03125
30000,434.78906
40000,500.0
50000,500.0
60000,500.0
70000,500.0
80000,500.0
90000,500.0
100000,500.0
