steps,returns
1000000,325.0
2000000,150.0
3000000,125.0
4000000,685.35156
5000000,796.6797
6000000,684.1797
7000000,725.78125
8000000,822.2656
9000000,532.03125
10000000,952.9297
