steps,returns
100000.0,12.232479
200000.0,13.020757
300000.0,13.088322
400000.0,13.189896
500000.0,13.060122
600000.0,12.9937105
700000.0,12.965855
800000.0,12.947633
900000.0,12.9483795
1000000.0,12.955562
