steps,returns
1000000,522.65625
2000000,341.01562
3000000,335.7422
4000000,237.10938
5000000,275.78125
6000000,250.0
7000000,232.61719
8000000,302.73438
9000000,365.8203
10000000,216.40625
