steps,returns
1000000,150.0
2000000,250.0
3000000,225.0
4000000,250.0
5000000,306.25
6000000,250.0
7000000,289.2578
8000000,406.64062
9000000,440.8203
10000000,492.57812
