steps,returns
10000,-249.30469
20000,-500.0
30000,-500.0
40000,-500.0
50000,-500.0
60000,-500.0
70000,-230.69531
80000,-117.53906
90000,-496.09375
100000,-500.0
