steps,returns
100000.0,18.997478
200000.0,19.025002
300000.0,18.994844
400000.0,19.01307
500000.0,19.076971
600000.0,19.051321
700000.0,19.020752
800000.0,18.984442
900000.0,19.05938
1000000.0,18.99192
