steps,returns
10000,172.27344
20000,500.0
30000,500.0
40000,432.28906
50000,340.46094
60000,500.0
70000,493.91406
80000,500.0
90000,283.98438
100000,269.22656
