steps,returns
100000.0,266.82962
200000.0,263.33447
300000.0,261.41757
400000.0,261.66507
500000.0,262.37906
600000.0,
700000.0,
800000.0,
900000.0,
1000000.0,
