steps,returns
100000.0,779.8778
200000.0,724.3417
300000.0,738.9806
400000.0,704.29663
500000.0,782.8435
600000.0,838.0824
700000.0,878.8164
800000.0,880.2654
900000.0,850.1234
1000000.0,832.38684
