steps,returns
100000.0,954.18353
200000.0,672.51135
300000.0,626.5287
400000.0,671.1129
500000.0,914.2218
600000.0,906.17804
700000.0,938.99976
800000.0,1013.1022
900000.0,946.3563
1000000.0,882.2278
