steps,returns
1000000,-17.734375
2000000,-18.109375
3000000,-18.53125
4000000,-18.0625
5000000,-17.78125
6000000,-18.328125
7000000,-18.375
8000000,-17.859375
9000000,-17.84375
10000000,-17.3125
