steps,returns
100000.0,532.90344
200000.0,651.75946
300000.0,745.6482
400000.0,58.631287
500000.0,-505.3495
600000.0,-1222.8057
700000.0,-3056.8198
800000.0,-7422.701
900000.0,-11022.316
1000000.0,-13712.42
