steps,returns
5000,78.49219
10000,152.82812
15000,143.80469
20000,144.95312
25000,102.5
30000,59.59375
35000,99.96094
40000,96.99219
45000,75.36719
50000,98.234375
