steps,returns
1000000,-17.75
2000000,-17.625
3000000,-18.25
4000000,-17.609375
5000000,-17.46875
6000000,-17.796875
7000000,-16.890625
8000000,-17.0625
9000000,-17.25
10000000,-18.109375
