steps,returns
10000,180.5
20000,116.80469
30000,298.85938
40000,199.55469
50000,497.65625
60000,500.0
70000,500.0
80000,500.0
90000,500.0
100000,500.0
