steps,returns
1000000,303.90625
2000000,352.9297
3000000,457.8125
4000000,551.5625
5000000,348.04688
6000000,612.5
7000000,732.6172
8000000,1273.0469
9000000,671.09375
10000000,700.0
