steps,returns
10000,120.77344
20000,101.85156
30000,96.85156
40000,102.890625
50000,106.078125
60000,105.34375
70000,111.96094
80000,116.52344
90000,118.94531
100000,113.22656
