steps,returns
1000000,-18.0625
2000000,-17.96875
3000000,-17.84375
4000000,-18.046875
5000000,-17.96875
6000000,-17.984375
7000000,-18.15625
8000000,-18.21875
9000000,-17.921875
10000000,-17.9375
