steps,returns
1000000,-17.75
2000000,-18.015625
3000000,-17.78125
4000000,-18.515625
5000000,-18.03125
6000000,-18.15625
7000000,-18.015625
8000000,-17.828125
9000000,-17.53125
10000000,-18.078125
