steps,returns
1000000,150.0
2000000,125.0
3000000,150.0
4000000,250.0
5000000,258.98438
6000000,330.46875
7000000,240.23438
8000000,250.0
9000000,257.42188
10000000,315.23438
