steps,returns
1000000,255.07812
2000000,238.28125
3000000,343.9453
4000000,325.0
5000000,350.0
6000000,303.125
7000000,225.0
8000000,239.25781
9000000,261.32812
10000000,250.0
