steps,returns
5000,9.1328125
10000,9.4375
15000,9.4296875
20000,9.4375
25000,9.3359375
30000,9.2890625
35000,9.2421875
40000,9.3515625
45000,9.375
50000,9.453125
