steps,returns
1000000,79.6875
2000000,17.5
3000000,89.53125
4000000,25.625
5000000,51.5625
6000000,93.59375
7000000,17.1875
8000000,17.5
9000000,70.3125
10000000,157.65625
