steps,returns
10000,73.546875
20000,74.69531
30000,70.46094
40000,70.28906
50000,72.80469
60000,66.44531
70000,60.882812
80000,57.546875
90000,54.070312
100000,49.59375
