steps,returns
1000000,-17.609375
2000000,-18.265625
3000000,-18.25
4000000,-17.546875
5000000,-17.890625
6000000,-18.015625
7000000,-17.796875
8000000,-17.84375
9000000,-18.15625
10000000,-17.84375
