steps,returns
5000,126.53906
10000,130.41406
15000,103.16406
20000,97.609375
25000,74.3125
30000,91.74219
35000,175.41406
40000,94.46094
45000,87.515625
50000,257.04688
