steps,returns
1000000,-17.875
2000000,-17.28125
3000000,-17.953125
4000000,-17.28125
5000000,-17.609375
6000000,-17.625
7000000,-17.265625
8000000,-17.109375
9000000,-16.953125
10000000,-17.53125
