steps,returns
1000000,-17.5625
2000000,-18.015625
3000000,-17.71875
4000000,-17.765625
5000000,-17.875
6000000,-18.078125
7000000,-17.640625
8000000,-17.984375
9000000,-18.171875
10000000,-17.671875
