steps,returns
10000,9.2734375
20000,9.3515625
30000,9.3046875
40000,9.4453125
50000,9.375
60000,9.2890625
70000,9.359375
80000,9.34375
90000,9.265625
100000,9.3671875
