steps,returns
1000000,-18.34375
2000000,-18.1875
3000000,-17.875
4000000,-17.828125
5000000,-18.265625
6000000,-18.40625
7000000,-18.65625
8000000,-18.03125
9000000,-16.90625
10000000,-17.765625
