steps,returns
100000.0,948.0769
200000.0,478.11554
300000.0,15.432613
400000.0,-469.24292
500000.0,-1765.5918
600000.0,-2541.7637
700000.0,-2935.831
800000.0,-4383.42
900000.0,-7437.3984
1000000.0,-11951.74
