steps,returns
10000,500.0
20000,500.0
30000,500.0
40000,500.0
50000,500.0
60000,494.5625
70000,488.39844
80000,499.96875
90000,465.4922
100000,194.16406
