steps,returns
100000.0,845.20197
200000.0,772.6101
300000.0,673.97534
400000.0,685.6831
500000.0,700.6113
600000.0,728.45605
700000.0,774.74994
800000.0,828.31116
900000.0,918.4682
1000000.0,933.6496
