steps,returns
10000,-449.92188
20000,-500.0
30000,-500.0
40000,-500.0
50000,-500.0
60000,-237.84375
70000,-500.0
80000,-500.0
90000,-500.0
100000,-500.0
