steps,returns
10000,-497.33594
20000,-500.0
30000,-500.0
40000,-500.0
50000,-500.0
60000,-500.0
70000,-500.0
80000,-498.875
90000,-500.0
100000,-493.39062
