steps,returns
10000,-500.0
20000,-190.71875
30000,-500.0
40000,-500.0
50000,-251.69531
60000,-500.0
70000,-500.0
80000,-500.0
90000,-500.0
100000,-500.0
