steps,returns
100000.0,-0.7224942
200000.0,-0.031584285
300000.0,1.0590864
400000.0,3.7745767
500000.0,457.4438
600000.0,80.11902
700000.0,49.451744
800000.0,-18.648716
900000.0,74.76126
1000000.0,78.47279
