steps,returns
5000,8.9375
10000,8.9765625
15000,9.0
20000,9.046875
25000,9.0234375
30000,9.0625
35000,8.9921875
40000,9.203125
45000,9.203125
50000,9.1484375
