steps,returns
100000.0,12.4105835
200000.0,13.716305
300000.0,15.571756
400000.0,17.124186
500000.0,15.890869
600000.0,15.778166
700000.0,15.2746105
800000.0,14.987438
900000.0,15.633978
1000000.0,14.791801
