steps,returns
5000,9.3203125
10000,17.179688
15000,55.226562
20000,36.929688
25000,77.640625
30000,125.484375
35000,97.390625
40000,129.625
45000,119.109375
50000,128.92188
