steps,returns
100000.0,33.714695
200000.0,34.186653
300000.0,34.43099
400000.0,34.45656
500000.0,34.53756
600000.0,34.55341
700000.0,34.53681
800000.0,34.4833
900000.0,34.764366
1000000.0,34.4701
