steps,returns
5000,9.5703125
10000,9.5390625
15000,9.484375
20000,9.4921875
25000,9.671875
30000,9.4609375
35000,9.6484375
40000,9.4921875
45000,9.609375
50000,9.4375
