steps,returns
100000.0,990.6404
200000.0,994.3058
300000.0,994.9438
400000.0,1003.76605
500000.0,995.0443
600000.0,1010.6426
700000.0,1012.34375
800000.0,1028.374
900000.0,1050.7554
1000000.0,1040.1733
