steps,returns
1000000,-18.0625
2000000,-17.90625
3000000,-17.578125
4000000,-17.921875
5000000,-18.140625
6000000,-18.0
7000000,-17.71875
8000000,-18.484375
9000000,-18.140625
10000000,-18.328125
