steps,returns
100000.0,-674.18616
200000.0,-743.7068
300000.0,-791.4973
400000.0,-615.12146
500000.0,-697.0379
600000.0,-1011.989
700000.0,-1546.7493
800000.0,-6661.2725
900000.0,-13942.406
1000000.0,-33698.6
