steps,returns
100000.0,-0.7453875
200000.0,0.23381406
300000.0,0.93945634
400000.0,8.795326
500000.0,632.3436
600000.0,46.0972
700000.0,5.522268
800000.0,24.099657
900000.0,-14.154762
1000000.0,16.044939
