steps,returns
10000,40.054688
20000,22.296875
30000,80.19531
40000,135.08594
50000,149.5625
60000,237.74219
70000,262.3203
80000,193.45312
90000,179.3125
100000,186.57031
