steps,returns
100000.0,629.34216
200000.0,591.60864
300000.0,629.9978
400000.0,752.71643
500000.0,1094.8406
600000.0,1356.9375
700000.0,1485.4222
800000.0,1628.5615
900000.0,1365.4958
1000000.0,1687.383
