steps,returns
5000,22.757812
10000,159.85156
15000,363.2422
20000,122.046875
25000,81.89844
30000,110.94531
35000,154.61719
40000,500.0
45000,97.265625
50000,100.078125
