steps,returns
1000000,402.96875
2000000,153.4375
3000000,90.78125
4000000,123.59375
5000000,27.96875
6000000,114.0625
7000000,31.875
8000000,18.59375
9000000,42.1875
10000000,101.09375
