steps,returns
5000,64.828125
10000,49.640625
15000,133.84375
20000,390.41406
25000,500.0
30000,500.0
35000,500.0
40000,500.0
45000,222.16406
50000,461.16406
