steps,returns
1000000,-18.1875
2000000,-18.0
3000000,-17.75
4000000,-17.859375
5000000,-17.78125
6000000,-18.09375
7000000,-17.921875
8000000,-18.078125
9000000,-18.0
10000000,-18.375
