steps,returns
100000.0,881.4051
200000.0,820.32043
300000.0,770.0876
400000.0,721.37244
500000.0,710.46954
600000.0,808.58875
700000.0,831.52246
800000.0,848.0668
900000.0,850.48975
1000000.0,843.7589
