steps,returns
100000.0,546.18616
200000.0,583.43713
300000.0,511.1101
400000.0,474.00183
500000.0,464.0796
600000.0,502.72955
700000.0,509.86823
800000.0,466.323
900000.0,528.22595
1000000.0,539.6577
