steps,returns
5000,48.960938
10000,51.734375
15000,61.90625
20000,67.83594
25000,64.46094
30000,68.25
35000,67.05469
40000,74.796875
45000,70.36719
50000,71.35156
