steps,returns
10000,-181.64844
20000,-185.78125
30000,-204.42969
40000,-217.19531
50000,-286.5
60000,-332.77344
70000,-356.04688
80000,-398.52344
90000,-410.7422
100000,-491.33594
