steps,returns
5000,87.32031
10000,88.9375
15000,84.66406
20000,88.78906
25000,96.375
30000,82.421875
35000,84.39844
40000,75.609375
45000,76.46094
50000,73.21094
