steps,returns
5000,32.96875
10000,32.234375
15000,35.3125
20000,39.132812
25000,40.984375
30000,42.117188
35000,44.835938
40000,45.75
45000,45.257812
50000,48.109375
