steps,returns
1000000,-18.28125
2000000,-17.765625
3000000,-17.0
4000000,-17.484375
5000000,-17.484375
6000000,-17.4375
7000000,-16.546875
8000000,-16.984375
9000000,-16.96875
10000000,-17.3125
