steps,returns
5000,9.578125
10000,9.546875
15000,9.5703125
20000,9.5078125
25000,9.515625
30000,9.5390625
35000,9.453125
40000,9.5546875
45000,9.4921875
50000,9.5390625
