steps,returns
1000000,-18.3125
2000000,-18.28125
3000000,-17.6875
4000000,-17.5625
5000000,-18.328125
6000000,-18.390625
7000000,-17.671875
8000000,-17.765625
9000000,-17.421875
10000000,-17.703125
