steps,returns
100000.0,470.97467
200000.0,310.894
300000.0,765.4359
400000.0,715.99335
500000.0,690.6917
600000.0,680.1567
700000.0,678.95654
800000.0,689.3236
900000.0,698.0395
1000000.0,738.4479
