steps,returns
100000.0,699.2506
200000.0,798.87085
300000.0,828.1227
400000.0,724.23444
500000.0,774.1643
600000.0,1122.2261
700000.0,1154.519
800000.0,1571.5872
900000.0,1903.5039
1000000.0,1854.4883
