steps,returns
100000.0,1006.8291
200000.0,749.1515
300000.0,766.9771
400000.0,915.0879
500000.0,823.20886
600000.0,954.74915
700000.0,938.36597
800000.0,895.1988
900000.0,859.2778
1000000.0,229.06564
