steps,returns
100000.0,751.268
200000.0,517.76965
300000.0,459.5008
400000.0,535.275
500000.0,482.33014
600000.0,480.13528
700000.0,593.3327
800000.0,818.1498
900000.0,862.76196
1000000.0,918.2997
