steps,returns
1000000,-17.890625
2000000,-17.734375
3000000,-17.84375
4000000,-17.90625
5000000,-17.78125
6000000,-18.09375
7000000,-17.9375
8000000,-17.796875
9000000,-16.90625
10000000,-18.03125
