steps,returns
5000,41.617188
10000,16.820312
15000,9.765625
20000,15.0546875
25000,22.21875
30000,51.625
35000,9.2421875
40000,12.8515625
45000,20.921875
50000,23.351562
