steps,returns
100000,-200.0
200000,-200.0
300000,-200.0
400000,-200.0
500000,-175.72656
600000,-111.19531
700000,-157.45312
800000,-133.89844
900000,-123.59375
1000000,-119.25781
