steps,returns
1000000,-17.546875
2000000,-17.640625
3000000,-17.359375
4000000,-17.671875
5000000,-18.0
6000000,-17.28125
7000000,-16.875
8000000,-18.078125
9000000,-17.671875
10000000,-18.21875
