steps,returns
5000,23.804688
10000,97.88281
15000,109.47656
20000,124.71875
25000,500.0
30000,98.390625
35000,206.69531
40000,97.921875
45000,83.69531
50000,107.15625
