steps,returns
1000000,-18.09375
2000000,-17.96875
3000000,-17.984375
4000000,-17.953125
5000000,-17.4375
6000000,-18.421875
7000000,-17.796875
8000000,-17.828125
9000000,-17.921875
10000000,-17.375
