steps,returns
10000,371.4297
20000,309.07812
30000,375.8047
40000,410.82812
50000,494.83594
60000,500.0
70000,500.0
80000,500.0
90000,500.0
100000,500.0
