steps,returns
5000,67.69531
10000,25.898438
15000,52.234375
20000,12.25
25000,54.859375
30000,9.6171875
35000,15.234375
40000,22.226562
45000,23.53125
50000,23.351562
