steps,returns
5000,9.265625
10000,9.3359375
15000,9.2421875
20000,9.40625
25000,9.3828125
30000,9.2578125
35000,9.375
40000,9.28125
45000,9.203125
50000,9.328125
