steps,returns
1000000,150.0
2000000,250.0
3000000,125.0
4000000,288.08594
5000000,206.64062
6000000,289.2578
7000000,250.0
8000000,261.1328
9000000,617.96875
10000000,457.8125
