steps,returns
5000,34.117188
10000,42.890625
15000,48.671875
20000,52.25
25000,52.054688
30000,54.960938
35000,54.890625
40000,61.03125
45000,63.921875
50000,63.117188
