steps,returns
100000.0,19.909496
200000.0,19.013144
300000.0,18.216953
400000.0,17.765408
500000.0,
600000.0,
700000.0,
800000.0,
900000.0,
1000000.0,
