steps,returns
100000.0,501.1786
200000.0,540.4939
300000.0,698.4491
400000.0,627.99414
500000.0,673.2699
600000.0,634.1299
700000.0,771.01904
800000.0,927.0277
900000.0,750.5457
1000000.0,670.0896
