steps,returns
1000000,366.01562
2000000,125.0
3000000,244.72656
4000000,256.64062
5000000,395.1172
6000000,140.82031
7000000,490.4297
8000000,507.03125
9000000,604.8828
10000000,506.4453
