steps,returns
1000000,125.0
2000000,275.0
3000000,125.0
4000000,325.0
5000000,250.0
6000000,250.0
7000000,238.08594
8000000,206.83594
9000000,441.40625
10000000,307.8125
