steps,returns
1000000,-17.65625
2000000,-18.625
3000000,-18.03125
4000000,-18.59375
5000000,-18.03125
6000000,-17.421875
7000000,-17.46875
8000000,-18.078125
9000000,-17.875
10000000,-18.296875
