steps,returns
100000.0,1018.65326
200000.0,1023.458
300000.0,1027.3315
400000.0,1022.94727
500000.0,1021.3967
600000.0,1018.1665
700000.0,1011.88293
800000.0,996.7967
900000.0,983.2419
1000000.0,974.4126
