steps,returns
100000.0,1763.8495
200000.0,539.88806
300000.0,353.10474
400000.0,490.0448
500000.0,396.1914
600000.0,441.63043
700000.0,460.08185
800000.0,494.55377
900000.0,565.0132
1000000.0,624.1312
