steps,returns
100000.0,1144.5078
200000.0,1059.4319
300000.0,908.0844
400000.0,681.783
500000.0,637.5655
600000.0,617.01636
700000.0,608.80884
800000.0,622.4945
900000.0,587.6507
1000000.0,575.6032
