steps,returns
1000000,-18.03125
2000000,-18.1875
3000000,-18.265625
4000000,-18.046875
5000000,-17.953125
6000000,-17.59375
7000000,-18.390625
8000000,-18.359375
9000000,-17.984375
10000000,-17.921875
