steps,returns
1000000,-18.15625
2000000,-17.90625
3000000,-17.953125
4000000,-18.109375
5000000,-17.578125
6000000,-17.71875
7000000,-18.3125
8000000,-17.84375
9000000,-17.703125
10000000,-18.5
