steps,returns
5000,9.5546875
10000,9.5703125
15000,9.40625
20000,9.46875
25000,9.3828125
30000,9.40625
35000,9.34375
40000,9.453125
45000,9.296875
50000,9.4140625
