steps,returns
5000,41.703125
10000,9.3125
15000,41.21875
20000,15.1484375
25000,9.3359375
30000,15.6796875
35000,20.195312
40000,20.203125
45000,39.554688
50000,30.703125
