steps,returns
1000000,-18.125
2000000,-18.234375
3000000,-17.546875
4000000,-17.5
5000000,-16.984375
6000000,-17.953125
7000000,-16.875
8000000,-17.109375
9000000,-17.421875
10000000,-17.5625
