steps,returns
100000.0,1131.3104
200000.0,1039.5579
300000.0,620.53955
400000.0,523.65106
500000.0,285.0265
600000.0,-441.14276
700000.0,-773.2434
800000.0,-1378.5542
900000.0,-3372.82
1000000.0,-5448.7397
