steps,returns
1000000,-17.90625
2000000,-18.09375
3000000,-18.4375
4000000,-18.375
5000000,-17.5
6000000,-18.4375
7000000,-18.296875
8000000,-18.1875
9000000,-17.5625
10000000,-18.0
