steps,returns
5000,57.617188
10000,41.117188
15000,24.460938
20000,15.875
25000,15.296875
30000,20.875
35000,9.34375
40000,10.0
45000,15.1640625
50000,19.28125
