steps,returns
1000000,-17.3125
2000000,-17.4375
3000000,-17.515625
4000000,-16.84375
5000000,-17.265625
6000000,-18.078125
7000000,-18.140625
8000000,-17.703125
9000000,-17.671875
10000000,-18.03125
