steps,returns
1000000,-17.78125
2000000,-17.46875
3000000,-17.65625
4000000,-17.15625
5000000,-16.796875
6000000,-16.96875
7000000,-16.515625
8000000,-16.078125
9000000,-16.625
10000000,-16.21875
