steps,returns
1000000,-17.5
2000000,-17.578125
3000000,-18.390625
4000000,-18.203125
5000000,-18.046875
6000000,-17.953125
7000000,-17.96875
8000000,-17.8125
9000000,-17.640625
10000000,-18.046875
