steps,returns
5000,9.3359375
10000,77.55469
15000,125.07031
20000,117.5625
25000,128.57031
30000,86.875
35000,97.55469
40000,120.02344
45000,109.890625
50000,85.9375
