steps,returns
1000000,-17.65625
2000000,-18.109375
3000000,-17.640625
4000000,-17.9375
5000000,-18.03125
6000000,-17.90625
7000000,-18.25
8000000,-17.984375
9000000,-18.125
10000000,-17.578125
