steps,returns
1000000,83.28125
2000000,42.5
3000000,41.875
4000000,179.84375
5000000,45.3125
6000000,16.875
7000000,51.40625
8000000,35.15625
9000000,17.8125
10000000,26.40625
