steps,returns
10000,-288.0625
20000,-268.89844
30000,-312.0
40000,-316.2422
50000,-357.90625
60000,-450.60156
70000,-488.03125
80000,-493.3125
90000,-496.53906
100000,-486.45312
