steps,returns
1000000,-17.828125
2000000,-18.03125
3000000,-17.796875
4000000,-18.296875
5000000,-17.984375
6000000,-17.984375
7000000,-18.53125
8000000,-18.078125
9000000,-18.1875
10000000,-17.953125
