steps,returns
10000,461.5625
20000,378.76562
30000,468.72656
40000,253.00781
50000,500.0
60000,500.0
70000,500.0
80000,500.0
90000,500.0
100000,500.0
