steps,returns
1000000,-18.421875
2000000,-18.078125
3000000,-18.03125
4000000,-17.515625
5000000,-17.9375
6000000,-17.234375
7000000,-15.953125
8000000,-15.875
9000000,-16.46875
10000000,-16.4375
