steps,returns
100000.0,1016.1587
200000.0,1013.0873
300000.0,986.48865
400000.0,898.6204
500000.0,752.20087
600000.0,711.6817
700000.0,458.78442
800000.0,389.05713
900000.0,383.19684
1000000.0,485.12738
