steps,returns
5000,9.2890625
10000,46.023438
15000,18.617188
20000,110.63281
25000,167.39844
30000,174.57031
35000,133.39844
40000,187.20312
45000,178.49219
50000,140.95312
