steps,returns
5000,12.234375
10000,135.82031
15000,39.601562
20000,9.9296875
25000,141.75781
30000,117.71875
35000,317.4297
40000,100.109375
45000,108.11719
50000,77.90625
