steps,returns
100000.0,998.72125
200000.0,933.9033
300000.0,631.4196
400000.0,-1.0063598
500000.0,-366.7188
600000.0,-1621.4681
700000.0,-3468.664
800000.0,-6297.9287
900000.0,-8501.823
1000000.0,-12852.87
