steps,returns
1000000,125.0
2000000,232.03125
3000000,250.0
4000000,125.0
5000000,249.02344
6000000,393.9453
7000000,230.07812
8000000,359.76562
9000000,297.26562
10000000,603.5156
