steps,returns
1000000,-18.3125
2000000,-17.765625
3000000,-17.734375
4000000,-18.09375
5000000,-18.140625
6000000,-17.140625
7000000,-17.140625
8000000,-17.25
9000000,-17.359375
10000000,-16.78125
