steps,returns
5000,50.203125
10000,145.46875
15000,106.09375
20000,186.5
25000,112.859375
30000,242.95312
35000,51.976562
40000,73.11719
45000,78.65625
50000,99.08594
