steps,returns
100000.0,1023.78455
200000.0,1021.05005
300000.0,1019.7373
400000.0,1019.3904
500000.0,1015.9142
600000.0,1019.2455
700000.0,1021.21375
800000.0,1024.2402
900000.0,1022.1847
1000000.0,1020.25775
