steps,returns
1000000,-17.640625
2000000,-17.84375
3000000,-17.890625
4000000,-17.546875
5000000,-18.078125
6000000,-17.734375
7000000,-17.609375
8000000,-18.03125
9000000,-16.953125
10000000,-17.296875
