steps,returns
5000,14.7890625
10000,16.25
15000,10.6484375
20000,39.335938
25000,108.57031
30000,60.820312
35000,77.35156
40000,252.0
45000,80.83594
50000,128.24219
