steps,returns
1000000,-18.015625
2000000,-18.21875
3000000,-18.125
4000000,-17.875
5000000,-17.4375
6000000,-18.078125
7000000,-18.03125
8000000,-18.125
9000000,-17.328125
10000000,-17.8125
