steps,returns
5000,344.75
10000,203.63281
15000,112.91406
20000,500.0
25000,16.851562
30000,12.4609375
35000,9.3125
40000,500.0
45000,155.01562
50000,399.6328
