steps,returns
100000.0,697.56067
200000.0,690.85205
300000.0,721.42896
400000.0,1291.107
500000.0,2383.449
600000.0,1490.7356
700000.0,1444.3582
800000.0,1485.0955
900000.0,1678.0402
1000000.0,1670.5852
