steps,returns
5000,49.523438
10000,42.5
15000,42.164062
20000,39.625
25000,36.90625
30000,36.492188
35000,37.742188
40000,35.335938
45000,19.898438
50000,38.46875
