steps,returns
100000.0,679.88464
200000.0,765.34595
300000.0,1789.6008
400000.0,915.7912
500000.0,1176.1799
600000.0,841.8732
700000.0,1500.5958
800000.0,1465.521
900000.0,1024.5299
1000000.0,1197.6935
