steps,returns
5000,47.976562
10000,38.820312
15000,16.3125
20000,20.773438
25000,29.820312
30000,34.695312
35000,40.859375
40000,49.203125
45000,64.91406
50000,75.140625
