steps,returns
100000.0,763.6738
200000.0,605.46
300000.0,593.23615
400000.0,633.80225
500000.0,786.09607
600000.0,-15.013644
700000.0,-1951.335
800000.0,-2516.2207
900000.0,-823.11206
1000000.0,-1280.209
