steps,returns
1000000,-17.703125
2000000,-17.875
3000000,-17.875
4000000,-17.578125
5000000,-18.09375
6000000,-18.03125
7000000,-18.765625
8000000,-18.515625
9000000,-17.90625
10000000,-18.3125
