steps,returns
10000,146.30469
20000,147.86719
30000,148.0
40000,143.94531
50000,184.92969
60000,186.34375
70000,223.55469
80000,260.08594
90000,309.4297
100000,407.5703
