steps,returns
10000,85.484375
20000,34.914062
30000,65.28125
40000,178.21875
50000,151.35156
60000,361.73438
70000,95.9375
80000,22.710938
90000,30.210938
100000,500.0
