steps,returns
5000,31.101562
10000,35.078125
15000,35.8125
20000,36.820312
25000,41.335938
30000,39.03125
35000,42.375
40000,45.539062
45000,49.851562
50000,45.046875
