steps,returns
100000.0,466.84335
200000.0,522.7897
300000.0,461.74005
400000.0,496.23364
500000.0,513.3294
600000.0,543.3186
700000.0,690.88196
800000.0,780.41254
900000.0,527.42975
1000000.0,397.1645
