steps,returns
100000.0,1024.6414
200000.0,1010.275
300000.0,977.08246
400000.0,932.25336
500000.0,810.42346
600000.0,656.49506
700000.0,450.26453
800000.0,400.47858
900000.0,269.43414
1000000.0,355.7065
