steps,returns
1000000,-18.171875
2000000,-17.390625
3000000,-18.484375
4000000,-17.34375
5000000,-18.734375
6000000,-18.15625
7000000,-18.0625
8000000,-18.359375
9000000,-18.28125
10000000,-17.578125
