steps,returns
100000.0,-0.09534667
200000.0,-3.7251225
300000.0,-14.951529
400000.0,-49.173862
500000.0,-195.32106
600000.0,-327.7335
700000.0,-298.1928
800000.0,-377.79376
900000.0,-668.1999
1000000.0,-1373.8635
