steps,returns
10000,174.79688
20000,106.22656
30000,102.71875
40000,143.26562
50000,115.203125
60000,125.140625
70000,128.38281
80000,126.86719
90000,124.234375
100000,119.046875
