steps,returns
100000.0,1028.0422
200000.0,1221.1255
300000.0,1139.5205
400000.0,929.93524
500000.0,901.05914
600000.0,870.25903
700000.0,860.40656
800000.0,876.8228
900000.0,876.30444
1000000.0,863.23315
