steps,returns
100000.0,909.5548
200000.0,723.78973
300000.0,359.72937
400000.0,-310.03812
500000.0,-1019.9251
600000.0,-2081.2334
700000.0,-3250.0913
800000.0,-3576.6816
900000.0,-4272.75
1000000.0,-4230.1963
