steps,returns
100000.0,1128.9348
200000.0,1139.79
300000.0,662.46967
400000.0,807.33545
500000.0,-32.188076
600000.0,-5749.9194
700000.0,-18470.23
800000.0,-26592.672
900000.0,-29911.973
1000000.0,-51770.637
