steps,returns
1000000,561.3281
2000000,393.35938
3000000,635.7422
4000000,443.75
5000000,389.84375
6000000,549.6094
7000000,450.0
8000000,325.0
9000000,406.25
10000000,675.0
