steps,returns
10000,187.49219
20000,128.86719
30000,134.57812
40000,138.39844
50000,152.125
60000,141.375
70000,128.47656
80000,134.96875
90000,124.02344
100000,126.28906
