steps,returns
100000.0,446.25787
200000.0,640.83417
300000.0,559.0055
400000.0,1285.0752
500000.0,813.4857
600000.0,494.70612
700000.0,-3382.7622
800000.0,-14916.111
900000.0,-41405.17
1000000.0,-61786.938
