steps,returns
100000.0,982.2241
200000.0,906.031
300000.0,798.0793
400000.0,380.0008
500000.0,392.93307
600000.0,521.91
700000.0,438.41446
800000.0,329.89514
900000.0,307.7158
1000000.0,496.12372
