steps,returns
10000,9.25
20000,9.3515625
30000,9.2421875
40000,9.3984375
50000,9.3125
60000,9.4140625
70000,9.4765625
80000,9.3125
90000,9.21875
100000,9.3671875
