steps,returns
1000000,-18.265625
2000000,-17.609375
3000000,-18.1875
4000000,-18.0
5000000,-17.6875
6000000,-17.875
7000000,-17.59375
8000000,-17.625
9000000,-17.171875
10000000,-17.453125
