steps,returns
5000,9.328125
10000,9.3671875
15000,9.234375
20000,9.3203125
25000,9.34375
30000,9.2890625
35000,9.3515625
40000,9.2421875
45000,9.3125
50000,9.34375
