steps,returns
100000.0,-77.66269
200000.0,-424.66296
300000.0,-6.742476
400000.0,-72.809715
500000.0,-690.3024
600000.0,-1511.0671
700000.0,-2254.1167
800000.0,-2926.5332
900000.0,-4670.395
1000000.0,-6775.1084
