steps,returns
5000,9.125
10000,9.28125
15000,9.3125
20000,9.3359375
25000,12.4921875
30000,15.21875
35000,20.453125
40000,31.0625
45000,176.47656
50000,32.664062
