steps,returns
5000,50.570312
10000,60.773438
15000,63.273438
20000,64.0
25000,64.828125
30000,65.875
35000,67.390625
40000,64.61719
45000,62.976562
50000,61.109375
