steps,returns
5000,113.71875
10000,206.1875
15000,301.07812
20000,428.57812
25000,498.89062
30000,500.0
35000,500.0
40000,500.0
45000,500.0
50000,500.0
