steps,returns
5000,61.492188
10000,51.71875
15000,41.726562
20000,20.945312
25000,15.140625
30000,14.6015625
35000,21.953125
40000,41.03125
45000,15.109375
50000,11.8515625
