steps,returns
1000000,39.84375
2000000,27.96875
3000000,40.9375
4000000,46.25
5000000,51.40625
6000000,29.6875
7000000,17.1875
8000000,17.65625
9000000,17.65625
10000000,17.8125
