steps,returns
100000.0,476.07404
200000.0,566.6127
300000.0,546.7179
400000.0,433.84424
500000.0,578.9581
600000.0,703.6382
700000.0,524.3083
800000.0,655.6832
900000.0,694.1001
1000000.0,662.3723
