steps,returns
1000000,17.65625
2000000,16.71875
3000000,16.71875
4000000,17.8125
5000000,66.40625
6000000,35.15625
7000000,39.21875
8000000,17.03125
9000000,48.59375
10000000,17.65625
