steps,returns
100000.0,296.8622
200000.0,207.58307
300000.0,825.66943
400000.0,771.30725
500000.0,879.87964
600000.0,1035.7397
700000.0,1094.7474
800000.0,1031.7878
900000.0,1102.3401
1000000.0,1133.5522
