steps,returns
1000000,150.0
2000000,276.5625
3000000,263.28125
4000000,336.1328
5000000,607.03125
6000000,469.14062
7000000,590.8203
8000000,549.8047
9000000,709.1797
10000000,407.42188
