steps,returns
10000,-500.0
20000,-500.0
30000,-431.8047
40000,-456.01562
50000,-225.65625
60000,-394.84375
70000,-499.64062
80000,-500.0
90000,-500.0
100000,-500.0
