steps,returns
100000.0,13.950148
200000.0,14.255536
300000.0,14.342623
400000.0,14.474916
500000.0,14.350472
600000.0,14.33688
700000.0,14.39237
800000.0,14.464041
900000.0,14.483098
1000000.0,14.398595
