steps,returns
5000,34.039062
10000,31.773438
15000,33.8125
20000,35.984375
25000,33.078125
30000,36.164062
35000,36.640625
40000,35.007812
45000,38.476562
50000,39.226562
