steps,returns
100000.0,1026.6383
200000.0,915.7595
300000.0,735.156
400000.0,436.3952
500000.0,456.8801
600000.0,439.9184
700000.0,261.58047
800000.0,131.72002
900000.0,105.16712
1000000.0,49.27523
