steps,returns
100000.0,1022.1725
200000.0,1008.161
300000.0,981.07837
400000.0,910.3048
500000.0,814.01794
600000.0,641.5489
700000.0,486.72614
800000.0,330.51947
900000.0,-11.316236
1000000.0,-473.98743
