steps,returns
5000,9.890625
10000,52.695312
15000,223.30469
20000,134.46094
25000,128.72656
30000,122.64844
35000,13.4453125
40000,101.17969
45000,95.734375
50000,94.71094
