steps,returns
1000000,-18.203125
2000000,-17.78125
3000000,-18.0625
4000000,-17.640625
5000000,-17.5625
6000000,-17.015625
7000000,-18.515625
8000000,-17.71875
9000000,-17.4375
10000000,-18.734375
