steps,returns
10000,-288.125
20000,-287.46875
30000,-296.7578
40000,-313.3672
50000,-329.25
60000,-333.14062
70000,-339.1875
80000,-359.14062
90000,-355.3828
100000,-377.0703
