steps,returns
5000,232.01562
10000,173.50781
15000,71.94531
20000,41.1875
25000,19.867188
30000,16.601562
35000,211.86719
40000,9.53125
45000,10.15625
50000,15.2421875
