steps,returns
10000,285.29688
20000,112.85156
30000,357.76562
40000,435.65625
50000,500.0
60000,500.0
70000,500.0
80000,500.0
90000,500.0
100000,500.0
