steps,returns
100000.0,-0.8362119
200000.0,3.0815802
300000.0,5.646615
400000.0,-82.60426
500000.0,-209.62292
600000.0,-421.01645
700000.0,-468.90842
800000.0,-436.53503
900000.0,-1056.634
1000000.0,-764.2632
