steps,returns
100000.0,715.03723
200000.0,918.4622
300000.0,864.6514
400000.0,874.65717
500000.0,858.7429
600000.0,843.07947
700000.0,848.5348
800000.0,1162.5801
900000.0,1274.4631
1000000.0,1368.636
