steps,returns
1000000,-17.859375
2000000,-18.59375
3000000,-17.796875
4000000,-18.59375
5000000,-18.40625
6000000,-18.078125
7000000,-17.9375
8000000,-18.0
9000000,-17.703125
10000000,-17.578125
