steps,returns
1000000,-18.140625
2000000,-18.015625
3000000,-18.0625
4000000,-18.078125
5000000,-18.09375
6000000,-18.046875
7000000,-18.078125
8000000,-17.8125
9000000,-17.515625
10000000,-17.796875
