steps,returns
100000.0,2.6078873
200000.0,-483.25662
300000.0,-1363.3082
400000.0,-2197.886
500000.0,-2335.8303
600000.0,-3262.6714
700000.0,-4463.9893
800000.0,-5233.4224
900000.0,-6698.2637
1000000.0,-8788.171
