steps,returns
10000,273.1797
20000,197.77344
30000,204.30469
40000,178.25781
50000,274.35156
60000,375.21094
70000,411.57812
80000,428.71875
90000,459.22656
100000,486.32812
