steps,returns
10000,121.484375
20000,89.11719
30000,98.09375
40000,101.390625
50000,108.32031
60000,101.484375
70000,111.05469
80000,110.42969
90000,101.640625
100000,113.60156
