steps,returns
1000000,-17.796875
2000000,-16.65625
3000000,-15.46875
4000000,-15.90625
5000000,-15.578125
6000000,-14.296875
7000000,-15.546875
8000000,-14.515625
9000000,-13.859375
10000000,-13.703125
