steps,returns
10000,80.96094
20000,12.1796875
30000,500.0
40000,477.9375
50000,83.89844
60000,9.4140625
70000,9.4765625
80000,9.3125
90000,9.21875
100000,9.3671875
