{"config": {"hp_config.clip_eps": 0.03131800152990488, "hp_config.ent_coef": 0.12095085210074241, "hp_config.gae_lambda": 0.8864130680881416, "hp_config.learning_rate": 0.00040736280098649917, "hp_config.max_grad_norm": 0.7730835540548716, "hp_config.minibatch_size": 512, "hp_config.normalize_advantage": true, "hp_config.vf_clip_eps": 0.05350207009689578, "hp_config.vf_coef": 0.5896947230135507}, "score": -10055.46875, "budget_used": 128, "total_wallclock_time": -3936.8408739566803, "total_optimization_time": 0.010862112045288086}
