steps,returns
100000.0,1101.2646
200000.0,940.6369
300000.0,1015.19727
400000.0,1070.4354
500000.0,808.0159
600000.0,721.1991
700000.0,134.86235
800000.0,-1859.9652
900000.0,-7612.2646
1000000.0,-13270.896
