steps,returns
5000,44.34375
10000,105.25
15000,483.3828
20000,102.35156
25000,30.765625
30000,101.578125
35000,500.0
40000,67.82031
45000,97.984375
50000,87.546875
