steps,returns
1000000,125.3125
2000000,80.0
3000000,20.3125
4000000,17.03125
5000000,18.4375
6000000,90.78125
7000000,26.09375
8000000,127.8125
9000000,1182.3438
10000000,19.375
