steps,returns
5000,9.2578125
10000,9.3984375
15000,9.296875
20000,9.359375
25000,11.671875
30000,15.671875
35000,21.453125
40000,26.234375
45000,44.765625
50000,63.21875
