steps,returns
1000000,-17.046875
2000000,-17.78125
3000000,-18.609375
4000000,-17.765625
5000000,-18.3125
6000000,-18.15625
7000000,-18.21875
8000000,-18.34375
9000000,-17.953125
10000000,-17.546875
