steps,returns
10000,9.25
20000,9.3515625
30000,9.3359375
40000,9.3046875
50000,9.4375
60000,9.359375
70000,9.3125
80000,9.34375
90000,9.484375
100000,9.28125
