steps,returns
1000000,125.0
2000000,125.0
3000000,250.0
4000000,250.0
5000000,266.01562
6000000,627.7344
7000000,489.0625
8000000,420.3125
9000000,621.6797
10000000,694.33594
