steps,returns
100000.0,363.30426
200000.0,291.4336
300000.0,131.53188
400000.0,-427.7985
500000.0,-1075.9563
600000.0,-2847.0254
700000.0,-4319.256
800000.0,-6908.245
900000.0,-15195.578
1000000.0,-17545.95
