steps,returns
1000000,17.34375
2000000,16.71875
3000000,34.84375
4000000,17.96875
5000000,24.53125
6000000,89.375
7000000,16.875
8000000,95.46875
9000000,131.25
10000000,364.53125
