steps,returns
100000.0,-1.2240076
200000.0,-1.0985421
300000.0,-1.5431986
400000.0,-1.574115
500000.0,-1.8484482
600000.0,-1.7784446
700000.0,-2.1913772
800000.0,7.604764
900000.0,-53.992004
1000000.0,48.86161
