steps,returns
1000000,-18.03125
2000000,-18.0
3000000,-17.984375
4000000,-18.0
5000000,-18.34375
6000000,-18.328125
7000000,-18.0625
8000000,-18.15625
9000000,-17.703125
10000000,-18.46875
