steps,returns
100000.0,446.89117
200000.0,796.7821
300000.0,513.38855
400000.0,449.7751
500000.0,522.50256
600000.0,585.656
700000.0,939.33276
800000.0,1415.0497
900000.0,1123.5935
1000000.0,551.58704
