steps,returns
1000000,-18.234375
2000000,-18.21875
3000000,-17.765625
4000000,-17.984375
5000000,-16.921875
6000000,-17.71875
7000000,-17.0625
8000000,-17.203125
9000000,-17.328125
10000000,-16.96875
