steps,returns
10000,107.91406
20000,92.53125
30000,97.296875
40000,101.046875
50000,102.77344
60000,102.41406
70000,104.03906
80000,120.13281
90000,118.625
100000,116.3125
