steps,returns
100000.0,-7.0147543
200000.0,-6.893224
300000.0,-6.9487605
400000.0,-6.8640404
500000.0,-6.7917833
600000.0,-6.887701
700000.0,-6.807515
800000.0,-6.880805
900000.0,-6.8206053
1000000.0,-6.920128
