steps,returns
5000,8.890625
10000,8.9375
15000,9.0703125
20000,9.1640625
25000,9.015625
30000,9.34375
35000,9.2421875
40000,9.2734375
45000,9.34375
50000,9.4453125
