steps,returns
5000,84.90625
10000,84.703125
15000,79.03125
20000,87.16406
25000,81.796875
30000,81.46094
35000,85.08594
40000,84.08594
45000,85.578125
50000,89.671875
