steps,returns
10000,-500.0
20000,-500.0
30000,-500.0
40000,-500.0
50000,-110.71875
60000,-103.44531
70000,-112.50781
80000,-90.21875
90000,-129.71094
100000,-91.83594
