steps,returns
100000.0,4.1514797
200000.0,5.66726
300000.0,6.4219756
400000.0,6.6082835
500000.0,6.635353
600000.0,6.3185997
700000.0,6.6347284
800000.0,6.508798
900000.0,6.6456556
1000000.0,6.1641774
