steps,returns
100000.0,1029.8832
200000.0,1027.4703
300000.0,1026.3237
400000.0,1022.22406
500000.0,1010.94556
600000.0,1001.04224
700000.0,977.10535
800000.0,943.05585
900000.0,899.1443
1000000.0,862.85974
