steps,returns
100000.0,-3.0422435
200000.0,43.755257
300000.0,-1.9843795
400000.0,13.722208
500000.0,-110.5831
600000.0,-151.68521
700000.0,-190.883
800000.0,-255.30212
900000.0,-394.6606
1000000.0,-526.5686
