steps,returns
1000000,44.6875
2000000,27.5
3000000,27.5
4000000,45.9375
5000000,15.625
6000000,17.65625
7000000,16.875
8000000,28.90625
9000000,17.65625
10000000,48.75
