steps,returns
5000,9.125
10000,9.1640625
15000,9.0
20000,9.0234375
25000,9.1796875
30000,9.109375
35000,8.9296875
40000,9.0390625
45000,9.015625
50000,8.921875
