steps,returns
100000.0,720.7572
200000.0,947.8629
300000.0,1033.8463
400000.0,836.2604
500000.0,892.45984
600000.0,1019.63196
700000.0,727.7657
800000.0,561.0936
900000.0,662.1228
1000000.0,598.70715
