steps,returns
100000.0,1101.4509
200000.0,984.9402
300000.0,1147.5009
400000.0,496.58954
500000.0,511.07098
600000.0,476.46405
700000.0,561.38544
800000.0,578.4185
900000.0,497.9348
1000000.0,511.13263
