steps,returns
5000,9.1171875
10000,9.34375
15000,9.4140625
20000,9.359375
25000,9.2421875
30000,9.3125
35000,9.4296875
40000,15.375
45000,19.789062
50000,29.53125
