steps,returns
1000000,-17.984375
2000000,-18.140625
3000000,-17.75
4000000,-17.984375
5000000,-17.921875
6000000,-18.09375
7000000,-17.71875
8000000,-18.6875
9000000,-17.984375
10000000,-18.078125
