steps,returns
100000.0,6.726599
200000.0,236.68576
300000.0,-847.4361
400000.0,-3572.2427
500000.0,-13287.719
600000.0,-39294.457
700000.0,-105514.28
800000.0,-199711.77
900000.0,-343531.78
1000000.0,-741712.94
