steps,returns
1000000,-18.359375
2000000,-17.9375
3000000,-18.03125
4000000,-17.90625
5000000,-18.421875
6000000,-17.8125
7000000,-17.71875
8000000,-18.015625
9000000,-18.171875
10000000,-18.453125
