steps,returns
1000000,-17.75
2000000,-17.984375
3000000,-18.03125
4000000,-17.703125
5000000,-17.90625
6000000,-18.25
7000000,-18.140625
8000000,-17.859375
9000000,-18.171875
10000000,-17.671875
