steps,returns
100000.0,31.943642
200000.0,31.49855
300000.0,33.244637
400000.0,33.055626
500000.0,34.31128
600000.0,35.151222
700000.0,35.048103
800000.0,34.93698
900000.0,35.36168
1000000.0,36.264008
