steps,returns
100000.0,728.37415
200000.0,543.46844
300000.0,831.749
400000.0,604.3548
500000.0,224.41635
600000.0,51.391167
700000.0,-49.139793
800000.0,-63.969154
900000.0,-129.07285
1000000.0,-194.16177
