steps,returns
100000.0,974.3783
200000.0,1290.8328
300000.0,1471.4513
400000.0,1410.5896
500000.0,1389.5607
600000.0,1212.0156
700000.0,899.3641
800000.0,273.08435
900000.0,291.85025
1000000.0,271.26703
