steps,returns
100000.0,65.710144
200000.0,65.613556
300000.0,65.224686
400000.0,65.99138
500000.0,66.18825
600000.0,66.312805
700000.0,66.657455
800000.0,66.11383
900000.0,66.39322
1000000.0,65.863144
