steps,returns
10000,-500.0
20000,-500.0
30000,-181.41406
40000,-500.0
50000,-500.0
60000,-288.66406
70000,-500.0
80000,-500.0
90000,-500.0
100000,-500.0
