steps,returns
1000000,-17.6875
2000000,-17.65625
3000000,-17.609375
4000000,-18.109375
5000000,-17.9375
6000000,-18.046875
7000000,-16.828125
8000000,-17.265625
9000000,-17.734375
10000000,-17.390625
