steps,returns
5000,9.5078125
10000,9.9296875
15000,25.578125
20000,9.25
25000,47.945312
30000,34.195312
35000,39.367188
40000,43.054688
45000,330.4297
50000,333.9453
