steps,returns
1000000,-17.9375
2000000,-18.109375
3000000,-17.84375
4000000,-18.296875
5000000,-18.015625
6000000,-18.234375
7000000,-17.734375
8000000,-17.71875
9000000,-18.1875
10000000,-17.765625
