steps,returns
10000,316.4453
20000,213.01562
30000,36.875
40000,146.94531
50000,9.3671875
60000,460.67188
70000,9.4140625
80000,110.92969
90000,107.15625
100000,9.2890625
