steps,returns
1000000,125.0
2000000,125.0
3000000,487.89062
4000000,592.3828
5000000,616.0156
6000000,472.65625
7000000,567.5781
8000000,677.7344
9000000,961.91406
10000000,729.10156
