steps,returns
1000000,150.0
2000000,150.0
3000000,277.14844
4000000,305.66406
5000000,250.0
6000000,192.38281
7000000,225.0
8000000,248.63281
9000000,426.7578
10000000,541.0156
