steps,returns
100000.0,655.75244
200000.0,-20.069736
300000.0,-1249.7537
400000.0,-2640.8503
500000.0,-3892.9224
600000.0,-5902.1816
700000.0,-11683.529
800000.0,-25513.223
900000.0,-24667.652
1000000.0,-44665.97
