steps,returns
5000,10.0625
10000,50.53125
15000,217.20312
20000,158.74219
25000,176.45312
30000,500.0
35000,157.875
40000,137.21875
45000,141.14844
50000,207.26562
