steps,returns
10000,69.57031
20000,69.11719
30000,64.921875
40000,64.60156
50000,59.773438
60000,64.34375
70000,61.304688
80000,58.757812
90000,51.8125
100000,51.601562
