steps,returns
5000,9.375
10000,48.226562
15000,9.5234375
20000,15.1171875
25000,24.5
30000,16.617188
35000,30.632812
40000,13.6953125
45000,129.71094
50000,72.96094
