steps,returns
10000,296.20312
20000,315.82812
30000,214.72656
40000,201.17188
50000,183.34375
60000,92.77344
70000,223.67188
80000,249.75781
90000,469.82812
100000,500.0
