steps,returns
100000.0,54.13105
200000.0,-881.64984
300000.0,-15711.408
400000.0,-167237.44
500000.0,-273770.25
600000.0,-573996.5
700000.0,-1969452.1
800000.0,-2449321.5
900000.0,-2939116.0
1000000.0,-4313419.5
