steps,returns
10000,58.289062
20000,60.679688
30000,63.46875
40000,65.92969
50000,62.78125
60000,67.546875
70000,66.27344
80000,67.109375
90000,70.30469
100000,70.72656
