steps,returns
1000000,31.5625
2000000,16.875
3000000,17.96875
4000000,337.8125
5000000,16.09375
6000000,292.1875
7000000,25.3125
8000000,337.10938
9000000,17.5
10000000,18.4375
