steps,returns
10000,360.1172
20000,468.28906
30000,500.0
40000,286.67188
50000,500.0
60000,169.03125
70000,500.0
80000,500.0
90000,500.0
100000,126.74219
