steps,returns
1000000,17.5
2000000,17.5
3000000,28.28125
4000000,18.125
5000000,15.625
6000000,17.1875
7000000,49.0625
8000000,17.5
9000000,17.65625
10000000,17.8125
