steps,returns
100000.0,398.27435
200000.0,-208.61588
300000.0,-1414.8643
400000.0,-3672.9014
500000.0,-5892.1426
600000.0,-11874.947
700000.0,-15549.039
800000.0,-16708.059
900000.0,-29627.977
1000000.0,-33448.723
