{"config": {"hp_config.buffer_alpha": 0.7006548839679922, "hp_config.buffer_batch_size": 64, "hp_config.buffer_beta": 0.670099048291211, "hp_config.buffer_epsilon": 0.007035740826563435, "hp_config.buffer_prio_sampling": true, "hp_config.buffer_size": 13784, "hp_config.epsilon": 0.161137033707471, "hp_config.gradient_steps": 4, "hp_config.learning_rate": 0.0007095513849771362, "hp_config.learning_starts": 449, "hp_config.train_freq": 127, "hp_config.use_target_network": true, "hp_config.target_update_interval": 209, "hp_config.tau": 0.1696964227061463}, "score": 15.0546875, "budget_used": 13, "total_wallclock_time": -69.96741199493408, "total_optimization_time": 0.010109663009643555}
{"config": {"hp_config.buffer_alpha": 0.7676720012688956, "hp_config.buffer_batch_size": 256, "hp_config.buffer_beta": 0.9046825423484741, "hp_config.buffer_epsilon": 0.0017508019189781672, "hp_config.buffer_prio_sampling": false, "hp_config.buffer_size": 58873, "hp_config.epsilon": 0.48115850738087834, "hp_config.gradient_steps": 3, "hp_config.learning_rate": 1.6000881156206383e-05, "hp_config.learning_starts": 102, "hp_config.train_freq": 3, "hp_config.use_target_network": false}, "score": 9.9375, "budget_used": 26, "total_wallclock_time": -140.26601243019104, "total_optimization_time": 0.04150867462158203}
{"config": {"hp_config.buffer_alpha": 0.3805532214877069, "hp_config.buffer_batch_size": 256, "hp_config.buffer_beta": 0.24542917011364845, "hp_config.buffer_epsilon": 0.0025466778914287874, "hp_config.buffer_prio_sampling": true, "hp_config.buffer_size": 31159, "hp_config.epsilon": 0.4203986155180329, "hp_config.gradient_steps": 3, "hp_config.learning_rate": 0.00032504784226357336, "hp_config.learning_starts": 966, "hp_config.train_freq": 82, "hp_config.use_target_network": false}, "score": 9.4296875, "budget_used": 39, "total_wallclock_time": -208.3357059955597, "total_optimization_time": 0.045775413513183594}
{"config": {"hp_config.buffer_alpha": 0.3805532214877069, "hp_config.buffer_batch_size": 256, "hp_config.buffer_beta": 0.24542917011364845, "hp_config.buffer_epsilon": 0.0025466778914287874, "hp_config.buffer_prio_sampling": true, "hp_config.buffer_size": 31159, "hp_config.epsilon": 0.4203986155180329, "hp_config.gradient_steps": 3, "hp_config.learning_rate": 0.00032504784226357336, "hp_config.learning_starts": 966, "hp_config.train_freq": 82, "hp_config.use_target_network": false}, "score": 9.4296875, "budget_used": 52, "total_wallclock_time": -275.8804409503937, "total_optimization_time": 0.05085349082946777}
{"config": {"hp_config.buffer_alpha": 0.3805532214877069, "hp_config.buffer_batch_size": 256, "hp_config.buffer_beta": 0.24542917011364845, "hp_config.buffer_epsilon": 0.0025466778914287874, "hp_config.buffer_prio_sampling": true, "hp_config.buffer_size": 31159, "hp_config.epsilon": 0.4203986155180329, "hp_config.gradient_steps": 3, "hp_config.learning_rate": 0.00032504784226357336, "hp_config.learning_starts": 966, "hp_config.train_freq": 82, "hp_config.use_target_network": false}, "score": 9.4296875, "budget_used": 65, "total_wallclock_time": -343.5899655818939, "total_optimization_time": 0.055292606353759766}
{"config": {"hp_config.buffer_alpha": 0.3805532214877069, "hp_config.buffer_batch_size": 256, "hp_config.buffer_beta": 0.24542917011364845, "hp_config.buffer_epsilon": 0.0025466778914287874, "hp_config.buffer_prio_sampling": true, "hp_config.buffer_size": 31159, "hp_config.epsilon": 0.4203986155180329, "hp_config.gradient_steps": 3, "hp_config.learning_rate": 0.00032504784226357336, "hp_config.learning_starts": 966, "hp_config.train_freq": 82, "hp_config.use_target_network": false}, "score": 9.4296875, "budget_used": 78, "total_wallclock_time": -418.48023796081543, "total_optimization_time": 0.05973100662231445}
{"config": {"hp_config.buffer_alpha": 0.3805532214877069, "hp_config.buffer_batch_size": 256, "hp_config.buffer_beta": 0.24542917011364845, "hp_config.buffer_epsilon": 0.0025466778914287874, "hp_config.buffer_prio_sampling": true, "hp_config.buffer_size": 31159, "hp_config.epsilon": 0.4203986155180329, "hp_config.gradient_steps": 3, "hp_config.learning_rate": 0.00032504784226357336, "hp_config.learning_starts": 966, "hp_config.train_freq": 82, "hp_config.use_target_network": false}, "score": 9.4296875, "budget_used": 91, "total_wallclock_time": -497.6966745853424, "total_optimization_time": 0.06424760818481445}
{"config": {"hp_config.buffer_alpha": 0.5386381443925079, "hp_config.buffer_batch_size": 256, "hp_config.buffer_beta": 0.402644011004804, "hp_config.buffer_epsilon": 0.0019601420212244213, "hp_config.buffer_prio_sampling": true, "hp_config.buffer_size": 30333, "hp_config.epsilon": 0.24923644633314318, "hp_config.gradient_steps": 7, "hp_config.learning_rate": 0.00020195336586820343, "hp_config.learning_starts": 958, "hp_config.train_freq": 114, "hp_config.use_target_network": false}, "score": 9.4140625, "budget_used": 104, "total_wallclock_time": -566.415191411972, "total_optimization_time": 0.06985354423522949}
{"config": {"hp_config.buffer_alpha": 0.5386381443925079, "hp_config.buffer_batch_size": 256, "hp_config.buffer_beta": 0.402644011004804, "hp_config.buffer_epsilon": 0.0019601420212244213, "hp_config.buffer_prio_sampling": true, "hp_config.buffer_size": 30333, "hp_config.epsilon": 0.24923644633314318, "hp_config.gradient_steps": 7, "hp_config.learning_rate": 0.00020195336586820343, "hp_config.learning_starts": 958, "hp_config.train_freq": 114, "hp_config.use_target_network": false}, "score": 9.4140625, "budget_used": 117, "total_wallclock_time": -635.3677756786346, "total_optimization_time": 0.07713675498962402}
{"config": {"hp_config.buffer_alpha": 0.5386381443925079, "hp_config.buffer_batch_size": 256, "hp_config.buffer_beta": 0.402644011004804, "hp_config.buffer_epsilon": 0.0019601420212244213, "hp_config.buffer_prio_sampling": true, "hp_config.buffer_size": 30333, "hp_config.epsilon": 0.24923644633314318, "hp_config.gradient_steps": 7, "hp_config.learning_rate": 0.00020195336586820343, "hp_config.learning_starts": 958, "hp_config.train_freq": 114, "hp_config.use_target_network": false}, "score": 9.4140625, "budget_used": 130, "total_wallclock_time": -705.7795622348785, "total_optimization_time": 0.08184218406677246}
{"config": {"hp_config.buffer_alpha": 0.5386381443925079, "hp_config.buffer_batch_size": 256, "hp_config.buffer_beta": 0.402644011004804, "hp_config.buffer_epsilon": 0.0019601420212244213, "hp_config.buffer_prio_sampling": true, "hp_config.buffer_size": 30333, "hp_config.epsilon": 0.24923644633314318, "hp_config.gradient_steps": 7, "hp_config.learning_rate": 0.00020195336586820343, "hp_config.learning_starts": 958, "hp_config.train_freq": 114, "hp_config.use_target_network": false}, "score": 9.4140625, "budget_used": 143, "total_wallclock_time": -774.6816024780273, "total_optimization_time": 0.08658218383789062}
