steps,returns
1000000,-17.453125
2000000,-18.28125
3000000,-17.859375
4000000,-17.96875
5000000,-17.46875
6000000,-17.9375
7000000,-18.296875
8000000,-17.40625
9000000,-18.859375
10000000,-17.515625
