steps,returns
100000.0,565.77454
200000.0,558.32825
300000.0,611.817
400000.0,657.7683
500000.0,620.7372
600000.0,684.4098
700000.0,699.7419
800000.0,652.4435
900000.0,600.7146
1000000.0,653.7762
