steps,returns
5000,10.21875
10000,50.796875
15000,133.35156
20000,318.1797
25000,168.34375
30000,100.40625
35000,23.179688
40000,92.39844
45000,122.09375
50000,139.07812
