steps,returns
12000,-200.0
24000,-200.0
36000,-200.0
48000,-200.0
60000,-200.0
72000,-135.32812
84000,-200.0
96000,-200.0
108000,-200.0
120000,-159.14844
