steps,returns
100000.0,1091.3984
200000.0,1455.1355
300000.0,1263.6254
400000.0,1017.31335
500000.0,697.03107
600000.0,632.47986
700000.0,905.4889
800000.0,733.34094
900000.0,-35.598705
1000000.0,-3201.7466
