steps,returns
5000,84.34375
10000,89.28906
15000,83.19531
20000,81.453125
25000,80.015625
30000,79.890625
35000,81.71094
40000,75.94531
45000,81.140625
50000,91.109375
