steps,returns
10000,206.39844
20000,179.42188
30000,160.70312
40000,441.03906
50000,155.36719
60000,500.0
70000,226.74219
80000,467.2578
90000,500.0
100000,268.07812
