steps,returns
100000.0,-2.6051173
200000.0,137.08191
300000.0,-97.736206
400000.0,-240.56682
500000.0,-349.83664
600000.0,-946.79584
700000.0,-1113.1704
800000.0,-1181.7234
900000.0,-1085.5778
1000000.0,-1097.5647
