steps,returns
5000,78.53906
10000,82.66406
15000,86.046875
20000,91.671875
25000,95.61719
30000,88.00781
35000,89.140625
40000,89.55469
45000,78.86719
50000,64.24219
