steps,returns
100000.0,794.583
200000.0,671.1362
300000.0,1071.4
400000.0,914.69116
500000.0,908.88525
600000.0,899.92957
700000.0,877.4608
800000.0,879.31494
900000.0,915.72473
1000000.0,977.0277
