steps,returns
10000,398.60938
20000,499.60156
30000,58.664062
40000,500.0
50000,192.25781
60000,244.23438
70000,500.0
80000,83.71875
90000,406.5703
100000,497.97656
