steps,returns
100000.0,994.78687
200000.0,990.4963
300000.0,812.7583
400000.0,433.30194
500000.0,155.9262
600000.0,333.19226
700000.0,312.61945
800000.0,421.1642
900000.0,164.66599
1000000.0,314.48572
