steps,returns
100000.0,262.99677
200000.0,790.8224
300000.0,934.15985
400000.0,979.5572
500000.0,944.5043
600000.0,943.5434
700000.0,918.7489
800000.0,884.0331
900000.0,862.3612
1000000.0,854.7273
