steps,returns
10000,332.5
20000,433.6328
30000,500.0
40000,359.79688
50000,486.35938
60000,422.34375
70000,500.0
80000,500.0
90000,500.0
100000,500.0
