steps,returns
100000.0,-987.34534
200000.0,-317.05148
300000.0,-3.159628
400000.0,-1301.3579
500000.0,-1406.2369
600000.0,-558.83167
700000.0,-620.056
800000.0,-1582.4062
900000.0,391.0795
1000000.0,-1919.2087
