steps,returns
1000000,-17.703125
2000000,-16.5625
3000000,-16.515625
4000000,-16.71875
5000000,-16.390625
6000000,-15.390625
7000000,-15.609375
8000000,-15.703125
9000000,-14.875
10000000,-15.203125
