steps,returns
10000,98.375
20000,88.609375
30000,86.4375
40000,95.28125
50000,118.82031
60000,128.10156
70000,152.58594
80000,174.0625
90000,235.125
100000,250.52344
