steps,returns
1000000,-17.671875
2000000,-16.984375
3000000,-16.734375
4000000,-16.015625
5000000,-16.421875
6000000,-16.40625
7000000,-17.390625
8000000,-16.28125
9000000,-15.75
10000000,-16.171875
