steps,returns
1000000,283.20312
2000000,140.23438
3000000,202.14844
4000000,173.24219
5000000,208.00781
6000000,197.07031
7000000,262.10938
8000000,234.375
9000000,125.0
10000000,125.0
