steps,returns
100000.0,654.48474
200000.0,995.66876
300000.0,915.20483
400000.0,945.7233
500000.0,1220.1125
600000.0,1209.8529
700000.0,1240.0862
800000.0,1234.5508
900000.0,1209.9397
1000000.0,1216.992
