steps,returns
1000000,27.96875
2000000,37.8125
3000000,16.875
4000000,17.5
5000000,16.5625
6000000,30.78125
7000000,17.5
8000000,26.875
9000000,28.28125
10000000,29.0625
