steps,returns
10000,341.3203
20000,378.78906
30000,424.26562
40000,466.23438
50000,500.0
60000,500.0
70000,500.0
80000,500.0
90000,500.0
100000,500.0
