steps,returns
1000000,150.0
2000000,125.0
3000000,350.0
4000000,303.125
5000000,382.42188
6000000,309.76562
7000000,293.35938
8000000,509.5703
9000000,766.0156
10000000,359.375
