steps,returns
100000.0,589.699
200000.0,921.20435
300000.0,896.4991
400000.0,956.2025
500000.0,966.12177
600000.0,995.6561
700000.0,975.2589
800000.0,975.68933
900000.0,969.38354
1000000.0,963.46436
