steps,returns
5000,9.4375
10000,9.2734375
15000,9.2890625
20000,9.4296875
25000,9.2578125
30000,9.328125
35000,9.328125
40000,9.3984375
45000,9.359375
50000,9.453125
