steps,returns
100000.0,863.61017
200000.0,583.80994
300000.0,571.0415
400000.0,521.2455
500000.0,647.3507
600000.0,610.65186
700000.0,730.64294
800000.0,901.82416
900000.0,591.393
1000000.0,651.0936
