steps,returns
100000.0,510.94205
200000.0,385.92242
300000.0,374.94647
400000.0,373.0361
500000.0,372.74985
600000.0,372.14136
700000.0,372.06805
800000.0,373.5336
900000.0,374.46765
1000000.0,374.7399
