steps,returns
100000.0,1394.0481
200000.0,1084.2693
300000.0,929.39685
400000.0,763.68396
500000.0,684.2298
600000.0,678.33093
700000.0,728.3368
800000.0,802.9214
900000.0,702.4386
1000000.0,866.84125
