steps,returns
100000.0,184.36667
200000.0,184.60706
300000.0,182.79286
400000.0,180.82619
500000.0,181.13693
600000.0,181.27127
700000.0,181.49094
800000.0,181.9618
900000.0,182.67844
1000000.0,182.50848
