steps,returns
10000,141.375
20000,490.35156
30000,493.1875
40000,166.6875
50000,206.28125
60000,270.03125
70000,442.58594
80000,174.88281
90000,500.0
100000,144.11719
