steps,returns
5000,9.109375
10000,9.15625
15000,9.4140625
20000,50.265625
25000,16.375
30000,24.367188
35000,59.359375
40000,19.304688
45000,46.578125
50000,52.03125
