steps,returns
1000000,-17.796875
2000000,-18.265625
3000000,-18.1875
4000000,-17.828125
5000000,-18.3125
6000000,-17.828125
7000000,-17.53125
8000000,-17.96875
9000000,-18.28125
10000000,-17.828125
