steps,returns
100000.0,981.744
200000.0,712.0062
300000.0,1018.2495
400000.0,930.2156
500000.0,927.1041
600000.0,881.626
700000.0,894.60876
800000.0,860.2543
900000.0,862.6243
1000000.0,868.66376
