steps,returns
100000.0,789.2564
200000.0,1015.5698
300000.0,1020.12823
400000.0,701.99207
500000.0,1174.4906
600000.0,1998.6416
700000.0,1584.375
800000.0,1659.9589
900000.0,1727.342
1000000.0,2353.4854
