steps,returns
1000000,-17.96875
2000000,-18.328125
3000000,-17.578125
4000000,-18.34375
5000000,-17.875
6000000,-18.09375
7000000,-18.015625
8000000,-17.828125
9000000,-17.84375
10000000,-18.109375
