steps,returns
5000,9.265625
10000,9.34375
15000,9.2890625
20000,9.2890625
25000,9.2265625
30000,9.3046875
35000,9.3125
40000,9.34375
45000,9.3125
50000,9.40625
