steps,returns
10000,164.625
20000,232.39844
30000,370.84375
40000,439.39844
50000,428.78906
60000,467.3828
70000,429.9375
80000,493.6328
90000,258.79688
100000,481.9375
