steps,returns
100000.0,-445.55466
200000.0,-459.08307
300000.0,-446.59467
400000.0,-451.5562
500000.0,-444.21176
600000.0,-478.3975
700000.0,-442.36194
800000.0,-442.57324
900000.0,-475.91907
1000000.0,-473.9557
