steps,returns
100000.0,489.726
200000.0,737.39355
300000.0,781.9844
400000.0,648.02014
500000.0,617.13464
600000.0,1066.049
700000.0,821.978
800000.0,785.6876
900000.0,815.25507
1000000.0,1237.3976
