steps,returns
1000000,337.10938
2000000,257.6172
3000000,295.70312
4000000,304.6875
5000000,285.9375
6000000,275.0
7000000,324.60938
8000000,355.27344
9000000,289.45312
10000000,225.0
