steps,returns
1000000,-18.203125
2000000,-17.96875
3000000,-17.921875
4000000,-17.359375
5000000,-18.078125
6000000,-17.828125
7000000,-18.40625
8000000,-17.71875
9000000,-18.296875
10000000,-17.78125
