steps,returns
1000000,386.64062
2000000,87.03125
3000000,907.65625
4000000,872.96875
5000000,1940.5469
6000000,2417.5
7000000,882.4219
8000000,366.09375
9000000,3142.0312
10000000,4190.8594
