steps,returns
10000,389.60938
20000,286.5078
30000,443.39062
40000,429.39062
50000,500.0
60000,257.45312
70000,495.5625
80000,500.0
90000,500.0
100000,500.0
