steps,returns
10000,109.58594
20000,119.34375
30000,113.78906
40000,114.703125
50000,137.45312
60000,137.89062
70000,129.45312
80000,139.14062
90000,150.64062
100000,164.45312
