steps,returns
12000,-200.0
24000,-200.0
36000,-200.0
48000,-200.0
60000,-200.0
72000,-200.0
84000,-200.0
96000,-190.39062
108000,-196.66406
120000,-200.0
