steps,returns
100000.0,996.92035
200000.0,929.56433
300000.0,715.4493
400000.0,768.31006
500000.0,581.1352
600000.0,532.96796
700000.0,380.71448
800000.0,254.64417
900000.0,247.22675
1000000.0,180.01414
