steps,returns
1000000,-18.46875
2000000,-17.65625
3000000,-17.359375
4000000,-18.0
5000000,-17.609375
6000000,-17.578125
7000000,-17.921875
8000000,-18.28125
9000000,-17.53125
10000000,-17.96875
