steps,returns
1000000,17.8125
2000000,58.125
3000000,233.98438
4000000,256.40625
5000000,60.78125
6000000,91.5625
7000000,370.9375
8000000,17.1875
9000000,18.125
10000000,97.96875
