steps,returns
1000000,-18.375
2000000,-17.78125
3000000,-18.390625
4000000,-18.296875
5000000,-17.921875
6000000,-18.015625
7000000,-17.703125
8000000,-17.90625
9000000,-17.671875
10000000,-17.46875
