steps,returns
10000,-157.39062
20000,-171.64844
30000,-178.13281
40000,-194.44531
50000,-169.03125
60000,-200.57812
70000,-229.04688
80000,-227.00781
90000,-277.04688
100000,-344.35938
