steps,returns
100000.0,1023.342
200000.0,993.2339
300000.0,951.14734
400000.0,892.8191
500000.0,820.1255
600000.0,801.13403
700000.0,751.1654
800000.0,747.51056
900000.0,707.2896
1000000.0,727.2072
