steps,returns
5000,13.109375
10000,60.90625
15000,25.390625
20000,79.05469
25000,89.75781
30000,124.734375
35000,93.90625
40000,75.859375
45000,78.96875
50000,125.83594
