steps,returns
1000000,1041.0938
2000000,889.6875
3000000,1294.5312
4000000,169.53125
5000000,297.5
6000000,237.96875
7000000,472.1875
8000000,465.07812
9000000,337.5
10000000,177.96875
