steps,returns
5000,46.460938
10000,142.625
15000,126.953125
20000,160.32031
25000,155.85938
30000,451.35938
35000,101.74219
40000,500.0
45000,497.60938
50000,500.0
