steps,returns
1000000,-17.546875
2000000,-17.90625
3000000,-17.890625
4000000,-17.59375
5000000,-17.828125
6000000,-18.296875
7000000,-17.578125
8000000,-18.21875
9000000,-18.03125
10000000,-18.078125
