steps,returns
100000.0,842.29956
200000.0,-174.22906
300000.0,-5917.705
400000.0,-22727.393
500000.0,-133765.81
600000.0,-468138.7
700000.0,-1417667.4
800000.0,-2830806.8
900000.0,-5079109.0
1000000.0,-8716350.0
