steps,returns
10000,120.765625
20000,360.07812
30000,193.9375
40000,392.1953
50000,500.0
60000,500.0
70000,500.0
80000,500.0
90000,500.0
100000,500.0
