steps,returns
100000.0,611.64844
200000.0,537.8174
300000.0,494.284
400000.0,490.78256
500000.0,512.3988
600000.0,525.1456
700000.0,546.7773
800000.0,548.7755
900000.0,593.0026
1000000.0,621.56506
