steps,returns
1000000,380.3125
2000000,15.3125
3000000,411.5625
4000000,190.0
5000000,166.40625
6000000,168.90625
7000000,449.6875
8000000,782.7344
9000000,744.375
10000000,1003.4375
