steps,returns
100000.0,936.0504
200000.0,634.0537
300000.0,683.30164
400000.0,549.09204
500000.0,793.70374
600000.0,630.97186
700000.0,568.78143
800000.0,1154.8431
900000.0,1259.8833
1000000.0,1432.6831
