steps,returns
1000000,587.2656
2000000,865.0781
3000000,279.84375
4000000,439.84375
5000000,395.625
6000000,738.0469
7000000,885.3125
8000000,605.8594
9000000,250.46875
10000000,729.4531
