steps,returns
100000.0,672.0013
200000.0,810.3533
300000.0,638.28394
400000.0,572.5814
500000.0,566.09717
600000.0,582.582
700000.0,574.37897
800000.0,581.69775
900000.0,572.9186
1000000.0,559.35095
