steps,returns
100000.0,668.87463
200000.0,552.96045
300000.0,669.5161
400000.0,877.8397
500000.0,970.1166
600000.0,942.2669
700000.0,929.8758
800000.0,921.1073
900000.0,917.26794
1000000.0,910.1113
