steps,returns
5000,9.0703125
10000,9.140625
15000,9.4375
20000,9.4296875
25000,9.3984375
30000,9.34375
35000,9.3671875
40000,9.375
45000,9.4140625
50000,9.21875
