steps,returns
10000,273.9375
20000,500.0
30000,36.960938
40000,445.20312
50000,9.453125
60000,343.1953
70000,465.17188
80000,9.3359375
90000,391.34375
100000,500.0
