steps,returns
5000,9.46875
10000,116.28906
15000,255.89062
20000,245.32812
25000,153.23438
30000,65.046875
35000,95.203125
40000,116.734375
45000,101.703125
50000,95.61719
