steps,returns
100000.0,28.19779
200000.0,-13.218414
300000.0,-217.95213
400000.0,-138.50705
500000.0,-232.27734
600000.0,-480.63098
700000.0,-659.09485
800000.0,-703.8062
900000.0,-492.14575
1000000.0,-686.80743
