steps,returns
10000,-284.64844
20000,-307.32812
30000,-311.4453
40000,-308.4375
50000,-371.89062
60000,-357.09375
70000,-392.75
80000,-412.72656
90000,-414.4453
100000,-436.1328
