steps,returns
1000000,237.96875
2000000,316.32812
3000000,149.21875
4000000,100.15625
5000000,167.03125
6000000,411.5625
7000000,102.96875
8000000,112.96875
9000000,132.65625
10000000,165.9375
