steps,returns
1000000,489.0625
2000000,2493.75
3000000,481.64062
4000000,480.46875
5000000,3941.0156
6000000,556.6406
7000000,533.59375
8000000,546.6797
9000000,2164.8438
10000000,560.5469
