steps,returns
1000000,287.96875
2000000,97.1875
3000000,258.20312
4000000,1087.6562
5000000,1746.0938
6000000,2963.6719
7000000,3431.7969
8000000,2956.3281
9000000,4479.0625
10000000,3784.8438
