steps,returns
1000000,256.71875
2000000,275.46875
3000000,458.59375
4000000,356.09375
5000000,70.3125
6000000,1446.875
7000000,1167.5781
8000000,805.8594
9000000,2327.2656
10000000,3045.1562
