steps,returns
100000.0,1026.5269
200000.0,971.731
300000.0,851.01715
400000.0,716.996
500000.0,629.16895
600000.0,568.6841
700000.0,445.7392
800000.0,319.26624
900000.0,302.58148
1000000.0,326.86398
