steps,returns
100000.0,35.380806
200000.0,38.203285
300000.0,407.25946
400000.0,682.1128
500000.0,886.0613
600000.0,847.46436
700000.0,826.0511
800000.0,816.828
900000.0,610.9812
1000000.0,789.952
