steps,returns
10000,-149.80469
20000,-149.75
30000,-146.89062
40000,-147.25781
50000,-150.20312
60000,-154.01562
70000,-163.01562
80000,-193.84375
90000,-470.70312
100000,-500.0
