steps,returns
10000,421.89062
20000,341.7422
30000,15.9375
40000,500.0
50000,436.85156
60000,499.2422
70000,388.40625
80000,238.65625
90000,500.0
100000,500.0
