steps,returns
100000.0,781.8061
200000.0,888.0735
300000.0,773.61414
400000.0,865.93945
500000.0,932.1428
600000.0,987.76495
700000.0,1017.76447
800000.0,1024.6516
900000.0,1033.7898
1000000.0,1034.0486
