steps,returns
10000,328.71094
20000,464.5703
30000,241.90625
40000,383.29688
50000,500.0
60000,500.0
70000,204.57031
80000,317.0078
90000,500.0
100000,500.0
