steps,returns
100000.0,715.8645
200000.0,649.89844
300000.0,499.25507
400000.0,730.7494
500000.0,498.02917
600000.0,477.32364
700000.0,560.05505
800000.0,435.66486
900000.0,612.9883
1000000.0,442.85312
