steps,returns
1000000,-18.078125
2000000,-17.640625
3000000,-17.53125
4000000,-18.28125
5000000,-18.375
6000000,-17.84375
7000000,-17.984375
8000000,-18.203125
9000000,-18.125
10000000,-18.25
