steps,returns
5000,85.33594
10000,85.96094
15000,91.57031
20000,87.46094
25000,85.09375
30000,85.375
35000,86.63281
40000,80.72656
45000,88.75
50000,86.19531
