steps,returns
100000.0,430.83832
200000.0,449.76797
300000.0,445.21793
400000.0,449.47372
500000.0,446.70978
600000.0,442.4573
700000.0,445.73898
800000.0,449.14044
900000.0,448.49155
1000000.0,437.00726
