steps,returns
1000000,225.0
2000000,451.17188
3000000,742.96875
4000000,636.91406
5000000,828.125
6000000,789.0625
7000000,768.5547
8000000,659.1797
9000000,677.9297
10000000,703.90625
