steps,returns
100000.0,604.7454
200000.0,151.69537
300000.0,-288.11932
400000.0,-4104.8394
500000.0,-7952.617
600000.0,-21449.64
700000.0,-49822.17
800000.0,-43185.234
900000.0,-192002.88
1000000.0,-274698.88
