steps,returns
100000.0,535.1686
200000.0,599.4231
300000.0,568.1438
400000.0,557.74225
500000.0,575.13293
600000.0,666.33704
700000.0,1116.2446
800000.0,1371.8783
900000.0,1354.2537
1000000.0,1287.2494
