steps,returns
10000,56.164062
20000,128.54688
30000,362.15625
40000,213.26562
50000,500.0
60000,500.0
70000,500.0
80000,500.0
90000,498.84375
100000,148.71094
