steps,returns
100000.0,1027.7307
200000.0,1027.9513
300000.0,1026.7898
400000.0,1020.71655
500000.0,1018.97644
600000.0,1010.89294
700000.0,997.63885
800000.0,965.29016
900000.0,928.2489
1000000.0,884.7084
