steps,returns
100000.0,-1.1099919
200000.0,-0.8324754
300000.0,-1.6050866
400000.0,-3.9833617
500000.0,-8.159937
600000.0,32.109726
700000.0,16.75571
800000.0,37.02828
900000.0,-177.72223
1000000.0,-172.86649
