steps,returns
5000,9.328125
10000,261.3828
15000,97.0625
20000,179.08594
25000,103.453125
30000,149.14062
35000,142.42969
40000,192.33594
45000,205.4375
50000,172.17188
