steps,returns
10000,120.91406
20000,376.15625
30000,403.6797
40000,398.1953
50000,378.60938
60000,439.2422
70000,412.67188
80000,423.3672
90000,314.84375
100000,383.34375
