steps,returns
100000.0,-233.71036
200000.0,-825.89154
300000.0,-1504.5599
400000.0,-1493.8889
500000.0,-1697.7666
600000.0,-1298.3925
700000.0,-4517.379
800000.0,-5790.7686
900000.0,-8939.924
1000000.0,-10593.48
