steps,returns
100000.0,1004.50653
200000.0,964.8131
300000.0,934.98676
400000.0,902.55963
500000.0,787.38153
600000.0,691.262
700000.0,716.6557
800000.0,714.69006
900000.0,693.308
1000000.0,709.6135
