steps,returns
1000000,844.1406
2000000,455.07812
3000000,734.5703
4000000,581.25
5000000,434.5703
6000000,471.09375
7000000,628.5156
8000000,593.75
9000000,609.96094
10000000,381.25
