steps,returns
5000,9.3125
10000,9.4140625
15000,13.703125
20000,20.070312
25000,38.023438
30000,42.398438
35000,52.554688
40000,144.10938
45000,148.91406
50000,161.97656
