steps,returns
5000,8.8671875
10000,8.78125
15000,8.8984375
20000,8.9140625
25000,8.84375
30000,8.921875
35000,8.8828125
40000,8.921875
45000,8.9453125
50000,9.0
