steps,returns
100000.0,124.39401
200000.0,269.3237
300000.0,110.11933
400000.0,376.75943
500000.0,420.61835
600000.0,743.7256
700000.0,497.57828
800000.0,286.35675
900000.0,-413.20325
1000000.0,-8824.444
