steps,returns
1000000,725.3906
2000000,514.64844
3000000,383.39844
4000000,342.96875
5000000,498.4375
6000000,565.2344
7000000,470.5078
8000000,453.51562
9000000,699.8047
10000000,683.39844
