steps,returns
5000,47.757812
10000,52.828125
15000,66.00781
20000,65.16406
25000,64.83594
30000,60.15625
35000,66.78906
40000,64.75
45000,63.726562
50000,65.96094
