steps,returns
1000000,150.0
2000000,275.0
3000000,125.0
4000000,268.9453
5000000,270.1172
6000000,568.75
7000000,263.08594
8000000,255.66406
9000000,333.20312
10000000,227.73438
