steps,returns
1000000,-18.03125
2000000,-17.484375
3000000,-18.0625
4000000,-18.421875
5000000,-18.109375
6000000,-18.390625
7000000,-18.046875
8000000,-17.65625
9000000,-18.203125
10000000,-17.5
