steps,returns
100000.0,618.1316
200000.0,494.2885
300000.0,455.99088
400000.0,436.87488
500000.0,422.63828
600000.0,418.6932
700000.0,424.19672
800000.0,418.85742
900000.0,415.32324
1000000.0,412.67615
