steps,returns
1000000,17.65625
2000000,16.875
3000000,16.71875
4000000,397.5
5000000,366.875
6000000,289.375
7000000,45.3125
8000000,674.6875
9000000,1072.9688
10000000,559.2969
