steps,returns
100000.0,1019.4635
200000.0,976.2399
300000.0,843.19775
400000.0,682.1997
500000.0,525.6759
600000.0,465.0385
700000.0,513.8216
800000.0,411.5639
900000.0,321.03552
1000000.0,273.87515
