steps,returns
100000.0,660.9407
200000.0,817.79047
300000.0,884.94763
400000.0,934.92365
500000.0,931.3325
600000.0,802.98865
700000.0,798.14746
800000.0,979.90607
900000.0,518.8541
1000000.0,49.420982
