steps,returns
1000000,125.0
2000000,300.0
3000000,328.90625
4000000,313.67188
5000000,223.24219
6000000,853.125
7000000,568.9453
8000000,550.3906
9000000,765.2344
10000000,662.8906
