steps,returns
10000,-500.0
20000,-413.29688
30000,-500.0
40000,-500.0
50000,-500.0
60000,-500.0
70000,-392.89062
80000,-452.33594
90000,-500.0
100000,-500.0
