steps,returns
5000,9.328125
10000,43.210938
15000,158.01562
20000,126.22656
25000,176.50781
30000,197.45312
35000,149.14062
40000,108.015625
45000,127.58594
50000,126.63281
