steps,returns
10000,-500.0
20000,-184.92969
30000,-106.66406
40000,-187.10156
50000,-500.0
60000,-500.0
70000,-500.0
80000,-500.0
90000,-500.0
100000,-500.0
