steps,returns
100000.0,-1.6853533
200000.0,-188.06592
300000.0,-384.43695
400000.0,-1019.32715
500000.0,-754.2804
600000.0,-601.72174
700000.0,-367.92975
800000.0,-181.14746
900000.0,-448.11905
1000000.0,-735.81335
