steps,returns
1000000,571.6797
2000000,184.76562
3000000,475.0
4000000,587.6953
5000000,394.14062
6000000,175.0
7000000,249.80469
8000000,220.89844
9000000,250.0
10000000,358.98438
