steps,returns
1000000,-17.875
2000000,-17.65625
3000000,-18.046875
4000000,-17.421875
5000000,-17.484375
6000000,-17.46875
7000000,-17.9375
8000000,-17.8125
9000000,-17.921875
10000000,-17.78125
