steps,returns
1000000,-17.890625
2000000,-17.640625
3000000,-17.359375
4000000,-17.40625
5000000,-17.765625
6000000,-18.3125
7000000,-17.953125
8000000,-17.609375
9000000,-18.125
10000000,-18.078125
