steps,returns
10000,291.85156
20000,434.60938
30000,500.0
40000,500.0
50000,39.023438
60000,500.0
70000,500.0
80000,497.28125
90000,15.65625
100000,498.08594
