steps,returns
5000,9.3828125
10000,9.4296875
15000,9.4609375
20000,9.28125
25000,9.3359375
30000,9.3828125
35000,9.2265625
40000,9.3515625
45000,9.390625
50000,9.3671875
