steps,returns
5000,11.1796875
10000,150.32031
15000,374.9375
20000,320.2422
25000,161.71875
30000,242.625
35000,140.86719
40000,99.00781
45000,500.0
50000,436.41406
