steps,returns
1000000,-18.109375
2000000,-17.71875
3000000,-18.328125
4000000,-18.28125
5000000,-17.90625
6000000,-18.21875
7000000,-17.8125
8000000,-17.5
9000000,-18.34375
10000000,-18.1875
