steps,returns
100000.0,1096.8325
200000.0,1090.1343
300000.0,864.94415
400000.0,1069.1411
500000.0,916.4712
600000.0,205.8501
700000.0,530.62897
800000.0,-1744.1133
900000.0,-5056.991
1000000.0,-6910.4297
