steps,returns
1000000,-17.890625
2000000,-17.796875
3000000,-17.671875
4000000,-18.0
5000000,-18.09375
6000000,-18.546875
7000000,-18.078125
8000000,-18.265625
9000000,-18.109375
10000000,-17.609375
