steps,returns
5000,46.742188
10000,46.921875
15000,45.960938
20000,165.99219
25000,318.3047
30000,390.71875
35000,192.32812
40000,173.32812
45000,175.38281
50000,168.92969
