steps,returns
100000.0,527.0534
200000.0,557.3454
300000.0,549.2189
400000.0,598.32166
500000.0,649.33435
600000.0,720.4846
700000.0,826.8989
800000.0,782.5188
900000.0,837.4256
1000000.0,837.3771
