steps,returns
100000.0,681.6389
200000.0,780.74976
300000.0,876.67566
400000.0,873.1155
500000.0,819.82153
600000.0,795.50525
700000.0,1140.8762
800000.0,1130.7661
900000.0,1127.834
1000000.0,1156.8411
