steps,returns
1000000,51.40625
2000000,16.875
3000000,28.4375
4000000,36.5625
5000000,30.46875
6000000,17.65625
7000000,17.1875
8000000,17.34375
9000000,17.5
10000000,38.75
