steps,returns
100000.0,416.05966
200000.0,541.10547
300000.0,629.66003
400000.0,505.15967
500000.0,588.0155
600000.0,440.8063
700000.0,133.27548
800000.0,47.413685
900000.0,-176.4287
1000000.0,-442.83615
