steps,returns
100000.0,632.5222
200000.0,785.51917
300000.0,877.84515
400000.0,814.72125
500000.0,788.16125
600000.0,809.1477
700000.0,1028.928
800000.0,1115.9641
900000.0,1178.5193
1000000.0,1242.909
