steps,returns
10000,-468.58594
20000,-451.1797
30000,-483.42188
40000,-310.48438
50000,-431.39062
60000,-500.0
70000,-500.0
80000,-500.0
90000,-500.0
100000,-500.0
