steps,returns
10000,345.9297
20000,499.85156
30000,383.09375
40000,500.0
50000,480.98438
60000,500.0
70000,500.0
80000,500.0
90000,500.0
100000,500.0
