steps,returns
1000000,-18.390625
2000000,-17.4375
3000000,-18.1875
4000000,-17.359375
5000000,-18.0625
6000000,-18.234375
7000000,-17.625
8000000,-18.046875
9000000,-18.125
10000000,-18.078125
