steps,returns
5000,76.03125
10000,79.671875
15000,83.8125
20000,86.453125
25000,85.55469
30000,84.90625
35000,84.64844
40000,83.60156
45000,84.78125
50000,89.171875
