steps,returns
1000000,275.0
2000000,398.4375
3000000,419.92188
4000000,605.0781
5000000,768.3594
6000000,724.02344
7000000,503.3203
8000000,852.53906
9000000,639.4531
10000000,778.90625
