steps,returns
5000,68.16406
10000,40.390625
15000,35.601562
20000,33.734375
25000,10.0
30000,45.492188
35000,10.1796875
40000,20.4375
45000,77.60156
50000,97.96094
