steps,returns
1000000,-17.9375
2000000,-17.125
3000000,-17.609375
4000000,-16.75
5000000,-17.078125
6000000,-16.609375
7000000,-17.421875
8000000,-17.625
9000000,-16.484375
10000000,-16.96875
