steps,returns
1000000,-17.875
2000000,-17.421875
3000000,-16.21875
4000000,-15.34375
5000000,-15.234375
6000000,-15.46875
7000000,-15.171875
8000000,-14.625
9000000,-16.109375
10000000,-16.03125
