steps,returns
1000000,17.03125
2000000,16.875
3000000,17.96875
4000000,17.8125
5000000,16.09375
6000000,49.6875
7000000,67.96875
8000000,17.96875
9000000,33.4375
10000000,385.15625
