steps,returns
1000000,-17.453125
2000000,-17.671875
3000000,-17.984375
4000000,-17.765625
5000000,-17.78125
6000000,-18.015625
7000000,-18.1875
8000000,-17.5625
9000000,-18.046875
10000000,-18.03125
