steps,returns
1000000,125.0
2000000,282.8125
3000000,302.73438
4000000,558.9844
5000000,329.8828
6000000,567.77344
7000000,379.10156
8000000,504.10156
9000000,611.71875
10000000,1183.9844
