steps,returns
100000.0,959.8696
200000.0,972.8768
300000.0,785.07574
400000.0,521.3631
500000.0,45.184948
600000.0,-376.1458
700000.0,-1146.2678
800000.0,-3044.669
900000.0,-4246.1016
1000000.0,-4874.9995
