steps,returns
10000,80.69531
20000,86.74219
30000,98.25781
40000,103.78906
50000,113.38281
60000,107.796875
70000,128.90625
80000,133.28125
90000,114.765625
100000,116.47656
