steps,returns
100000.0,-0.9177876
200000.0,-0.0682818
300000.0,0.75181895
400000.0,5.6191645
500000.0,480.75476
600000.0,31.18746
700000.0,26.833872
800000.0,150.6833
900000.0,125.6189
1000000.0,-13.897685
