steps,returns
1000000,-18.03125
2000000,-17.8125
3000000,-17.28125
4000000,-17.796875
5000000,-18.53125
6000000,-18.34375
7000000,-18.5
8000000,-18.375
9000000,-18.03125
10000000,-17.828125
