steps,returns
10000,69.640625
20000,83.36719
30000,92.94531
40000,277.6953
50000,338.375
60000,406.1172
70000,425.32812
80000,426.5078
90000,488.0078
100000,490.76562
