steps,returns
5000,9.0078125
10000,9.1015625
15000,9.0234375
20000,9.0859375
25000,9.15625
30000,9.015625
35000,8.890625
40000,8.984375
45000,9.078125
50000,9.046875
