steps,returns
10000,-100.78906
20000,-500.0
30000,-500.0
40000,-135.28125
50000,-500.0
60000,-500.0
70000,-500.0
80000,-500.0
90000,-105.4375
100000,-500.0
