steps,returns
100000.0,972.18256
200000.0,687.1875
300000.0,678.4159
400000.0,694.2969
500000.0,728.74274
600000.0,809.48944
700000.0,881.9548
800000.0,945.6178
900000.0,946.7592
1000000.0,939.1106
