steps,returns
100000.0,695.72974
200000.0,955.3567
300000.0,598.29724
400000.0,1213.6459
500000.0,1114.7284
600000.0,1116.6985
700000.0,1124.4478
800000.0,1112.1309
900000.0,1093.2417
1000000.0,1042.7678
