steps,returns
10000,80.21875
20000,71.75
30000,76.25781
40000,73.96875
50000,76.91406
60000,83.625
70000,87.57031
80000,90.953125
90000,90.484375
100000,91.015625
