steps,returns
10000,-500.0
20000,-500.0
30000,-500.0
40000,-367.73438
50000,-500.0
60000,-170.21094
70000,-126.47656
80000,-500.0
90000,-500.0
100000,-500.0
