steps,returns
10000,232.03125
20000,446.21875
30000,439.64844
40000,443.46875
50000,426.70312
60000,468.92188
70000,497.8828
80000,458.79688
90000,485.78906
100000,500.0
