steps,returns
100000.0,534.9584
200000.0,494.85016
300000.0,472.57275
400000.0,711.7796
500000.0,497.17047
600000.0,640.67786
700000.0,740.64526
800000.0,828.895
900000.0,782.8106
1000000.0,741.19666
