steps,returns
1000000,-18.203125
2000000,-18.390625
3000000,-17.953125
4000000,-17.984375
5000000,-18.453125
6000000,-17.390625
7000000,-18.53125
8000000,-17.9375
9000000,-17.984375
10000000,-17.6875
