steps,returns
1000000,56.5625
2000000,16.71875
3000000,126.09375
4000000,309.0625
5000000,311.01562
6000000,646.09375
7000000,803.9844
8000000,920.3125
9000000,1314.7656
10000000,494.0625
