steps,returns
100000.0,807.9319
200000.0,532.9364
300000.0,495.2229
400000.0,482.6266
500000.0,509.69318
600000.0,551.05676
700000.0,645.2626
800000.0,723.68115
900000.0,962.4393
1000000.0,1218.5015
