steps,returns
100000.0,840.13776
200000.0,626.6038
300000.0,565.6677
400000.0,566.6927
500000.0,548.1582
600000.0,547.3912
700000.0,546.2562
800000.0,513.8756
900000.0,518.7093
1000000.0,585.90125
