steps,returns
5000,9.28125
10000,9.71875
15000,15.375
20000,17.28125
25000,29.695312
30000,26.523438
35000,64.80469
40000,37.015625
45000,42.75
50000,18.46875
