steps,returns
5000,9.4609375
10000,9.296875
15000,9.40625
20000,9.375
25000,9.265625
30000,9.34375
35000,9.359375
40000,9.2578125
45000,9.3828125
50000,9.3203125
