steps,returns
100000.0,18.93119
200000.0,18.84827
300000.0,18.779028
400000.0,18.877321
500000.0,18.832327
600000.0,18.812214
700000.0,18.862894
800000.0,18.780972
900000.0,18.804409
1000000.0,18.687162
