steps,returns
100000.0,1303.0557
200000.0,865.7564
300000.0,747.6954
400000.0,801.5338
500000.0,739.15515
600000.0,797.5349
700000.0,858.1613
800000.0,902.1913
900000.0,892.88513
1000000.0,302.87378
