steps,returns
1000000,-18.265625
2000000,-18.09375
3000000,-18.34375
4000000,-17.59375
5000000,-17.765625
6000000,-18.671875
7000000,-16.890625
8000000,-18.03125
9000000,-18.171875
10000000,-18.109375
