steps,returns
100000.0,-661.4114
200000.0,-646.91455
300000.0,-730.6941
400000.0,-650.8148
500000.0,-640.77905
600000.0,-609.9393
700000.0,-654.4297
800000.0,-604.3214
900000.0,-641.3829
1000000.0,-606.4893
