steps,returns
1000000,1218.2031
2000000,100.0
3000000,215.78125
4000000,140.0
5000000,16.71875
6000000,134.0625
7000000,664.9219
8000000,544.0625
9000000,43.28125
10000000,2100.625
