steps,returns
100000.0,1018.53827
200000.0,1020.30255
300000.0,1027.2363
400000.0,1023.18585
500000.0,1022.03827
600000.0,1019.3742
700000.0,1016.4316
800000.0,1010.7913
900000.0,998.12756
1000000.0,985.1211
