steps,returns
5000,57.289062
10000,64.44531
15000,65.9375
20000,71.328125
25000,68.625
30000,69.140625
35000,60.890625
40000,65.234375
45000,62.71875
50000,64.61719
