steps,returns
5000,9.3984375
10000,9.453125
15000,9.3046875
20000,9.3359375
25000,9.359375
30000,9.234375
35000,9.3125
40000,9.421875
45000,9.34375
50000,9.2578125
