steps,returns
1000000,-17.46875
2000000,-16.65625
3000000,-17.171875
4000000,-16.734375
5000000,-14.921875
6000000,-14.5625
7000000,-15.171875
8000000,-16.453125
9000000,-13.96875
10000000,-15.390625
