steps,returns
1000000,-17.09375
2000000,-16.109375
3000000,-13.96875
4000000,-15.703125
5000000,-16.0625
6000000,-14.0
7000000,-15.703125
8000000,-15.140625
9000000,-15.125
10000000,-15.09375
