steps,returns
5000,9.4453125
10000,9.3984375
15000,9.390625
20000,9.390625
25000,9.4609375
30000,9.3671875
35000,9.34375
40000,9.3125
45000,9.2734375
50000,9.3359375
