steps,returns
10000,498.64844
20000,485.53125
30000,475.53125
40000,497.10938
50000,430.90625
60000,482.9375
70000,213.8125
80000,500.0
90000,482.47656
100000,228.47656
