steps,returns
10000,273.98438
20000,490.07812
30000,293.48438
40000,130.72656
50000,314.98438
60000,481.35938
70000,57.828125
80000,330.67188
90000,490.1797
100000,199.77344
