steps,returns
100000.0,18.48338
200000.0,18.45611
300000.0,18.62352
400000.0,18.57968
500000.0,18.564957
600000.0,18.48481
700000.0,18.573124
800000.0,18.590878
900000.0,18.609085
1000000.0,18.59446
