steps,returns
100000.0,584.4436
200000.0,285.77686
300000.0,1034.058
400000.0,1300.6974
500000.0,2183.2112
600000.0,2279.1074
700000.0,2182.996
800000.0,1859.8428
900000.0,1350.3188
1000000.0,76.75712
