steps,returns
10000,151.78125
20000,381.08594
30000,296.95312
40000,424.14844
50000,267.71875
60000,305.60156
70000,484.42188
80000,230.26562
90000,449.78906
100000,285.125
