steps,returns
1000000,17.34375
2000000,19.0625
3000000,249.375
4000000,462.03125
5000000,752.4219
6000000,52.8125
7000000,638.59375
8000000,140.625
9000000,1727.9688
10000000,340.78125
