steps,returns
10000,447.85156
20000,445.64844
30000,442.60156
40000,477.5625
50000,210.72656
60000,354.8828
70000,275.0078
80000,162.64062
90000,499.53906
100000,500.0
