steps,returns
5000,9.1328125
10000,49.84375
15000,76.203125
20000,140.73438
25000,30.085938
30000,151.44531
35000,397.54688
40000,235.28125
45000,225.52344
50000,500.0
