steps,returns
5000,9.3125
10000,9.375
15000,9.2578125
20000,9.2578125
25000,9.28125
30000,9.2890625
35000,9.3515625
40000,9.1875
45000,9.3359375
50000,9.3125
