steps,returns
1000000,17.65625
2000000,49.375
3000000,49.375
4000000,27.03125
5000000,36.25
6000000,16.71875
7000000,17.5
8000000,41.09375
9000000,17.03125
10000000,17.65625
