steps,returns
10000,-281.59375
20000,-289.32812
30000,-301.21094
40000,-274.96875
50000,-316.91406
60000,-303.39844
70000,-336.75
80000,-325.6172
90000,-339.07812
100000,-356.34375
