steps,returns
5000,16.25
10000,9.3515625
15000,80.484375
20000,86.74219
25000,84.10156
30000,163.28906
35000,124.60156
40000,250.44531
45000,109.55469
50000,111.96875
