steps,returns
10000,312.65625
20000,500.0
30000,479.6875
40000,353.4297
50000,499.91406
60000,486.27344
70000,490.89844
80000,500.0
90000,497.52344
100000,500.0
