steps,returns
100000.0,561.0072
200000.0,657.2547
300000.0,460.87198
400000.0,807.49304
500000.0,871.6083
600000.0,853.33484
700000.0,993.3477
800000.0,1069.6903
900000.0,969.41296
1000000.0,760.94434
