steps,returns
5000,8.921875
10000,8.875
15000,8.90625
20000,8.8828125
25000,8.9140625
30000,9.0078125
35000,9.0859375
40000,9.03125
45000,9.1328125
50000,9.0625
