steps,returns
10000,-297.1953
20000,-500.0
30000,-500.0
40000,-301.4297
50000,-500.0
60000,-500.0
70000,-200.36719
80000,-500.0
90000,-88.046875
100000,-187.5
