steps,returns
100000.0,55.763638
200000.0,57.204914
300000.0,56.528255
400000.0,57.806145
500000.0,57.365707
600000.0,
700000.0,
800000.0,
900000.0,
1000000.0,
