steps,returns
5000,90.86719
10000,97.625
15000,77.328125
20000,65.61719
25000,53.382812
30000,46.914062
35000,35.085938
40000,21.703125
45000,17.632812
50000,12.6328125
