steps,returns
1000000,-18.171875
2000000,-17.671875
3000000,-17.828125
4000000,-17.84375
5000000,-17.71875
6000000,-17.8125
7000000,-17.578125
8000000,-18.09375
9000000,-17.203125
10000000,-17.4375
