steps,returns
1000000,-17.703125
2000000,-16.421875
3000000,-17.0625
4000000,-16.4375
5000000,-15.671875
6000000,-14.890625
7000000,-15.0625
8000000,-14.984375
9000000,-14.625
10000000,-14.53125
