steps,returns
100000.0,462.52014
200000.0,672.2074
300000.0,680.5853
400000.0,680.7355
500000.0,684.24
600000.0,683.73236
700000.0,919.1551
800000.0,1006.9897
900000.0,1392.963
1000000.0,1460.9264
