steps,returns
1000000,25.9375
2000000,449.45312
3000000,632.8125
4000000,458.59375
5000000,976.4844
6000000,1572.8906
7000000,1262.5781
8000000,1065.9375
9000000,3141.6406
10000000,3114.0625
