steps,returns
5000,500.0
10000,500.0
15000,493.46875
20000,161.60156
25000,27.148438
30000,73.11719
35000,17.78125
40000,41.226562
45000,43.421875
50000,71.02344
