steps,returns
1000000,-17.765625
2000000,-17.8125
3000000,-18.0
4000000,-17.703125
5000000,-17.828125
6000000,-17.46875
7000000,-18.046875
8000000,-17.578125
9000000,-17.59375
10000000,-17.6875
