steps,returns
100000.0,0.056728363
200000.0,0.763009
300000.0,1.8212848
400000.0,4.6388707
500000.0,56.3049
600000.0,786.2722
700000.0,1018.53284
800000.0,39.735218
900000.0,-20.601358
1000000.0,-48.014328
