steps,returns
10000,337.22656
20000,373.35156
30000,389.1172
40000,366.07812
50000,409.34375
60000,414.35938
70000,467.0703
80000,500.0
90000,500.0
100000,500.0
