steps,returns
100000.0,-657.11926
200000.0,-628.73883
300000.0,-635.97327
400000.0,-644.8475
500000.0,-639.55194
600000.0,-650.04877
700000.0,-635.68896
800000.0,-639.50397
900000.0,-627.917
1000000.0,-630.81726
