steps,returns
5000,75.75
10000,74.49219
15000,80.78906
20000,89.38281
25000,84.85156
30000,88.60156
35000,80.953125
40000,79.83594
45000,87.359375
50000,84.00781
