steps,returns
1000000,17.5
2000000,28.125
3000000,40.3125
4000000,47.1875
5000000,15.625
6000000,30.46875
7000000,17.1875
8000000,52.5
9000000,17.65625
10000000,17.8125
