steps,returns
100000.0,726.25867
200000.0,879.27515
300000.0,1104.9354
400000.0,813.07275
500000.0,708.32764
600000.0,445.9817
700000.0,476.37027
800000.0,446.4041
900000.0,599.4587
1000000.0,436.04242
