steps,returns
1000000,17.03125
2000000,16.875
3000000,17.96875
4000000,27.96875
5000000,54.0625
6000000,30.0
7000000,49.0625
8000000,17.34375
9000000,17.5
10000000,18.4375
