steps,returns
100000.0,1031.1681
200000.0,992.93567
300000.0,909.5437
400000.0,814.4888
500000.0,752.57855
600000.0,737.624
700000.0,692.5536
800000.0,668.15674
900000.0,678.18665
1000000.0,696.87036
