steps,returns
100000.0,980.2319
200000.0,1109.917
300000.0,959.42065
400000.0,-61.43534
500000.0,-1906.7855
600000.0,-20658.887
700000.0,-84531.72
800000.0,-172332.6
900000.0,-199906.88
1000000.0,-203808.28
