steps,returns
100000.0,1002.3622
200000.0,1013.8177
300000.0,1035.6674
400000.0,1011.94586
500000.0,1015.5751
600000.0,1013.55945
700000.0,1016.70386
800000.0,1012.801
900000.0,1007.85895
1000000.0,1006.9214
