steps,returns
100000.0,828.5847
200000.0,750.7803
300000.0,688.9041
400000.0,830.13354
500000.0,941.33887
600000.0,791.1227
700000.0,408.28244
800000.0,-207.08401
900000.0,-3053.2896
1000000.0,-3978.3396
