steps,returns
5000,72.07031
10000,74.875
15000,77.63281
20000,83.671875
25000,88.578125
30000,92.453125
35000,95.25781
40000,102.69531
45000,105.71875
50000,110.03906
