steps,returns
100000.0,1120.6635
200000.0,488.09628
300000.0,355.13324
400000.0,293.10297
500000.0,259.80902
600000.0,221.99869
700000.0,199.83023
800000.0,184.743
900000.0,176.43802
1000000.0,191.05905
