steps,returns
10000,206.55469
20000,159.57031
30000,226.08594
40000,499.90625
50000,500.0
60000,500.0
70000,500.0
80000,147.86719
90000,500.0
100000,500.0
