steps,returns
100000.0,1026.3839
200000.0,1028.8381
300000.0,1028.6855
400000.0,1022.73627
500000.0,1020.76245
600000.0,1019.5685
700000.0,1018.0383
800000.0,1014.82227
900000.0,1010.35376
1000000.0,1006.713
