steps,returns
100000.0,227.63976
200000.0,225.92163
300000.0,230.59578
400000.0,228.26187
500000.0,227.21605
600000.0,226.63278
700000.0,225.65475
800000.0,225.43646
900000.0,225.71375
1000000.0,226.13458
