steps,returns
100000.0,-0.09837175
200000.0,3.4187012
300000.0,61.842804
400000.0,98.333855
500000.0,-196.56879
600000.0,-154.30951
700000.0,-265.86288
800000.0,-403.26855
900000.0,-402.00616
1000000.0,-793.40686
