steps,returns
1000000,1706.4062
2000000,260.625
3000000,287.5
4000000,321.40625
5000000,1807.6562
6000000,726.71875
7000000,490.3125
8000000,718.9844
9000000,588.6719
10000000,725.15625
