steps,returns
5000,9.484375
10000,9.28125
15000,9.640625
20000,12.125
25000,26.617188
30000,27.820312
35000,55.570312
40000,112.234375
45000,188.58594
50000,168.67969
