steps,returns
5000,100.59375
10000,130.19531
15000,95.546875
20000,138.99219
25000,106.40625
30000,106.609375
35000,104.24219
40000,351.0547
45000,206.28125
50000,50.40625
