steps,returns
1000000,-17.953125
2000000,-18.15625
3000000,-17.53125
4000000,-17.5625
5000000,-17.71875
6000000,-17.84375
7000000,-18.421875
8000000,-18.46875
9000000,-17.53125
10000000,-18.6875
