steps,returns
10000,213.03125
20000,500.0
30000,500.0
40000,221.16406
50000,500.0
60000,500.0
70000,355.0703
80000,499.8047
90000,500.0
100000,367.83594
