steps,returns
10000,90.63281
20000,108.44531
30000,114.203125
40000,151.71875
50000,153.25
60000,157.71875
70000,178.15625
80000,175.96094
90000,178.52344
100000,213.67969
