steps,returns
100000.0,576.0759
200000.0,503.70438
300000.0,513.9668
400000.0,542.6682
500000.0,484.82678
600000.0,484.39642
700000.0,489.0828
800000.0,521.3812
900000.0,673.6372
1000000.0,1018.496
