steps,returns
1000000,23.125
2000000,710.8594
3000000,670.46875
4000000,1889.8438
5000000,1815.2344
6000000,167.65625
7000000,2617.1875
8000000,4701.172
9000000,3416.3281
10000000,3042.9688
