steps,returns
100000.0,636.43567
200000.0,181.41205
300000.0,354.4234
400000.0,-656.7334
500000.0,-2123.8896
600000.0,-9380.957
700000.0,-9211.43
800000.0,-10935.634
900000.0,-10350.174
1000000.0,-16810.066
