steps,returns
100000.0,383.71454
200000.0,370.20728
300000.0,377.07373
400000.0,384.1228
500000.0,372.48535
600000.0,375.01425
700000.0,375.1235
800000.0,371.07648
900000.0,376.49414
1000000.0,376.2841
