steps,returns
10000,146.9375
20000,256.95312
30000,427.23438
40000,415.33594
50000,387.71094
60000,239.23438
70000,213.6875
80000,10.390625
90000,500.0
100000,500.0
