steps,returns
10000,-500.0
20000,-500.0
30000,-500.0
40000,-500.0
50000,-500.0
60000,-500.0
70000,-398.57812
80000,-500.0
90000,-126.11719
100000,-465.7422
