steps,returns
1000000,225.0
2000000,125.0
3000000,193.55469
4000000,700.0
5000000,695.5078
6000000,675.0
7000000,666.60156
8000000,625.58594
9000000,225.0
10000000,886.71875
