steps,returns
1000000,422.65625
2000000,388.08594
3000000,228.125
4000000,456.25
5000000,250.0
6000000,150.0
7000000,250.0
8000000,326.5625
9000000,174.21875
10000000,50.0
