steps,returns
10000,500.0
20000,182.39062
30000,500.0
40000,500.0
50000,500.0
60000,235.57031
70000,500.0
80000,165.84375
90000,153.02344
100000,500.0
