steps,returns
10000,81.703125
20000,19.625
30000,348.6875
40000,84.50781
50000,77.359375
60000,66.92969
70000,131.375
80000,96.6875
90000,282.9375
100000,44.070312
