steps,returns
1000000,-18.109375
2000000,-17.90625
3000000,-18.03125
4000000,-18.390625
5000000,-18.140625
6000000,-17.75
7000000,-17.53125
8000000,-17.453125
9000000,-17.671875
10000000,-18.171875
