steps,returns
100000.0,0.71369076
200000.0,-1495.655
300000.0,-1346.1179
400000.0,-673.9995
500000.0,-861.78674
600000.0,-1983.3684
700000.0,-1962.365
800000.0,-2123.2031
900000.0,-2517.8347
1000000.0,-2185.9214
