steps,returns
5000,9.546875
10000,9.5234375
15000,9.5
20000,9.4921875
25000,9.5234375
30000,9.6171875
35000,9.4140625
40000,9.6171875
45000,9.5625
50000,9.421875
