steps,returns
100000.0,1147.5734
200000.0,909.2638
300000.0,771.51654
400000.0,682.50543
500000.0,732.32056
600000.0,722.886
700000.0,655.2849
800000.0,558.04663
900000.0,531.20703
1000000.0,528.3694
