steps,returns
5000,8.859375
10000,8.8359375
15000,8.8828125
20000,8.96875
25000,9.0078125
30000,9.0
35000,8.9609375
40000,9.0703125
45000,9.140625
50000,9.0703125
