steps,returns
10000,56.484375
20000,69.78125
30000,115.421875
40000,163.39062
50000,276.98438
60000,257.15625
70000,290.16406
80000,415.14062
90000,500.0
100000,500.0
