steps,returns
1000000,-18.25
2000000,-18.0
3000000,-18.171875
4000000,-18.125
5000000,-18.375
6000000,-18.15625
7000000,-18.03125
8000000,-17.90625
9000000,-17.671875
10000000,-18.171875
