steps,returns
5000,9.515625
10000,9.2890625
15000,9.3125
20000,14.34375
25000,23.765625
30000,59.859375
35000,35.351562
40000,23.984375
45000,79.30469
50000,32.875
