steps,returns
100000.0,1019.3422
200000.0,995.1689
300000.0,972.47253
400000.0,945.05005
500000.0,858.9402
600000.0,763.7134
700000.0,571.825
800000.0,406.19635
900000.0,183.10606
1000000.0,-186.93939
