steps,returns
1000000,234.76562
2000000,200.0
3000000,280.85938
4000000,154.29688
5000000,262.89062
6000000,250.0
7000000,291.01562
8000000,211.13281
9000000,0.0
10000000,185.54688
