steps,returns
1000000,-17.15625
2000000,-16.296875
3000000,-17.203125
4000000,-17.1875
5000000,-16.59375
6000000,-16.90625
7000000,-16.25
8000000,-15.578125
9000000,-15.40625
10000000,-15.484375
