steps,returns
100000.0,529.7629
200000.0,658.94824
300000.0,731.6795
400000.0,1186.3693
500000.0,911.93506
600000.0,1103.5906
700000.0,1049.7533
800000.0,761.7898
900000.0,568.9206
1000000.0,16.058687
