steps,returns
10000,186.92969
20000,500.0
30000,500.0
40000,500.0
50000,500.0
60000,107.953125
70000,500.0
80000,23.71875
90000,483.5625
100000,396.89844
