steps,returns
100000.0,365.7845
200000.0,335.22925
300000.0,423.57745
400000.0,586.5572
500000.0,730.9117
600000.0,714.78876
700000.0,722.93414
800000.0,580.433
900000.0,541.703
1000000.0,700.15045
