steps,returns
100000.0,1015.05066
200000.0,982.1305
300000.0,956.7362
400000.0,899.0767
500000.0,779.1669
600000.0,639.4531
700000.0,403.80054
800000.0,64.07218
900000.0,-386.04193
1000000.0,-948.12
