steps,returns
5000,51.804688
10000,40.929688
15000,28.75
20000,36.640625
25000,22.0
30000,54.78125
35000,212.64062
40000,153.74219
45000,136.36719
50000,465.32812
