steps,returns
100000.0,511.8139
200000.0,390.33417
300000.0,335.42337
400000.0,282.35553
500000.0,296.0716
600000.0,624.87463
700000.0,728.342
800000.0,784.95166
900000.0,855.84033
1000000.0,843.37244
