steps,returns
1000000,28.59375
2000000,28.28125
3000000,28.125
4000000,18.125
5000000,15.625
6000000,54.375
7000000,41.40625
8000000,17.1875
9000000,17.8125
10000000,17.34375
