steps,returns
10000,20.757812
20000,46.703125
30000,128.14844
40000,117.375
50000,84.64844
60000,58.414062
70000,29.601562
80000,33.25
90000,124.765625
100000,155.34375
