steps,returns
5000,9.4453125
10000,9.3359375
15000,9.4765625
20000,9.4765625
25000,9.546875
30000,114.13281
35000,13.0546875
40000,89.82031
45000,60.078125
50000,70.08594
