steps,returns
1000000,-17.96875
2000000,-17.609375
3000000,-18.140625
4000000,-17.9375
5000000,-17.78125
6000000,-18.0
7000000,-17.875
8000000,-18.140625
9000000,-18.375
10000000,-17.65625
