steps,returns
10000,143.73438
20000,491.91406
30000,500.0
40000,500.0
50000,338.78906
60000,160.21094
70000,498.7422
80000,358.65625
90000,177.92188
100000,500.0
