steps,returns
100000.0,654.2926
200000.0,473.59607
300000.0,512.1318
400000.0,28.643692
500000.0,-390.4853
600000.0,-2675.7139
700000.0,-4315.092
800000.0,-3471.4307
900000.0,-4774.993
1000000.0,-4207.4365
