steps,returns
100000.0,1289.72
200000.0,1179.6185
300000.0,495.63837
400000.0,640.9675
500000.0,969.00806
600000.0,710.15814
700000.0,-4102.664
800000.0,-29157.695
900000.0,-127187.01
1000000.0,-227806.6
