steps,returns
5000,12.96875
10000,15.8671875
15000,185.39062
20000,36.070312
25000,90.64844
30000,23.40625
35000,151.08594
40000,67.66406
45000,486.3047
50000,86.3125
