steps,returns
10000,-500.0
20000,-500.0
30000,-500.0
40000,-306.3125
50000,-500.0
60000,-90.96875
70000,-99.28906
80000,-92.328125
90000,-90.765625
100000,-85.92969
