steps,returns
5000,59.640625
10000,252.47656
15000,111.72656
20000,271.03125
25000,114.82031
30000,101.078125
35000,104.50781
40000,106.71094
45000,111.03906
50000,107.578125
