steps,returns
1000000,250.0
2000000,483.59375
3000000,1087.8906
4000000,353.90625
5000000,675.0
6000000,375.0
7000000,701.1719
8000000,936.1328
9000000,683.9844
10000000,693.75
