steps,returns
1000000,66.25
2000000,488.04688
3000000,16.5625
4000000,284.53125
5000000,418.04688
6000000,36.40625
7000000,1047.5781
8000000,1031.875
9000000,1770.8594
10000000,637.1094
