steps,returns
1000000,-18.28125
2000000,-17.71875
3000000,-18.03125
4000000,-17.78125
5000000,-17.265625
6000000,-18.1875
7000000,-18.03125
8000000,-18.1875
9000000,-17.625
10000000,-18.234375
