steps,returns
5000,27.609375
10000,26.8125
15000,27.570312
20000,28.101562
25000,27.1875
30000,28.742188
35000,28.203125
40000,31.039062
45000,30.3125
50000,31.617188
