steps,returns
1000000,419.72656
2000000,211.32812
3000000,206.44531
4000000,132.8125
5000000,480.27344
6000000,257.22656
7000000,92.1875
8000000,568.9453
9000000,319.53125
10000000,504.6875
