steps,returns
100000.0,1025.8728
200000.0,1016.67346
300000.0,1012.29626
400000.0,994.3639
500000.0,950.9008
600000.0,890.88354
700000.0,785.9942
800000.0,677.6095
900000.0,508.43103
1000000.0,325.6195
