steps,returns
10000,-466.75
20000,-361.21094
30000,-478.5625
40000,-420.0547
50000,-500.0
60000,-500.0
70000,-500.0
80000,-500.0
90000,-494.27344
100000,-496.4922
