steps,returns
1000000,468.16406
2000000,393.9453
3000000,676.5625
4000000,655.8594
5000000,603.125
6000000,545.7031
7000000,494.33594
8000000,718.75
9000000,575.0
10000000,3267.9688
