steps,returns
10000,80.66406
20000,111.53906
30000,111.10156
40000,128.40625
50000,121.58594
60000,113.39844
70000,108.25781
80000,121.21875
90000,121.328125
100000,136.09375
