steps,returns
100000.0,29.458332
200000.0,-22.442945
300000.0,
400000.0,
500000.0,
600000.0,
700000.0,
800000.0,
900000.0,
1000000.0,
