steps,returns
1000000,17.34375
2000000,28.125
3000000,17.96875
4000000,29.21875
5000000,16.5625
6000000,29.53125
7000000,49.84375
8000000,28.90625
9000000,52.34375
10000000,29.21875
