steps,returns
1000000,125.0
2000000,125.0
3000000,180.46875
4000000,250.0
5000000,343.75
6000000,344.92188
7000000,492.77344
8000000,865.8203
9000000,450.0
10000000,456.64062
