steps,returns
5000,8.9296875
10000,8.9921875
15000,8.9296875
20000,9.0
25000,9.0859375
30000,9.21875
35000,9.3359375
40000,9.4296875
45000,9.3828125
50000,9.296875
