steps,returns
100000.0,-217.09009
200000.0,-206.71574
300000.0,-915.66223
400000.0,-812.4685
500000.0,-529.4096
600000.0,-1586.1046
700000.0,-1438.5753
800000.0,-1894.8293
900000.0,-2830.9731
1000000.0,-2949.1646
