steps,returns
10000,-147.42188
20000,-151.09375
30000,-147.40625
40000,-153.73438
50000,-145.64062
60000,-147.64844
70000,-150.625
80000,-155.53125
90000,-176.08594
100000,-243.01562
