steps,returns
5000,12.765625
10000,243.3125
15000,112.49219
20000,118.92969
25000,109.08594
30000,164.46094
35000,192.92969
40000,468.64844
45000,266.40625
50000,104.953125
