steps,returns
100000.0,616.6151
200000.0,674.19116
300000.0,785.8097
400000.0,886.64404
500000.0,889.2959
600000.0,901.41925
700000.0,714.1066
800000.0,1503.0475
900000.0,1445.8716
1000000.0,1412.7058
