steps,returns
5000,16.734375
10000,119.72656
15000,142.13281
20000,175.08594
25000,193.83594
30000,156.01562
35000,134.32031
40000,124.03125
45000,129.88281
50000,110.953125
