steps,returns
1000000,125.0
2000000,250.0
3000000,328.90625
4000000,250.0
5000000,350.0
6000000,285.15625
7000000,292.96875
8000000,271.6797
9000000,341.79688
10000000,287.3047
