steps,returns
5000,9.46875
10000,64.10156
15000,101.78906
20000,167.875
25000,79.453125
30000,143.71094
35000,500.0
40000,500.0
45000,120.71094
50000,119.55469
