steps,returns
10000,78.41406
20000,496.1172
30000,290.79688
40000,497.3125
50000,449.9922
60000,496.04688
70000,314.5547
80000,484.47656
90000,443.46094
100000,489.10938
