steps,returns
5000,9.5078125
10000,9.3359375
15000,9.4375
20000,9.484375
25000,9.421875
30000,9.3671875
35000,9.4453125
40000,9.3671875
45000,9.34375
50000,9.3203125
