steps,returns
1000000,-17.984375
2000000,-17.9375
3000000,-17.5625
4000000,-17.875
5000000,-18.046875
6000000,-17.71875
7000000,-18.28125
8000000,-17.453125
9000000,-17.6875
10000000,-17.28125
