steps,returns
1000000,-18.03125
2000000,-17.875
3000000,-17.8125
4000000,-17.65625
5000000,-17.828125
6000000,-17.953125
7000000,-17.734375
8000000,-17.71875
9000000,-18.015625
10000000,-18.265625
