steps,returns
10000,-293.54688
20000,-500.0
30000,-500.0
40000,-500.0
50000,-500.0
60000,-500.0
70000,-500.0
80000,-500.0
90000,-410.375
100000,-236.64844
