steps,returns
100000.0,882.7916
200000.0,740.78424
300000.0,850.6647
400000.0,752.3533
500000.0,1074.6536
600000.0,971.92346
700000.0,822.7976
800000.0,887.27246
900000.0,832.56287
1000000.0,811.3164
