steps,returns
5000,36.460938
10000,15.2265625
15000,20.03125
20000,38.523438
25000,47.359375
30000,113.15625
35000,156.77344
40000,161.42969
45000,124.375
50000,151.61719
