steps,returns
5000,9.3046875
10000,9.2578125
15000,9.1875
20000,9.328125
25000,9.3828125
30000,9.28125
35000,9.2734375
40000,9.3203125
45000,9.3359375
50000,9.4609375
