steps,returns
100000.0,205.26297
200000.0,202.08218
300000.0,204.86424
400000.0,204.30315
500000.0,203.93478
600000.0,203.0755
700000.0,203.63126
800000.0,204.09108
900000.0,203.0433
1000000.0,202.44598
