steps,returns
5000,27.0625
10000,26.1875
15000,28.046875
20000,27.335938
25000,26.757812
30000,27.5625
35000,27.554688
40000,28.328125
45000,28.0
50000,28.328125
