steps,returns
5000,9.171875
10000,9.3203125
15000,9.2890625
20000,9.265625
25000,9.28125
30000,9.21875
35000,9.3671875
40000,9.2734375
45000,9.296875
50000,9.328125
