{"config": {"hp_config.clip_eps": 0.48838054409516857, "hp_config.ent_coef": 0.302422759872523, "hp_config.gae_lambda": 0.9477787895217205, "hp_config.learning_rate": 1.5701421102720535e-06, "hp_config.max_grad_norm": 0.2828069625764096, "hp_config.minibatch_size": 32, "hp_config.normalize_advantage": true, "hp_config.vf_clip_eps": 0.05936385947712203, "hp_config.vf_coef": 0.317983179393976}, "score": -997.98291015625, "budget_used": 13, "total_wallclock_time": -242.28053545951843, "total_optimization_time": 0.005654811859130859}
{"config": {"hp_config.clip_eps": 0.22684842227802265, "hp_config.ent_coef": 0.2682896055543611, "hp_config.gae_lambda": 0.9792445914787644, "hp_config.learning_rate": 0.08947356400945196, "hp_config.max_grad_norm": 0.21689698439847394, "hp_config.minibatch_size": 64, "hp_config.normalize_advantage": true, "hp_config.vf_clip_eps": 0.01032549973286434, "hp_config.vf_coef": 0.7583786538361414}, "score": NaN, "budget_used": 26, "total_wallclock_time": -453.5910301208496, "total_optimization_time": 0.05826592445373535}
{"config": {"hp_config.clip_eps": 0.22684842227802265, "hp_config.ent_coef": 0.2682896055543611, "hp_config.gae_lambda": 0.9792445914787644, "hp_config.learning_rate": 0.08947356400945196, "hp_config.max_grad_norm": 0.21689698439847394, "hp_config.minibatch_size": 64, "hp_config.normalize_advantage": true, "hp_config.vf_clip_eps": 0.01032549973286434, "hp_config.vf_coef": 0.7583786538361414}, "score": NaN, "budget_used": 39, "total_wallclock_time": -619.2435970306396, "total_optimization_time": 0.06115293502807617}
{"config": {"hp_config.clip_eps": 0.22684842227802265, "hp_config.ent_coef": 0.2682896055543611, "hp_config.gae_lambda": 0.9792445914787644, "hp_config.learning_rate": 0.08947356400945196, "hp_config.max_grad_norm": 0.21689698439847394, "hp_config.minibatch_size": 64, "hp_config.normalize_advantage": true, "hp_config.vf_clip_eps": 0.01032549973286434, "hp_config.vf_coef": 0.7583786538361414}, "score": NaN, "budget_used": 52, "total_wallclock_time": -797.8537702560425, "total_optimization_time": 0.06518435478210449}
{"config": {"hp_config.clip_eps": 0.22684842227802265, "hp_config.ent_coef": 0.2682896055543611, "hp_config.gae_lambda": 0.9792445914787644, "hp_config.learning_rate": 0.08947356400945196, "hp_config.max_grad_norm": 0.21689698439847394, "hp_config.minibatch_size": 64, "hp_config.normalize_advantage": true, "hp_config.vf_clip_eps": 0.01032549973286434, "hp_config.vf_coef": 0.7583786538361414}, "score": NaN, "budget_used": 65, "total_wallclock_time": -967.9036719799042, "total_optimization_time": 0.07176518440246582}
{"config": {"hp_config.clip_eps": 0.22684842227802265, "hp_config.ent_coef": 0.2682896055543611, "hp_config.gae_lambda": 0.9792445914787644, "hp_config.learning_rate": 0.08947356400945196, "hp_config.max_grad_norm": 0.21689698439847394, "hp_config.minibatch_size": 64, "hp_config.normalize_advantage": true, "hp_config.vf_clip_eps": 0.01032549973286434, "hp_config.vf_coef": 0.7583786538361414}, "score": NaN, "budget_used": 78, "total_wallclock_time": -1140.247938632965, "total_optimization_time": 0.07494401931762695}
{"config": {"hp_config.clip_eps": 0.22684842227802265, "hp_config.ent_coef": 0.2682896055543611, "hp_config.gae_lambda": 0.9792445914787644, "hp_config.learning_rate": 0.08947356400945196, "hp_config.max_grad_norm": 0.21689698439847394, "hp_config.minibatch_size": 64, "hp_config.normalize_advantage": true, "hp_config.vf_clip_eps": 0.01032549973286434, "hp_config.vf_coef": 0.7583786538361414}, "score": NaN, "budget_used": 91, "total_wallclock_time": -1298.1314516067505, "total_optimization_time": 0.09183502197265625}
{"config": {"hp_config.clip_eps": 0.22684842227802265, "hp_config.ent_coef": 0.2682896055543611, "hp_config.gae_lambda": 0.9792445914787644, "hp_config.learning_rate": 0.08947356400945196, "hp_config.max_grad_norm": 0.21689698439847394, "hp_config.minibatch_size": 64, "hp_config.normalize_advantage": true, "hp_config.vf_clip_eps": 0.01032549973286434, "hp_config.vf_coef": 0.7583786538361414}, "score": NaN, "budget_used": 104, "total_wallclock_time": -1457.151218175888, "total_optimization_time": 0.09501504898071289}
{"config": {"hp_config.clip_eps": 0.22684842227802265, "hp_config.ent_coef": 0.2682896055543611, "hp_config.gae_lambda": 0.9792445914787644, "hp_config.learning_rate": 0.08947356400945196, "hp_config.max_grad_norm": 0.21689698439847394, "hp_config.minibatch_size": 64, "hp_config.normalize_advantage": true, "hp_config.vf_clip_eps": 0.01032549973286434, "hp_config.vf_coef": 0.7583786538361414}, "score": NaN, "budget_used": 117, "total_wallclock_time": -1638.333334684372, "total_optimization_time": 0.09871101379394531}
{"config": {"hp_config.clip_eps": 0.22684842227802265, "hp_config.ent_coef": 0.2682896055543611, "hp_config.gae_lambda": 0.9792445914787644, "hp_config.learning_rate": 0.08947356400945196, "hp_config.max_grad_norm": 0.21689698439847394, "hp_config.minibatch_size": 64, "hp_config.normalize_advantage": true, "hp_config.vf_clip_eps": 0.01032549973286434, "hp_config.vf_coef": 0.7583786538361414}, "score": NaN, "budget_used": 130, "total_wallclock_time": -1795.4049806594849, "total_optimization_time": 0.10240650177001953}
{"config": {"hp_config.clip_eps": 0.22684842227802265, "hp_config.ent_coef": 0.2682896055543611, "hp_config.gae_lambda": 0.9792445914787644, "hp_config.learning_rate": 0.08947356400945196, "hp_config.max_grad_norm": 0.21689698439847394, "hp_config.minibatch_size": 64, "hp_config.normalize_advantage": true, "hp_config.vf_clip_eps": 0.01032549973286434, "hp_config.vf_coef": 0.7583786538361414}, "score": NaN, "budget_used": 143, "total_wallclock_time": -1954.1819097995758, "total_optimization_time": 0.1066741943359375}
