steps,returns
5000,9.25
10000,9.5859375
15000,32.914062
20000,24.070312
25000,88.328125
30000,26.132812
35000,66.703125
40000,136.34375
45000,37.085938
50000,120.08594
