steps,returns
1000000,300.78125
2000000,275.0
3000000,590.2344
4000000,631.6406
5000000,785.35156
6000000,783.39844
7000000,1087.1094
8000000,616.40625
9000000,4053.711
10000000,4006.25
