steps,returns
1000000,-17.765625
2000000,-18.03125
3000000,-18.53125
4000000,-18.34375
5000000,-17.8125
6000000,-17.625
7000000,-18.09375
8000000,-18.109375
9000000,-18.1875
10000000,-18.140625
