steps,returns
1000000,250.0
2000000,541.0156
3000000,542.96875
4000000,677.7344
5000000,515.03906
6000000,744.9219
7000000,637.6953
8000000,614.84375
9000000,703.71094
10000000,530.0781
