steps,returns
100000.0,939.68207
200000.0,403.38257
300000.0,306.1895
400000.0,292.60236
500000.0,345.42688
600000.0,896.3175
700000.0,885.8236
800000.0,870.88477
900000.0,881.53625
1000000.0,857.7643
