steps,returns
10000,489.70312
20000,368.0625
30000,353.59375
40000,463.01562
50000,500.0
60000,500.0
70000,24.09375
80000,500.0
90000,500.0
100000,500.0
