steps,returns
100000.0,697.76105
200000.0,577.1299
300000.0,653.2697
400000.0,659.2228
500000.0,725.62634
600000.0,964.47925
700000.0,837.3081
800000.0,937.30194
900000.0,1104.8618
1000000.0,1263.2062
