steps,returns
10000,134.32812
20000,164.0625
30000,290.14844
40000,402.58594
50000,472.5625
60000,454.4375
70000,431.375
80000,438.3828
90000,453.77344
100000,418.78125
