steps,returns
100000.0,-203.70142
200000.0,-1073.7444
300000.0,-982.4932
400000.0,-523.4436
500000.0,-44.188126
600000.0,24.842594
700000.0,-990.7349
800000.0,-441.08386
900000.0,-435.272
1000000.0,-532.6067
