steps,returns
5000,365.64062
10000,175.57812
15000,64.75
20000,62.328125
25000,10.90625
30000,9.6328125
35000,27.5
40000,170.96875
45000,19.96875
50000,97.828125
