steps,returns
100000.0,1015.7022
200000.0,1006.5674
300000.0,980.1637
400000.0,941.2186
500000.0,819.16077
600000.0,750.1973
700000.0,628.30023
800000.0,311.02563
900000.0,113.97235
1000000.0,-275.77997
