steps,returns
5000,368.21875
10000,500.0
15000,498.1953
20000,497.21094
25000,463.89844
30000,475.52344
35000,450.71094
40000,378.73438
45000,390.0703
50000,409.375
