steps,returns
100000.0,685.93884
200000.0,672.94147
300000.0,670.3845
400000.0,627.54333
500000.0,623.83167
600000.0,649.29663
700000.0,781.13257
800000.0,906.1023
900000.0,1379.4792
1000000.0,1395.79
