steps,returns
10000,-367.89062
20000,-499.89844
30000,-489.59375
40000,-436.4922
50000,-500.0
60000,-303.92188
70000,-500.0
80000,-500.0
90000,-416.26562
100000,-500.0
