steps,returns
10000,107.234375
20000,126.109375
30000,112.13281
40000,106.71875
50000,112.05469
60000,136.74219
70000,138.53906
80000,138.10938
90000,156.54688
100000,150.40625
