steps,returns
10000,112.21875
20000,84.234375
30000,84.55469
40000,84.46094
50000,84.25
60000,78.82031
70000,70.703125
80000,63.6875
90000,65.35156
100000,74.28906
