steps,returns
100000.0,520.8866
200000.0,535.94617
300000.0,530.2836
400000.0,457.28537
500000.0,937.8157
600000.0,720.6576
700000.0,399.6448
800000.0,-882.32104
900000.0,-6790.4307
1000000.0,-9920.785
