steps,returns
1000000,-17.6875
2000000,-17.421875
3000000,-18.046875
4000000,-17.375
5000000,-17.34375
6000000,-18.40625
7000000,-18.078125
8000000,-18.234375
9000000,-17.828125
10000000,-18.25
