steps,returns
1000000,17.03125
2000000,55.46875
3000000,63.75
4000000,72.03125
5000000,317.96875
6000000,171.5625
7000000,112.03125
8000000,34.53125
9000000,34.53125
10000000,17.65625
