steps,returns
100000,-200.0
200000,-200.0
300000,-200.0
400000,-200.0
500000,-200.0
600000,-200.0
700000,-116.14844
800000,-113.65625
900000,-118.984375
1000000,-121.6875
