steps,returns
100000.0,-6.65269
200000.0,-172.65741
300000.0,-407.71606
400000.0,-657.3341
500000.0,-1360.4106
600000.0,-2540.8008
700000.0,-3083.1772
800000.0,-3600.3015
900000.0,-4019.314
1000000.0,-4789.7964
