steps,returns
1000000,17.1875
2000000,17.5
3000000,45.46875
4000000,18.125
5000000,16.40625
6000000,18.4375
7000000,35.15625
8000000,80.3125
9000000,18.4375
10000000,49.84375
