steps,returns
100000.0,645.51855
200000.0,604.6275
300000.0,573.39294
400000.0,505.65073
500000.0,480.30582
600000.0,488.11328
700000.0,485.56436
800000.0,499.60742
900000.0,533.9647
1000000.0,569.5186
