steps,returns
100000.0,632.59644
200000.0,330.95917
300000.0,-467.30212
400000.0,-1240.1083
500000.0,-1501.6104
600000.0,-2482.006
700000.0,-9020.367
800000.0,-17528.672
900000.0,-31736.674
1000000.0,-63980.57
