steps,returns
1000000,250.0
2000000,331.25
3000000,295.5078
4000000,469.53125
5000000,232.03125
6000000,192.96875
7000000,417.57812
8000000,226.75781
9000000,257.42188
10000000,350.78125
