steps,returns
100000.0,1079.9257
200000.0,1008.92
300000.0,968.75714
400000.0,859.08923
500000.0,708.66766
600000.0,624.51025
700000.0,610.6791
800000.0,449.57877
900000.0,473.98148
1000000.0,547.5061
