steps,returns
1000000,-17.875
2000000,-17.75
3000000,-17.6875
4000000,-18.265625
5000000,-18.3125
6000000,-17.609375
7000000,-17.953125
8000000,-18.1875
9000000,-18.0625
10000000,-18.1875
