steps,returns
1000000,125.0
2000000,150.0
3000000,275.0
4000000,237.89062
5000000,225.0
6000000,174.41406
7000000,231.83594
8000000,263.8672
9000000,289.45312
10000000,401.7578
