steps,returns
100000.0,387.00693
200000.0,525.9673
300000.0,511.60437
400000.0,17.622746
500000.0,-1108.9424
600000.0,-2136.3306
700000.0,-4836.2495
800000.0,-8255.414
900000.0,-8946.461
1000000.0,-12838.223
