steps,returns
10000,73.58594
20000,73.71875
30000,198.27344
40000,260.23438
50000,499.9922
60000,488.8125
70000,475.41406
80000,495.48438
90000,437.8047
100000,374.1328
