steps,returns
1000000,332.42188
2000000,253.28125
3000000,2191.875
4000000,2231.0938
5000000,2080.0
6000000,5202.5
7000000,4089.6094
8000000,4358.047
9000000,5143.9844
10000000,5027.8125
