steps,returns
1000000,150.0
2000000,323.4375
3000000,325.39062
4000000,494.72656
5000000,588.47656
6000000,615.4297
7000000,638.47656
8000000,331.0547
9000000,315.8203
10000000,744.33594
