steps,returns
100000.0,877.20215
200000.0,843.07886
300000.0,1010.54285
400000.0,1135.144
500000.0,2157.1772
600000.0,1185.7186
700000.0,2805.879
800000.0,2689.7742
900000.0,2824.8567
1000000.0,2633.5422
