steps,returns
10000,266.52344
20000,464.26562
30000,499.32812
40000,442.6797
50000,210.875
60000,500.0
70000,500.0
80000,500.0
90000,500.0
100000,500.0
