steps,returns
1000000,347.65625
2000000,143.75
3000000,270.1172
4000000,150.0
5000000,278.125
6000000,250.0
7000000,125.0
8000000,309.1797
9000000,204.29688
10000000,64.453125
