steps,returns
100000.0,790.237
200000.0,649.63196
300000.0,745.6983
400000.0,758.69196
500000.0,770.9264
600000.0,781.4916
700000.0,849.7129
800000.0,884.7967
900000.0,930.8284
1000000.0,963.4009
