steps,returns
100000.0,990.9814
200000.0,998.9607
300000.0,610.2373
400000.0,252.80305
500000.0,-282.6197
600000.0,-172.81094
700000.0,-294.60034
800000.0,-1047.0046
900000.0,-1021.9961
1000000.0,-1808.032
