steps,returns
1000000,49.375
2000000,17.5
3000000,49.53125
4000000,18.125
5000000,15.625
6000000,30.46875
7000000,17.1875
8000000,17.5
9000000,28.125
10000000,29.84375
