steps,returns
5000,9.2734375
10000,9.3671875
15000,9.328125
20000,9.3046875
25000,9.4375
30000,9.3515625
35000,9.4140625
40000,9.328125
45000,9.3203125
50000,9.34375
