steps,returns
100000.0,920.7231
200000.0,467.44293
300000.0,299.6006
400000.0,-488.2706
500000.0,-1479.1885
600000.0,-630.08124
700000.0,-512.1743
800000.0,-574.7805
900000.0,-637.06726
1000000.0,-684.95056
