steps,returns
1000000,96.71875
2000000,16.875
3000000,17.96875
4000000,17.8125
5000000,16.09375
6000000,17.65625
7000000,17.1875
8000000,17.34375
9000000,28.125
10000000,18.4375
