steps,returns
10000,9.3671875
20000,9.265625
30000,9.3125
40000,9.375
50000,9.390625
60000,9.265625
70000,9.359375
80000,9.3828125
90000,9.265625
100000,9.2265625
