steps,returns
100000.0,675.59863
200000.0,646.89557
300000.0,628.24744
400000.0,719.9031
500000.0,761.4277
600000.0,745.07227
700000.0,689.1301
800000.0,841.3688
900000.0,705.20337
1000000.0,1031.4681
