steps,returns
1000000,250.0
2000000,250.0
3000000,212.5
4000000,150.0
5000000,368.35938
6000000,340.23438
7000000,395.89844
8000000,477.73438
9000000,302.14844
10000000,498.82812
