steps,returns
100000.0,275.64877
200000.0,302.39563
300000.0,302.87152
400000.0,286.25677
500000.0,253.92859
600000.0,235.63339
700000.0,254.95865
800000.0,267.97595
900000.0,293.86578
1000000.0,268.4143
