steps,returns
10000,331.48438
20000,489.85156
30000,498.84375
40000,500.0
50000,493.46875
60000,500.0
70000,500.0
80000,500.0
90000,500.0
100000,500.0
