steps,returns
10000,85.02344
20000,95.015625
30000,101.89844
40000,124.58594
50000,177.39062
60000,217.89062
70000,292.0547
80000,304.4922
90000,325.7578
100000,333.27344
