steps,returns
1000000,436.17188
2000000,1190.0
3000000,822.03125
4000000,1595.625
5000000,1190.0
6000000,2770.0
7000000,1759.2188
8000000,1155.1562
9000000,1612.8906
10000000,1215.0
