steps,returns
10000,178.57812
20000,226.42969
30000,212.34375
40000,486.77344
50000,445.6797
60000,267.5
70000,427.3828
80000,500.0
90000,492.71094
100000,500.0
