steps,returns
1000000,373.4375
2000000,778.5156
3000000,254.6875
4000000,525.0
5000000,666.60156
6000000,677.14844
7000000,582.6172
8000000,406.25
9000000,1036.3281
10000000,571.28906
