steps,returns
1000000,-18.09375
2000000,-18.046875
3000000,-18.28125
4000000,-17.890625
5000000,-17.75
6000000,-17.328125
7000000,-17.25
8000000,-18.140625
9000000,-18.546875
10000000,-17.84375
