steps,returns
100000.0,994.0569
200000.0,1149.5325
300000.0,1312.5817
400000.0,1405.9065
500000.0,1292.1396
600000.0,1138.3782
700000.0,676.51074
800000.0,-358.71628
900000.0,-3626.0833
1000000.0,-7570.615
