steps,returns
1000000,38.75
2000000,27.96875
3000000,27.8125
4000000,28.59375
5000000,17.1875
6000000,16.71875
7000000,17.5
8000000,39.21875
9000000,28.125
10000000,28.28125
