steps,returns
5000,18.25
10000,10.4140625
15000,22.46875
20000,107.703125
25000,121.71094
30000,181.85156
35000,146.1875
40000,201.42188
45000,131.96094
50000,145.66406
