steps,returns
100000.0,658.8968
200000.0,832.8109
300000.0,755.8771
400000.0,712.836
500000.0,825.6914
600000.0,1101.2604
700000.0,961.2793
800000.0,960.49945
900000.0,932.47974
1000000.0,895.94934
