steps,returns
1000000,538.59375
2000000,385.54688
3000000,109.84375
4000000,202.1875
5000000,197.5
6000000,193.59375
7000000,176.25
8000000,163.67188
9000000,221.09375
10000000,1385.5469
