steps,returns
100000.0,426.3642
200000.0,901.629
300000.0,832.92065
400000.0,735.2601
500000.0,758.50635
600000.0,1167.7412
700000.0,1142.3198
800000.0,1160.2137
900000.0,1088.278
1000000.0,1070.4856
