steps,returns
1000000,125.0
2000000,125.0
3000000,125.0
4000000,125.0
5000000,250.0
6000000,250.0
7000000,260.54688
8000000,235.35156
9000000,306.64062
10000000,249.80469
