steps,returns
5000,9.3203125
10000,9.328125
15000,9.3828125
20000,9.359375
25000,9.3515625
30000,9.390625
35000,9.3828125
40000,9.3125
45000,10.7421875
50000,12.2890625
