steps,returns
1000000,-18.09375
2000000,-18.0
3000000,-18.28125
4000000,-17.8125
5000000,-18.078125
6000000,-18.03125
7000000,-18.71875
8000000,-18.4375
9000000,-18.5625
10000000,-18.359375
