steps,returns
100000.0,707.1452
200000.0,712.47363
300000.0,660.1527
400000.0,665.60376
500000.0,611.595
600000.0,607.78033
700000.0,585.26495
800000.0,580.60693
900000.0,573.4403
1000000.0,589.8414
