steps,returns
100000.0,938.3635
200000.0,588.6224
300000.0,-51.244694
400000.0,-205.92154
500000.0,-619.92633
600000.0,-386.08777
700000.0,-381.3755
800000.0,-439.38998
900000.0,-415.3736
1000000.0,-427.7865
