steps,returns
1000000,17.65625
2000000,16.875
3000000,167.96875
4000000,19.0625
5000000,81.5625
6000000,16.71875
7000000,59.6875
8000000,17.03125
9000000,17.03125
10000000,25.46875
