steps,returns
10000,189.10938
20000,216.25
30000,159.75
40000,190.35938
50000,336.29688
60000,455.47656
70000,494.58594
80000,321.97656
90000,263.03125
100000,233.94531
