steps,returns
5000,41.15625
10000,176.07031
15000,154.04688
20000,146.47656
25000,162.92188
30000,134.34375
35000,135.57031
40000,132.52344
45000,186.46094
50000,111.57031
