steps,returns
100000.0,748.5217
200000.0,711.4933
300000.0,758.98035
400000.0,742.0847
500000.0,772.40936
600000.0,837.98206
700000.0,938.4066
800000.0,1313.7871
900000.0,1384.2041
1000000.0,1534.617
