steps,returns
5000,9.2265625
10000,9.3515625
15000,9.3125
20000,9.4453125
25000,9.296875
30000,9.21875
35000,9.4375
40000,9.34375
45000,9.4375
50000,9.2265625
