steps,returns
100000.0,-0.075055644
200000.0,-107.97643
300000.0,-328.8365
400000.0,-396.99243
500000.0,-1952.3446
600000.0,-2815.018
700000.0,-3130.162
800000.0,-3888.0254
900000.0,-4237.6533
1000000.0,-4776.454
