steps,returns
1000000,283.39844
2000000,227.34375
3000000,250.0
4000000,230.27344
5000000,225.0
6000000,229.6875
7000000,460.9375
8000000,585.9375
9000000,324.41406
10000000,344.53125
