steps,returns
5000,9.0
10000,9.015625
15000,9.0546875
20000,9.1484375
25000,9.078125
30000,9.1328125
35000,9.1015625
40000,9.0859375
45000,9.140625
50000,9.0703125
