steps,returns
100000.0,529.6593
200000.0,528.1335
300000.0,528.26953
400000.0,525.21326
500000.0,527.77856
600000.0,525.53186
700000.0,523.6531
800000.0,523.6497
900000.0,523.3975
1000000.0,523.45874
