steps,returns
100000.0,824.9725
200000.0,709.29254
300000.0,841.90894
400000.0,876.20447
500000.0,779.109
600000.0,793.3919
700000.0,592.2742
800000.0,590.9033
900000.0,673.7547
1000000.0,764.12115
