steps,returns
1000000,150.0
2000000,150.0
3000000,310.9375
4000000,299.8047
5000000,150.0
6000000,150.0
7000000,309.96094
8000000,261.71875
9000000,278.125
10000000,243.35938
