steps,returns
100000.0,785.85815
200000.0,793.883
300000.0,900.15826
400000.0,859.4759
500000.0,803.3944
600000.0,785.95825
700000.0,810.70703
800000.0,902.577
900000.0,1026.9165
1000000.0,1184.3684
