steps,returns
10000,147.86719
20000,207.29688
30000,500.0
40000,500.0
50000,451.2578
60000,500.0
70000,488.48438
80000,500.0
90000,168.02344
100000,112.828125
