steps,returns
100000.0,87.73381
200000.0,90.23989
300000.0,89.846466
400000.0,92.23978
500000.0,
600000.0,
700000.0,
800000.0,
900000.0,
1000000.0,
