steps,returns
100000.0,880.6475
200000.0,1008.84076
300000.0,1000.1343
400000.0,143.8797
500000.0,-721.07983
600000.0,-882.43567
700000.0,-748.57196
800000.0,-548.07056
900000.0,-385.04977
1000000.0,-267.0387
