steps,returns
10000,500.0
20000,500.0
30000,500.0
40000,422.14062
50000,500.0
60000,500.0
70000,390.6797
80000,183.30469
90000,500.0
100000,500.0
