steps,returns
100000.0,847.3074
200000.0,746.89856
300000.0,1142.5339
400000.0,1122.6377
500000.0,1067.7327
600000.0,1107.0442
700000.0,1060.192
800000.0,548.452
900000.0,511.83765
1000000.0,942.2111
