steps,returns
10000,189.55469
20000,223.46094
30000,199.33594
40000,219.32812
50000,324.46875
60000,500.0
70000,73.59375
80000,127.140625
90000,500.0
100000,500.0
