steps,returns
1000000,-17.609375
2000000,-18.0625
3000000,-17.3125
4000000,-17.171875
5000000,-16.921875
6000000,-16.84375
7000000,-16.5
8000000,-16.6875
9000000,-16.578125
10000000,-16.515625
