steps,returns
100000.0,-636.3443
200000.0,-552.0154
300000.0,-633.13965
400000.0,-573.43823
500000.0,-599.69006
600000.0,-584.2626
700000.0,-556.94836
800000.0,-625.4453
900000.0,-573.38916
1000000.0,-586.83014
