steps,returns
1000000,51.40625
2000000,40.9375
3000000,49.21875
4000000,17.8125
5000000,30.46875
6000000,17.65625
7000000,17.1875
8000000,40.46875
9000000,17.5
10000000,18.4375
