steps,returns
5000,8.875
10000,9.0546875
15000,9.1796875
20000,9.3515625
25000,9.390625
30000,9.3984375
35000,9.2578125
40000,9.3203125
45000,9.328125
50000,11.2265625
