steps,returns
100000.0,-718.4359
200000.0,343.08105
300000.0,328.12115
400000.0,453.83752
500000.0,398.98877
600000.0,474.63358
700000.0,427.64932
800000.0,392.16602
900000.0,393.49017
1000000.0,412.23273
