steps,returns
5000,9.421875
10000,9.4375
15000,9.25
20000,13.5234375
25000,21.515625
30000,32.875
35000,46.015625
40000,63.539062
45000,109.5
50000,205.61719
