steps,returns
1000000,153.90625
2000000,150.0
3000000,150.0
4000000,239.0625
5000000,250.0
6000000,125.0
7000000,125.0
8000000,150.0
9000000,185.15625
10000000,125.0
