steps,returns
100000.0,912.9335
200000.0,786.90405
300000.0,753.29126
400000.0,1130.8154
500000.0,1959.1631
600000.0,1900.9847
700000.0,2492.5728
800000.0,1553.042
900000.0,2599.314
1000000.0,2545.7988
