steps,returns
10000,75.41406
20000,114.41406
30000,125.38281
40000,130.36719
50000,107.36719
60000,124.875
70000,188.875
80000,186.55469
90000,232.35938
100000,312.65625
