steps,returns
10000,90.44531
20000,82.44531
30000,80.484375
40000,90.84375
50000,115.14844
60000,115.55469
70000,125.24219
80000,127.609375
90000,120.08594
100000,147.46875
