steps,returns
5000,35.257812
10000,16.726562
15000,204.75781
20000,134.14062
25000,116.41406
30000,146.77344
35000,147.38281
40000,169.66406
45000,135.85938
50000,135.10156
