steps,returns
10000,137.61719
20000,153.39844
30000,183.82031
40000,216.0
50000,274.14062
60000,347.26562
70000,355.10938
80000,422.02344
90000,454.3125
100000,482.03125
