steps,returns
100000.0,56.19038
200000.0,-347.31357
300000.0,-963.8171
400000.0,-1384.6196
500000.0,-1300.1597
600000.0,-1927.7253
700000.0,-2892.8638
800000.0,-3819.6897
900000.0,-7338.594
1000000.0,-9410.058
