steps,returns
1000000,319.0625
2000000,172.65625
3000000,253.28125
4000000,16.5625
5000000,97.03125
6000000,106.5625
7000000,17.34375
8000000,50.3125
9000000,781.0156
10000000,30.78125
