steps,returns
100000.0,-1.2065713
200000.0,52.970547
300000.0,-204.85568
400000.0,-412.732
500000.0,-675.91223
600000.0,-897.926
700000.0,-1980.8794
800000.0,-2205.1016
900000.0,-2411.6475
1000000.0,-2384.1587
