steps,returns
100000.0,126.85805
200000.0,130.35925
300000.0,130.26033
400000.0,129.96506
500000.0,130.46933
600000.0,131.45322
700000.0,132.03139
800000.0,130.98862
900000.0,132.45856
1000000.0,132.69151
