steps,returns
100000.0,17.625938
200000.0,-351.433
300000.0,233.43625
400000.0,174.01389
500000.0,89.096375
600000.0,-169.0812
700000.0,-260.8844
800000.0,-438.62872
900000.0,-743.5807
1000000.0,-919.2026
