steps,returns
100000.0,868.12415
200000.0,880.271
300000.0,756.4302
400000.0,760.43243
500000.0,1097.3292
600000.0,1372.7455
700000.0,1143.9626
800000.0,-2195.9285
900000.0,-12754.781
1000000.0,-31994.13
