steps,returns
100000.0,491.78577
200000.0,222.17108
300000.0,-711.74457
400000.0,-1683.5171
500000.0,-6730.246
600000.0,-7695.696
700000.0,-12010.192
800000.0,-16616.752
900000.0,-13826.729
1000000.0,-29748.22
