steps,returns
10000,33.226562
20000,21.085938
30000,40.34375
40000,132.53906
50000,168.32812
60000,143.40625
70000,173.03125
80000,312.10156
90000,239.80469
100000,246.42969
