steps,returns
5000,244.5625
10000,248.46094
15000,206.90625
20000,121.49219
25000,97.61719
30000,73.515625
35000,46.296875
40000,25.695312
45000,15.1640625
50000,11.8046875
