steps,returns
100000.0,374.90665
200000.0,396.52847
300000.0,395.32648
400000.0,394.38486
500000.0,384.54675
600000.0,380.93198
700000.0,377.66455
800000.0,380.87054
900000.0,376.54828
1000000.0,372.04855
