steps,returns
1000000,150.0
2000000,125.0
3000000,209.57031
4000000,217.1875
5000000,305.07812
6000000,146.09375
7000000,539.0625
8000000,304.8828
9000000,701.5625
10000000,267.77344
