steps,returns
10000,81.49219
20000,83.82031
30000,85.47656
40000,101.125
50000,109.171875
60000,99.97656
70000,107.78906
80000,107.77344
90000,119.484375
100000,120.11719
