steps,returns
1000000,-17.609375
2000000,-18.1875
3000000,-18.1875
4000000,-18.28125
5000000,-17.875
6000000,-18.140625
7000000,-17.9375
8000000,-17.625
9000000,-17.28125
10000000,-17.703125
