steps,returns
10000,73.32031
20000,44.515625
30000,49.742188
40000,211.58594
50000,264.59375
60000,178.54688
70000,495.03125
80000,439.0703
90000,269.22656
100000,492.83594
