steps,returns
5000,19.070312
10000,96.82031
15000,103.78906
20000,113.89844
25000,112.203125
30000,203.19531
35000,165.5
40000,130.38281
45000,131.52344
50000,405.1328
