steps,returns
1000000,764.84375
2000000,600.0
3000000,597.46094
4000000,2385.7422
5000000,4250.3906
6000000,4437.6953
7000000,4524.414
8000000,5058.3984
9000000,7950.1953
10000000,7975.3906
