steps,returns
100000.0,947.6992
200000.0,693.9055
300000.0,173.83185
400000.0,-414.62317
500000.0,-530.21405
600000.0,-617.63477
700000.0,-737.38654
800000.0,-725.6627
900000.0,-572.4041
1000000.0,-547.78894
