steps,returns
5000,33.203125
10000,33.625
15000,35.421875
20000,35.171875
25000,42.414062
30000,43.445312
35000,47.210938
40000,44.515625
45000,46.257812
50000,50.875
