steps,returns
100000.0,770.9648
200000.0,967.65344
300000.0,696.6842
400000.0,-411.88513
500000.0,-13250.547
600000.0,-101378.8
700000.0,-91841.63
800000.0,-136878.75
900000.0,-129408.67
1000000.0,-157204.72
