steps,returns
100000.0,385.47986
200000.0,417.82733
300000.0,339.9497
400000.0,308.44305
500000.0,703.62036
600000.0,750.1131
700000.0,733.7257
800000.0,849.3177
900000.0,858.0727
1000000.0,847.4619
