steps,returns
10000,89.828125
20000,85.60156
30000,85.11719
40000,96.47656
50000,97.109375
60000,114.890625
70000,115.69531
80000,124.203125
90000,123.11719
100000,138.02344
