steps,returns
10000,79.328125
20000,76.6875
30000,90.03125
40000,146.15625
50000,166.75781
60000,252.72656
70000,246.26562
80000,220.82031
90000,203.96875
100000,465.71875
