steps,returns
100000.0,1014.3953
200000.0,1026.0491
300000.0,1026.3582
400000.0,1024.3462
500000.0,1021.1018
600000.0,1016.20544
700000.0,998.94324
800000.0,978.76196
900000.0,941.73047
1000000.0,900.2507
