steps,returns
100000.0,683.1758
200000.0,874.1692
300000.0,658.94794
400000.0,673.9578
500000.0,671.0237
600000.0,682.21155
700000.0,679.39246
800000.0,696.8316
900000.0,708.35315
1000000.0,714.3899
