steps,returns
1000000,-18.625
2000000,-17.703125
3000000,-17.96875
4000000,-18.453125
5000000,-17.84375
6000000,-18.234375
7000000,-17.609375
8000000,-17.515625
9000000,-17.90625
10000000,-17.65625
