steps,returns
10000,226.07031
20000,255.89062
30000,500.0
40000,300.875
50000,203.27344
60000,500.0
70000,300.47656
80000,500.0
90000,500.0
100000,275.1172
