fold,mean_squared_error,mean_absolute_error,phase_index
0,0.003903059916082203,0.047042348997901204,0
1,0.015177620965065254,0.06124783325356874,0
2,0.013839531688219223,0.04881348552521091,0
3,0.03843159234640278,0.08229875719460207,0
4,0.016702873154662193,0.05784855251849581,0
