fold,mean_squared_error,mean_absolute_error,phase_index
0,0.0023191366414637873,0.0272527024701254,0
1,0.004475216887828193,0.04174708348319053,0
2,0.02693572522042109,0.07368307740515594,0
3,0.008675062118024214,0.05482605929215966,0
4,0.008295830903524603,0.050813777820900956,0
