steps,returns
10000,70.42969
20000,79.015625
30000,100.82031
40000,103.8125
50000,116.08594
60000,119.88281
70000,127.58594
80000,123.9375
90000,118.015625
100000,113.82031
