steps,returns
1000000,-17.78125
2000000,-17.65625
3000000,-17.53125
4000000,-17.875
5000000,-17.40625
6000000,-18.046875
7000000,-17.640625
8000000,-18.015625
9000000,-17.359375
10000000,-18.46875
