steps,returns
10000,160.42969
20000,180.9375
30000,138.72656
40000,160.07812
50000,152.45312
60000,151.23438
70000,165.11719
80000,179.13281
90000,199.5
100000,196.24219
