steps,returns
10000,252.96875
20000,265.27344
30000,285.3828
40000,326.42188
50000,368.26562
60000,373.2578
70000,376.39062
80000,399.76562
90000,438.9375
100000,495.10938
