steps,returns
5000,38.929688
10000,23.03125
15000,105.55469
20000,103.69531
25000,66.375
30000,65.52344
35000,129.09375
40000,108.375
45000,500.0
50000,500.0
