steps,returns
100000.0,817.12354
200000.0,1122.3427
300000.0,769.8512
400000.0,486.77203
500000.0,471.02908
600000.0,479.86774
700000.0,452.36472
800000.0,451.37744
900000.0,490.86282
1000000.0,464.64764
