steps,returns
100000.0,974.0759
200000.0,963.43396
300000.0,923.02747
400000.0,900.0145
500000.0,888.671
600000.0,882.5043
700000.0,822.2151
800000.0,796.86456
900000.0,786.45935
1000000.0,769.62415
