steps,returns
1000000,-17.59375
2000000,-17.984375
3000000,-18.34375
4000000,-18.046875
5000000,-17.890625
6000000,-17.359375
7000000,-18.15625
8000000,-17.546875
9000000,-18.234375
10000000,-17.859375
