steps,returns
1000000,17.5
2000000,17.5
3000000,17.03125
4000000,18.125
5000000,15.625
6000000,20.3125
7000000,430.0
8000000,428.20312
9000000,33.90625
10000000,35.3125
