steps,returns
1000000,17.8125
2000000,27.5
3000000,16.875
4000000,17.5
5000000,27.03125
6000000,16.40625
7000000,17.5
8000000,16.71875
9000000,17.5
10000000,17.5
