steps,returns
10000,70.19531
20000,72.53906
30000,76.578125
40000,77.59375
50000,78.75781
60000,78.42969
70000,76.84375
80000,80.0
90000,102.875
100000,115.96094
