steps,returns
100000.0,962.3076
200000.0,694.77966
300000.0,90.987564
400000.0,-1048.4087
500000.0,-3113.0898
600000.0,-6556.4727
700000.0,-10887.363
800000.0,-17959.258
900000.0,-29474.969
1000000.0,-44655.53
