steps,returns
10000,97.55469
20000,141.53906
30000,182.5625
40000,223.50781
50000,183.03125
60000,172.96875
70000,181.95312
80000,197.42188
90000,175.46094
100000,223.89062
