steps,returns
10000,219.98438
20000,444.78906
30000,262.6797
40000,500.0
50000,500.0
60000,500.0
70000,499.96094
80000,500.0
90000,500.0
100000,500.0
