steps,returns
1000000,-18.0625
2000000,-17.5
3000000,-17.796875
4000000,-17.9375
5000000,-17.765625
6000000,-18.046875
7000000,-18.0625
8000000,-17.875
9000000,-17.8125
10000000,-18.546875
