steps,returns
1000000,-18.40625
2000000,-17.53125
3000000,-18.34375
4000000,-18.28125
5000000,-18.015625
6000000,-17.6875
7000000,-18.3125
8000000,-18.1875
9000000,-18.4375
10000000,-18.0625
