steps,returns
100000.0,578.3667
200000.0,526.0253
300000.0,845.5273
400000.0,1269.192
500000.0,1148.1162
600000.0,1007.9137
700000.0,850.80426
800000.0,700.3154
900000.0,570.35876
1000000.0,280.0914
