steps,returns
10000,190.22656
20000,500.0
30000,500.0
40000,221.27344
50000,500.0
60000,439.14844
70000,500.0
80000,500.0
90000,106.6875
100000,500.0
