steps,returns
100000.0,1039.7883
200000.0,468.232
300000.0,368.4986
400000.0,322.33368
500000.0,830.6658
600000.0,856.074
700000.0,817.79144
800000.0,858.3102
900000.0,881.272
1000000.0,876.38745
