steps,returns
10000,179.04688
20000,500.0
30000,356.53906
40000,314.9297
50000,251.44531
60000,271.67188
70000,226.23438
80000,369.28125
90000,383.95312
100000,497.59375
