steps,returns
10000,379.07812
20000,469.67188
30000,142.07812
40000,150.45312
50000,166.71094
60000,405.95312
70000,34.273438
80000,124.3125
90000,28.5625
100000,429.9375
