steps,returns
10000,331.9375
20000,269.39062
30000,187.07812
40000,220.78906
50000,217.51562
60000,314.39062
70000,400.85938
80000,500.0
90000,497.60156
100000,500.0
