steps,returns
10000,114.015625
20000,62.351562
30000,102.890625
40000,84.89844
50000,117.89844
60000,498.72656
70000,500.0
80000,154.64844
90000,489.03906
100000,15.9921875
