steps,returns
100000.0,941.2766
200000.0,697.5254
300000.0,661.2176
400000.0,787.4674
500000.0,617.77075
600000.0,319.75598
700000.0,303.82208
800000.0,547.8552
900000.0,956.2135
1000000.0,881.06885
