steps,returns
100000.0,821.8811
200000.0,842.2302
300000.0,826.2612
400000.0,739.5218
500000.0,783.44006
600000.0,298.37378
700000.0,186.98244
800000.0,-764.9976
900000.0,-14578.927
1000000.0,-61861.4
