steps,returns
10000,96.21875
20000,100.74219
30000,87.19531
40000,130.0
50000,136.30469
60000,166.51562
70000,161.74219
80000,175.3125
90000,273.84375
100000,454.52344
