steps,returns
10000,-163.69531
20000,-138.01562
30000,-151.0
40000,-157.46094
50000,-153.72656
60000,-149.89062
70000,-188.92969
80000,-221.25781
90000,-280.82812
100000,-367.14062
