steps,returns
1000000,-17.546875
2000000,-18.109375
3000000,-18.125
4000000,-18.140625
5000000,-18.34375
6000000,-17.703125
7000000,-18.390625
8000000,-18.046875
9000000,-18.09375
10000000,-18.390625
