steps,returns
100000.0,936.95166
200000.0,904.5989
300000.0,200.4404
400000.0,12.95867
500000.0,-1122.2065
600000.0,-970.51416
700000.0,-1259.5203
800000.0,-127.749756
900000.0,-247.06314
1000000.0,-873.3926
