steps,returns
10000,380.8047
20000,358.32812
30000,418.0
40000,462.91406
50000,500.0
60000,500.0
70000,500.0
80000,498.57812
90000,500.0
100000,288.85938
