steps,returns
1000000,27.96875
2000000,28.125
3000000,17.03125
4000000,37.96875
5000000,50.0
6000000,30.46875
7000000,17.1875
8000000,17.5
9000000,17.65625
10000000,29.84375
