{"config": {"hp_config.clip_eps": 0.48838054409516857, "hp_config.ent_coef": 0.302422759872523, "hp_config.gae_lambda": 0.9477787895217205, "hp_config.learning_rate": 1.5701421102720535e-06, "hp_config.max_grad_norm": 0.2828069625764096, "hp_config.minibatch_size": 32, "hp_config.normalize_advantage": true, "hp_config.vf_clip_eps": 0.05936385947712203, "hp_config.vf_coef": 0.317983179393976}, "score": 222.2168426513672, "budget_used": 13, "total_wallclock_time": -179.65593767166138, "total_optimization_time": 0.02334141731262207}
{"config": {"hp_config.clip_eps": 0.48838054409516857, "hp_config.ent_coef": 0.302422759872523, "hp_config.gae_lambda": 0.9477787895217205, "hp_config.learning_rate": 1.5701421102720535e-06, "hp_config.max_grad_norm": 0.2828069625764096, "hp_config.minibatch_size": 32, "hp_config.normalize_advantage": true, "hp_config.vf_clip_eps": 0.05936385947712203, "hp_config.vf_coef": 0.317983179393976}, "score": 222.2168426513672, "budget_used": 26, "total_wallclock_time": -331.4787607192993, "total_optimization_time": 0.25023865699768066}
{"config": {"hp_config.clip_eps": 0.4887475698722234, "hp_config.ent_coef": 0.4382526226582954, "hp_config.gae_lambda": 0.8675979744721855, "hp_config.learning_rate": 0.06424669222650195, "hp_config.max_grad_norm": 0.2317016264712045, "hp_config.minibatch_size": 128, "hp_config.normalize_advantage": false, "hp_config.vf_clip_eps": 0.39960129367619585, "hp_config.vf_coef": 0.6304479368667911}, "score": NaN, "budget_used": 39, "total_wallclock_time": -502.7689006328583, "total_optimization_time": 0.25426530838012695}
{"config": {"hp_config.clip_eps": 0.4887475698722234, "hp_config.ent_coef": 0.4382526226582954, "hp_config.gae_lambda": 0.8675979744721855, "hp_config.learning_rate": 0.06424669222650195, "hp_config.max_grad_norm": 0.2317016264712045, "hp_config.minibatch_size": 128, "hp_config.normalize_advantage": false, "hp_config.vf_clip_eps": 0.39960129367619585, "hp_config.vf_coef": 0.6304479368667911}, "score": NaN, "budget_used": 52, "total_wallclock_time": -687.0560886859894, "total_optimization_time": 0.2570230960845947}
{"config": {"hp_config.clip_eps": 0.4887475698722234, "hp_config.ent_coef": 0.4382526226582954, "hp_config.gae_lambda": 0.8675979744721855, "hp_config.learning_rate": 0.06424669222650195, "hp_config.max_grad_norm": 0.2317016264712045, "hp_config.minibatch_size": 128, "hp_config.normalize_advantage": false, "hp_config.vf_clip_eps": 0.39960129367619585, "hp_config.vf_coef": 0.6304479368667911}, "score": NaN, "budget_used": 65, "total_wallclock_time": -834.694397687912, "total_optimization_time": 0.2598562240600586}
{"config": {"hp_config.clip_eps": 0.4887475698722234, "hp_config.ent_coef": 0.4382526226582954, "hp_config.gae_lambda": 0.8675979744721855, "hp_config.learning_rate": 0.06424669222650195, "hp_config.max_grad_norm": 0.2317016264712045, "hp_config.minibatch_size": 128, "hp_config.normalize_advantage": false, "hp_config.vf_clip_eps": 0.39960129367619585, "hp_config.vf_coef": 0.6304479368667911}, "score": NaN, "budget_used": 78, "total_wallclock_time": -994.9905397891998, "total_optimization_time": 0.2627582550048828}
{"config": {"hp_config.clip_eps": 0.4887475698722234, "hp_config.ent_coef": 0.4382526226582954, "hp_config.gae_lambda": 0.8675979744721855, "hp_config.learning_rate": 0.06424669222650195, "hp_config.max_grad_norm": 0.2317016264712045, "hp_config.minibatch_size": 128, "hp_config.normalize_advantage": false, "hp_config.vf_clip_eps": 0.39960129367619585, "hp_config.vf_coef": 0.6304479368667911}, "score": NaN, "budget_used": 91, "total_wallclock_time": -1151.9797911643982, "total_optimization_time": 0.2690262794494629}
{"config": {"hp_config.clip_eps": 0.4887475698722234, "hp_config.ent_coef": 0.4382526226582954, "hp_config.gae_lambda": 0.8675979744721855, "hp_config.learning_rate": 0.06424669222650195, "hp_config.max_grad_norm": 0.2317016264712045, "hp_config.minibatch_size": 128, "hp_config.normalize_advantage": false, "hp_config.vf_clip_eps": 0.39960129367619585, "hp_config.vf_coef": 0.6304479368667911}, "score": NaN, "budget_used": 104, "total_wallclock_time": -1310.9259650707245, "total_optimization_time": 0.27227210998535156}
{"config": {"hp_config.clip_eps": 0.4887475698722234, "hp_config.ent_coef": 0.4382526226582954, "hp_config.gae_lambda": 0.8675979744721855, "hp_config.learning_rate": 0.06424669222650195, "hp_config.max_grad_norm": 0.2317016264712045, "hp_config.minibatch_size": 128, "hp_config.normalize_advantage": false, "hp_config.vf_clip_eps": 0.39960129367619585, "hp_config.vf_coef": 0.6304479368667911}, "score": NaN, "budget_used": 117, "total_wallclock_time": -1461.5336275100708, "total_optimization_time": 0.2759242057800293}
{"config": {"hp_config.clip_eps": 0.4887475698722234, "hp_config.ent_coef": 0.4382526226582954, "hp_config.gae_lambda": 0.8675979744721855, "hp_config.learning_rate": 0.06424669222650195, "hp_config.max_grad_norm": 0.2317016264712045, "hp_config.minibatch_size": 128, "hp_config.normalize_advantage": false, "hp_config.vf_clip_eps": 0.39960129367619585, "hp_config.vf_coef": 0.6304479368667911}, "score": NaN, "budget_used": 130, "total_wallclock_time": -1607.229285478592, "total_optimization_time": 0.2894465923309326}
{"config": {"hp_config.clip_eps": 0.4887475698722234, "hp_config.ent_coef": 0.4382526226582954, "hp_config.gae_lambda": 0.8675979744721855, "hp_config.learning_rate": 0.06424669222650195, "hp_config.max_grad_norm": 0.2317016264712045, "hp_config.minibatch_size": 128, "hp_config.normalize_advantage": false, "hp_config.vf_clip_eps": 0.39960129367619585, "hp_config.vf_coef": 0.6304479368667911}, "score": NaN, "budget_used": 143, "total_wallclock_time": -1746.9736342430115, "total_optimization_time": 0.29261040687561035}
