steps,returns
10000,63.351562
20000,192.97656
30000,189.58594
40000,251.42188
50000,413.4375
60000,240.51562
70000,500.0
80000,500.0
90000,500.0
100000,500.0
