steps,returns
100000.0,699.51196
200000.0,753.238
300000.0,583.366
400000.0,605.5082
500000.0,561.3655
600000.0,548.7195
700000.0,557.218
800000.0,621.7263
900000.0,636.1997
1000000.0,597.34985
