steps,returns
100000.0,672.08344
200000.0,560.4431
300000.0,564.44586
400000.0,611.18976
500000.0,584.7397
600000.0,559.7573
700000.0,573.3207
800000.0,855.22314
900000.0,1135.987
1000000.0,1179.7721
