steps,returns
10000,-117.46094
20000,-254.59375
30000,-467.6172
40000,-500.0
50000,-500.0
60000,-500.0
70000,-500.0
80000,-500.0
90000,-500.0
100000,-222.4375
