steps,returns
10000,127.953125
20000,129.89062
30000,144.21875
40000,213.85938
50000,251.05469
60000,292.39062
70000,373.09375
80000,387.54688
90000,425.15625
100000,458.64062
