steps,returns
100000.0,644.4245
200000.0,810.21814
300000.0,819.02014
400000.0,822.95276
500000.0,826.54474
600000.0,826.4149
700000.0,835.25916
800000.0,700.7826
900000.0,713.32153
1000000.0,1013.9115
