steps,returns
10000,-149.41406
20000,-147.82031
30000,-147.33594
40000,-145.25
50000,-148.09375
60000,-147.91406
70000,-146.82812
80000,-148.375
90000,-148.78125
100000,-147.24219
