steps,returns
1000000,696.40625
2000000,471.40625
3000000,202.03125
4000000,215.9375
5000000,192.96875
6000000,308.4375
7000000,71.40625
8000000,114.375
9000000,221.09375
10000000,519.9219
