steps,returns
5000,106.72656
10000,44.75
15000,99.796875
20000,106.328125
25000,80.77344
30000,93.609375
35000,49.039062
40000,94.546875
45000,132.875
50000,500.0
