steps,returns
10000,163.04688
20000,498.3047
30000,18.445312
40000,206.10938
50000,494.79688
60000,32.179688
70000,500.0
80000,119.86719
90000,136.78906
100000,500.0
