steps,returns
1000000,-18.203125
2000000,-18.25
3000000,-18.46875
4000000,-18.578125
5000000,-18.0625
6000000,-18.453125
7000000,-17.921875
8000000,-17.546875
9000000,-17.671875
10000000,-18.03125
