steps,returns
1000000,815.2344
2000000,663.28125
3000000,676.1719
4000000,697.2656
5000000,776.7578
6000000,510.15625
7000000,603.90625
8000000,619.9219
9000000,696.875
10000000,731.0547
