steps,returns
10000,495.22656
20000,136.76562
30000,127.71875
40000,130.94531
50000,170.10156
60000,139.35938
70000,366.78906
80000,257.3125
90000,497.64062
100000,500.0
