steps,returns
100000.0,285.4728
200000.0,973.72754
300000.0,1314.2517
400000.0,742.3351
500000.0,641.7916
600000.0,886.31177
700000.0,913.0707
800000.0,790.70026
900000.0,704.26086
1000000.0,1189.17
