steps,returns
5000,189.0
10000,119.5625
15000,111.85156
20000,188.04688
25000,120.39844
30000,500.0
35000,111.34375
40000,500.0
45000,115.15625
50000,329.3047
