steps,returns
10000,173.92188
20000,190.32031
30000,223.28125
40000,258.89844
50000,332.27344
60000,500.0
70000,101.02344
80000,500.0
90000,473.48438
100000,500.0
