steps,returns
1000000,415.23438
2000000,515.625
3000000,570.3125
4000000,513.28125
5000000,635.35156
6000000,392.1875
7000000,661.52344
8000000,311.1328
9000000,426.95312
10000000,581.25
