steps,returns
10000,99.578125
20000,137.6875
30000,115.63281
40000,127.53906
50000,129.55469
60000,127.21875
70000,151.30469
80000,139.22656
90000,158.25781
100000,156.25
