steps,returns
10000,125.32031
20000,228.20312
30000,500.0
40000,500.0
50000,459.0078
60000,209.82812
70000,93.171875
80000,500.0
90000,500.0
100000,500.0
