steps,returns
5000,9.078125
10000,9.1171875
15000,9.3984375
20000,9.3671875
25000,9.359375
30000,9.2734375
35000,9.40625
40000,9.4140625
45000,12.1953125
50000,14.125
