steps,returns
100000.0,644.7682
200000.0,367.71524
300000.0,444.8242
400000.0,195.43427
500000.0,-276.69092
600000.0,-510.46985
700000.0,-985.47375
800000.0,-1805.161
900000.0,-1805.884
1000000.0,-2142.8845
