steps,returns
100000.0,473.96985
200000.0,857.795
300000.0,681.7167
400000.0,1037.7314
500000.0,-878.1206
600000.0,-348.67627
700000.0,-273.5768
800000.0,-223.6903
900000.0,-198.12825
1000000.0,-181.45361
