steps,returns
100000.0,1158.2347
200000.0,1066.5549
300000.0,842.26526
400000.0,1022.96106
500000.0,1033.4708
600000.0,1008.7269
700000.0,1361.4221
800000.0,1276.1855
900000.0,1266.2216
1000000.0,704.1742
