steps,returns
10000,-500.0
20000,-500.0
30000,-500.0
40000,-415.26562
50000,-498.9297
60000,-412.65625
70000,-202.35156
80000,-184.47656
90000,-448.65625
100000,-141.04688
