steps,returns
100000.0,757.807
200000.0,670.714
300000.0,735.0741
400000.0,775.6673
500000.0,840.9861
600000.0,957.8593
700000.0,1016.6814
800000.0,1001.6773
900000.0,983.90826
1000000.0,980.50336
