steps,returns
1000000,-17.96875
2000000,-16.953125
3000000,-17.625
4000000,-17.984375
5000000,-17.390625
6000000,-17.578125
7000000,-17.53125
8000000,-17.15625
9000000,-17.03125
10000000,-17.34375
