steps,returns
10000,-295.60938
20000,-292.4297
30000,-280.35156
40000,-313.1953
50000,-302.6172
60000,-302.16406
70000,-301.7578
80000,-291.67188
90000,-276.23438
100000,-303.29688
