steps,returns
10000,92.203125
20000,197.07031
30000,313.0625
40000,110.03906
50000,220.55469
60000,112.32031
70000,243.10938
80000,500.0
90000,500.0
100000,466.1328
