steps,returns
10000,68.421875
20000,99.17969
30000,246.74219
40000,488.8203
50000,456.65625
60000,470.32812
70000,289.3672
80000,303.17188
90000,402.21875
100000,477.35156
