steps,returns
10000,43.273438
20000,23.359375
30000,21.171875
40000,92.015625
50000,143.53906
60000,145.85938
70000,207.73438
80000,202.375
90000,352.28906
100000,494.15625
