steps,returns
1000000,722.65625
2000000,502.34375
3000000,760.5469
4000000,681.83594
5000000,1657.0312
6000000,1703.9062
7000000,848.2422
8000000,1637.5
9000000,1800.3906
10000000,2497.461
