steps,returns
1000000,-17.484375
2000000,-18.328125
3000000,-18.3125
4000000,-17.734375
5000000,-18.171875
6000000,-17.671875
7000000,-17.484375
8000000,-18.0
9000000,-17.671875
10000000,-17.5625
