steps,returns
5000,60.125
10000,39.804688
15000,21.546875
20000,10.625
25000,9.3828125
30000,9.6484375
35000,11.9765625
40000,12.28125
45000,14.3203125
50000,14.5859375
