steps,returns
100000.0,1308.343
200000.0,1436.6045
300000.0,1385.7892
400000.0,1281.5802
500000.0,839.3133
600000.0,605.6833
700000.0,384.2125
800000.0,81.94241
900000.0,93.7197
1000000.0,91.48967
