steps,returns
5000,26.15625
10000,205.76562
15000,186.49219
20000,160.83594
25000,219.69531
30000,125.00781
35000,360.9375
40000,117.82031
45000,117.453125
50000,259.79688
