steps,returns
10000,475.0703
20000,496.76562
30000,325.46094
40000,500.0
50000,500.0
60000,500.0
70000,464.73438
80000,500.0
90000,500.0
100000,171.78125
