steps,returns
1000000,-17.578125
2000000,-17.984375
3000000,-18.015625
4000000,-18.359375
5000000,-18.109375
6000000,-17.90625
7000000,-17.40625
8000000,-17.953125
9000000,-17.671875
10000000,-17.765625
