steps,returns
100000.0,1022.5344
200000.0,636.6338
300000.0,851.03784
400000.0,675.7413
500000.0,825.16565
600000.0,1050.4395
700000.0,987.6706
800000.0,833.46436
900000.0,1601.0864
1000000.0,1330.0886
