steps,returns
1000000,-17.84375
2000000,-17.78125
3000000,-17.59375
4000000,-17.171875
5000000,-17.921875
6000000,-17.703125
7000000,-17.671875
8000000,-17.828125
9000000,-18.046875
10000000,-17.21875
