steps,returns
1000000,-18.15625
2000000,-17.84375
3000000,-17.671875
4000000,-18.15625
5000000,-18.0
6000000,-18.15625
7000000,-18.296875
8000000,-17.640625
9000000,-18.09375
10000000,-18.703125
