steps,returns
10000,139.10938
20000,141.40625
30000,500.0
40000,444.46875
50000,111.234375
60000,500.0
70000,500.0
80000,500.0
90000,500.0
100000,496.6953
