steps,returns
100000.0,340.5991
200000.0,403.88885
300000.0,455.43594
400000.0,303.5122
500000.0,190.14188
600000.0,180.1693
700000.0,27.357313
800000.0,57.10952
900000.0,-528.50195
1000000.0,-778.7477
