steps,returns
5000,79.71875
10000,84.6875
15000,87.39844
20000,88.25781
25000,83.22656
30000,86.33594
35000,95.67969
40000,95.34375
45000,92.19531
50000,87.55469
