steps,returns
1000000,-18.671875
2000000,-17.890625
3000000,-18.0
4000000,-18.453125
5000000,-18.265625
6000000,-17.65625
7000000,-17.796875
8000000,-17.265625
9000000,-17.703125
10000000,-17.609375
