steps,returns
1000000,17.34375
2000000,52.03125
3000000,17.96875
4000000,39.375
5000000,160.15625
6000000,106.25
7000000,384.45312
8000000,142.34375
9000000,405.78125
10000000,488.04688
