steps,returns
1000000,-17.671875
2000000,-17.984375
3000000,-17.515625
4000000,-18.0625
5000000,-17.875
6000000,-17.28125
7000000,-17.78125
8000000,-17.53125
9000000,-17.46875
10000000,-17.84375
