steps,returns
1000000,208.78906
2000000,61.71875
3000000,125.0
4000000,425.0
5000000,125.0
6000000,125.0
7000000,224.60938
8000000,150.0
9000000,0.0
10000000,25.0
