steps,returns
1000000,39.84375
2000000,44.21875
3000000,2318.4375
4000000,2152.5781
5000000,3317.6562
6000000,4323.5938
7000000,4405.2344
8000000,4289.1406
9000000,5113.047
10000000,5117.9688
