steps,returns
100000.0,-0.8421647
200000.0,0.90657866
300000.0,548.08984
400000.0,49.594055
500000.0,73.2234
600000.0,127.759094
700000.0,-89.049866
800000.0,-167.60373
900000.0,-223.01086
1000000.0,-176.7602
