steps,returns
10000,93.67969
20000,99.703125
30000,118.5625
40000,110.13281
50000,110.92969
60000,125.82031
70000,134.14844
80000,148.07812
90000,129.27344
100000,132.28906
