steps,returns
1000000,150.0
2000000,300.0
3000000,328.90625
4000000,250.0
5000000,406.4453
6000000,233.59375
7000000,353.90625
8000000,388.28125
9000000,395.3125
10000000,617.96875
