steps,returns
1000000,17.03125
2000000,17.03125
3000000,40.9375
4000000,18.125
5000000,41.09375
6000000,49.84375
7000000,17.1875
8000000,53.125
9000000,28.28125
10000000,17.8125
