steps,returns
5000,26.578125
10000,161.19531
15000,254.10156
20000,243.02344
25000,243.23438
30000,461.7578
35000,369.67188
40000,337.39844
45000,243.5625
50000,493.27344
