steps,returns
5000,10.3203125
10000,112.375
15000,154.0
20000,310.6328
25000,132.64844
30000,115.10156
35000,23.3125
40000,117.03906
45000,94.78125
50000,16.492188
