steps,returns
1000000,189.84375
2000000,61.25
3000000,79.0625
4000000,434.6875
5000000,423.04688
6000000,378.125
7000000,557.8906
8000000,451.875
9000000,1824.6875
10000000,1693.9062
