steps,returns
100000.0,-3.9945173
200000.0,43.944958
300000.0,7.322051
400000.0,15.825518
500000.0,-52.030453
600000.0,-71.67227
700000.0,-122.282295
800000.0,-198.73358
900000.0,-272.2358
1000000.0,-502.24295
