steps,returns
100000.0,918.1768
200000.0,956.7456
300000.0,936.65155
400000.0,979.2114
500000.0,874.0072
600000.0,721.5296
700000.0,639.7987
800000.0,638.7235
900000.0,581.9383
1000000.0,562.32666
