steps,returns
1000000,-18.5625
2000000,-18.09375
3000000,-17.71875
4000000,-17.828125
5000000,-17.0
6000000,-17.890625
7000000,-18.171875
8000000,-17.90625
9000000,-17.640625
10000000,-17.9375
