steps,returns
100000.0,195.4893
200000.0,192.2476
300000.0,190.50726
400000.0,189.75604
500000.0,189.72559
600000.0,191.06668
700000.0,191.14163
800000.0,188.80759
900000.0,194.02829
1000000.0,192.02919
