steps,returns
5000,9.03125
10000,9.0546875
15000,9.3125
20000,9.2890625
25000,9.3984375
30000,9.2578125
35000,9.4921875
40000,9.3671875
45000,9.3671875
50000,9.4296875
