steps,returns
1000000,489.64844
2000000,491.60156
3000000,351.17188
4000000,362.5
5000000,477.73438
6000000,294.92188
7000000,380.07812
8000000,474.21875
9000000,569.9219
10000000,496.875
