steps,returns
1000000,69.6875
2000000,94.6875
3000000,154.53125
4000000,118.125
5000000,103.90625
6000000,184.53125
7000000,201.875
8000000,30.9375
9000000,17.8125
10000000,286.25
