steps,returns
1000000,28.59375
2000000,16.875
3000000,40.15625
4000000,46.71875
5000000,16.09375
6000000,17.65625
7000000,28.75
8000000,17.34375
9000000,17.5
10000000,18.4375
