steps,returns
100000.0,632.49023
200000.0,545.48517
300000.0,479.81155
400000.0,497.42072
500000.0,475.9408
600000.0,591.3019
700000.0,634.86523
800000.0,789.4429
900000.0,1148.7461
1000000.0,1000.2516
