steps,returns
100000.0,-1.1021698
200000.0,-0.10432421
300000.0,14.934902
400000.0,53.006645
500000.0,134.7679
600000.0,-190.36858
700000.0,-449.0221
800000.0,-166.86688
900000.0,-493.1927
1000000.0,-779.4137
