steps,returns
100000.0,992.15393
200000.0,1180.2703
300000.0,1131.2965
400000.0,1098.1631
500000.0,910.8938
600000.0,858.56696
700000.0,880.7008
800000.0,911.54987
900000.0,921.0711
1000000.0,918.24634
