steps,returns
100000.0,-0.5955039
200000.0,4.9700136
300000.0,58.054977
400000.0,34.64459
500000.0,-101.07231
600000.0,-218.14496
700000.0,-326.9722
800000.0,-902.31384
900000.0,-900.8522
1000000.0,-877.9171
