steps,returns
1000000,125.0
2000000,150.0
3000000,150.0
4000000,275.78125
5000000,150.0
6000000,259.76562
7000000,289.45312
8000000,294.14062
9000000,482.03125
10000000,468.35938
