steps,returns
1000000,194.53125
2000000,130.625
3000000,738.75
4000000,271.5625
5000000,403.28125
6000000,68.90625
7000000,1237.9688
8000000,1961.4062
9000000,2547.8906
10000000,2088.3594
