steps,returns
5000,8.84375
10000,8.8046875
15000,8.8359375
20000,8.84375
25000,8.9375
30000,8.9140625
35000,8.921875
40000,8.8671875
45000,8.8828125
50000,8.9765625
