steps,returns
1000000,-17.890625
2000000,-18.234375
3000000,-17.46875
4000000,-17.8125
5000000,-18.140625
6000000,-17.875
7000000,-18.5625
8000000,-18.171875
9000000,-17.6875
10000000,-18.375
