steps,returns
10000,318.3828
20000,308.77344
30000,348.6328
40000,370.28906
50000,377.4375
60000,388.42188
70000,407.6875
80000,450.0
90000,483.96875
100000,500.0
