steps,returns
10000,137.96094
20000,9.5078125
30000,287.8203
40000,397.32812
50000,170.38281
60000,354.48438
70000,107.09375
80000,55.851562
90000,82.625
100000,460.79688
