steps,returns
5000,9.3359375
10000,9.3984375
15000,11.015625
20000,15.140625
25000,24.96875
30000,44.382812
35000,97.75
40000,39.4375
45000,39.734375
50000,81.69531
