steps,returns
10000,93.92969
20000,92.92969
30000,82.61719
40000,75.28125
50000,78.578125
60000,82.41406
70000,78.90625
80000,83.42969
90000,90.34375
100000,83.17969
