steps,returns
10000,114.484375
20000,126.9375
30000,280.8203
40000,291.5625
50000,500.0
60000,500.0
70000,499.57812
80000,496.28906
90000,499.3828
100000,500.0
