steps,returns
1000000,-17.515625
2000000,-17.96875
3000000,-18.375
4000000,-18.125
5000000,-17.390625
6000000,-17.890625
7000000,-17.546875
8000000,-17.75
9000000,-17.65625
10000000,-17.359375
