steps,returns
10000,65.50781
20000,92.94531
30000,296.28125
40000,180.29688
50000,191.76562
60000,77.265625
70000,65.25781
80000,191.8125
90000,158.54688
100000,151.75
