steps,returns
100000.0,1006.7994
200000.0,968.3802
300000.0,888.2887
400000.0,739.5656
500000.0,570.66614
600000.0,441.19107
700000.0,345.47974
800000.0,256.81647
900000.0,-40.104134
1000000.0,7.20744
