{"config": {"hp_config.clip_eps": 0.2744067519636624, "hp_config.ent_coef": 0.35759468318620974, "hp_config.gae_lambda": 0.9204923988767216, "hp_config.learning_rate": 0.0005301709347576831, "hp_config.max_grad_norm": 0.4236547993389047, "hp_config.minibatch_size": 256, "hp_config.normalize_advantage": true, "hp_config.vf_clip_eps": 0.4458865003910399, "hp_config.vf_coef": 0.9636627605010293}, "score": -200.0, "budget_used": 13, "total_wallclock_time": -150.35309863090515, "total_optimization_time": 0.008642435073852539}
{"config": {"hp_config.clip_eps": 0.2744067519636624, "hp_config.ent_coef": 0.35759468318620974, "hp_config.gae_lambda": 0.9204923988767216, "hp_config.learning_rate": 0.0005301709347576831, "hp_config.max_grad_norm": 0.4236547993389047, "hp_config.minibatch_size": 256, "hp_config.normalize_advantage": true, "hp_config.vf_clip_eps": 0.4458865003910399, "hp_config.vf_coef": 0.9636627605010293}, "score": -200.0, "budget_used": 26, "total_wallclock_time": -297.11447048187256, "total_optimization_time": 0.03596162796020508}
{"config": {"hp_config.clip_eps": 0.2744067519636624, "hp_config.ent_coef": 0.35759468318620974, "hp_config.gae_lambda": 0.9204923988767216, "hp_config.learning_rate": 0.0005301709347576831, "hp_config.max_grad_norm": 0.4236547993389047, "hp_config.minibatch_size": 256, "hp_config.normalize_advantage": true, "hp_config.vf_clip_eps": 0.4458865003910399, "hp_config.vf_coef": 0.9636627605010293}, "score": -200.0, "budget_used": 39, "total_wallclock_time": -446.50786423683167, "total_optimization_time": 0.03905224800109863}
{"config": {"hp_config.clip_eps": 0.2744067519636624, "hp_config.ent_coef": 0.35759468318620974, "hp_config.gae_lambda": 0.9204923988767216, "hp_config.learning_rate": 0.0005301709347576831, "hp_config.max_grad_norm": 0.4236547993389047, "hp_config.minibatch_size": 256, "hp_config.normalize_advantage": true, "hp_config.vf_clip_eps": 0.4458865003910399, "hp_config.vf_coef": 0.9636627605010293}, "score": -200.0, "budget_used": 52, "total_wallclock_time": -595.6818277835846, "total_optimization_time": 0.04320383071899414}
{"config": {"hp_config.clip_eps": 0.2744067519636624, "hp_config.ent_coef": 0.35759468318620974, "hp_config.gae_lambda": 0.9204923988767216, "hp_config.learning_rate": 0.0005301709347576831, "hp_config.max_grad_norm": 0.4236547993389047, "hp_config.minibatch_size": 256, "hp_config.normalize_advantage": true, "hp_config.vf_clip_eps": 0.4458865003910399, "hp_config.vf_coef": 0.9636627605010293}, "score": -200.0, "budget_used": 65, "total_wallclock_time": -743.5837082862854, "total_optimization_time": 0.051702022552490234}
{"config": {"hp_config.clip_eps": 0.2744067519636624, "hp_config.ent_coef": 0.35759468318620974, "hp_config.gae_lambda": 0.9204923988767216, "hp_config.learning_rate": 0.0005301709347576831, "hp_config.max_grad_norm": 0.4236547993389047, "hp_config.minibatch_size": 256, "hp_config.normalize_advantage": true, "hp_config.vf_clip_eps": 0.4458865003910399, "hp_config.vf_coef": 0.9636627605010293}, "score": -200.0, "budget_used": 78, "total_wallclock_time": -890.1286907196045, "total_optimization_time": 0.05870223045349121}
{"config": {"hp_config.clip_eps": 0.2744067519636624, "hp_config.ent_coef": 0.35759468318620974, "hp_config.gae_lambda": 0.9204923988767216, "hp_config.learning_rate": 0.0005301709347576831, "hp_config.max_grad_norm": 0.4236547993389047, "hp_config.minibatch_size": 256, "hp_config.normalize_advantage": true, "hp_config.vf_clip_eps": 0.4458865003910399, "hp_config.vf_coef": 0.9636627605010293}, "score": -200.0, "budget_used": 91, "total_wallclock_time": -1036.285442829132, "total_optimization_time": 0.06162452697753906}
{"config": {"hp_config.clip_eps": 0.2744067519636624, "hp_config.ent_coef": 0.35759468318620974, "hp_config.gae_lambda": 0.9204923988767216, "hp_config.learning_rate": 0.0005301709347576831, "hp_config.max_grad_norm": 0.4236547993389047, "hp_config.minibatch_size": 256, "hp_config.normalize_advantage": true, "hp_config.vf_clip_eps": 0.4458865003910399, "hp_config.vf_coef": 0.9636627605010293}, "score": -200.0, "budget_used": 104, "total_wallclock_time": -1184.450201511383, "total_optimization_time": 0.0650475025177002}
{"config": {"hp_config.clip_eps": 0.2744067519636624, "hp_config.ent_coef": 0.35759468318620974, "hp_config.gae_lambda": 0.9204923988767216, "hp_config.learning_rate": 0.0005301709347576831, "hp_config.max_grad_norm": 0.4236547993389047, "hp_config.minibatch_size": 256, "hp_config.normalize_advantage": true, "hp_config.vf_clip_eps": 0.4458865003910399, "hp_config.vf_coef": 0.9636627605010293}, "score": -200.0, "budget_used": 117, "total_wallclock_time": -1334.4579410552979, "total_optimization_time": 0.07262587547302246}
{"config": {"hp_config.clip_eps": 0.2744067519636624, "hp_config.ent_coef": 0.35759468318620974, "hp_config.gae_lambda": 0.9204923988767216, "hp_config.learning_rate": 0.0005301709347576831, "hp_config.max_grad_norm": 0.4236547993389047, "hp_config.minibatch_size": 256, "hp_config.normalize_advantage": true, "hp_config.vf_clip_eps": 0.4458865003910399, "hp_config.vf_coef": 0.9636627605010293}, "score": -200.0, "budget_used": 130, "total_wallclock_time": -1482.1711404323578, "total_optimization_time": 0.07574653625488281}
{"config": {"hp_config.clip_eps": 0.2744067519636624, "hp_config.ent_coef": 0.35759468318620974, "hp_config.gae_lambda": 0.9204923988767216, "hp_config.learning_rate": 0.0005301709347576831, "hp_config.max_grad_norm": 0.4236547993389047, "hp_config.minibatch_size": 256, "hp_config.normalize_advantage": true, "hp_config.vf_clip_eps": 0.4458865003910399, "hp_config.vf_coef": 0.9636627605010293}, "score": -200.0, "budget_used": 143, "total_wallclock_time": -1630.3575856685638, "total_optimization_time": 0.07945036888122559}
