steps,returns
100000.0,7.040023
200000.0,6.9566836
300000.0,7.1726522
400000.0,6.987397
500000.0,6.8645115
600000.0,6.8041186
700000.0,6.8016176
800000.0,6.818816
900000.0,6.9246435
1000000.0,6.8069954
