steps,returns
1000000,-17.625
2000000,-17.640625
3000000,-18.1875
4000000,-17.578125
5000000,-17.84375
6000000,-17.5625
7000000,-17.578125
8000000,-18.078125
9000000,-18.15625
10000000,-18.0
