steps,returns
1000000,17.03125
2000000,16.875
3000000,478.4375
4000000,71.09375
5000000,185.625
6000000,38.4375
7000000,21.25
8000000,16.875
9000000,38.125
10000000,336.875
