steps,returns
5000,27.34375
10000,27.265625
15000,27.703125
20000,26.84375
25000,28.609375
30000,30.015625
35000,28.53125
40000,33.0625
45000,31.320312
50000,34.390625
