steps,returns
5000,89.265625
10000,84.09375
15000,83.5625
20000,69.375
25000,56.296875
30000,49.304688
35000,42.289062
40000,32.796875
45000,20.210938
50000,15.21875
