steps,returns
100000.0,366.6676
200000.0,351.50403
300000.0,406.9219
400000.0,420.94135
500000.0,421.51718
600000.0,420.86594
700000.0,418.58264
800000.0,416.14557
900000.0,412.43616
1000000.0,412.0647
