steps,returns
1000000,27.96875
2000000,41.40625
3000000,49.53125
4000000,28.4375
5000000,50.0
6000000,30.46875
7000000,17.1875
8000000,28.4375
9000000,17.65625
10000000,50.15625
