steps,returns
100000.0,922.37646
200000.0,883.0486
300000.0,988.13
400000.0,856.9855
500000.0,853.64355
600000.0,860.4197
700000.0,847.0304
800000.0,1087.0085
900000.0,1087.7551
1000000.0,1093.3936
