steps,returns
10000,9.328125
20000,9.390625
30000,9.3203125
40000,9.3828125
50000,9.390625
60000,9.4375
70000,9.4609375
80000,9.2734375
90000,9.40625
100000,9.375
