steps,returns
1000000,413.20312
2000000,17.5
3000000,203.125
4000000,112.65625
5000000,75.46875
6000000,71.875
7000000,53.90625
8000000,62.1875
9000000,77.03125
10000000,375.625
