steps,returns
1000000,-17.203125
2000000,-17.46875
3000000,-17.1875
4000000,-17.53125
5000000,-15.515625
6000000,-17.046875
7000000,-16.671875
8000000,-14.4375
9000000,-16.578125
10000000,-16.25
