steps,returns
100000.0,-508.90353
200000.0,-718.8181
300000.0,-798.917
400000.0,-958.89813
500000.0,-1848.0927
600000.0,-2632.3096
700000.0,-3983.4087
800000.0,-4523.587
900000.0,-6889.598
1000000.0,-11322.469
