steps,returns
1000000,-18.078125
2000000,-17.890625
3000000,-18.3125
4000000,-17.625
5000000,-18.171875
6000000,-18.140625
7000000,-18.421875
8000000,-17.75
9000000,-17.890625
10000000,-18.28125
