steps,returns
5000,299.70312
10000,500.0
15000,497.5625
20000,486.53125
25000,497.9375
30000,491.8672
35000,498.85156
40000,496.6875
45000,492.6875
50000,472.95312
