steps,returns
1000000,17.5
2000000,421.64062
3000000,204.84375
4000000,16.875
5000000,85.3125
6000000,219.375
7000000,38.59375
8000000,198.90625
9000000,27.34375
10000000,611.4844
