steps,returns
5000,9.0625
10000,9.015625
15000,9.0
20000,8.9375
25000,9.046875
30000,9.0
35000,9.09375
40000,9.171875
45000,9.28125
50000,9.2578125
