steps,returns
1000000,-17.96875
2000000,-15.640625
3000000,-16.671875
4000000,-16.5625
5000000,-16.078125
6000000,-15.203125
7000000,-15.421875
8000000,-16.1875
9000000,-16.3125
10000000,-16.609375
