steps,returns
1000000,150.0
2000000,278.51562
3000000,296.28906
4000000,150.0
5000000,125.0
6000000,280.27344
7000000,125.0
8000000,255.27344
9000000,125.0
10000000,250.0
