steps,returns
1000000,17.03125
2000000,16.875
3000000,66.875
4000000,40.0
5000000,17.65625
6000000,17.65625
7000000,17.1875
8000000,17.34375
9000000,17.5
10000000,18.4375
