steps,returns
1000000,-18.0625
2000000,-17.75
3000000,-17.515625
4000000,-17.9375
5000000,-18.3125
6000000,-17.96875
7000000,-17.9375
8000000,-18.15625
9000000,-17.5625
10000000,-17.671875
