steps,returns
1000000,311.40625
2000000,37.8125
3000000,28.125
4000000,283.125
5000000,404.0625
6000000,350.3125
7000000,731.1719
8000000,480.70312
9000000,67.34375
10000000,950.8594
