steps,returns
10000,402.78906
20000,395.9922
30000,460.25
40000,499.16406
50000,469.51562
60000,463.10938
70000,102.21094
80000,500.0
90000,500.0
100000,469.25
