steps,returns
5000,82.96875
10000,77.921875
15000,81.5
20000,85.90625
25000,81.28906
30000,89.171875
35000,79.734375
40000,81.578125
45000,83.390625
50000,83.65625
