steps,returns
100000.0,919.18774
200000.0,790.2139
300000.0,827.1776
400000.0,589.4578
500000.0,550.9901
600000.0,573.6115
700000.0,601.2969
800000.0,740.49963
900000.0,785.55383
1000000.0,795.9204
