steps,returns
10000,74.17969
20000,90.28906
30000,157.40625
40000,272.65625
50000,417.3828
60000,396.91406
70000,447.39844
80000,418.01562
90000,448.90625
100000,411.27344
