steps,returns
100000.0,281.9037
200000.0,462.8606
300000.0,556.27014
400000.0,471.79706
500000.0,418.72784
600000.0,369.72913
700000.0,348.1599
800000.0,321.08563
900000.0,307.90704
1000000.0,299.80682
