steps,returns
1000000,437.1875
2000000,1306.0156
3000000,1440.8594
4000000,2726.9531
5000000,797.96875
6000000,415.85938
7000000,553.5156
8000000,2340.9375
9000000,0.0
10000000,1327.7344
