steps,returns
1000000,-17.375
2000000,-17.578125
3000000,-17.484375
4000000,-17.515625
5000000,-18.53125
6000000,-17.078125
7000000,-18.40625
8000000,-17.90625
9000000,-16.875
10000000,-17.5625
