steps,returns
100000.0,29.743355
200000.0,-175.66771
300000.0,-17.676685
400000.0,131.39197
500000.0,19.374002
600000.0,-349.62564
700000.0,-153.4721
800000.0,-259.10428
900000.0,-332.04947
1000000.0,-465.48654
