steps,returns
5000,47.976562
10000,125.72656
15000,64.59375
20000,92.71094
25000,99.015625
30000,62.335938
35000,28.898438
40000,155.14844
45000,128.0
50000,90.6875
