steps,returns
100000.0,710.2647
200000.0,674.03625
300000.0,682.06885
400000.0,1076.4009
500000.0,1043.7615
600000.0,1038.5126
700000.0,578.6402
800000.0,271.9417
900000.0,38.993965
1000000.0,-40.50184
