steps,returns
1000000,49.53125
2000000,16.71875
3000000,16.875
4000000,17.5
5000000,35.9375
6000000,30.78125
7000000,17.5
8000000,16.71875
9000000,51.71875
10000000,17.5
