steps,returns
100000.0,982.2032
200000.0,994.3273
300000.0,996.9022
400000.0,991.5081
500000.0,993.13214
600000.0,989.49884
700000.0,1043.286
800000.0,1006.9906
900000.0,1047.2588
1000000.0,1272.3235
