steps,returns
100000.0,955.53
200000.0,933.0906
300000.0,1022.98193
400000.0,993.6393
500000.0,911.3004
600000.0,982.50195
700000.0,926.20685
800000.0,1052.0399
900000.0,1175.296
1000000.0,1146.3497
