steps,returns
100000.0,-916.6759
200000.0,-872.1162
300000.0,-846.7248
400000.0,-855.155
500000.0,-852.8406
600000.0,-827.5998
700000.0,-836.1791
800000.0,-806.5055
900000.0,-795.85425
1000000.0,-780.20953
