steps,returns
5000,49.492188
10000,59.992188
15000,63.78125
20000,67.92969
25000,64.58594
30000,66.77344
35000,65.64844
40000,62.21875
45000,64.38281
50000,64.27344
