steps,returns
10000,71.88281
20000,85.92969
30000,93.53125
40000,139.875
50000,413.0
60000,396.125
70000,432.90625
80000,413.9453
90000,407.9922
100000,421.59375
