steps,returns
100000.0,755.4131
200000.0,669.2741
300000.0,745.1481
400000.0,838.5859
500000.0,945.0881
600000.0,945.29694
700000.0,937.26746
800000.0,929.60223
900000.0,918.37823
1000000.0,907.2318
