steps,returns
1000000,-17.578125
2000000,-17.921875
3000000,-17.1875
4000000,-17.5
5000000,-17.390625
6000000,-18.015625
7000000,-18.15625
8000000,-17.515625
9000000,-17.96875
10000000,-18.03125
