steps,returns
1000000,125.0
2000000,223.4375
3000000,630.46875
4000000,633.0078
5000000,525.97656
6000000,423.04688
7000000,238.67188
8000000,100.0
9000000,212.89062
10000000,280.85938
