steps,returns
10000,335.0078
20000,285.32812
30000,425.14062
40000,499.40625
50000,127.83594
60000,259.10938
70000,500.0
80000,500.0
90000,500.0
100000,500.0
