steps,returns
1000000,17.34375
2000000,27.5
3000000,17.5
4000000,17.96875
5000000,42.96875
6000000,30.3125
7000000,28.59375
8000000,17.65625
9000000,51.875
10000000,48.75
