steps,returns
1000000,-17.90625
2000000,-17.796875
3000000,-17.859375
4000000,-17.609375
5000000,-18.359375
6000000,-17.921875
7000000,-18.109375
8000000,-17.96875
9000000,-17.828125
10000000,-17.96875
