steps,returns
1000000,-18.359375
2000000,-17.953125
3000000,-18.203125
4000000,-17.53125
5000000,-18.171875
6000000,-17.609375
7000000,-18.09375
8000000,-17.328125
9000000,-17.28125
10000000,-17.921875
