steps,returns
100000.0,-127.82473
200000.0,11.981518
300000.0,113.58164
400000.0,329.87836
500000.0,582.3053
600000.0,578.0011
700000.0,543.2834
800000.0,544.8247
900000.0,574.83453
1000000.0,611.3135
