steps,returns
1000000,-17.84375
2000000,-17.453125
3000000,-17.734375
4000000,-17.53125
5000000,-17.84375
6000000,-17.828125
7000000,-17.25
8000000,-16.9375
9000000,-17.0
10000000,-17.265625
