steps,returns
1000000,-17.828125
2000000,-17.640625
3000000,-17.90625
4000000,-17.609375
5000000,-18.140625
6000000,-18.109375
7000000,-18.0625
8000000,-17.328125
9000000,-17.53125
10000000,-17.9375
