steps,returns
100000.0,-327.6669
200000.0,-325.97552
300000.0,-339.41318
400000.0,-342.0183
500000.0,-334.9716
600000.0,-319.31635
700000.0,-327.51514
800000.0,-323.62698
900000.0,-330.07898
1000000.0,-333.1784
