steps,returns
1000000,-18.28125
2000000,-18.03125
3000000,-17.3125
4000000,-17.90625
5000000,-17.984375
6000000,-17.71875
7000000,-17.453125
8000000,-18.15625
9000000,-18.015625
10000000,-17.84375
