steps,returns
1000000,-17.96875
2000000,-17.921875
3000000,-18.5
4000000,-18.328125
5000000,-18.390625
6000000,-18.046875
7000000,-18.21875
8000000,-17.59375
9000000,-17.78125
10000000,-17.671875
