steps,returns
5000,190.82812
10000,42.171875
15000,9.3828125
20000,22.890625
25000,198.65625
30000,401.89844
35000,152.90625
40000,412.9297
45000,412.3047
50000,223.21875
