steps,returns
100000.0,122.10751
200000.0,1215.2886
300000.0,198.52904
400000.0,-1628.2345
500000.0,-4877.214
600000.0,-8845.496
700000.0,-17421.082
800000.0,-35716.707
900000.0,-69447.766
1000000.0,-100835.28
