steps,returns
100000.0,-0.07248165
200000.0,0.7041069
300000.0,1.4364512
400000.0,7.058159
500000.0,431.95966
600000.0,67.33145
700000.0,33.102097
800000.0,123.53009
900000.0,74.22915
1000000.0,143.68307
