steps,returns
100000.0,15.331383
200000.0,-162.99507
300000.0,-932.9426
400000.0,-2726.019
500000.0,-5286.515
600000.0,-10751.132
700000.0,-31111.12
800000.0,-54986.234
900000.0,-76431.11
1000000.0,-101041.375
