steps,returns
10000,-500.0
20000,-91.34375
30000,-114.16406
40000,-500.0
50000,-500.0
60000,-500.0
70000,-500.0
80000,-500.0
90000,-429.09375
100000,-484.25
