steps,returns
100000.0,748.5221
200000.0,953.25903
300000.0,974.3711
400000.0,1007.15845
500000.0,856.031
600000.0,935.81793
700000.0,1027.3136
800000.0,1176.1154
900000.0,838.8202
1000000.0,832.61975
