steps,returns
1000000,941.7969
2000000,1394.4531
3000000,387.34375
4000000,1439.2969
5000000,2043.8281
6000000,122.34375
7000000,0.0
8000000,0.0
9000000,1092.5781
10000000,0.0
