steps,returns
100000.0,733.6276
200000.0,104.91942
300000.0,1235.2422
400000.0,1097.8558
500000.0,1843.3258
600000.0,1812.6355
700000.0,1334.2361
800000.0,1440.2292
900000.0,384.3084
1000000.0,-193.54187
