steps,returns
10000,240.28125
20000,257.21875
30000,329.7422
40000,337.5625
50000,364.58594
60000,357.48438
70000,428.0703
80000,462.59375
90000,498.4297
100000,500.0
