steps,returns
10000,9.3046875
20000,9.2421875
30000,9.28125
40000,9.34375
50000,9.421875
60000,9.25
70000,9.4140625
80000,9.40625
90000,9.359375
100000,9.4140625
