steps,returns
100000.0,-0.7184682
200000.0,0.51038337
300000.0,106.02229
400000.0,59.909912
500000.0,100.594406
600000.0,-3.7827473
700000.0,78.82157
800000.0,-192.48654
900000.0,-195.68849
1000000.0,-193.991
