steps,returns
10000,279.21875
20000,393.64062
30000,468.14844
40000,495.6875
50000,500.0
60000,500.0
70000,500.0
80000,500.0
90000,500.0
100000,500.0
