steps,returns
10000,214.125
20000,487.10938
30000,500.0
40000,414.04688
50000,346.125
60000,447.84375
70000,459.4922
80000,500.0
90000,500.0
100000,500.0
