steps,returns
1000000,-18.0
2000000,-18.0625
3000000,-18.125
4000000,-17.90625
5000000,-18.1875
6000000,-18.15625
7000000,-18.171875
8000000,-18.046875
9000000,-17.828125
10000000,-17.515625
