steps,returns
5000,69.99219
10000,84.765625
15000,84.14844
20000,85.03906
25000,87.10156
30000,88.265625
35000,90.640625
40000,86.015625
45000,85.171875
50000,89.55469
