steps,returns
5000,9.515625
10000,9.5625
15000,9.5390625
20000,9.6171875
25000,9.5078125
30000,9.640625
35000,9.515625
40000,9.625
45000,9.5390625
50000,9.5546875
