steps,returns
10000,-500.0
20000,-500.0
30000,-500.0
40000,-151.03125
50000,-130.48438
60000,-120.71875
70000,-381.75
80000,-92.58594
90000,-155.39844
100000,-471.34375
