steps,returns
100000.0,-0.5170749
200000.0,0.7038361
300000.0,7.0066195
400000.0,555.7741
500000.0,32.735493
600000.0,112.180725
700000.0,77.27042
800000.0,-66.07909
900000.0,-271.182
1000000.0,-376.82925
