steps,returns
100000.0,35.00901
200000.0,34.567184
300000.0,35.316444
400000.0,31.54967
500000.0,30.035473
600000.0,29.547714
700000.0,31.886076
800000.0,34.006706
900000.0,32.37956
1000000.0,33.51976
