steps,returns
1000000,269.33594
2000000,564.2578
3000000,625.0
4000000,573.6328
5000000,758.0078
6000000,1081.0547
7000000,694.72656
8000000,779.2969
9000000,761.91406
10000000,602.7344
