steps,returns
5000,124.28906
10000,112.375
15000,325.26562
20000,499.875
25000,276.20312
30000,164.24219
35000,202.26562
40000,184.77344
45000,20.320312
50000,293.10938
