steps,returns
10000,500.0
20000,165.25781
30000,215.375
40000,14.9921875
50000,367.0
60000,189.88281
70000,42.695312
80000,500.0
90000,182.14062
100000,113.046875
