steps,returns
1000000,475.39062
2000000,16.71875
3000000,22.8125
4000000,576.875
5000000,619.21875
6000000,817.7344
7000000,904.21875
8000000,1553.4375
9000000,976.25
10000000,961.5625
