steps,returns
1000000,-17.65625
2000000,-17.921875
3000000,-18.25
4000000,-18.5625
5000000,-17.859375
6000000,-17.734375
7000000,-17.65625
8000000,-17.828125
9000000,-18.265625
10000000,-17.71875
