steps,returns
10000,-356.59375
20000,-393.45312
30000,-417.92188
40000,-475.51562
50000,-500.0
60000,-500.0
70000,-500.0
80000,-500.0
90000,-500.0
100000,-500.0
