steps,returns
10000,107.77344
20000,95.89844
30000,97.50781
40000,94.3125
50000,99.58594
60000,98.796875
70000,108.42969
80000,117.515625
90000,123.99219
100000,121.46875
