steps,returns
10000,327.2422
20000,500.0
30000,500.0
40000,500.0
50000,500.0
60000,500.0
70000,497.67188
80000,358.6797
90000,9.3671875
100000,154.57031
