steps,returns
1000000,150.0
2000000,268.75
3000000,125.0
4000000,250.0
5000000,250.0
6000000,303.71094
7000000,276.17188
8000000,409.1797
9000000,698.6328
10000000,733.59375
