steps,returns
10000,88.234375
20000,96.91406
30000,94.02344
40000,96.03906
50000,97.10156
60000,99.02344
70000,101.1875
80000,108.984375
90000,99.859375
100000,97.55469
