steps,returns
5000,9.2265625
10000,9.3125
15000,9.3359375
20000,44.507812
25000,51.585938
30000,51.585938
35000,28.054688
40000,152.19531
45000,77.703125
50000,10.3125
