steps,returns
1000000,505.07812
2000000,719.53125
3000000,654.6875
4000000,710.9375
5000000,696.28906
6000000,1828.9062
7000000,1411.7188
8000000,613.08594
9000000,721.28906
10000000,813.47656
