steps,returns
1000000,279.6875
2000000,125.0
3000000,294.53125
4000000,261.71875
5000000,358.98438
6000000,269.92188
7000000,288.28125
8000000,378.125
9000000,375.0
10000000,708.78906
