steps,returns
1000000,150.0
2000000,275.0
3000000,250.0
4000000,150.0
5000000,250.0
6000000,210.9375
7000000,443.35938
8000000,596.28906
9000000,256.4453
10000000,594.9219
