steps,returns
1000000,-18.0625
2000000,-18.0
3000000,-17.859375
4000000,-18.375
5000000,-17.96875
6000000,-17.640625
7000000,-17.765625
8000000,-18.140625
9000000,-17.921875
10000000,-17.84375
