steps,returns
5000,9.578125
10000,11.2421875
15000,23.351562
20000,12.3203125
25000,15.0703125
30000,14.03125
35000,11.2578125
40000,71.671875
45000,63.78125
50000,179.875
