steps,returns
100000.0,23.92502
200000.0,23.90858
300000.0,23.647581
400000.0,23.584377
500000.0,23.691206
600000.0,23.75343
700000.0,23.636522
800000.0,23.501312
900000.0,23.838474
1000000.0,23.27013
