steps,returns
1000000,289.53125
2000000,252.73438
3000000,473.28125
4000000,2420.5469
5000000,2817.3438
6000000,3941.7188
7000000,4843.047
8000000,4849.7656
9000000,4710.078
10000000,4879.6875
