steps,returns
100000.0,730.8449
200000.0,1041.6489
300000.0,896.574
400000.0,283.44037
500000.0,-504.20367
600000.0,-638.84973
700000.0,-578.6688
800000.0,-432.6197
900000.0,-312.4548
1000000.0,-260.13077
