steps,returns
10000,-183.24219
20000,-209.66406
30000,-242.875
40000,-248.32812
50000,-314.96094
60000,-272.1875
70000,-327.92188
80000,-353.5078
90000,-496.78906
100000,-500.0
