steps,returns
1000000,350.0
2000000,301.7578
3000000,539.2578
4000000,398.04688
5000000,489.2578
6000000,679.4922
7000000,441.01562
8000000,456.0547
9000000,714.64844
10000000,479.10156
