steps,returns
100000.0,577.6311
200000.0,525.6825
300000.0,580.75977
400000.0,864.7018
500000.0,770.75586
600000.0,923.2549
700000.0,711.55396
800000.0,1074.8215
900000.0,980.40826
1000000.0,564.17065
