steps,returns
1000000,200.0
2000000,234.375
3000000,37.890625
4000000,68.359375
5000000,269.92188
6000000,252.92969
7000000,150.0
8000000,209.57031
9000000,125.0
10000000,250.0
