steps,returns
5000,9.40625
10000,9.3671875
15000,9.296875
20000,13.5859375
25000,30.6875
30000,32.039062
35000,20.296875
40000,35.234375
45000,137.1875
50000,82.484375
