steps,returns
1000000,-17.84375
2000000,-18.0
3000000,-17.84375
4000000,-17.875
5000000,-17.703125
6000000,-18.046875
7000000,-18.125
8000000,-17.984375
9000000,-18.359375
10000000,-17.90625
