steps,returns
10000,171.11719
20000,158.73438
30000,481.01562
40000,500.0
50000,500.0
60000,500.0
70000,462.9453
80000,500.0
90000,434.0547
100000,500.0
