steps,returns
1000000,-18.203125
2000000,-18.28125
3000000,-18.09375
4000000,-17.71875
5000000,-18.15625
6000000,-18.375
7000000,-18.171875
8000000,-17.96875
9000000,-18.265625
10000000,-18.6875
