steps,returns
100000.0,1066.7511
200000.0,744.8946
300000.0,457.82233
400000.0,351.21606
500000.0,288.48825
600000.0,248.23784
700000.0,209.53549
800000.0,186.63303
900000.0,177.86
1000000.0,193.15973
