steps,returns
5000,52.46875
10000,56.054688
15000,58.320312
20000,64.328125
25000,66.05469
30000,65.40625
35000,67.578125
40000,64.75781
45000,67.15625
50000,66.64844
