steps,returns
12000,-200.0
24000,-200.0
36000,-200.0
48000,-195.38281
60000,-194.61719
72000,-136.32031
84000,-200.0
96000,-145.35938
108000,-200.0
120000,-135.23438
