steps,returns
10000,295.6875
20000,263.03906
30000,72.11719
40000,57.328125
50000,393.625
60000,240.25781
70000,38.914062
80000,500.0
90000,166.60938
100000,168.36719
