steps,returns
1000000,933.8281
2000000,1093.2812
3000000,1194.375
4000000,596.40625
5000000,1097.5
6000000,742.2656
7000000,782.4219
8000000,687.03125
9000000,711.7969
10000000,617.96875
