steps,returns
1000000,-17.890625
2000000,-17.609375
3000000,-17.890625
4000000,-17.46875
5000000,-17.8125
6000000,-17.8125
7000000,-18.109375
8000000,-18.171875
9000000,-18.109375
10000000,-17.71875
