steps,returns
100000.0,496.9738
200000.0,491.73547
300000.0,483.228
400000.0,487.41217
500000.0,485.18616
600000.0,490.877
700000.0,512.48865
800000.0,675.37305
900000.0,709.787
1000000.0,1134.9292
