steps,returns
5000,9.046875
10000,8.9609375
15000,9.03125
20000,9.03125
25000,9.296875
30000,9.3359375
35000,9.375
40000,9.2265625
45000,9.2578125
50000,9.28125
