steps,returns
100000.0,1025.3265
200000.0,1019.05615
300000.0,1018.0375
400000.0,1014.6015
500000.0,1006.9066
600000.0,998.6523
700000.0,974.00653
800000.0,946.1456
900000.0,909.6568
1000000.0,856.3025
