steps,returns
1000000,-17.6875
2000000,-17.84375
3000000,-17.65625
4000000,-17.90625
5000000,-17.953125
6000000,-18.34375
7000000,-17.5625
8000000,-18.671875
9000000,-17.734375
10000000,-18.1875
