steps,returns
100000,-200.0
200000,-200.0
300000,-200.0
400000,-200.0
500000,-200.0
600000,-115.64844
700000,-110.234375
800000,-144.52344
900000,-108.24219
1000000,-131.96875
