steps,returns
100000.0,1171.6321
200000.0,729.893
300000.0,550.5515
400000.0,459.8354
500000.0,382.22992
600000.0,335.64938
700000.0,304.867
800000.0,286.9527
900000.0,267.53125
1000000.0,258.73163
