steps,returns
10000,54.109375
20000,35.75
30000,29.289062
40000,99.63281
50000,122.11719
60000,130.64844
70000,150.71875
80000,172.78125
90000,204.375
100000,307.70312
