steps,returns
10000,155.19531
20000,405.66406
30000,384.33594
40000,9.453125
50000,9.3359375
60000,9.3203125
70000,9.2734375
80000,9.421875
90000,9.53125
100000,9.296875
