steps,returns
100000.0,1.6534865
200000.0,-344.1527
300000.0,-420.75256
400000.0,-555.4414
500000.0,-1217.4095
600000.0,-713.2145
700000.0,-725.9897
800000.0,-720.916
900000.0,-744.66956
1000000.0,-582.83435
