steps,returns
10000,317.85156
20000,500.0
30000,500.0
40000,500.0
50000,500.0
60000,491.2578
70000,497.78906
80000,500.0
90000,500.0
100000,490.58594
