steps,returns
10000,295.3047
20000,299.34375
30000,265.03125
40000,287.60938
50000,460.0
60000,470.22656
70000,270.5078
80000,489.8828
90000,500.0
100000,474.6172
