steps,returns
10000,-500.0
20000,-500.0
30000,-108.21094
40000,-302.89844
50000,-500.0
60000,-500.0
70000,-500.0
80000,-500.0
90000,-500.0
100000,-500.0
