steps,returns
5000,52.742188
10000,140.20312
15000,370.9922
20000,306.6797
25000,173.50781
30000,205.07031
35000,117.5
40000,136.47656
45000,189.60938
50000,113.35156
