steps,returns
5000,45.554688
10000,309.0
15000,23.59375
20000,443.14844
25000,153.20312
30000,157.42969
35000,133.33594
40000,500.0
45000,113.78906
50000,218.75
