steps,returns
100000.0,490.28772
200000.0,759.4447
300000.0,507.29874
400000.0,451.96536
500000.0,452.5551
600000.0,460.55362
700000.0,464.12134
800000.0,504.31012
900000.0,677.9958
1000000.0,520.0946
