steps,returns
1000000,108.28125
2000000,30.9375
3000000,95.9375
4000000,42.03125
5000000,25.3125
6000000,16.875
7000000,511.79688
8000000,76.09375
9000000,177.03125
10000000,126.40625
