steps,returns
1000000,250.0
2000000,203.90625
3000000,312.89062
4000000,247.65625
5000000,250.0
6000000,247.26562
7000000,318.9453
8000000,689.0625
9000000,599.21875
10000000,477.14844
