steps,returns
100000.0,1019.26984
200000.0,1030.3627
300000.0,1030.8007
400000.0,1024.2122
500000.0,1018.9956
600000.0,1011.6742
700000.0,1000.67114
800000.0,982.79175
900000.0,955.97864
1000000.0,924.7593
