steps,returns
10000,-256.78906
20000,-271.20312
30000,-261.78125
40000,-276.4922
50000,-243.20312
60000,-283.85938
70000,-248.27344
80000,-278.96875
90000,-277.40625
100000,-277.9922
