steps,returns
1000000,125.0
2000000,150.0
3000000,125.0
4000000,250.0
5000000,150.0
6000000,150.0
7000000,452.34375
8000000,591.60156
9000000,550.0
10000000,436.91406
