steps,returns
1000000,-17.140625
2000000,-17.71875
3000000,-18.125
4000000,-17.6875
5000000,-16.96875
6000000,-18.265625
7000000,-18.125
8000000,-17.140625
9000000,-17.703125
10000000,-17.8125
