steps,returns
1000000,29.375
2000000,20.3125
3000000,27.5
4000000,215.0
5000000,143.75
6000000,185.15625
7000000,26.71875
8000000,595.5469
9000000,867.03125
10000000,250.70312
