steps,returns
100000.0,19.114979
200000.0,-365.7832
300000.0,-175.33736
400000.0,-1756.416
500000.0,-2772.2642
600000.0,-5091.404
700000.0,-10039.924
800000.0,-17155.133
900000.0,-26525.375
1000000.0,-32583.71
