steps,returns
100000.0,43.077503
200000.0,32.457916
300000.0,27.705933
400000.0,25.975586
500000.0,33.2449
600000.0,33.67736
700000.0,35.195442
800000.0,32.736916
900000.0,37.721394
1000000.0,33.049927
