steps,returns
10000,-487.03906
20000,-500.0
30000,-500.0
40000,-500.0
50000,-500.0
60000,-500.0
70000,-389.08594
80000,-500.0
90000,-94.21094
100000,-500.0
