steps,returns
100000.0,992.62585
200000.0,997.0048
300000.0,982.85144
400000.0,939.8087
500000.0,849.4463
600000.0,673.76904
700000.0,456.11548
800000.0,121.611465
900000.0,89.7274
1000000.0,33.56131
