steps,returns
1000000,-17.4375
2000000,-18.0625
3000000,-18.46875
4000000,-17.625
5000000,-17.484375
6000000,-18.1875
7000000,-17.8125
8000000,-18.265625
9000000,-17.84375
10000000,-18.265625
