steps,returns
100000.0,988.85754
200000.0,1009.80237
300000.0,1043.6665
400000.0,1027.2137
500000.0,1066.6853
600000.0,1059.9731
700000.0,1041.0789
800000.0,1022.5781
900000.0,1019.88354
1000000.0,1014.3439
