steps,returns
10000,269.9375
20000,354.78906
30000,298.3203
40000,165.57031
50000,212.92969
60000,231.20312
70000,235.95312
80000,238.28906
90000,449.40625
100000,483.17188
