steps,returns
100000.0,-89.325775
200000.0,-418.56744
300000.0,-122.71593
400000.0,-463.8617
500000.0,-696.9215
600000.0,-1476.7302
700000.0,-2137.711
800000.0,-3067.8872
900000.0,-4472.452
1000000.0,-6304.9277
