steps,returns
100000.0,0.54640937
200000.0,1.816066
300000.0,4.018834
400000.0,47.926456
500000.0,678.55334
600000.0,896.9946
700000.0,79.93861
800000.0,18.084888
900000.0,33.34503
1000000.0,29.49522
