steps,returns
100000.0,-0.7982888
200000.0,0.120330006
300000.0,309.84155
400000.0,20.726582
500000.0,-84.7207
600000.0,-416.35895
700000.0,-192.85965
800000.0,-225.4418
900000.0,-605.0439
1000000.0,-721.95557
