steps,returns
1000000,17.8125
2000000,27.5
3000000,50.3125
4000000,27.65625
5000000,16.5625
6000000,30.78125
7000000,17.5
8000000,48.28125
9000000,17.5
10000000,17.5
