steps,returns
10000,492.3672
20000,152.03906
30000,500.0
40000,500.0
50000,446.60156
60000,500.0
70000,406.03906
80000,367.20312
90000,500.0
100000,500.0
