steps,returns
100000.0,478.4508
200000.0,406.85806
300000.0,337.1638
400000.0,7.8699813
500000.0,-877.3269
600000.0,-2987.5874
700000.0,-3852.3154
800000.0,-8132.1265
900000.0,-9455.281
1000000.0,-10987.74
