steps,returns
5000,9.0546875
10000,9.015625
15000,9.28125
20000,9.28125
25000,9.3046875
30000,9.296875
35000,9.46875
40000,9.390625
45000,9.40625
50000,9.328125
