steps,returns
1000000,-17.5
2000000,-17.9375
3000000,-18.140625
4000000,-17.765625
5000000,-18.078125
6000000,-18.0625
7000000,-18.125
8000000,-17.765625
9000000,-18.203125
10000000,-18.203125
