steps,returns
10000,-500.0
20000,-493.53125
30000,-500.0
40000,-496.89062
50000,-500.0
60000,-107.1875
70000,-500.0
80000,-350.46094
90000,-222.53906
100000,-500.0
