steps,returns
100000.0,592.87305
200000.0,614.3544
300000.0,647.6177
400000.0,637.77
500000.0,660.2823
600000.0,798.05884
700000.0,1207.8999
800000.0,1372.54
900000.0,1337.2961
1000000.0,1459.2456
