steps,returns
10000,103.60156
20000,90.33594
30000,143.96875
40000,193.05469
50000,413.2422
60000,445.82812
70000,428.9375
80000,445.40625
90000,454.89844
100000,444.6172
