steps,returns
1000000,-17.96875
2000000,-17.984375
3000000,-17.578125
4000000,-17.90625
5000000,-18.0
6000000,-18.3125
7000000,-18.1875
8000000,-18.484375
9000000,-18.28125
10000000,-18.25
