steps,returns
100000.0,930.25854
200000.0,1242.4863
300000.0,1070.94
400000.0,965.94415
500000.0,924.2959
600000.0,857.4507
700000.0,823.4044
800000.0,778.9032
900000.0,858.6333
1000000.0,1067.1833
