steps,returns
100000.0,703.3285
200000.0,774.31104
300000.0,778.9109
400000.0,778.29376
500000.0,776.9738
600000.0,779.5067
700000.0,784.58636
800000.0,783.8721
900000.0,778.038
1000000.0,779.4046
