steps,returns
1000000,125.0
2000000,250.0
3000000,346.28906
4000000,342.77344
5000000,675.0
6000000,421.48438
7000000,477.34375
8000000,545.1172
9000000,551.9531
10000000,647.0703
