steps,returns
10000,-203.03906
20000,-318.4297
30000,-427.76562
40000,-500.0
50000,-500.0
60000,-500.0
70000,-500.0
80000,-500.0
90000,-500.0
100000,-500.0
