steps,returns
100000.0,1013.20935
200000.0,1015.38586
300000.0,1011.43823
400000.0,1015.2604
500000.0,1016.1819
600000.0,1010.83936
700000.0,1013.316
800000.0,1003.8721
900000.0,993.3679
1000000.0,969.26514
