steps,returns
100000.0,623.22156
200000.0,678.83484
300000.0,890.2901
400000.0,1077.0264
500000.0,697.39935
600000.0,663.4447
700000.0,770.0488
800000.0,1145.159
900000.0,597.20795
1000000.0,-66.79691
