steps,returns
1000000,-17.96875
2000000,-17.921875
3000000,-17.484375
4000000,-17.65625
5000000,-18.4375
6000000,-18.296875
7000000,-18.015625
8000000,-17.109375
9000000,-17.84375
10000000,-18.15625
