steps,returns
1000000,-17.828125
2000000,-17.859375
3000000,-17.703125
4000000,-17.9375
5000000,-17.921875
6000000,-18.484375
7000000,-17.984375
8000000,-17.875
9000000,-17.96875
10000000,-18.4375
