steps,returns
100000.0,599.2081
200000.0,768.5359
300000.0,878.4241
400000.0,559.2999
500000.0,264.86945
600000.0,-45.43921
700000.0,-100.98099
800000.0,-172.4957
900000.0,-241.84213
1000000.0,-320.38834
