steps,returns
100000.0,965.4785
200000.0,939.47705
300000.0,939.77716
400000.0,948.6705
500000.0,918.54865
600000.0,795.397
700000.0,461.75946
800000.0,1124.2231
900000.0,1250.7903
1000000.0,1439.784
