steps,returns
100000.0,965.6804
200000.0,580.6973
300000.0,-19.27551
400000.0,-300.34262
500000.0,-1248.4294
600000.0,-1841.02
700000.0,-2287.352
800000.0,-4200.245
900000.0,-5748.9424
1000000.0,-6885.0693
