steps,returns
100000.0,1107.9341
200000.0,804.2009
300000.0,1277.1555
400000.0,627.6955
500000.0,1211.1646
600000.0,373.0228
700000.0,1076.2711
800000.0,788.52563
900000.0,1119.3044
1000000.0,380.61707
