steps,returns
100000.0,46.628822
200000.0,-133.73347
300000.0,-127.3386
400000.0,168.11662
500000.0,74.09961
600000.0,43.641827
700000.0,-59.879364
800000.0,271.87604
900000.0,-259.80078
1000000.0,-548.8312
