steps,returns
10000,72.66406
20000,88.140625
30000,107.234375
40000,122.42969
50000,118.92969
60000,131.17969
70000,139.35938
80000,136.69531
90000,154.02344
100000,168.5625
