steps,returns
100000.0,331.17627
200000.0,890.96436
300000.0,571.50134
400000.0,581.0614
500000.0,487.42346
600000.0,367.41608
700000.0,320.1227
800000.0,289.3345
900000.0,273.17468
1000000.0,260.18704
