steps,returns
10000,89.578125
20000,103.44531
30000,113.546875
40000,119.49219
50000,140.83594
60000,181.60156
70000,404.90625
80000,451.82812
90000,427.58594
100000,428.5078
