steps,returns
1000000,-17.765625
2000000,-17.859375
3000000,-17.859375
4000000,-17.734375
5000000,-17.9375
6000000,-17.953125
7000000,-18.53125
8000000,-18.09375
9000000,-17.921875
10000000,-17.6875
