steps,returns
1000000,-18.171875
2000000,-17.34375
3000000,-17.6875
4000000,-17.375
5000000,-17.765625
6000000,-17.640625
7000000,-17.6875
8000000,-18.5
9000000,-17.734375
10000000,-17.09375
