steps,returns
1000000,125.0
2000000,150.0
3000000,211.91406
4000000,379.10156
5000000,354.29688
6000000,539.84375
7000000,750.58594
8000000,536.71875
9000000,643.16406
10000000,840.2344
