steps,returns
1000000,-17.71875
2000000,-18.0
3000000,-17.75
4000000,-18.046875
5000000,-17.734375
6000000,-17.8125
7000000,-17.828125
8000000,-17.171875
9000000,-18.515625
10000000,-17.9375
