steps,returns
5000,36.648438
10000,9.3828125
15000,15.546875
20000,58.742188
25000,136.32031
30000,91.828125
35000,24.53125
40000,148.57031
45000,12.3046875
50000,101.17969
