steps,returns
1000000,266.40625
2000000,222.65625
3000000,250.0
4000000,406.64062
5000000,514.84375
6000000,472.26562
7000000,621.875
8000000,662.1094
9000000,747.46094
10000000,779.10156
