steps,returns
5000,82.203125
10000,80.578125
15000,95.609375
20000,86.34375
25000,85.71875
30000,84.203125
35000,76.65625
40000,84.75781
45000,87.10156
50000,84.75
