steps,returns
5000,28.085938
10000,32.203125
15000,36.976562
20000,42.882812
25000,49.929688
30000,50.015625
35000,51.257812
40000,53.90625
45000,55.328125
50000,57.125
