steps,returns
1000000,-17.828125
2000000,-17.90625
3000000,-18.3125
4000000,-17.953125
5000000,-18.125
6000000,-17.90625
7000000,-17.609375
8000000,-17.15625
9000000,-18.171875
10000000,-18.171875
