steps,returns
1000000,173.4375
2000000,250.0
3000000,125.0
4000000,193.75
5000000,250.0
6000000,234.57031
7000000,359.1797
8000000,408.0078
9000000,424.60938
10000000,437.6953
