steps,returns
100000.0,66.08229
200000.0,67.05385
300000.0,66.660614
400000.0,66.41833
500000.0,66.140625
600000.0,66.6957
700000.0,67.29292
800000.0,66.13314
900000.0,67.26079
1000000.0,65.48938
