steps,returns
100000.0,-897.0443
200000.0,-833.208
300000.0,-845.88043
400000.0,-798.4961
500000.0,-790.6883
600000.0,-757.809
700000.0,-790.6964
800000.0,-797.5746
900000.0,-794.5316
1000000.0,-770.62756
