steps,returns
1000000,-17.953125
2000000,-17.734375
3000000,-17.78125
4000000,-17.953125
5000000,-17.6875
6000000,-17.984375
7000000,-18.078125
8000000,-17.140625
9000000,-17.59375
10000000,-17.71875
