steps,returns
1000000,250.0
2000000,280.07812
3000000,326.5625
4000000,356.25
5000000,701.5625
6000000,505.27344
7000000,503.3203
8000000,958.9844
9000000,601.5625
10000000,441.40625
