steps,returns
5000,9.2890625
10000,10.8046875
15000,24.554688
20000,22.914062
25000,138.8125
30000,187.42188
35000,167.20312
40000,133.67188
45000,334.10156
50000,146.21094
