steps,returns
100000.0,-622.06744
200000.0,-638.60803
300000.0,-635.25995
400000.0,-622.6134
500000.0,-643.3854
600000.0,-630.9702
700000.0,-631.7634
800000.0,-632.20593
900000.0,-643.6634
1000000.0,-640.4871
