steps,returns
1000000,27.96875
2000000,71.875
3000000,115.78125
4000000,30.15625
5000000,33.90625
6000000,82.5
7000000,122.96875
8000000,36.5625
9000000,17.1875
10000000,164.6875
