steps,returns
5000,9.3828125
10000,9.390625
15000,11.1015625
20000,17.132812
25000,45.476562
30000,60.960938
35000,73.83594
40000,136.47656
45000,147.77344
50000,131.0625
