steps,returns
10000,-423.01562
20000,-497.64062
30000,-487.96875
40000,-500.0
50000,-500.0
60000,-500.0
70000,-500.0
80000,-374.2578
90000,-466.48438
100000,-500.0
