steps,returns
5000,56.382812
10000,9.296875
15000,106.72656
20000,121.734375
25000,20.84375
30000,127.02344
35000,162.78906
40000,142.11719
45000,141.92188
50000,126.265625
