steps,returns
100000.0,609.904
200000.0,643.56396
300000.0,593.67523
400000.0,851.7379
500000.0,721.5209
600000.0,592.31964
700000.0,155.89359
800000.0,-215.0902
900000.0,-1230.3291
1000000.0,-8184.8975
