steps,returns
100000.0,-227.53883
200000.0,-603.4263
300000.0,-631.0454
400000.0,-628.1828
500000.0,-629.4652
600000.0,-628.1876
700000.0,-628.90326
800000.0,-627.72125
900000.0,-628.077
1000000.0,-628.425
