steps,returns
100000.0,918.63293
200000.0,925.20557
300000.0,931.4766
400000.0,948.1784
500000.0,996.35254
600000.0,979.6809
700000.0,864.6962
800000.0,919.98914
900000.0,1049.9663
1000000.0,1027.5225
