steps,returns
100000.0,-413.61752
200000.0,398.3132
300000.0,440.55093
400000.0,500.12262
500000.0,537.0062
600000.0,516.3069
700000.0,402.10745
800000.0,468.8178
900000.0,592.43164
1000000.0,485.76776
