steps,returns
1000000,-17.515625
2000000,-17.296875
3000000,-17.40625
4000000,-17.75
5000000,-17.609375
6000000,-17.921875
7000000,-17.75
8000000,-17.59375
9000000,-17.234375
10000000,-18.03125
