steps,returns
100000.0,656.05743
200000.0,507.78378
300000.0,504.74063
400000.0,-6.956852
500000.0,-1620.9381
600000.0,-1974.9153
700000.0,-2111.0974
800000.0,-2021.1417
900000.0,-1992.0775
1000000.0,-2006.9441
