steps,returns
1000000,125.0
2000000,325.0
3000000,150.0
4000000,258.20312
5000000,325.0
6000000,268.16406
7000000,325.0
8000000,375.0
9000000,301.7578
10000000,243.94531
