steps,returns
1000000,-18.21875
2000000,-17.5625
3000000,-18.109375
4000000,-17.921875
5000000,-17.953125
6000000,-16.96875
7000000,-17.984375
8000000,-17.796875
9000000,-18.3125
10000000,-18.125
