steps,returns
100000.0,461.27274
200000.0,514.83594
300000.0,475.05743
400000.0,420.72302
500000.0,592.96875
600000.0,524.093
700000.0,630.13965
800000.0,995.4701
900000.0,762.6557
1000000.0,1189.9822
