steps,returns
100000,-200.0
200000,-200.0
300000,-200.0
400000,-200.0
500000,-200.0
600000,-133.83594
700000,-124.671875
800000,-143.84375
900000,-130.35156
1000000,-142.04688
