steps,returns
10000,290.14844
20000,427.54688
30000,367.20312
40000,371.6172
50000,464.8203
60000,442.52344
70000,498.25
80000,499.07812
90000,434.45312
100000,500.0
