steps,returns
1000000,1175.9375
2000000,478.28125
3000000,1120.0781
4000000,398.59375
5000000,385.15625
6000000,482.42188
7000000,92.8125
8000000,41.09375
9000000,430.9375
10000000,445.54688
