steps,returns
1000000,250.0
2000000,325.0
3000000,238.08594
4000000,289.0625
5000000,310.9375
6000000,252.92969
7000000,316.9922
8000000,290.23438
9000000,274.02344
10000000,418.35938
