steps,returns
1000000,-18.640625
2000000,-18.125
3000000,-17.921875
4000000,-18.546875
5000000,-18.015625
6000000,-18.03125
7000000,-18.21875
8000000,-17.65625
9000000,-18.3125
10000000,-17.75
