steps,returns
1000000,-17.71875
2000000,-18.046875
3000000,-17.546875
4000000,-17.9375
5000000,-18.359375
6000000,-17.96875
7000000,-17.90625
8000000,-17.71875
9000000,-17.65625
10000000,-18.84375
