steps,returns
10000,93.11719
20000,106.25
30000,100.36719
40000,97.15625
50000,110.38281
60000,106.578125
70000,102.875
80000,106.46094
90000,98.3125
100000,110.15625
