steps,returns
5000,9.515625
10000,9.59375
15000,9.6171875
20000,9.59375
25000,9.5234375
30000,9.5390625
35000,9.5234375
40000,9.5703125
45000,9.4765625
50000,9.5390625
