steps,returns
10000,90.765625
20000,36.945312
30000,67.28125
40000,142.28125
50000,192.69531
60000,366.48438
70000,9.2890625
80000,318.64062
90000,155.22656
100000,226.9375
