steps,returns
1000000,17.65625
2000000,16.875
3000000,598.125
4000000,178.90625
5000000,69.21875
6000000,463.4375
7000000,25.3125
8000000,566.71875
9000000,1119.4531
10000000,61.875
