steps,returns
100000.0,36.51665
200000.0,-276.78503
300000.0,-1681.6733
400000.0,-4659.2974
500000.0,-19049.969
600000.0,-45195.32
700000.0,-174045.33
800000.0,-394267.94
900000.0,-717819.0
1000000.0,-1390057.8
