steps,returns
100000.0,440.2329
200000.0,521.63245
300000.0,844.04504
400000.0,859.14124
500000.0,868.62885
600000.0,836.41626
700000.0,788.4579
800000.0,770.2456
900000.0,803.7919
1000000.0,975.72266
