steps,returns
1000000,182.96875
2000000,192.03125
3000000,67.8125
4000000,447.5
5000000,57.96875
6000000,84.84375
7000000,64.375
8000000,61.09375
9000000,126.25
10000000,74.375
