steps,returns
100000.0,-228.19778
200000.0,-732.22424
300000.0,-400.03247
400000.0,-540.2499
500000.0,-1523.3462
600000.0,-2557.224
700000.0,-3615.208
800000.0,-4821.619
900000.0,-7003.1753
1000000.0,-8699.488
