steps,returns
1000000,-17.4375
2000000,-17.75
3000000,-18.28125
4000000,-17.671875
5000000,-18.1875
6000000,-18.109375
7000000,-18.09375
8000000,-17.828125
9000000,-17.859375
10000000,-17.890625
