steps,returns
1000000,-16.6875
2000000,-14.859375
3000000,-15.546875
4000000,-1.734375
5000000,-17.609375
6000000,-3.875
7000000,-16.25
8000000,-2.609375
9000000,-18.265625
10000000,-2.15625
