steps,returns
1000000,-17.984375
2000000,-17.71875
3000000,-17.015625
4000000,-15.328125
5000000,-16.0625
6000000,-15.03125
7000000,-15.640625
8000000,-14.890625
9000000,-15.0625
10000000,-15.25
