steps,returns
10000,126.953125
20000,169.71094
30000,312.0547
40000,362.10938
50000,414.02344
60000,372.9297
70000,435.57812
80000,411.95312
90000,430.14844
100000,407.78906
