steps,returns
12000,-200.0
24000,-200.0
36000,-200.0
48000,-200.0
60000,-200.0
72000,-156.59375
84000,-123.66406
96000,-200.0
108000,-194.17969
120000,-190.65625
