steps,returns
1000000,17.03125
2000000,112.65625
3000000,100.625
4000000,415.23438
5000000,16.25
6000000,597.65625
7000000,306.01562
8000000,1700.5469
9000000,1234.375
10000000,26.40625
