steps,returns
100000.0,785.58777
200000.0,456.901
300000.0,516.3498
400000.0,658.65393
500000.0,822.59314
600000.0,938.8782
700000.0,893.39624
800000.0,863.9183
900000.0,869.4528
1000000.0,872.46686
