steps,returns
100000.0,1026.533
200000.0,1030.4248
300000.0,1021.552
400000.0,1017.66833
500000.0,1012.9258
600000.0,1012.4445
700000.0,1007.3431
800000.0,997.57654
900000.0,994.1903
1000000.0,984.7922
