steps,returns
5000,33.953125
10000,40.101562
15000,42.757812
20000,47.429688
25000,49.210938
30000,50.375
35000,54.71875
40000,54.8125
45000,61.492188
50000,62.585938
