steps,returns
5000,9.2734375
10000,9.4296875
15000,9.2265625
20000,9.40625
25000,9.375
30000,9.328125
35000,12.0078125
40000,13.71875
45000,16.898438
50000,23.5625
