steps,returns
10000,92.10156
20000,90.78906
30000,95.08594
40000,101.265625
50000,119.50781
60000,126.96875
70000,146.96875
80000,116.6875
90000,113.67969
100000,117.578125
