steps,returns
100000.0,-10.2019005
200000.0,-140.46716
300000.0,-368.11713
400000.0,-1224.5232
500000.0,-1600.3042
600000.0,-1561.6019
700000.0,-839.1324
800000.0,-970.1089
900000.0,-1062.9513
1000000.0,-1173.8899
