steps,returns
100000.0,941.06274
200000.0,530.7156
300000.0,-472.18063
400000.0,-2657.6033
500000.0,-9517.896
600000.0,-22943.688
700000.0,-57551.53
800000.0,-119692.7
900000.0,-224715.84
1000000.0,-356500.5
