steps,returns
1000000,229.6875
2000000,261.32812
3000000,406.64062
4000000,513.47656
5000000,572.46094
6000000,764.0625
7000000,580.66406
8000000,786.1328
9000000,649.6094
10000000,710.9375
