steps,returns
1000000,-18.46875
2000000,-18.171875
3000000,-17.671875
4000000,-17.96875
5000000,-18.5
6000000,-17.78125
7000000,-17.765625
8000000,-17.640625
9000000,-18.15625
10000000,-18.0
