steps,returns
1000000,369.33594
2000000,462.5
3000000,686.91406
4000000,1579.6875
5000000,4398.047
6000000,4340.4297
7000000,4312.3047
8000000,7960.742
9000000,10987.5
10000000,7858.203
