steps,returns
1000000,-17.796875
2000000,-18.109375
3000000,-17.71875
4000000,-17.859375
5000000,-17.78125
6000000,-17.953125
7000000,-17.859375
8000000,-17.8125
9000000,-18.0
10000000,-18.09375
