steps,returns
100000.0,-678.2481
200000.0,-700.1325
300000.0,-705.5899
400000.0,-708.65405
500000.0,-716.782
600000.0,-699.46857
700000.0,-715.4246
800000.0,-712.774
900000.0,-710.80963
1000000.0,-707.77057
