steps,returns
100000.0,729.17163
200000.0,733.70654
300000.0,707.5282
400000.0,706.2284
500000.0,718.76105
600000.0,774.3932
700000.0,1400.2942
800000.0,1401.1604
900000.0,1262.6316
1000000.0,1352.3212
