steps,returns
1000000,800.78125
2000000,527.53906
3000000,772.0703
4000000,765.2344
5000000,678.125
6000000,684.96094
7000000,677.7344
8000000,743.3594
9000000,780.66406
10000000,796.875
