steps,returns
100000.0,763.74316
200000.0,946.6007
300000.0,744.54224
400000.0,730.54297
500000.0,871.06177
600000.0,913.2441
700000.0,1009.94434
800000.0,1376.1715
900000.0,771.36707
1000000.0,1021.46216
