steps,returns
10000,224.5
20000,282.10156
30000,305.28125
40000,340.39844
50000,385.85156
60000,382.57812
70000,358.66406
80000,362.51562
90000,429.67188
100000,497.26562
