steps,returns
10000,193.0
20000,170.66406
30000,248.28125
40000,417.1328
50000,450.16406
60000,339.64062
70000,445.0
80000,211.42188
90000,404.40625
100000,458.0703
