steps,returns
10000,123.63281
20000,193.04688
30000,215.85156
40000,490.0625
50000,365.8672
60000,462.6875
70000,314.23438
80000,367.5625
90000,215.71094
100000,497.91406
