steps,returns
10000,-302.8672
20000,-302.90625
30000,-309.33594
40000,-342.7578
50000,-316.9297
60000,-321.6953
70000,-389.27344
80000,-376.70312
90000,-415.21875
100000,-437.4922
