steps,returns
5000,9.359375
10000,9.9140625
15000,25.9375
20000,9.421875
25000,13.3671875
30000,14.8671875
35000,52.140625
40000,76.35156
45000,50.429688
50000,90.890625
