steps,returns
10000,283.39062
20000,69.97656
30000,280.6875
40000,195.5625
50000,14.8125
60000,24.710938
70000,73.90625
80000,51.296875
90000,189.78125
100000,500.0
