steps,returns
5000,46.804688
10000,54.15625
15000,57.445312
20000,65.78125
25000,70.015625
30000,71.91406
35000,67.75
40000,69.80469
45000,74.47656
50000,74.453125
