steps,returns
10000,244.96094
20000,500.0
30000,178.34375
40000,500.0
50000,500.0
60000,500.0
70000,500.0
80000,500.0
90000,500.0
100000,188.47656
