steps,returns
5000,29.34375
10000,37.039062
15000,44.179688
20000,46.507812
25000,48.007812
30000,49.320312
35000,53.890625
40000,53.34375
45000,54.125
50000,55.3125
