steps,returns
100000.0,879.5691
200000.0,846.244
300000.0,813.6776
400000.0,825.8927
500000.0,952.8833
600000.0,944.7423
700000.0,940.21545
800000.0,861.52466
900000.0,885.4292
1000000.0,827.2732
