steps,returns
1000000,-17.671875
2000000,-17.703125
3000000,-18.421875
4000000,-17.78125
5000000,-17.609375
6000000,-18.203125
7000000,-18.3125
8000000,-17.59375
9000000,-17.953125
10000000,-17.984375
