steps,returns
1000000,387.03125
2000000,48.28125
3000000,1515.8594
4000000,1682.1875
5000000,4105.2344
6000000,2071.7188
7000000,4457.2656
8000000,5097.6562
9000000,5568.9844
10000000,5024.0625
