steps,returns
10000,458.78125
20000,454.20312
30000,175.375
40000,308.4375
50000,206.46875
60000,102.5625
70000,160.52344
80000,500.0
90000,144.1875
100000,162.35938
