steps,returns
1000000,-17.765625
2000000,-17.953125
3000000,-17.859375
4000000,-17.90625
5000000,-17.78125
6000000,-17.609375
7000000,-18.1875
8000000,-17.8125
9000000,-18.140625
10000000,-18.15625
