steps,returns
100000.0,88.31689
200000.0,87.007286
300000.0,92.64774
400000.0,84.2811
500000.0,90.94545
600000.0,89.59798
700000.0,86.19148
800000.0,91.34125
900000.0,89.78528
1000000.0,90.86397
