steps,returns
10000,133.08594
20000,144.14844
30000,172.14844
40000,185.86719
50000,202.60938
60000,272.35156
70000,314.1797
80000,493.1797
90000,485.90625
100000,465.10156
