steps,returns
5000,83.61719
10000,74.859375
15000,39.796875
20000,12.375
25000,24.929688
30000,9.375
35000,11.0859375
40000,20.3125
45000,20.367188
50000,43.882812
