steps,returns
5000,11.8359375
10000,15.96875
15000,89.78125
20000,139.39844
25000,93.41406
30000,146.17188
35000,147.45312
40000,145.83594
45000,103.515625
50000,96.66406
