steps,returns
100000.0,-729.37964
200000.0,-718.4696
300000.0,-707.93225
400000.0,-720.3839
500000.0,-721.3941
600000.0,-721.32654
700000.0,-730.0878
800000.0,-722.59106
900000.0,-724.077
1000000.0,-728.1378
