steps,returns
100000.0,-642.943
200000.0,-620.6987
300000.0,-626.67285
400000.0,-636.9335
500000.0,-682.70715
600000.0,-666.98303
700000.0,-649.3793
800000.0,-673.5883
900000.0,-654.6986
1000000.0,-675.886
