steps,returns
100000.0,14.17737
200000.0,14.331709
300000.0,14.165033
400000.0,14.304617
500000.0,14.334282
600000.0,14.310195
700000.0,14.338047
800000.0,14.282074
900000.0,14.296395
1000000.0,14.341329
