steps,returns
1000000,76.71875
2000000,165.3125
3000000,92.5
4000000,158.4375
5000000,149.375
6000000,17.96875
7000000,17.1875
8000000,45.3125
9000000,54.375
10000000,52.5
