steps,returns
100000.0,-5.4127035
200000.0,43.5574
300000.0,-16.735424
400000.0,67.761345
500000.0,-31.355633
600000.0,-80.28995
700000.0,-127.256165
800000.0,-99.99893
900000.0,-230.44545
1000000.0,-213.3331
