steps,returns
5000,8.8515625
10000,8.9140625
15000,8.765625
20000,8.7890625
25000,8.8828125
30000,8.8046875
35000,8.8046875
40000,8.8046875
45000,8.8671875
50000,8.828125
