steps,returns
100000.0,742.32385
200000.0,672.1011
300000.0,663.83203
400000.0,683.0602
500000.0,2441.96
600000.0,1744.9116
700000.0,1546.9543
800000.0,1462.949
900000.0,1804.0068
1000000.0,2837.695
