steps,returns
5000,107.140625
10000,100.75
15000,500.0
20000,339.03125
25000,194.13281
30000,129.14062
35000,100.9375
40000,488.89844
45000,120.50781
50000,102.02344
