steps,returns
1000000,462.10938
2000000,645.5469
3000000,2046.7188
4000000,127.265625
5000000,3510.0
6000000,4716.4844
7000000,3631.9531
8000000,4445.3125
9000000,4901.0938
10000000,4893.4375
