steps,returns
1000000,328.59375
2000000,437.03125
3000000,715.0
4000000,700.2344
5000000,2870.9375
6000000,1455.2344
7000000,3366.4062
8000000,2829.1406
9000000,3831.7969
10000000,3167.2656
