steps,returns
5000,84.203125
10000,86.78125
15000,84.109375
20000,83.83594
25000,80.21875
30000,70.13281
35000,57.320312
40000,49.820312
45000,50.1875
50000,48.1875
