steps,returns
5000,49.070312
10000,52.492188
15000,54.523438
20000,46.0
25000,44.296875
30000,39.640625
35000,24.765625
40000,20.210938
45000,13.2421875
50000,11.7734375
