steps,returns
1000000,393.16406
2000000,658.2031
3000000,687.8906
4000000,613.47656
5000000,614.0625
6000000,695.3125
7000000,657.8125
8000000,642.96875
9000000,350.0
10000000,528.125
