steps,returns
1000000,-18.015625
2000000,-17.234375
3000000,-17.765625
4000000,-17.765625
5000000,-18.34375
6000000,-18.078125
7000000,-18.609375
8000000,-17.734375
9000000,-17.28125
10000000,-17.765625
