steps,returns
1000000,-18.078125
2000000,-17.984375
3000000,-18.09375
4000000,-17.96875
5000000,-17.90625
6000000,-17.765625
7000000,-17.859375
8000000,-17.296875
9000000,-17.875
10000000,-17.875
