steps,returns
1000000,-18.3125
2000000,-17.515625
3000000,-17.203125
4000000,-18.359375
5000000,-18.59375
6000000,-18.65625
7000000,-18.25
8000000,-17.9375
9000000,-18.0625
10000000,-17.75
