steps,returns
100000.0,-147.0555
200000.0,-95.12077
300000.0,-59.306747
400000.0,-48.47191
500000.0,-48.46472
600000.0,-48.125004
700000.0,-40.833527
800000.0,-46.02131
900000.0,-46.58229
1000000.0,-48.496445
