steps,returns
10000,-319.47656
20000,-124.86719
30000,-500.0
40000,-500.0
50000,-500.0
60000,-500.0
70000,-500.0
80000,-159.28906
90000,-500.0
100000,-500.0
