steps,returns
100000.0,191.95242
200000.0,223.12
300000.0,-369.71777
400000.0,-862.75806
500000.0,-1761.3197
600000.0,-4285.7275
700000.0,-10900.279
800000.0,-12822.645
900000.0,-25671.146
1000000.0,-50218.84
