steps,returns
1000000,-18.234375
2000000,-17.890625
3000000,-18.0625
4000000,-17.65625
5000000,-17.828125
6000000,-17.796875
7000000,-18.0625
8000000,-17.671875
9000000,-17.8125
10000000,-18.171875
