steps,returns
100000.0,-33.555622
200000.0,-196.72847
300000.0,-725.2671
400000.0,-6066.2686
500000.0,-19250.098
600000.0,-56124.977
700000.0,-147219.31
800000.0,-299880.5
900000.0,-909720.75
1000000.0,-1956904.1
