steps,returns
100000.0,989.05585
200000.0,615.549
300000.0,-427.30783
400000.0,-3452.3848
500000.0,-11374.105
600000.0,-25225.8
700000.0,-65379.023
800000.0,-122314.05
900000.0,-214302.58
1000000.0,-295358.84
