steps,returns
100000.0,173.46466
200000.0,177.18973
300000.0,112.598526
400000.0,121.15395
500000.0,114.02821
600000.0,101.333244
700000.0,86.94919
800000.0,77.46355
900000.0,70.865036
1000000.0,65.424644
