steps,returns
1000000,-17.828125
2000000,-17.484375
3000000,-18.15625
4000000,-17.765625
5000000,-18.390625
6000000,-18.3125
7000000,-18.234375
8000000,-17.734375
9000000,-17.75
10000000,-18.046875
