steps,returns
100000.0,997.4686
200000.0,1021.61694
300000.0,1008.3297
400000.0,997.27484
500000.0,955.8923
600000.0,898.49036
700000.0,857.10645
800000.0,791.86194
900000.0,719.7454
1000000.0,698.0436
