steps,returns
5000,16.40625
10000,37.921875
15000,14.9453125
20000,99.02344
25000,116.89844
30000,118.57031
35000,148.0625
40000,156.27344
45000,182.22656
50000,466.10938
