steps,returns
10000,130.10156
20000,165.75781
30000,90.58594
40000,78.90625
50000,81.5625
60000,86.22656
70000,102.78906
80000,128.15625
90000,136.17969
100000,146.89844
