steps,returns
100000.0,737.1381
200000.0,932.3964
300000.0,840.30304
400000.0,847.77246
500000.0,807.04346
600000.0,1364.6382
700000.0,1488.776
800000.0,1524.959
900000.0,1345.2731
1000000.0,1085.7751
