steps,returns
1000000,-17.953125
2000000,-17.515625
3000000,-17.890625
4000000,-17.875
5000000,-17.78125
6000000,-18.1875
7000000,-18.0625
8000000,-17.46875
9000000,-18.15625
10000000,-17.953125
