steps,returns
5000,8.890625
10000,8.921875
15000,9.0859375
20000,9.1328125
25000,9.296875
30000,9.3125
35000,9.4375
40000,9.453125
45000,9.34375
50000,9.40625
