steps,returns
10000,94.609375
20000,135.65625
30000,203.29688
40000,410.1172
50000,453.1953
60000,442.6328
70000,452.60156
80000,444.125
90000,439.40625
100000,449.08594
