steps,returns
100000.0,694.49
200000.0,611.42554
300000.0,647.86584
400000.0,707.46814
500000.0,784.74426
600000.0,890.7529
700000.0,939.68134
800000.0,918.97455
900000.0,908.3462
1000000.0,903.7428
