steps,returns
5000,81.453125
10000,87.67969
15000,99.74219
20000,113.140625
25000,125.13281
30000,134.50781
35000,142.65625
40000,150.59375
45000,169.24219
50000,178.125
