steps,returns
5000,9.609375
10000,9.3984375
15000,19.96875
20000,18.460938
25000,46.609375
30000,24.335938
35000,94.765625
40000,61.921875
45000,61.804688
50000,115.67969
