steps,returns
100000.0,-188.15674
200000.0,621.6231
300000.0,551.4525
400000.0,611.8638
500000.0,622.4937
600000.0,596.3745
700000.0,668.4895
800000.0,618.7379
900000.0,587.5323
1000000.0,652.28156
