steps,returns
100000.0,640.0873
200000.0,777.1916
300000.0,741.95483
400000.0,761.41223
500000.0,838.468
600000.0,829.71204
700000.0,769.3922
800000.0,763.7663
900000.0,744.8133
1000000.0,726.16394
