steps,returns
100000.0,-259.30063
200000.0,-352.41443
300000.0,-332.4079
400000.0,-328.54272
500000.0,
600000.0,
700000.0,
800000.0,
900000.0,
1000000.0,
