steps,returns
100000.0,450.3604
200000.0,511.71512
300000.0,1085.4086
400000.0,665.8334
500000.0,396.2478
600000.0,312.0064
700000.0,262.7625
800000.0,225.87979
900000.0,209.74239
1000000.0,195.29007
