steps,returns
5000,22.648438
10000,49.46875
15000,129.41406
20000,159.14844
25000,222.96875
30000,125.94531
35000,113.78906
40000,99.875
45000,163.73438
50000,194.53125
