steps,returns
10000,-370.5078
20000,-500.0
30000,-500.0
40000,-500.0
50000,-500.0
60000,-131.07812
70000,-500.0
80000,-236.53906
90000,-500.0
100000,-260.1797
