steps,returns
100000.0,889.3954
200000.0,341.35245
300000.0,301.68396
400000.0,414.7927
500000.0,989.2626
600000.0,966.2883
700000.0,971.3165
800000.0,1025.0989
900000.0,968.6282
1000000.0,1009.0006
