steps,returns
10000,-449.01562
20000,-288.21875
30000,-423.7578
40000,-500.0
50000,-500.0
60000,-500.0
70000,-500.0
80000,-500.0
90000,-500.0
100000,-500.0
