steps,returns
10000,203.53125
20000,194.96875
30000,500.0
40000,263.76562
50000,357.6797
60000,500.0
70000,500.0
80000,500.0
90000,499.79688
100000,441.3125
