steps,returns
100000.0,787.60364
200000.0,761.0336
300000.0,717.3402
400000.0,662.0176
500000.0,653.7406
600000.0,639.8867
700000.0,627.12354
800000.0,626.32574
900000.0,632.7449
1000000.0,651.7948
