steps,returns
100000.0,847.0861
200000.0,666.24365
300000.0,746.3678
400000.0,1069.3032
500000.0,1115.9979
600000.0,1007.3534
700000.0,715.95825
800000.0,451.26437
900000.0,252.04416
1000000.0,275.67047
