steps,returns
10000,78.25
20000,76.78906
30000,78.13281
40000,82.921875
50000,116.36719
60000,125.13281
70000,129.89062
80000,152.03125
90000,143.5625
100000,176.07031
