steps,returns
5000,85.578125
10000,86.85156
15000,85.66406
20000,78.83594
25000,77.6875
30000,86.125
35000,80.42969
40000,89.13281
45000,93.453125
50000,82.9375
