steps,returns
100000.0,0.28855547
200000.0,30.996494
300000.0,-201.99374
400000.0,-392.75537
500000.0,-362.95038
600000.0,-155.66226
700000.0,359.07715
800000.0,232.0639
900000.0,337.48273
1000000.0,311.08948
