steps,returns
1000000,-17.890625
2000000,-17.421875
3000000,-17.71875
4000000,-17.46875
5000000,-18.015625
6000000,-18.0625
7000000,-17.5625
8000000,-17.828125
9000000,-17.859375
10000000,-17.859375
