steps,returns
5000,10.1328125
10000,48.960938
15000,118.078125
20000,219.91406
25000,115.171875
30000,121.71875
35000,115.40625
40000,102.94531
45000,112.71875
50000,133.84375
