steps,returns
1000000,-17.96875
2000000,-18.203125
3000000,-18.15625
4000000,-18.265625
5000000,-18.109375
6000000,-17.859375
7000000,-18.21875
8000000,-17.953125
9000000,-18.1875
10000000,-18.265625
