steps,returns
10000,179.23438
20000,228.26562
30000,429.23438
40000,183.30469
50000,500.0
60000,500.0
70000,500.0
80000,106.55469
90000,500.0
100000,118.11719
