steps,returns
1000000,-18.6875
2000000,-18.125
3000000,-18.484375
4000000,-18.34375
5000000,-17.53125
6000000,-17.46875
7000000,-17.9375
8000000,-17.90625
9000000,-17.953125
10000000,-18.390625
