steps,returns
1000000,150.0
2000000,125.0
3000000,325.0
4000000,265.8203
5000000,290.625
6000000,287.3047
7000000,248.4375
8000000,171.48438
9000000,457.42188
10000000,717.77344
