steps,returns
12000,-200.0
24000,-200.0
36000,-200.0
48000,-200.0
60000,-200.0
72000,-200.0
84000,-200.0
96000,-161.51562
108000,-123.46875
120000,-179.92188
