steps,returns
10000,-179.82812
20000,-500.0
30000,-500.0
40000,-500.0
50000,-500.0
60000,-491.48438
70000,-500.0
80000,-500.0
90000,-500.0
100000,-500.0
