steps,returns
10000,180.63281
20000,249.33594
30000,232.96094
40000,213.73438
50000,172.94531
60000,345.41406
70000,399.09375
80000,485.0
90000,483.46875
100000,466.53906
