steps,returns
1000000,395.5078
2000000,372.46094
3000000,321.09375
4000000,327.53906
5000000,201.5625
6000000,125.0
7000000,339.0625
8000000,184.96094
9000000,250.0
10000000,156.44531
