steps,returns
100000,-200.0
200000,-200.0
300000,-200.0
400000,-200.0
500000,-200.0
600000,-200.0
700000,-200.0
800000,-179.57812
900000,-188.60938
1000000,-146.45312
