steps,returns
5000,16.40625
10000,46.0625
15000,225.07812
20000,363.75
25000,161.78906
30000,222.78906
35000,162.61719
40000,134.375
45000,500.0
50000,185.6875
