steps,returns
1000000,-16.25
2000000,-16.984375
3000000,-4.1875
4000000,-3.921875
5000000,-18.421875
6000000,-13.3125
7000000,-4.03125
8000000,-11.46875
9000000,-2.796875
10000000,-16.046875
