steps,returns
5000,9.0
10000,26.101562
15000,44.859375
20000,93.67969
25000,65.09375
30000,66.546875
35000,172.41406
40000,130.78906
45000,151.19531
50000,268.8672
