steps,returns
10000,76.42969
20000,77.640625
30000,77.97656
40000,83.296875
50000,89.13281
60000,94.140625
70000,94.265625
80000,98.21875
90000,110.9375
100000,115.19531
