steps,returns
100000.0,1020.48114
200000.0,1021.8314
300000.0,1027.373
400000.0,1023.53973
500000.0,1026.4601
600000.0,1024.3583
700000.0,1022.9341
800000.0,1019.2549
900000.0,1015.0403
1000000.0,1012.17395
