steps,returns
1000000,17.1875
2000000,17.5
3000000,23.59375
4000000,18.125
5000000,294.6875
6000000,18.125
7000000,82.96875
8000000,982.4219
9000000,18.125
10000000,888.5156
