steps,returns
5000,9.0234375
10000,9.21875
15000,9.3125
20000,9.2890625
25000,9.359375
30000,9.4453125
35000,9.1875
40000,9.3203125
45000,9.328125
50000,9.3203125
