steps,returns
100000.0,21.206888
200000.0,-140.44191
300000.0,193.90831
400000.0,108.950325
500000.0,-95.73547
600000.0,-169.70682
700000.0,-361.91187
800000.0,-435.87787
900000.0,-315.7456
1000000.0,-540.6184
