steps,returns
5000,9.2109375
10000,9.3046875
15000,9.3984375
20000,9.3359375
25000,9.203125
30000,9.3515625
35000,9.421875
40000,9.4140625
45000,9.3984375
50000,9.328125
