steps,returns
1000000,150.0
2000000,125.0
3000000,243.75
4000000,255.66406
5000000,243.55469
6000000,239.0625
7000000,282.8125
8000000,262.5
9000000,330.27344
10000000,337.6953
