steps,returns
100000.0,-76.68512
200000.0,-332.9261
300000.0,-475.54248
400000.0,-1420.1384
500000.0,-2555.8545
600000.0,-4241.204
700000.0,-7478.867
800000.0,-10856.477
900000.0,-16340.066
1000000.0,-26206.012
