steps,returns
100000.0,63.52664
200000.0,85.891624
300000.0,102.195526
400000.0,82.59824
500000.0,77.169914
600000.0,74.89006
700000.0,73.57071
800000.0,76.33423
900000.0,75.78781
1000000.0,79.08857
