steps,returns
10000,66.0
20000,60.398438
30000,52.335938
40000,53.703125
50000,50.460938
60000,46.820312
70000,46.101562
80000,41.65625
90000,36.140625
100000,32.5
