steps,returns
100000.0,647.4181
200000.0,643.28284
300000.0,596.1504
400000.0,595.0259
500000.0,652.85864
600000.0,753.1056
700000.0,974.9759
800000.0,1427.0972
900000.0,1416.9641
1000000.0,1355.2789
