steps,returns
100000.0,459.63187
200000.0,460.0147
300000.0,460.28827
400000.0,493.62146
500000.0,477.53107
600000.0,517.401
700000.0,652.5272
800000.0,766.15564
900000.0,857.85144
1000000.0,896.0604
