steps,returns
100000.0,748.7199
200000.0,585.72546
300000.0,482.0276
400000.0,491.6452
500000.0,541.42145
600000.0,950.76587
700000.0,1087.6155
800000.0,1145.177
900000.0,1192.4922
1000000.0,1052.8436
