steps,returns
5000,9.0625
10000,9.09375
15000,8.9921875
20000,9.09375
25000,9.0859375
30000,8.984375
35000,8.9375
40000,9.0625
45000,9.09375
50000,9.1171875
