steps,returns
5000,21.148438
10000,57.046875
15000,212.17188
20000,500.0
25000,111.33594
30000,92.33594
35000,500.0
40000,46.929688
45000,176.14844
50000,492.07812
