steps,returns
10000,84.046875
20000,103.49219
30000,172.98438
40000,294.58594
50000,484.48438
60000,423.75
70000,477.4375
80000,451.0
90000,483.77344
100000,477.75
