steps,returns
100000.0,703.4504
200000.0,460.9622
300000.0,137.01944
400000.0,-200.72662
500000.0,-1090.574
600000.0,-2800.3955
700000.0,-5623.2144
800000.0,-11094.438
900000.0,-15098.354
1000000.0,-20679.615
