steps,returns
10000,386.6797
20000,379.625
30000,428.70312
40000,434.90625
50000,421.23438
60000,429.4922
70000,458.53125
80000,500.0
90000,500.0
100000,499.78906
