steps,returns
5000,18.617188
10000,13.9375
15000,123.09375
20000,12.3359375
25000,147.8125
30000,500.0
35000,500.0
40000,130.38281
45000,149.75781
50000,305.41406
