steps,returns
1000000,185.9375
2000000,232.22656
3000000,125.0
4000000,286.32812
5000000,441.01562
6000000,236.13281
7000000,927.7344
8000000,520.5078
9000000,678.71094
10000000,625.0
