steps,returns
1000000,-18.125
2000000,-17.953125
3000000,-18.15625
4000000,-17.859375
5000000,-17.859375
6000000,-18.140625
7000000,-17.84375
8000000,-17.53125
9000000,-18.21875
10000000,-17.921875
