steps,returns
1000000,-18.375
2000000,-16.9375
3000000,-18.28125
4000000,-17.265625
5000000,-17.5
6000000,-18.03125
7000000,-17.6875
8000000,-17.296875
9000000,-17.4375
10000000,-17.328125
