steps,returns
100000.0,630.2663
200000.0,551.1769
300000.0,552.5233
400000.0,543.11835
500000.0,541.04834
600000.0,537.2048
700000.0,554.9629
800000.0,695.93195
900000.0,657.5038
1000000.0,700.5287
