steps,returns
5000,499.92188
10000,500.0
15000,500.0
20000,392.17188
25000,145.19531
30000,108.296875
35000,40.953125
40000,24.53125
45000,15.9609375
50000,12.2890625
