steps,returns
100000.0,440.89874
200000.0,1028.4558
300000.0,1132.9918
400000.0,1467.4878
500000.0,807.9424
600000.0,1368.4573
700000.0,1478.3584
800000.0,1521.426
900000.0,1306.2502
1000000.0,742.04736
