steps,returns
100000.0,-0.30565965
200000.0,-7.107574
300000.0,127.64551
400000.0,-95.43031
500000.0,-359.6237
600000.0,-533.187
700000.0,-583.6344
800000.0,-596.69385
900000.0,-781.83936
1000000.0,-811.2085
