steps,returns
1000000,-17.46875
2000000,-17.8125
3000000,-16.78125
4000000,-17.234375
5000000,-16.8125
6000000,-17.5625
7000000,-16.9375
8000000,-16.796875
9000000,-17.15625
10000000,-16.65625
