steps,returns
100000.0,94.48323
200000.0,91.64356
300000.0,92.51201
400000.0,91.55571
500000.0,91.6927
600000.0,92.979866
700000.0,92.59631
800000.0,91.754456
900000.0,90.21235
1000000.0,89.78052
