steps,returns
100000.0,440.7926
200000.0,323.8121
300000.0,685.10876
400000.0,912.10767
500000.0,891.468
600000.0,874.64923
700000.0,866.2949
800000.0,831.4241
900000.0,817.86334
1000000.0,781.4357
