steps,returns
1000000,333.20312
2000000,290.4297
3000000,306.25
4000000,125.0
5000000,250.0
6000000,105.46875
7000000,325.0
8000000,125.0
9000000,125.0
10000000,0.0
