steps,returns
5000,12.765625
10000,41.5
15000,81.08594
20000,115.078125
25000,84.49219
30000,113.17969
35000,142.60938
40000,136.875
45000,141.41406
50000,114.78125
