steps,returns
5000,376.22656
10000,116.30469
15000,17.523438
20000,11.078125
25000,52.5
30000,9.328125
35000,24.351562
40000,25.3125
45000,122.67969
50000,345.70312
