steps,returns
10000,91.984375
20000,93.75781
30000,162.78906
40000,283.46875
50000,406.29688
60000,420.26562
70000,386.77344
80000,359.02344
90000,412.42188
100000,412.90625
