steps,returns
5000,68.08594
10000,68.453125
15000,66.96875
20000,70.328125
25000,71.27344
30000,65.88281
35000,70.546875
40000,70.91406
45000,69.86719
50000,72.71094
