steps,returns
1000000,-18.15625
2000000,-18.4375
3000000,-18.328125
4000000,-17.546875
5000000,-17.609375
6000000,-18.171875
7000000,-17.6875
8000000,-18.4375
9000000,-18.0625
10000000,-17.59375
