steps,returns
100000.0,910.4364
200000.0,854.82104
300000.0,681.828
400000.0,704.82916
500000.0,738.05554
600000.0,833.28204
700000.0,961.498
800000.0,934.6531
900000.0,928.6202
1000000.0,918.03265
