steps,returns
5000,16.46875
10000,58.390625
15000,89.25781
20000,63.21875
25000,16.242188
30000,113.125
35000,44.34375
40000,101.375
45000,500.0
50000,197.03125
