steps,returns
5000,9.296875
10000,9.34375
15000,9.2890625
20000,9.328125
25000,9.3359375
30000,9.1875
35000,9.421875
40000,9.3828125
45000,9.46875
50000,9.3515625
