steps,returns
100000.0,856.66626
200000.0,726.5075
300000.0,1118.3684
400000.0,1019.8777
500000.0,768.3833
600000.0,1042.0713
700000.0,951.865
800000.0,983.34735
900000.0,1122.2095
1000000.0,1053.5804
