steps,returns
100000.0,768.23486
200000.0,224.62831
300000.0,-1317.9076
400000.0,-4308.2026
500000.0,-12536.447
600000.0,-12992.09
700000.0,-12755.87
800000.0,-12959.373
900000.0,-13390.701
1000000.0,-13223.09
