steps,returns
100000.0,9.6976385
200000.0,9.765474
300000.0,9.335007
400000.0,9.326469
500000.0,9.392617
600000.0,9.586115
700000.0,9.272385
800000.0,9.207228
900000.0,9.195114
1000000.0,9.134531
