steps,returns
100000.0,958.20264
200000.0,954.3297
300000.0,1025.8099
400000.0,993.46747
500000.0,1103.3419
600000.0,1088.1232
700000.0,1062.9547
800000.0,1268.2212
900000.0,1540.6146
1000000.0,1726.6902
