steps,returns
10000,133.20312
20000,158.17969
30000,151.13281
40000,162.60938
50000,144.50781
60000,148.30469
70000,177.54688
80000,158.42969
90000,173.33594
100000,190.50781
