steps,returns
5000,103.92969
10000,38.65625
15000,68.99219
20000,80.046875
25000,146.63281
30000,86.53125
35000,77.46875
40000,88.078125
45000,109.27344
50000,105.78125
