steps,returns
100000,-200.0
200000,-185.05469
300000,-200.0
400000,-200.0
500000,-135.875
600000,-113.59375
700000,-145.3125
800000,-131.71094
900000,-123.94531
1000000,-113.89844
