steps,returns
1000000,1173.2031
2000000,1214.5312
3000000,1124.4531
4000000,680.0
5000000,694.6094
6000000,169.6875
7000000,457.89062
8000000,261.09375
9000000,327.34375
10000000,655.3906
