steps,returns
1000000,-18.265625
2000000,-18.40625
3000000,-17.734375
4000000,-17.609375
5000000,-17.84375
6000000,-18.28125
7000000,-18.28125
8000000,-18.109375
9000000,-18.703125
10000000,-17.9375
