steps,returns
1000000,150.0
2000000,250.0
3000000,959.7656
4000000,539.0625
5000000,534.375
6000000,605.8594
7000000,545.3125
8000000,797.65625
9000000,772.2656
10000000,802.14844
