steps,returns
1000000,660.35156
2000000,598.6328
3000000,822.0703
4000000,3318.164
5000000,1596.6797
6000000,777.34375
7000000,3124.414
8000000,3236.3281
9000000,4001.7578
10000000,4421.0938
