steps,returns
5000,9.4921875
10000,9.3515625
15000,9.359375
20000,42.117188
25000,34.875
30000,80.52344
35000,16.960938
40000,46.375
45000,56.875
50000,31.914062
