steps,returns
5000,9.3203125
10000,180.73438
15000,334.3828
20000,270.21094
25000,489.52344
30000,129.42188
35000,183.67969
40000,106.07031
45000,127.19531
50000,121.35156
