steps,returns
10000,463.8047
20000,338.01562
30000,415.60938
40000,425.72656
50000,418.5078
60000,347.9297
70000,413.60938
80000,412.25
90000,489.8672
100000,500.0
