steps,returns
10000,361.0
20000,334.33594
30000,329.5547
40000,146.8125
50000,478.17188
60000,228.35938
70000,393.39844
80000,500.0
90000,500.0
100000,500.0
