steps,returns
100000.0,606.5092
200000.0,380.2849
300000.0,273.68204
400000.0,249.19055
500000.0,226.05026
600000.0,215.78404
700000.0,210.41394
800000.0,207.6561
900000.0,206.26736
1000000.0,206.41418
