steps,returns
10000,413.59375
20000,337.9297
30000,498.7422
40000,412.64844
50000,500.0
60000,500.0
70000,500.0
80000,500.0
90000,500.0
100000,150.41406
