steps,returns
10000,-275.3828
20000,-297.6797
30000,-307.10938
40000,-319.0703
50000,-344.02344
60000,-364.79688
70000,-398.01562
80000,-403.14062
90000,-431.60938
100000,-394.83594
