steps,returns
100000.0,634.7291
200000.0,498.33783
300000.0,510.38354
400000.0,562.6274
500000.0,529.27954
600000.0,522.46875
700000.0,580.59326
800000.0,677.41364
900000.0,828.5118
1000000.0,1128.1897
