steps,returns
100000.0,581.8909
200000.0,558.0386
300000.0,564.83215
400000.0,525.29175
500000.0,500.45084
600000.0,779.58405
700000.0,355.0418
800000.0,429.5739
900000.0,-53.29773
1000000.0,-1413.4507
