steps,returns
1000000,243.90625
2000000,189.0625
3000000,26.5625
4000000,347.1875
5000000,339.45312
6000000,58.28125
7000000,549.7656
8000000,961.0156
9000000,661.7969
10000000,839.375
