steps,returns
10000,473.15625
20000,498.5
30000,472.4375
40000,133.41406
50000,151.28906
60000,447.95312
70000,9.7265625
80000,500.0
90000,500.0
100000,500.0
