steps,returns
100000.0,1020.8824
200000.0,1029.3527
300000.0,1032.5771
400000.0,1028.0703
500000.0,1025.3783
600000.0,1017.7134
700000.0,1020.73083
800000.0,1016.85876
900000.0,1011.14465
1000000.0,1009.704
