steps,returns
1000000,459.53125
2000000,40.78125
3000000,396.01562
4000000,1436.7969
5000000,3252.8906
6000000,3528.5938
7000000,5066.6406
8000000,4992.8906
9000000,3911.7188
10000000,4916.0156
