steps,returns
5000,73.0
10000,175.9375
15000,133.1875
20000,153.5625
25000,131.83594
30000,149.85156
35000,119.10156
40000,121.91406
45000,172.46094
50000,184.4375
