steps,returns
100000.0,657.7033
200000.0,494.62433
300000.0,741.1564
400000.0,771.9041
500000.0,721.22925
600000.0,706.44904
700000.0,1299.8098
800000.0,1367.1763
900000.0,1504.5177
1000000.0,1482.7432
