steps,returns
1000000,28.59375
2000000,50.3125
3000000,49.21875
4000000,27.96875
5000000,30.46875
6000000,30.0
7000000,49.0625
8000000,28.59375
9000000,17.5
10000000,18.4375
