steps,returns
5000,8.8671875
10000,8.984375
15000,8.9375
20000,9.1171875
25000,9.109375
30000,9.1171875
35000,9.328125
40000,9.2421875
45000,9.328125
50000,9.375
