steps,returns
1000000,28.125
2000000,464.92188
3000000,433.90625
4000000,557.7344
5000000,647.1094
6000000,120.15625
7000000,438.4375
8000000,739.6875
9000000,2928.75
10000000,853.59375
