steps,returns
5000,84.046875
10000,84.828125
15000,82.89844
20000,81.96094
25000,81.78125
30000,78.44531
35000,73.15625
40000,74.77344
45000,76.78125
50000,82.71094
