steps,returns
1000000,1175.3125
2000000,250.46875
3000000,811.09375
4000000,4045.3125
5000000,2601.4844
6000000,2067.1094
7000000,2787.6562
8000000,2474.375
9000000,4565.0
10000000,4855.4688
