steps,returns
5000,11.28125
10000,8.8828125
15000,8.8203125
20000,8.7890625
25000,9.046875
30000,8.9453125
35000,9.03125
40000,9.125
45000,8.9765625
50000,9.21875
