steps,returns
1000000,-17.921875
2000000,-17.859375
3000000,-17.875
4000000,-17.453125
5000000,-18.875
6000000,-17.6875
7000000,-17.421875
8000000,-17.28125
9000000,-17.953125
10000000,-17.734375
