steps,returns
100000.0,896.5492
200000.0,712.28156
300000.0,485.22855
400000.0,291.47324
500000.0,717.9154
600000.0,784.0094
700000.0,-171.19379
800000.0,334.00366
900000.0,-237.10178
1000000.0,-1112.3967
