steps,returns
10000,177.14062
20000,179.04688
30000,273.70312
40000,500.0
50000,500.0
60000,192.35938
70000,236.79688
80000,500.0
90000,500.0
100000,500.0
