steps,returns
1000000,-17.8125
2000000,-17.875
3000000,-17.796875
4000000,-18.171875
5000000,-17.140625
6000000,-17.46875
7000000,-17.609375
8000000,-18.109375
9000000,-16.921875
10000000,-17.171875
