steps,returns
1000000,312.5
2000000,352.53906
3000000,522.46094
4000000,581.83594
5000000,473.6328
6000000,458.0078
7000000,459.1797
8000000,406.4453
9000000,392.57812
10000000,533.9844
