steps,returns
10000,394.16406
20000,497.57812
30000,411.48438
40000,27.726562
50000,33.078125
60000,116.796875
70000,41.578125
80000,9.3125
90000,413.8047
100000,11.5078125
