steps,returns
10000,331.51562
20000,500.0
30000,440.14062
40000,497.84375
50000,229.19531
60000,499.60156
70000,353.4922
80000,500.0
90000,500.0
100000,500.0
