steps,returns
1000000,-17.328125
2000000,-18.0625
3000000,-17.875
4000000,-18.046875
5000000,-17.796875
6000000,-17.5
7000000,-18.328125
8000000,-18.3125
9000000,-18.078125
10000000,-18.203125
