steps,returns
100000.0,244.07538
200000.0,111.769035
300000.0,-137.07898
400000.0,-2200.1682
500000.0,-9081.891
600000.0,-13362.116
700000.0,-10658.174
800000.0,-12788.387
900000.0,-13731.47
1000000.0,-18253.918
