steps,returns
1000000,362.34375
2000000,270.15625
3000000,120.625
4000000,95.15625
5000000,46.71875
6000000,17.5
7000000,262.34375
8000000,47.34375
9000000,16.25
10000000,63.4375
