steps,returns
100000.0,997.73865
200000.0,806.24915
300000.0,536.14075
400000.0,272.32416
500000.0,109.44212
600000.0,-113.07473
700000.0,-464.09143
800000.0,-604.95526
900000.0,-507.3975
1000000.0,-340.09747
