steps,returns
1000000,-18.140625
2000000,-18.25
3000000,-18.34375
4000000,-18.484375
5000000,-17.671875
6000000,-18.6875
7000000,-18.0625
8000000,-17.984375
9000000,-17.96875
10000000,-18.125
