steps,returns
100000.0,1016.19617
200000.0,995.6033
300000.0,891.74
400000.0,726.50757
500000.0,620.3186
600000.0,624.3726
700000.0,541.0346
800000.0,498.3611
900000.0,457.7681
1000000.0,385.12946
