steps,returns
5000,73.07031
10000,76.765625
15000,67.65625
20000,78.90625
25000,81.66406
30000,83.32031
35000,81.0
40000,80.82031
45000,81.09375
50000,83.80469
