steps,returns
5000,9.40625
10000,9.421875
15000,9.375
20000,9.3125
25000,9.359375
30000,9.28125
35000,9.4375
40000,22.382812
45000,24.5
50000,40.898438
