steps,returns
1000000,205.27344
2000000,300.0
3000000,240.42969
4000000,345.1172
5000000,588.28125
6000000,719.9219
7000000,398.82812
8000000,567.77344
9000000,671.4844
10000000,287.5
