steps,returns
1000000,-18.109375
2000000,-18.671875
3000000,-18.1875
4000000,-17.578125
5000000,-18.03125
6000000,-18.53125
7000000,-17.984375
8000000,-18.828125
9000000,-18.34375
10000000,-18.453125
