steps,returns
100000.0,779.1968
200000.0,755.6372
300000.0,744.2837
400000.0,684.0178
500000.0,628.2429
600000.0,477.54648
700000.0,480.77545
800000.0,525.74817
900000.0,535.06635
1000000.0,502.76617
