steps,returns
1000000,-17.46875
2000000,-17.359375
3000000,-17.4375
4000000,-16.84375
5000000,-17.515625
6000000,-17.828125
7000000,-17.71875
8000000,-17.125
9000000,-17.046875
10000000,-17.375
