steps,returns
10000,292.66406
20000,216.9375
30000,9.359375
40000,427.82812
50000,76.84375
60000,142.51562
70000,48.03125
80000,16.328125
90000,23.765625
100000,136.46875
