steps,returns
1000000,1198.8281
2000000,419.76562
3000000,432.57812
4000000,390.78125
5000000,706.9531
6000000,1055.7812
7000000,154.6875
8000000,109.0625
9000000,42.1875
10000000,302.34375
