steps,returns
100000.0,70.18687
200000.0,69.2881
300000.0,69.91056
400000.0,70.65664
500000.0,69.9879
600000.0,70.31592
700000.0,71.19154
800000.0,67.92052
900000.0,69.92822
1000000.0,69.12957
