steps,returns
1000000,360.54688
2000000,452.53906
3000000,224.60938
4000000,231.64062
5000000,399.60938
6000000,196.09375
7000000,250.0
8000000,495.3125
9000000,125.0
10000000,495.3125
