steps,returns
1000000,-17.75
2000000,-17.90625
3000000,-18.328125
4000000,-18.171875
5000000,-18.015625
6000000,-17.875
7000000,-18.0625
8000000,-17.734375
9000000,-18.25
10000000,-17.640625
