steps,returns
100000.0,627.7478
200000.0,856.9693
300000.0,758.2553
400000.0,815.72705
500000.0,919.5203
600000.0,1016.2007
700000.0,1022.42737
800000.0,1010.26575
900000.0,976.8972
1000000.0,869.40576
