steps,returns
1000000,-17.59375
2000000,-17.609375
3000000,-17.484375
4000000,-18.0
5000000,-18.234375
6000000,-17.8125
7000000,-17.9375
8000000,-18.03125
9000000,-17.921875
10000000,-18.21875
