steps,returns
100000.0,533.9448
200000.0,270.20615
300000.0,211.62971
400000.0,253.04312
500000.0,727.23
600000.0,699.78687
700000.0,698.5936
800000.0,695.09827
900000.0,694.999
1000000.0,691.63
