steps,returns
100000.0,15.841078
200000.0,15.779997
300000.0,15.899948
400000.0,15.910094
500000.0,15.64002
600000.0,15.530247
700000.0,15.528694
800000.0,15.458675
900000.0,15.477695
1000000.0,15.681891
