steps,returns
1000000,-18.140625
2000000,-17.296875
3000000,-18.203125
4000000,-18.765625
5000000,-17.671875
6000000,-18.640625
7000000,-18.1875
8000000,-18.4375
9000000,-18.109375
10000000,-17.8125
