steps,returns
1000000,150.0
2000000,762.6953
3000000,738.08594
4000000,728.90625
5000000,1623.4375
6000000,1735.1562
7000000,2299.8047
8000000,4332.2266
9000000,4131.836
10000000,4053.3203
