steps,returns
1000000,-18.90625
2000000,-18.53125
3000000,-18.171875
4000000,-17.703125
5000000,-17.828125
6000000,-17.609375
7000000,-18.046875
8000000,-18.109375
9000000,-17.90625
10000000,-18.03125
