steps,returns
1000000,-18.078125
2000000,-17.515625
3000000,-17.8125
4000000,-17.796875
5000000,-18.390625
6000000,-17.609375
7000000,-17.796875
8000000,-17.4375
9000000,-17.671875
10000000,-18.015625
