steps,returns
100000.0,-5.3497224
200000.0,-330.51538
300000.0,-562.7104
400000.0,-3562.2285
500000.0,-10618.189
600000.0,-30742.678
700000.0,-61919.59
800000.0,-124481.41
900000.0,-240472.9
1000000.0,-721016.6
