steps,returns
5000,8.828125
10000,8.8125
15000,8.890625
20000,8.8671875
25000,8.8671875
30000,8.9140625
35000,8.765625
40000,8.8046875
45000,8.765625
50000,8.890625
