steps,returns
10000,-500.0
20000,-500.0
30000,-500.0
40000,-500.0
50000,-498.10156
60000,-500.0
70000,-492.5547
80000,-500.0
90000,-387.77344
100000,-500.0
