steps,returns
5000,9.3671875
10000,9.40625
15000,9.328125
20000,9.3203125
25000,9.25
30000,9.3125
35000,9.515625
40000,9.296875
45000,9.28125
50000,9.421875
