steps,returns
100000.0,947.2921
200000.0,895.6278
300000.0,834.37494
400000.0,760.43567
500000.0,720.4212
600000.0,722.752
700000.0,708.9855
800000.0,730.5241
900000.0,737.2358
1000000.0,728.1443
