steps,returns
10000,-296.28125
20000,-302.46875
30000,-320.26562
40000,-340.17188
50000,-332.3672
60000,-407.73438
70000,-405.6328
80000,-431.01562
90000,-473.2422
100000,-490.26562
