steps,returns
10000,104.21875
20000,88.97656
30000,127.78125
40000,146.08594
50000,208.94531
60000,236.89844
70000,251.61719
80000,302.65625
90000,381.60156
100000,426.83594
