steps,returns
100000.0,983.6448
200000.0,865.47217
300000.0,804.3153
400000.0,730.55396
500000.0,473.4159
600000.0,60.54336
700000.0,-360.77625
800000.0,-1652.469
900000.0,-2506.898
1000000.0,-3989.5142
