{"config": {"hp_config.clip_eps": 0.10443837804741735, "hp_config.ent_coef": 0.08065475894249813, "hp_config.gae_lambda": 0.9305563542605332, "hp_config.learning_rate": 1.846962223200756e-05, "hp_config.max_grad_norm": 0.4663107728563063, "hp_config.minibatch_size": 32, "hp_config.normalize_advantage": true, "hp_config.vf_clip_eps": 0.05518757058215257, "hp_config.vf_coef": 0.6563295894652734}, "score": -1968.055908203125, "budget_used": 13, "total_wallclock_time": -269.45429730415344, "total_optimization_time": 0.023830175399780273}
{"config": {"hp_config.clip_eps": 0.10443837804741735, "hp_config.ent_coef": 0.08065475894249813, "hp_config.gae_lambda": 0.9305563542605332, "hp_config.learning_rate": 1.846962223200756e-05, "hp_config.max_grad_norm": 0.4663107728563063, "hp_config.minibatch_size": 32, "hp_config.normalize_advantage": true, "hp_config.vf_clip_eps": 0.05518757058215257, "hp_config.vf_coef": 0.6563295894652734}, "score": -1968.055908203125, "budget_used": 26, "total_wallclock_time": -403.3241505622864, "total_optimization_time": 0.3164794445037842}
{"config": {"hp_config.clip_eps": 0.34849862086249367, "hp_config.ent_coef": 0.3893476979705517, "hp_config.gae_lambda": 0.9554037716135657, "hp_config.learning_rate": 1.982041856987241e-05, "hp_config.max_grad_norm": 0.37381313793256143, "hp_config.minibatch_size": 64, "hp_config.normalize_advantage": true, "hp_config.vf_clip_eps": 0.18542639960894436, "hp_config.vf_coef": 0.19705428018563964}, "score": -2604.51025390625, "budget_used": 39, "total_wallclock_time": -545.1469893455505, "total_optimization_time": 0.32781457901000977}
{"config": {"hp_config.clip_eps": 0.3450125100956137, "hp_config.ent_coef": 0.34981102712525836, "hp_config.gae_lambda": 0.8655113082712681, "hp_config.learning_rate": 0.006079854886425403, "hp_config.max_grad_norm": 0.6360610554471413, "hp_config.minibatch_size": 32, "hp_config.normalize_advantage": true, "hp_config.vf_clip_eps": 0.39819573725866586, "hp_config.vf_coef": 0.9591666030352225}, "score": NaN, "budget_used": 52, "total_wallclock_time": -696.4234848022461, "total_optimization_time": 0.3328263759613037}
{"config": {"hp_config.clip_eps": 0.3450125100956137, "hp_config.ent_coef": 0.34981102712525836, "hp_config.gae_lambda": 0.8655113082712681, "hp_config.learning_rate": 0.006079854886425403, "hp_config.max_grad_norm": 0.6360610554471413, "hp_config.minibatch_size": 32, "hp_config.normalize_advantage": true, "hp_config.vf_clip_eps": 0.39819573725866586, "hp_config.vf_coef": 0.9591666030352225}, "score": NaN, "budget_used": 65, "total_wallclock_time": -841.0068328380585, "total_optimization_time": 0.3360748291015625}
{"config": {"hp_config.clip_eps": 0.3450125100956137, "hp_config.ent_coef": 0.34981102712525836, "hp_config.gae_lambda": 0.8655113082712681, "hp_config.learning_rate": 0.006079854886425403, "hp_config.max_grad_norm": 0.6360610554471413, "hp_config.minibatch_size": 32, "hp_config.normalize_advantage": true, "hp_config.vf_clip_eps": 0.39819573725866586, "hp_config.vf_coef": 0.9591666030352225}, "score": NaN, "budget_used": 78, "total_wallclock_time": -979.7167837619781, "total_optimization_time": 0.3392751216888428}
{"config": {"hp_config.clip_eps": 0.3450125100956137, "hp_config.ent_coef": 0.34981102712525836, "hp_config.gae_lambda": 0.8655113082712681, "hp_config.learning_rate": 0.006079854886425403, "hp_config.max_grad_norm": 0.6360610554471413, "hp_config.minibatch_size": 32, "hp_config.normalize_advantage": true, "hp_config.vf_clip_eps": 0.39819573725866586, "hp_config.vf_coef": 0.9591666030352225}, "score": NaN, "budget_used": 91, "total_wallclock_time": -1126.033222436905, "total_optimization_time": 0.34459567070007324}
{"config": {"hp_config.clip_eps": 0.3450125100956137, "hp_config.ent_coef": 0.34981102712525836, "hp_config.gae_lambda": 0.8655113082712681, "hp_config.learning_rate": 0.006079854886425403, "hp_config.max_grad_norm": 0.6360610554471413, "hp_config.minibatch_size": 32, "hp_config.normalize_advantage": true, "hp_config.vf_clip_eps": 0.39819573725866586, "hp_config.vf_coef": 0.9591666030352225}, "score": NaN, "budget_used": 104, "total_wallclock_time": -1258.6039698123932, "total_optimization_time": 0.34789586067199707}
{"config": {"hp_config.clip_eps": 0.3450125100956137, "hp_config.ent_coef": 0.34981102712525836, "hp_config.gae_lambda": 0.8655113082712681, "hp_config.learning_rate": 0.006079854886425403, "hp_config.max_grad_norm": 0.6360610554471413, "hp_config.minibatch_size": 32, "hp_config.normalize_advantage": true, "hp_config.vf_clip_eps": 0.39819573725866586, "hp_config.vf_coef": 0.9591666030352225}, "score": NaN, "budget_used": 117, "total_wallclock_time": -1388.457303762436, "total_optimization_time": 0.35120511054992676}
{"config": {"hp_config.clip_eps": 0.3450125100956137, "hp_config.ent_coef": 0.34981102712525836, "hp_config.gae_lambda": 0.8655113082712681, "hp_config.learning_rate": 0.006079854886425403, "hp_config.max_grad_norm": 0.6360610554471413, "hp_config.minibatch_size": 32, "hp_config.normalize_advantage": true, "hp_config.vf_clip_eps": 0.39819573725866586, "hp_config.vf_coef": 0.9591666030352225}, "score": NaN, "budget_used": 130, "total_wallclock_time": -1533.2422540187836, "total_optimization_time": 0.35517024993896484}
{"config": {"hp_config.clip_eps": 0.3450125100956137, "hp_config.ent_coef": 0.34981102712525836, "hp_config.gae_lambda": 0.8655113082712681, "hp_config.learning_rate": 0.006079854886425403, "hp_config.max_grad_norm": 0.6360610554471413, "hp_config.minibatch_size": 32, "hp_config.normalize_advantage": true, "hp_config.vf_clip_eps": 0.39819573725866586, "hp_config.vf_coef": 0.9591666030352225}, "score": NaN, "budget_used": 143, "total_wallclock_time": -1670.0657985210419, "total_optimization_time": 0.35845327377319336}
