steps,returns
100000.0,702.0132
200000.0,985.80505
300000.0,992.6845
400000.0,945.36865
500000.0,908.52734
600000.0,871.8626
700000.0,1149.7571
800000.0,1221.3806
900000.0,1206.339
1000000.0,1190.1699
