steps,returns
1000000,-17.859375
2000000,-17.875
3000000,-17.8125
4000000,-17.8125
5000000,-17.34375
6000000,-17.421875
7000000,-17.78125
8000000,-18.0625
9000000,-18.0
10000000,-17.875
