steps,returns
100000.0,0.18454796
200000.0,45.107815
300000.0,26.575027
400000.0,121.37023
500000.0,27.098948
600000.0,47.225677
700000.0,54.137566
800000.0,42.16209
900000.0,-40.71712
1000000.0,37.6155
