steps,returns
100000.0,876.06683
200000.0,287.14728
300000.0,786.6331
400000.0,151.10236
500000.0,666.7518
600000.0,1102.9368
700000.0,1030.0073
800000.0,551.79724
900000.0,989.7025
1000000.0,965.2173
