steps,returns
1000000,150.0
2000000,256.64062
3000000,182.22656
4000000,125.0
5000000,466.9922
6000000,357.03125
7000000,313.67188
8000000,242.77344
9000000,335.15625
10000000,671.875
