steps,returns
10000,369.20312
20000,388.83594
30000,478.0547
40000,248.14844
50000,466.4922
60000,500.0
70000,487.625
80000,483.33594
90000,251.53906
100000,372.09375
