steps,returns
100000.0,-3.729846
200000.0,13.062335
300000.0,6.5374026
400000.0,89.98106
500000.0,237.3871
600000.0,133.7093
700000.0,-173.58382
800000.0,-381.85648
900000.0,-499.7216
1000000.0,-820.27185
