steps,returns
100000.0,301.82928
200000.0,229.35294
300000.0,807.7265
400000.0,795.12646
500000.0,743.5654
600000.0,735.75024
700000.0,870.9215
800000.0,1041.3989
900000.0,1020.3601
1000000.0,854.355
