steps,returns
100000.0,682.3683
200000.0,645.0889
300000.0,586.28796
400000.0,487.19388
500000.0,466.57312
600000.0,439.21997
700000.0,469.76343
800000.0,489.073
900000.0,377.69116
1000000.0,405.55496
