steps,returns
10000,75.64844
20000,86.9375
30000,123.30469
40000,282.4297
50000,333.3125
60000,467.16406
70000,458.53906
80000,466.89844
90000,477.90625
100000,463.09375
