steps,returns
100000.0,718.3552
200000.0,709.92426
300000.0,686.1112
400000.0,682.1273
500000.0,693.83887
600000.0,1311.9841
700000.0,1912.9426
800000.0,2472.7058
900000.0,2018.9121
1000000.0,1438.9619
