steps,returns
10000,500.0
20000,500.0
30000,104.50781
40000,145.75781
50000,500.0
60000,177.0
70000,472.21094
80000,125.33594
90000,500.0
100000,413.58594
