steps,returns
10000,-167.41406
20000,-500.0
30000,-500.0
40000,-500.0
50000,-500.0
60000,-500.0
70000,-500.0
80000,-500.0
90000,-454.21094
100000,-496.45312
