steps,returns
1000000,-18.421875
2000000,-17.5
3000000,-18.015625
4000000,-17.78125
5000000,-18.25
6000000,-18.1875
7000000,-17.875
8000000,-18.484375
9000000,-17.765625
10000000,-17.421875
