steps,returns
1000000,-18.03125
2000000,-17.8125
3000000,-17.984375
4000000,-17.890625
5000000,-18.03125
6000000,-18.0
7000000,-18.0
8000000,-17.765625
9000000,-17.9375
10000000,-18.234375
