steps,returns
10000,365.3125
20000,369.22656
30000,381.2422
40000,488.08594
50000,378.22656
60000,249.54688
70000,497.28906
80000,495.21875
90000,464.0
100000,259.67188
