steps,returns
10000,-95.140625
20000,-380.25
30000,-98.58594
40000,-163.91406
50000,-448.8047
60000,-497.02344
70000,-500.0
80000,-500.0
90000,-500.0
100000,-184.28906
