steps,returns
100000.0,-24.3801
200000.0,-499.83084
300000.0,-733.81665
400000.0,-1326.5232
500000.0,-4000.235
600000.0,-4813.541
700000.0,-5553.5195
800000.0,-12519.754
900000.0,-17997.61
1000000.0,-29349.473
