steps,returns
5000,9.15625
10000,9.28125
15000,9.375
20000,9.3984375
25000,9.40625
30000,9.34375
35000,9.4375
40000,9.3515625
45000,9.453125
50000,9.28125
