steps,returns
1000000,36.5625
2000000,23.90625
3000000,165.625
4000000,17.5
5000000,188.125
6000000,35.625
7000000,121.875
8000000,156.5625
9000000,423.59375
10000000,499.92188
