steps,returns
10000,74.09375
20000,94.84375
30000,106.28906
40000,106.74219
50000,113.328125
60000,118.00781
70000,113.97656
80000,117.58594
90000,124.515625
100000,121.578125
