steps,returns
1000000,29.0625
2000000,16.875
3000000,49.375
4000000,17.8125
5000000,27.8125
6000000,16.71875
7000000,30.15625
8000000,17.03125
9000000,17.03125
10000000,29.53125
