steps,returns
1000000,410.54688
2000000,1191.0156
3000000,2187.1875
4000000,0.0
5000000,0.0
6000000,0.0
7000000,717.96875
8000000,1524.1406
9000000,0.0
10000000,2770.0
