steps,returns
10000,-500.0
20000,-500.0
30000,-500.0
40000,-499.77344
50000,-500.0
60000,-499.23438
70000,-473.6953
80000,-500.0
90000,-500.0
100000,-500.0
