steps,returns
100000.0,580.2146
200000.0,624.86475
300000.0,1088.1328
400000.0,718.8164
500000.0,1029.9434
600000.0,842.9853
700000.0,792.52246
800000.0,1122.2954
900000.0,1208.3792
1000000.0,1020.0801
