steps,returns
100000.0,1.1355972
200000.0,28.386587
300000.0,174.3116
400000.0,-416.4566
500000.0,-441.13916
600000.0,-250.85551
700000.0,122.31401
800000.0,352.5246
900000.0,217.89294
1000000.0,154.01195
