steps,returns
1000000,84.84375
2000000,331.5625
3000000,401.09375
4000000,290.15625
5000000,175.0
6000000,155.0
7000000,109.375
8000000,640.9375
9000000,403.35938
10000000,145.78125
