steps,returns
10000,186.98438
20000,496.8828
30000,500.0
40000,402.57812
50000,242.875
60000,500.0
70000,193.5
80000,429.6328
90000,343.33594
100000,493.10938
