steps,returns
5000,52.09375
10000,36.875
15000,16.046875
20000,19.921875
25000,40.5625
30000,44.3125
35000,47.8125
40000,81.94531
45000,85.39844
50000,87.80469
