steps,returns
1000000,479.6875
2000000,731.0547
3000000,531.83594
4000000,814.64844
5000000,1085.9375
6000000,805.66406
7000000,1205.8594
8000000,2521.6797
9000000,825.0
10000000,3416.6016
