steps,returns
100000.0,-8.522327
200000.0,-203.84865
300000.0,-495.76144
400000.0,-589.9756
500000.0,-2183.128
600000.0,-2874.6284
700000.0,-3429.7166
800000.0,-3710.0044
900000.0,-4621.343
1000000.0,-5100.8022
