steps,returns
100000.0,769.83813
200000.0,540.6096
300000.0,754.26324
400000.0,580.5122
500000.0,342.88126
600000.0,187.42886
700000.0,109.71651
800000.0,-91.01801
900000.0,-243.72714
1000000.0,-632.838
