steps,returns
1000000,166.5625
2000000,142.34375
3000000,346.71875
4000000,247.96875
5000000,673.6719
6000000,230.15625
7000000,571.40625
8000000,1297.2656
9000000,1098.3594
10000000,457.5
