steps,returns
1000000,-17.9375
2000000,-18.515625
3000000,-18.625
4000000,-17.453125
5000000,-18.359375
6000000,-18.1875
7000000,-18.015625
8000000,-17.796875
9000000,-17.90625
10000000,-18.28125
