steps,returns
10000,46.304688
20000,23.296875
30000,105.03125
40000,114.3125
50000,170.8125
60000,159.74219
70000,167.36719
80000,217.32812
90000,256.26562
100000,253.02344
