steps,returns
10000,133.23438
20000,123.21875
30000,111.140625
40000,109.796875
50000,114.140625
60000,112.140625
70000,120.57031
80000,120.30469
90000,120.046875
100000,118.28125
