steps,returns
1000000,-17.6875
2000000,-17.53125
3000000,-18.28125
4000000,-18.09375
5000000,-18.25
6000000,-18.046875
7000000,-17.46875
8000000,-17.609375
9000000,-17.546875
10000000,-17.953125
