steps,returns
100000.0,774.00287
200000.0,595.9521
300000.0,552.45435
400000.0,519.8091
500000.0,546.72644
600000.0,599.5582
700000.0,657.7112
800000.0,668.00854
900000.0,669.7202
1000000.0,713.58575
