steps,returns
100000.0,712.85803
200000.0,835.62256
300000.0,771.4831
400000.0,738.75305
500000.0,934.0058
600000.0,1096.9393
700000.0,1167.3289
800000.0,1128.5369
900000.0,1166.7583
1000000.0,1184.9067
