steps,returns
5000,52.140625
10000,56.992188
15000,61.703125
20000,62.96875
25000,67.49219
30000,58.273438
35000,62.25
40000,59.5
45000,61.484375
50000,59.53125
