steps,returns
1000000,-17.921875
2000000,-18.125
3000000,-17.890625
4000000,-18.703125
5000000,-18.375
6000000,-17.890625
7000000,-18.140625
8000000,-17.625
9000000,-18.109375
10000000,-18.21875
