steps,returns
5000,90.375
10000,80.07031
15000,82.140625
20000,86.1875
25000,84.578125
30000,81.33594
35000,82.30469
40000,87.67969
45000,76.953125
50000,86.953125
