steps,returns
10000,64.125
20000,57.921875
30000,66.24219
40000,71.83594
50000,109.69531
60000,136.375
70000,195.38281
80000,234.57812
90000,243.65625
100000,297.92188
