steps,returns
5000,9.546875
10000,10.4765625
15000,168.53125
20000,153.04688
25000,112.640625
30000,89.88281
35000,99.71094
40000,127.19531
45000,86.71875
50000,186.57812
