steps,returns
1000000,-17.6875
2000000,-18.03125
3000000,-18.3125
4000000,-17.9375
5000000,-17.5
6000000,-18.34375
7000000,-17.921875
8000000,-18.078125
9000000,-18.390625
10000000,-17.625
