steps,returns
5000,84.359375
10000,87.91406
15000,80.6875
20000,84.5625
25000,83.921875
30000,86.765625
35000,82.953125
40000,83.27344
45000,82.859375
50000,79.92969
