steps,returns
5000,14.921875
10000,124.83594
15000,80.78125
20000,109.75
25000,155.01562
30000,125.91406
35000,100.875
40000,107.42969
45000,133.08594
50000,135.24219
