steps,returns
1000000,17.8125
2000000,33.28125
3000000,221.71875
4000000,463.98438
5000000,357.5
6000000,413.82812
7000000,771.6406
8000000,1031.4844
9000000,651.25
10000000,282.03125
