steps,returns
1000000,-18.265625
2000000,-17.484375
3000000,-17.671875
4000000,-17.796875
5000000,-17.9375
6000000,-17.875
7000000,-18.28125
8000000,-18.09375
9000000,-18.453125
10000000,-18.125
