steps,returns
100000.0,813.8594
200000.0,526.7134
300000.0,1171.293
400000.0,755.7107
500000.0,732.78235
600000.0,499.58362
700000.0,623.1057
800000.0,-9.954724
900000.0,-71.484116
1000000.0,-417.63055
