steps,returns
100000.0,1022.93115
200000.0,971.80084
300000.0,900.6462
400000.0,728.8793
500000.0,573.01495
600000.0,573.4759
700000.0,404.91458
800000.0,117.64872
900000.0,-1.2887568
1000000.0,0.4043646
