steps,returns
5000,9.3828125
10000,28.46875
15000,46.757812
20000,91.15625
25000,77.359375
30000,133.67188
35000,187.96875
40000,178.57031
45000,174.49219
50000,287.16406
