steps,returns
1000000,-17.8125
2000000,-18.015625
3000000,-17.5
4000000,-16.921875
5000000,-17.28125
6000000,-17.375
7000000,-16.9375
8000000,-17.453125
9000000,-17.3125
10000000,-17.5625
