steps,returns
100000.0,374.27515
200000.0,431.34625
300000.0,-237.90425
400000.0,-1834.4043
500000.0,-2187.4175
600000.0,-3996.9697
700000.0,-8255.197
800000.0,-6516.776
900000.0,-13236.487
1000000.0,-10961.209
