steps,returns
1000000,-17.921875
2000000,-17.515625
3000000,-17.875
4000000,-18.421875
5000000,-18.140625
6000000,-17.890625
7000000,-18.078125
8000000,-18.140625
9000000,-18.0625
10000000,-17.9375
