steps,returns
100000.0,974.2589
200000.0,778.4082
300000.0,465.3791
400000.0,209.19322
500000.0,-10.745787
600000.0,-156.57425
700000.0,-632.14905
800000.0,-1001.2
900000.0,-315.0078
1000000.0,-1060.4026
