steps,returns
10000,84.4375
20000,128.39844
30000,116.47656
40000,109.109375
50000,125.36719
60000,107.17969
70000,108.67969
80000,110.578125
90000,107.00781
100000,106.59375
