steps,returns
1000000,41.09375
2000000,40.9375
3000000,49.21875
4000000,17.8125
5000000,43.90625
6000000,38.4375
7000000,17.1875
8000000,17.34375
9000000,17.5
10000000,18.4375
