steps,returns
100000.0,920.42664
200000.0,920.2728
300000.0,921.24524
400000.0,921.4045
500000.0,921.87665
600000.0,922.58514
700000.0,921.68396
800000.0,920.7347
900000.0,920.7372
1000000.0,920.04504
