steps,returns
1000000,-18.140625
2000000,-17.984375
3000000,-17.625
4000000,-17.078125
5000000,-16.640625
6000000,-16.15625
7000000,-15.875
8000000,-15.96875
9000000,-15.46875
10000000,-15.078125
