steps,returns
5000,9.2734375
10000,9.328125
15000,9.3203125
20000,9.328125
25000,9.4140625
30000,9.4453125
35000,9.2421875
40000,9.4296875
45000,9.4296875
50000,9.3984375
