steps,returns
5000,69.05469
10000,66.90625
15000,69.67969
20000,58.96875
25000,65.38281
30000,53.273438
35000,53.960938
40000,53.046875
45000,50.140625
50000,46.882812
