{"config": {"hp_config.clip_eps": 0.3353189348090797, "hp_config.ent_coef": 0.10519128053692045, "hp_config.gae_lambda": 0.8257723669012053, "hp_config.learning_rate": 3.7769545138788986e-05, "hp_config.max_grad_norm": 0.3637107709426226, "hp_config.minibatch_size": 64, "hp_config.normalize_advantage": true, "hp_config.vf_clip_eps": 0.4941869190296131, "hp_config.vf_coef": 0.10204481074802807}, "score": -2008.1019287109375, "budget_used": 13, "total_wallclock_time": -282.27089405059814, "total_optimization_time": 0.010079145431518555}
{"config": {"hp_config.clip_eps": 0.4030969945230429, "hp_config.ent_coef": 0.35194429177018316, "hp_config.gae_lambda": 0.820035354773729, "hp_config.learning_rate": 0.03957428423834935, "hp_config.max_grad_norm": 0.7142412995491114, "hp_config.minibatch_size": 128, "hp_config.normalize_advantage": true, "hp_config.vf_clip_eps": 0.4340630286841071, "hp_config.vf_coef": 0.16249293467637482}, "score": NaN, "budget_used": 26, "total_wallclock_time": -417.0800449848175, "total_optimization_time": 0.05507922172546387}
{"config": {"hp_config.clip_eps": 0.4030969945230429, "hp_config.ent_coef": 0.35194429177018316, "hp_config.gae_lambda": 0.820035354773729, "hp_config.learning_rate": 0.03957428423834935, "hp_config.max_grad_norm": 0.7142412995491114, "hp_config.minibatch_size": 128, "hp_config.normalize_advantage": true, "hp_config.vf_clip_eps": 0.4340630286841071, "hp_config.vf_coef": 0.16249293467637482}, "score": NaN, "budget_used": 39, "total_wallclock_time": -566.7492866516113, "total_optimization_time": 0.05818581581115723}
{"config": {"hp_config.clip_eps": 0.4030969945230429, "hp_config.ent_coef": 0.35194429177018316, "hp_config.gae_lambda": 0.820035354773729, "hp_config.learning_rate": 0.03957428423834935, "hp_config.max_grad_norm": 0.7142412995491114, "hp_config.minibatch_size": 128, "hp_config.normalize_advantage": true, "hp_config.vf_clip_eps": 0.4340630286841071, "hp_config.vf_coef": 0.16249293467637482}, "score": NaN, "budget_used": 52, "total_wallclock_time": -713.7362339496613, "total_optimization_time": 0.060949087142944336}
{"config": {"hp_config.clip_eps": 0.4030969945230429, "hp_config.ent_coef": 0.35194429177018316, "hp_config.gae_lambda": 0.820035354773729, "hp_config.learning_rate": 0.03957428423834935, "hp_config.max_grad_norm": 0.7142412995491114, "hp_config.minibatch_size": 128, "hp_config.normalize_advantage": true, "hp_config.vf_clip_eps": 0.4340630286841071, "hp_config.vf_coef": 0.16249293467637482}, "score": NaN, "budget_used": 65, "total_wallclock_time": -848.9203636646271, "total_optimization_time": 0.11732244491577148}
{"config": {"hp_config.clip_eps": 0.4030969945230429, "hp_config.ent_coef": 0.35194429177018316, "hp_config.gae_lambda": 0.820035354773729, "hp_config.learning_rate": 0.03957428423834935, "hp_config.max_grad_norm": 0.7142412995491114, "hp_config.minibatch_size": 128, "hp_config.normalize_advantage": true, "hp_config.vf_clip_eps": 0.4340630286841071, "hp_config.vf_coef": 0.16249293467637482}, "score": NaN, "budget_used": 78, "total_wallclock_time": -984.8016149997711, "total_optimization_time": 0.12061071395874023}
{"config": {"hp_config.clip_eps": 0.4030969945230429, "hp_config.ent_coef": 0.35194429177018316, "hp_config.gae_lambda": 0.820035354773729, "hp_config.learning_rate": 0.03957428423834935, "hp_config.max_grad_norm": 0.7142412995491114, "hp_config.minibatch_size": 128, "hp_config.normalize_advantage": true, "hp_config.vf_clip_eps": 0.4340630286841071, "hp_config.vf_coef": 0.16249293467637482}, "score": NaN, "budget_used": 91, "total_wallclock_time": -1124.883392572403, "total_optimization_time": 0.12451457977294922}
{"config": {"hp_config.clip_eps": 0.4030969945230429, "hp_config.ent_coef": 0.35194429177018316, "hp_config.gae_lambda": 0.820035354773729, "hp_config.learning_rate": 0.03957428423834935, "hp_config.max_grad_norm": 0.7142412995491114, "hp_config.minibatch_size": 128, "hp_config.normalize_advantage": true, "hp_config.vf_clip_eps": 0.4340630286841071, "hp_config.vf_coef": 0.16249293467637482}, "score": NaN, "budget_used": 104, "total_wallclock_time": -1251.457527399063, "total_optimization_time": 0.13502001762390137}
{"config": {"hp_config.clip_eps": 0.4030969945230429, "hp_config.ent_coef": 0.35194429177018316, "hp_config.gae_lambda": 0.820035354773729, "hp_config.learning_rate": 0.03957428423834935, "hp_config.max_grad_norm": 0.7142412995491114, "hp_config.minibatch_size": 128, "hp_config.normalize_advantage": true, "hp_config.vf_clip_eps": 0.4340630286841071, "hp_config.vf_coef": 0.16249293467637482}, "score": NaN, "budget_used": 117, "total_wallclock_time": -1385.482148885727, "total_optimization_time": 0.1395277976989746}
{"config": {"hp_config.clip_eps": 0.4030969945230429, "hp_config.ent_coef": 0.35194429177018316, "hp_config.gae_lambda": 0.820035354773729, "hp_config.learning_rate": 0.03957428423834935, "hp_config.max_grad_norm": 0.7142412995491114, "hp_config.minibatch_size": 128, "hp_config.normalize_advantage": true, "hp_config.vf_clip_eps": 0.4340630286841071, "hp_config.vf_coef": 0.16249293467637482}, "score": NaN, "budget_used": 130, "total_wallclock_time": -1525.2134861946106, "total_optimization_time": 0.15375638008117676}
{"config": {"hp_config.clip_eps": 0.4030969945230429, "hp_config.ent_coef": 0.35194429177018316, "hp_config.gae_lambda": 0.820035354773729, "hp_config.learning_rate": 0.03957428423834935, "hp_config.max_grad_norm": 0.7142412995491114, "hp_config.minibatch_size": 128, "hp_config.normalize_advantage": true, "hp_config.vf_clip_eps": 0.4340630286841071, "hp_config.vf_coef": 0.16249293467637482}, "score": NaN, "budget_used": 143, "total_wallclock_time": -1666.1367015838623, "total_optimization_time": 0.15704774856567383}
