steps,returns
10000,95.5625
20000,125.453125
30000,108.41406
40000,143.44531
50000,138.08594
60000,123.171875
70000,137.75781
80000,155.95312
90000,137.02344
100000,138.14844
