steps,returns
100000.0,674.543
200000.0,809.9625
300000.0,940.49426
400000.0,1324.6562
500000.0,1181.6572
600000.0,896.41766
700000.0,394.37732
800000.0,294.65097
900000.0,344.8037
1000000.0,447.38818
