steps,returns
10000,95.35156
20000,459.02344
30000,388.14062
40000,259.28125
50000,475.89844
60000,317.9375
70000,389.6328
80000,437.91406
90000,457.4922
100000,485.91406
