steps,returns
100000.0,558.38495
200000.0,284.18964
300000.0,-271.4995
400000.0,-394.75165
500000.0,-772.77637
600000.0,-768.0935
700000.0,-1391.4368
800000.0,-1186.2769
900000.0,-1789.9897
1000000.0,-3169.5586
