steps,returns
1000000,730.46875
2000000,684.375
3000000,919.72656
4000000,674.21875
5000000,608.2031
6000000,585.7422
7000000,712.5
8000000,2378.9062
9000000,574.6094
10000000,3291.9922
