steps,returns
1000000,17.8125
2000000,17.03125
3000000,16.5625
4000000,301.01562
5000000,80.0
6000000,380.9375
7000000,305.39062
8000000,174.0625
9000000,54.0625
10000000,26.5625
