steps,returns
1000000,418.28125
2000000,970.3906
3000000,74.6875
4000000,30.46875
5000000,145.3125
6000000,52.96875
7000000,140.0
8000000,320.3125
9000000,78.59375
10000000,231.5625
