steps,returns
1000000,-17.609375
2000000,-17.421875
3000000,-17.453125
4000000,-17.109375
5000000,-16.84375
6000000,-16.71875
7000000,-16.53125
8000000,-16.328125
9000000,-16.265625
10000000,-16.140625
