steps,returns
1000000,-18.234375
2000000,-17.671875
3000000,-17.359375
4000000,-17.90625
5000000,-17.734375
6000000,-18.1875
7000000,-17.65625
8000000,-17.296875
9000000,-18.34375
10000000,-17.953125
