steps,returns
10000,-440.32812
20000,-453.78906
30000,-446.60156
40000,-457.70312
50000,-439.53125
60000,-456.89844
70000,-461.27344
80000,-458.60938
90000,-460.8047
100000,-431.70312
