steps,returns
10000,500.0
20000,386.4297
30000,495.64062
40000,500.0
50000,500.0
60000,499.78906
70000,500.0
80000,500.0
90000,469.78125
100000,500.0
