steps,returns
5000,16.109375
10000,12.78125
15000,9.546875
20000,8.8671875
25000,8.9453125
30000,8.828125
35000,8.8515625
40000,8.8671875
45000,8.9609375
50000,8.921875
