steps,returns
10000,219.25
20000,286.41406
30000,500.0
40000,493.5078
50000,500.0
60000,63.5625
70000,92.92969
80000,465.35156
90000,150.375
100000,424.875
