steps,returns
10000,148.54688
20000,101.58594
30000,120.82031
40000,175.65625
50000,143.28125
60000,156.41406
70000,135.29688
80000,165.34375
90000,164.47656
100000,140.1875
