steps,returns
1000000,125.0
2000000,317.1875
3000000,417.96875
4000000,737.3047
5000000,691.40625
6000000,515.8203
7000000,696.4844
8000000,755.27344
9000000,1190.0391
10000000,764.4531
