steps,returns
100000.0,1308.3945
200000.0,1061.444
300000.0,660.8474
400000.0,702.92993
500000.0,774.00366
600000.0,706.10583
700000.0,768.5293
800000.0,745.4485
900000.0,726.3952
1000000.0,676.69086
