steps,returns
1000000,150.0
2000000,125.0
3000000,339.64844
4000000,267.96875
5000000,341.60156
6000000,446.28906
7000000,696.875
8000000,556.83594
9000000,507.6172
10000000,647.46094
