steps,returns
100000.0,916.0581
200000.0,905.3236
300000.0,905.0208
400000.0,906.39954
500000.0,903.6299
600000.0,892.8113
700000.0,646.94305
800000.0,640.97253
900000.0,641.614
1000000.0,641.1894
