steps,returns
5000,86.41406
10000,61.507812
15000,43.21875
20000,19.515625
25000,11.9453125
30000,22.023438
35000,22.6875
40000,10.1171875
45000,11.828125
50000,19.75
