steps,returns
100000.0,555.44336
200000.0,563.87085
300000.0,601.422
400000.0,570.6815
500000.0,616.1124
600000.0,728.7995
700000.0,1162.825
800000.0,1384.2803
900000.0,1521.6212
1000000.0,1630.4619
