steps,returns
5000,14.8046875
10000,100.0625
15000,76.64844
20000,137.86719
25000,179.75
30000,173.75
35000,115.578125
40000,85.09375
45000,98.5
50000,99.21875
