steps,returns
5000,76.5625
10000,80.546875
15000,81.578125
20000,82.5
25000,83.703125
30000,92.00781
35000,86.984375
40000,91.94531
45000,86.66406
50000,85.28125
