steps,returns
1000000,-18.15625
2000000,-18.171875
3000000,-17.5625
4000000,-17.859375
5000000,-18.296875
6000000,-18.25
7000000,-17.734375
8000000,-18.078125
9000000,-18.3125
10000000,-17.765625
