steps,returns
100000.0,-463.34747
200000.0,-875.474
300000.0,-864.69806
400000.0,-1027.7927
500000.0,-874.0265
600000.0,-1271.5767
700000.0,-1515.3809
800000.0,-840.25885
900000.0,-1772.4761
1000000.0,-1963.8932
