steps,returns
100000.0,1014.15735
200000.0,198.4667
300000.0,713.364
400000.0,1335.6614
500000.0,1730.8542
600000.0,2061.3833
700000.0,1889.7166
800000.0,1515.2267
900000.0,920.8002
1000000.0,-173.57918
