steps,returns
5000,14.9609375
10000,142.66406
15000,30.429688
20000,104.57031
25000,162.53906
30000,132.49219
35000,137.21094
40000,216.52344
45000,224.15625
50000,251.00781
