steps,returns
10000,346.8672
20000,500.0
30000,500.0
40000,500.0
50000,493.03906
60000,500.0
70000,230.92188
80000,500.0
90000,500.0
100000,246.21094
