steps,returns
100000.0,-49.223434
200000.0,-49.431133
300000.0,-49.15999
400000.0,-49.522797
500000.0,-49.252094
600000.0,-49.275845
700000.0,-49.375954
800000.0,-49.203552
900000.0,-49.17715
1000000.0,-49.248207
