steps,returns
100000.0,5.7059393
200000.0,119.98512
300000.0,-288.4193
400000.0,-914.3239
500000.0,-1014.24133
600000.0,-1305.4529
700000.0,-1508.7623
800000.0,-1632.4954
900000.0,-810.5641
1000000.0,-1099.0007
