steps,returns
1000000,-18.28125
2000000,-18.09375
3000000,-17.59375
4000000,-17.875
5000000,-18.0
6000000,-17.953125
7000000,-18.609375
8000000,-17.484375
9000000,-17.828125
10000000,-17.671875
