steps,returns
1000000,17.5
2000000,28.125
3000000,17.03125
4000000,18.125
5000000,29.375
6000000,17.1875
7000000,29.53125
8000000,17.5
9000000,17.65625
10000000,29.84375
