steps,returns
1000000,-17.875
2000000,-17.796875
3000000,-18.140625
4000000,-18.015625
5000000,-18.3125
6000000,-17.984375
7000000,-17.65625
8000000,-18.203125
9000000,-17.90625
10000000,-17.828125
