steps,returns
5000,9.34375
10000,18.859375
15000,52.914062
20000,69.27344
25000,61.5
30000,131.60938
35000,133.45312
40000,126.671875
45000,140.9375
50000,126.6875
