steps,returns
100000.0,476.10962
200000.0,256.1701
300000.0,228.42084
400000.0,684.08997
500000.0,750.14343
600000.0,757.80255
700000.0,745.4796
800000.0,724.9272
900000.0,717.33435
1000000.0,711.42676
