steps,returns
100000.0,506.18295
200000.0,685.51196
300000.0,684.4634
400000.0,684.02466
500000.0,684.06177
600000.0,686.12695
700000.0,1654.3843
800000.0,969.111
900000.0,2470.488
1000000.0,1092.7338
