{"config": {"hp_config.buffer_alpha": 0.7006548839679922, "hp_config.buffer_batch_size": 64, "hp_config.buffer_beta": 0.670099048291211, "hp_config.buffer_epsilon": 0.007035740826563435, "hp_config.buffer_prio_sampling": true, "hp_config.buffer_size": 13784, "hp_config.epsilon": 0.161137033707471, "hp_config.gradient_steps": 4, "hp_config.learning_rate": 0.0007095513849771362, "hp_config.learning_starts": 449, "hp_config.train_freq": 127, "hp_config.use_target_network": true, "hp_config.target_update_interval": 209, "hp_config.tau": 0.1696964227061463}, "score": 14.671875, "budget_used": 13, "total_wallclock_time": -70.63475203514099, "total_optimization_time": 0.009680747985839844}
{"config": {"hp_config.buffer_alpha": 0.7676720012688956, "hp_config.buffer_batch_size": 256, "hp_config.buffer_beta": 0.9046825423484741, "hp_config.buffer_epsilon": 0.0017508019189781672, "hp_config.buffer_prio_sampling": false, "hp_config.buffer_size": 58873, "hp_config.epsilon": 0.48115850738087834, "hp_config.gradient_steps": 3, "hp_config.learning_rate": 1.6000881156206383e-05, "hp_config.learning_starts": 102, "hp_config.train_freq": 3, "hp_config.use_target_network": false}, "score": 9.6640625, "budget_used": 26, "total_wallclock_time": -138.27765798568726, "total_optimization_time": 0.030214786529541016}
{"config": {"hp_config.buffer_alpha": 0.7676720012688956, "hp_config.buffer_batch_size": 256, "hp_config.buffer_beta": 0.9046825423484741, "hp_config.buffer_epsilon": 0.0017508019189781672, "hp_config.buffer_prio_sampling": false, "hp_config.buffer_size": 58873, "hp_config.epsilon": 0.48115850738087834, "hp_config.gradient_steps": 3, "hp_config.learning_rate": 1.6000881156206383e-05, "hp_config.learning_starts": 102, "hp_config.train_freq": 3, "hp_config.use_target_network": false}, "score": 9.6640625, "budget_used": 39, "total_wallclock_time": -206.8636531829834, "total_optimization_time": 0.033864498138427734}
{"config": {"hp_config.buffer_alpha": 0.7676720012688956, "hp_config.buffer_batch_size": 256, "hp_config.buffer_beta": 0.9046825423484741, "hp_config.buffer_epsilon": 0.0017508019189781672, "hp_config.buffer_prio_sampling": false, "hp_config.buffer_size": 58873, "hp_config.epsilon": 0.48115850738087834, "hp_config.gradient_steps": 3, "hp_config.learning_rate": 1.6000881156206383e-05, "hp_config.learning_starts": 102, "hp_config.train_freq": 3, "hp_config.use_target_network": false}, "score": 9.6640625, "budget_used": 52, "total_wallclock_time": -273.758736371994, "total_optimization_time": 0.03799247741699219}
{"config": {"hp_config.buffer_alpha": 0.7676720012688956, "hp_config.buffer_batch_size": 256, "hp_config.buffer_beta": 0.9046825423484741, "hp_config.buffer_epsilon": 0.0017508019189781672, "hp_config.buffer_prio_sampling": false, "hp_config.buffer_size": 58873, "hp_config.epsilon": 0.48115850738087834, "hp_config.gradient_steps": 3, "hp_config.learning_rate": 1.6000881156206383e-05, "hp_config.learning_starts": 102, "hp_config.train_freq": 3, "hp_config.use_target_network": false}, "score": 9.6640625, "budget_used": 65, "total_wallclock_time": -341.4714210033417, "total_optimization_time": 0.042317867279052734}
{"config": {"hp_config.buffer_alpha": 0.7676720012688956, "hp_config.buffer_batch_size": 256, "hp_config.buffer_beta": 0.9046825423484741, "hp_config.buffer_epsilon": 0.0017508019189781672, "hp_config.buffer_prio_sampling": false, "hp_config.buffer_size": 58873, "hp_config.epsilon": 0.48115850738087834, "hp_config.gradient_steps": 3, "hp_config.learning_rate": 1.6000881156206383e-05, "hp_config.learning_starts": 102, "hp_config.train_freq": 3, "hp_config.use_target_network": false}, "score": 9.6640625, "budget_used": 78, "total_wallclock_time": -416.31063771247864, "total_optimization_time": 0.04735875129699707}
{"config": {"hp_config.buffer_alpha": 0.7676720012688956, "hp_config.buffer_batch_size": 256, "hp_config.buffer_beta": 0.9046825423484741, "hp_config.buffer_epsilon": 0.0017508019189781672, "hp_config.buffer_prio_sampling": false, "hp_config.buffer_size": 58873, "hp_config.epsilon": 0.48115850738087834, "hp_config.gradient_steps": 3, "hp_config.learning_rate": 1.6000881156206383e-05, "hp_config.learning_starts": 102, "hp_config.train_freq": 3, "hp_config.use_target_network": false}, "score": 9.6640625, "budget_used": 91, "total_wallclock_time": -495.9939646720886, "total_optimization_time": 0.05136466026306152}
{"config": {"hp_config.buffer_alpha": 0.7676720012688956, "hp_config.buffer_batch_size": 256, "hp_config.buffer_beta": 0.9046825423484741, "hp_config.buffer_epsilon": 0.0017508019189781672, "hp_config.buffer_prio_sampling": false, "hp_config.buffer_size": 58873, "hp_config.epsilon": 0.48115850738087834, "hp_config.gradient_steps": 3, "hp_config.learning_rate": 1.6000881156206383e-05, "hp_config.learning_starts": 102, "hp_config.train_freq": 3, "hp_config.use_target_network": false}, "score": 9.6640625, "budget_used": 104, "total_wallclock_time": -565.4297029972076, "total_optimization_time": 0.05542254447937012}
{"config": {"hp_config.buffer_alpha": 0.7676720012688956, "hp_config.buffer_batch_size": 256, "hp_config.buffer_beta": 0.9046825423484741, "hp_config.buffer_epsilon": 0.0017508019189781672, "hp_config.buffer_prio_sampling": false, "hp_config.buffer_size": 58873, "hp_config.epsilon": 0.48115850738087834, "hp_config.gradient_steps": 3, "hp_config.learning_rate": 1.6000881156206383e-05, "hp_config.learning_starts": 102, "hp_config.train_freq": 3, "hp_config.use_target_network": false}, "score": 9.6640625, "budget_used": 117, "total_wallclock_time": -633.6409866809845, "total_optimization_time": 0.060181617736816406}
{"config": {"hp_config.buffer_alpha": 0.7676720012688956, "hp_config.buffer_batch_size": 256, "hp_config.buffer_beta": 0.9046825423484741, "hp_config.buffer_epsilon": 0.0017508019189781672, "hp_config.buffer_prio_sampling": false, "hp_config.buffer_size": 58873, "hp_config.epsilon": 0.48115850738087834, "hp_config.gradient_steps": 3, "hp_config.learning_rate": 1.6000881156206383e-05, "hp_config.learning_starts": 102, "hp_config.train_freq": 3, "hp_config.use_target_network": false}, "score": 9.6640625, "budget_used": 130, "total_wallclock_time": -705.5632317066193, "total_optimization_time": 0.06446409225463867}
{"config": {"hp_config.buffer_alpha": 0.7676720012688956, "hp_config.buffer_batch_size": 256, "hp_config.buffer_beta": 0.9046825423484741, "hp_config.buffer_epsilon": 0.0017508019189781672, "hp_config.buffer_prio_sampling": false, "hp_config.buffer_size": 58873, "hp_config.epsilon": 0.48115850738087834, "hp_config.gradient_steps": 3, "hp_config.learning_rate": 1.6000881156206383e-05, "hp_config.learning_starts": 102, "hp_config.train_freq": 3, "hp_config.use_target_network": false}, "score": 9.6640625, "budget_used": 143, "total_wallclock_time": -773.8350119590759, "total_optimization_time": 0.07037615776062012}
