steps,returns
5000,246.61719
10000,477.8203
15000,493.97656
20000,396.625
25000,364.32812
30000,375.70312
35000,322.47656
40000,291.48438
45000,242.54688
50000,230.27344
