steps,returns
100000.0,807.053
200000.0,733.90576
300000.0,46.222797
400000.0,1303.7732
500000.0,1163.7654
600000.0,987.0396
700000.0,1605.9714
800000.0,2390.2886
900000.0,1998.8844
1000000.0,1662.1329
