steps,returns
5000,9.4296875
10000,9.171875
15000,9.2265625
20000,9.3359375
25000,9.640625
30000,15.8203125
35000,19.328125
40000,24.109375
45000,29.765625
50000,41.351562
