steps,returns
1000000,815.5469
2000000,676.4844
3000000,1118.0469
4000000,1510.625
5000000,1018.2031
6000000,767.96875
7000000,2383.5156
8000000,788.0469
9000000,453.90625
10000000,605.0781
