steps,returns
100000.0,928.07886
200000.0,347.27533
300000.0,187.39493
400000.0,45.15457
500000.0,375.82202
600000.0,-128.47665
700000.0,-515.7261
800000.0,-632.7178
900000.0,-1016.65796
1000000.0,-1110.3031
