steps,returns
10000,476.0703
20000,500.0
30000,366.15625
40000,500.0
50000,155.125
60000,492.8828
70000,278.53906
80000,500.0
90000,360.8047
100000,465.5703
