steps,returns
5000,76.90625
10000,86.921875
15000,76.71094
20000,82.27344
25000,86.109375
30000,85.96094
35000,83.33594
40000,74.25
45000,71.78906
50000,67.015625
