steps,returns
1000000,125.0
2000000,306.83594
3000000,150.0
4000000,255.85938
5000000,214.45312
6000000,125.0
7000000,150.0
8000000,418.9453
9000000,323.6328
10000000,125.0
