steps,returns
100000.0,961.638
200000.0,872.53125
300000.0,832.3517
400000.0,853.4133
500000.0,741.78235
600000.0,687.2921
700000.0,712.7965
800000.0,772.38574
900000.0,556.3003
1000000.0,500.9458
