steps,returns
1000000,66.875
2000000,283.125
3000000,212.8125
4000000,18.4375
5000000,238.28125
6000000,48.4375
7000000,230.625
8000000,493.82812
9000000,140.0
10000000,1203.9062
