steps,returns
1000000,1436.7969
2000000,1201.0156
3000000,1110.2344
4000000,1270.0
5000000,271.09375
6000000,291.09375
7000000,302.34375
8000000,1209.1406
9000000,944.2969
10000000,684.7656
