steps,returns
1000000,-17.390625
2000000,-17.828125
3000000,-17.71875
4000000,-18.59375
5000000,-17.703125
6000000,-17.78125
7000000,-17.65625
8000000,-17.640625
9000000,-17.5625
10000000,-18.0
