steps,returns
100000.0,616.0989
200000.0,280.64496
300000.0,-50.94014
400000.0,-5369.6353
500000.0,-17480.621
600000.0,-31856.168
700000.0,-11594.986
800000.0,-11402.984
900000.0,-12545.2705
1000000.0,-13737.701
