steps,returns
100000.0,-0.51871043
200000.0,-96.44951
300000.0,-325.93964
400000.0,-1382.1855
500000.0,-2057.189
600000.0,-2351.6716
700000.0,-3091.2305
800000.0,-3718.5376
900000.0,-4353.494
1000000.0,-4830.241
