steps,returns
1000000,266.40625
2000000,125.0
3000000,125.0
4000000,125.0
5000000,150.0
6000000,150.0
7000000,325.0
8000000,230.85938
9000000,150.0
10000000,448.2422
