steps,returns
100000.0,635.4363
200000.0,646.3269
300000.0,738.0576
400000.0,852.7534
500000.0,922.5536
600000.0,1001.15894
700000.0,963.9535
800000.0,937.95996
900000.0,903.66077
1000000.0,892.2158
