steps,returns
10000,80.41406
20000,92.47656
30000,116.25
40000,132.22656
50000,243.17969
60000,401.46094
70000,499.41406
80000,423.5625
90000,479.04688
100000,466.8203
