{"config": {"hp_config.clip_eps": 0.10443837804741735, "hp_config.ent_coef": 0.08065475894249813, "hp_config.gae_lambda": 0.9305563542605332, "hp_config.learning_rate": 1.846962223200756e-05, "hp_config.max_grad_norm": 0.4663107728563063, "hp_config.minibatch_size": 32, "hp_config.normalize_advantage": true, "hp_config.vf_clip_eps": 0.05518757058215257, "hp_config.vf_coef": 0.6563295894652734}, "score": -1475.747802734375, "budget_used": 13, "total_wallclock_time": -296.4633979797363, "total_optimization_time": 0.026648521423339844}
{"config": {"hp_config.clip_eps": 0.10443837804741735, "hp_config.ent_coef": 0.08065475894249813, "hp_config.gae_lambda": 0.9305563542605332, "hp_config.learning_rate": 1.846962223200756e-05, "hp_config.max_grad_norm": 0.4663107728563063, "hp_config.minibatch_size": 32, "hp_config.normalize_advantage": true, "hp_config.vf_clip_eps": 0.05518757058215257, "hp_config.vf_coef": 0.6563295894652734}, "score": -1475.747802734375, "budget_used": 26, "total_wallclock_time": -444.27958965301514, "total_optimization_time": 0.07527375221252441}
{"config": {"hp_config.clip_eps": 0.43109575871084166, "hp_config.ent_coef": 0.48645974451156515, "hp_config.gae_lambda": 0.9920708481467937, "hp_config.learning_rate": 0.034101815161325245, "hp_config.max_grad_norm": 0.7740473326986388, "hp_config.minibatch_size": 32, "hp_config.normalize_advantage": true, "hp_config.vf_clip_eps": 0.20362058570690367, "hp_config.vf_coef": 0.23223414217094274}, "score": NaN, "budget_used": 39, "total_wallclock_time": -600.2200267314911, "total_optimization_time": 0.07794427871704102}
{"config": {"hp_config.clip_eps": 0.43109575871084166, "hp_config.ent_coef": 0.48645974451156515, "hp_config.gae_lambda": 0.9920708481467937, "hp_config.learning_rate": 0.034101815161325245, "hp_config.max_grad_norm": 0.7740473326986388, "hp_config.minibatch_size": 32, "hp_config.normalize_advantage": true, "hp_config.vf_clip_eps": 0.20362058570690367, "hp_config.vf_coef": 0.23223414217094274}, "score": NaN, "budget_used": 52, "total_wallclock_time": -737.2924768924713, "total_optimization_time": 0.09309053421020508}
{"config": {"hp_config.clip_eps": 0.43109575871084166, "hp_config.ent_coef": 0.48645974451156515, "hp_config.gae_lambda": 0.9920708481467937, "hp_config.learning_rate": 0.034101815161325245, "hp_config.max_grad_norm": 0.7740473326986388, "hp_config.minibatch_size": 32, "hp_config.normalize_advantage": true, "hp_config.vf_clip_eps": 0.20362058570690367, "hp_config.vf_coef": 0.23223414217094274}, "score": NaN, "budget_used": 65, "total_wallclock_time": -881.0445182323456, "total_optimization_time": 0.10306501388549805}
{"config": {"hp_config.clip_eps": 0.43109575871084166, "hp_config.ent_coef": 0.48645974451156515, "hp_config.gae_lambda": 0.9920708481467937, "hp_config.learning_rate": 0.034101815161325245, "hp_config.max_grad_norm": 0.7740473326986388, "hp_config.minibatch_size": 32, "hp_config.normalize_advantage": true, "hp_config.vf_clip_eps": 0.20362058570690367, "hp_config.vf_coef": 0.23223414217094274}, "score": NaN, "budget_used": 78, "total_wallclock_time": -1014.3298094272614, "total_optimization_time": 0.10704493522644043}
{"config": {"hp_config.clip_eps": 0.43109575871084166, "hp_config.ent_coef": 0.48645974451156515, "hp_config.gae_lambda": 0.9920708481467937, "hp_config.learning_rate": 0.034101815161325245, "hp_config.max_grad_norm": 0.7740473326986388, "hp_config.minibatch_size": 32, "hp_config.normalize_advantage": true, "hp_config.vf_clip_eps": 0.20362058570690367, "hp_config.vf_coef": 0.23223414217094274}, "score": NaN, "budget_used": 91, "total_wallclock_time": -6570.117940187454, "total_optimization_time": 0.16610980033874512}
{"config": {"hp_config.clip_eps": 0.43109575871084166, "hp_config.ent_coef": 0.48645974451156515, "hp_config.gae_lambda": 0.9920708481467937, "hp_config.learning_rate": 0.034101815161325245, "hp_config.max_grad_norm": 0.7740473326986388, "hp_config.minibatch_size": 32, "hp_config.normalize_advantage": true, "hp_config.vf_clip_eps": 0.20362058570690367, "hp_config.vf_coef": 0.23223414217094274}, "score": NaN, "budget_used": 104, "total_wallclock_time": -6702.064043998718, "total_optimization_time": 0.3499634265899658}
{"config": {"hp_config.clip_eps": 0.43109575871084166, "hp_config.ent_coef": 0.48645974451156515, "hp_config.gae_lambda": 0.9920708481467937, "hp_config.learning_rate": 0.034101815161325245, "hp_config.max_grad_norm": 0.7740473326986388, "hp_config.minibatch_size": 32, "hp_config.normalize_advantage": true, "hp_config.vf_clip_eps": 0.20362058570690367, "hp_config.vf_coef": 0.23223414217094274}, "score": NaN, "budget_used": 117, "total_wallclock_time": -6835.32618188858, "total_optimization_time": 0.3530862331390381}
{"config": {"hp_config.clip_eps": 0.43109575871084166, "hp_config.ent_coef": 0.48645974451156515, "hp_config.gae_lambda": 0.9920708481467937, "hp_config.learning_rate": 0.034101815161325245, "hp_config.max_grad_norm": 0.7740473326986388, "hp_config.minibatch_size": 32, "hp_config.normalize_advantage": true, "hp_config.vf_clip_eps": 0.20362058570690367, "hp_config.vf_coef": 0.23223414217094274}, "score": NaN, "budget_used": 130, "total_wallclock_time": -6971.185086250305, "total_optimization_time": 0.3559563159942627}
{"config": {"hp_config.clip_eps": 0.43109575871084166, "hp_config.ent_coef": 0.48645974451156515, "hp_config.gae_lambda": 0.9920708481467937, "hp_config.learning_rate": 0.034101815161325245, "hp_config.max_grad_norm": 0.7740473326986388, "hp_config.minibatch_size": 32, "hp_config.normalize_advantage": true, "hp_config.vf_clip_eps": 0.20362058570690367, "hp_config.vf_coef": 0.23223414217094274}, "score": NaN, "budget_used": 143, "total_wallclock_time": -7108.151900291443, "total_optimization_time": 0.41255617141723633}
