steps,returns
1000000,125.0
2000000,284.375
3000000,350.0
4000000,300.0
5000000,125.0
6000000,277.73438
7000000,273.2422
8000000,266.40625
9000000,673.6328
10000000,175.0
