steps,returns
5000,19.945312
10000,17.9375
15000,33.445312
20000,178.57031
25000,246.9375
30000,148.71875
35000,53.140625
40000,119.21094
45000,130.54688
50000,132.75781
