steps,returns
10000,356.5625
20000,207.69531
30000,451.0078
40000,493.60938
50000,485.1328
60000,500.0
70000,311.5547
80000,9.3125
90000,371.58594
100000,361.9375
