steps,returns
5000,8.8984375
10000,8.8671875
15000,8.90625
20000,8.9453125
25000,8.9453125
30000,8.9609375
35000,9.0390625
40000,9.1015625
45000,9.0078125
50000,9.03125
