steps,returns
1000000,125.0
2000000,280.46875
3000000,42.382812
4000000,125.0
5000000,150.0
6000000,125.0
7000000,0.0
8000000,125.0
9000000,231.25
10000000,150.0
