steps,returns
100000.0,1019.2555
200000.0,977.46045
300000.0,361.05914
400000.0,-3989.4941
500000.0,-18171.012
600000.0,-15935.779
700000.0,-15478.918
800000.0,-14408.179
900000.0,-14634.417
1000000.0,-13943.798
