steps,returns
10000,241.85938
20000,468.5
30000,474.20312
40000,483.10156
50000,458.9922
60000,416.875
70000,500.0
80000,500.0
90000,479.84375
100000,402.53906
