steps,returns
1000000,-17.421875
2000000,-17.484375
3000000,-17.1875
4000000,-17.6875
5000000,-17.953125
6000000,-17.9375
7000000,-17.65625
8000000,-17.21875
9000000,-17.4375
10000000,-17.515625
