steps,returns
1000000,17.5
2000000,17.5
3000000,138.59375
4000000,27.5
5000000,316.40625
6000000,263.59375
7000000,337.73438
8000000,16.5625
9000000,617.03125
10000000,273.28125
