steps,returns
10000,198.15625
20000,267.66406
30000,283.46875
40000,353.77344
50000,414.10938
60000,443.98438
70000,447.9297
80000,489.90625
90000,500.0
100000,500.0
