steps,returns
10000,-280.3672
20000,-317.76562
30000,-336.91406
40000,-408.34375
50000,-441.96875
60000,-485.03906
70000,-497.41406
80000,-500.0
90000,-500.0
100000,-500.0
