steps,returns
1000000,-16.109375
2000000,-7.765625
3000000,-2.3125
4000000,-14.28125
5000000,-17.5625
6000000,-15.046875
7000000,-12.671875
8000000,-17.4375
9000000,-1.765625
10000000,-18.453125
