steps,returns
10000,79.671875
20000,87.41406
30000,96.74219
40000,106.109375
50000,153.78906
60000,167.17969
70000,265.76562
80000,223.39062
90000,343.33594
100000,327.7578
