steps,returns
5000,9.2578125
10000,9.296875
15000,9.3515625
20000,9.3046875
25000,9.1796875
30000,9.28125
35000,9.2734375
40000,9.328125
45000,9.3125
50000,9.3125
