steps,returns
1000000,346.09375
2000000,250.0
3000000,150.0
4000000,240.82031
5000000,168.75
6000000,294.53125
7000000,350.0
8000000,250.0
9000000,393.75
10000000,650.0
