steps,returns
10000,79.55469
20000,478.35156
30000,34.804688
40000,500.0
50000,500.0
60000,500.0
70000,500.0
80000,204.92188
90000,500.0
100000,486.8672
