steps,returns
100000.0,228.47507
200000.0,234.74265
300000.0,230.52303
400000.0,231.08289
500000.0,229.21008
600000.0,225.72351
700000.0,223.46852
800000.0,225.30707
900000.0,226.995
1000000.0,221.74165
