steps,returns
100000.0,-0.6026948
200000.0,-0.41515282
300000.0,0.4513651
400000.0,3.988378
500000.0,737.5399
600000.0,75.86987
700000.0,49.325077
800000.0,-58.22254
900000.0,-19.581432
1000000.0,-98.69399
