steps,returns
10000,246.5625
20000,181.75781
30000,220.46094
40000,500.0
50000,449.27344
60000,335.77344
70000,188.78125
80000,340.65625
90000,500.0
100000,495.85156
