steps,returns
5000,73.19531
10000,46.695312
15000,19.9375
20000,44.953125
25000,63.0625
30000,55.375
35000,17.171875
40000,39.46875
45000,211.11719
50000,41.6875
