steps,returns
10000,125.74219
20000,122.44531
30000,105.99219
40000,110.53125
50000,110.765625
60000,105.140625
70000,109.83594
80000,119.32031
90000,118.09375
100000,105.52344
