steps,returns
10000,100.47656
20000,80.6875
30000,83.41406
40000,81.890625
50000,87.234375
60000,86.49219
70000,84.82031
80000,81.515625
90000,82.8125
100000,92.75
