steps,returns
10000,86.72656
20000,77.94531
30000,92.11719
40000,99.1875
50000,138.625
60000,117.25
70000,114.69531
80000,92.4375
90000,82.16406
100000,90.86719
