steps,returns
100000.0,755.43994
200000.0,631.14624
300000.0,487.57724
400000.0,381.5293
500000.0,313.04407
600000.0,259.93124
700000.0,225.7969
800000.0,201.26245
900000.0,190.66223
1000000.0,181.28354
