steps,returns
10000,-352.15625
20000,-500.0
30000,-141.39844
40000,-267.25
50000,-120.796875
60000,-120.57031
70000,-500.0
80000,-100.890625
90000,-500.0
100000,-500.0
