steps,returns
100000.0,1031.4756
200000.0,966.6647
300000.0,834.8862
400000.0,772.10803
500000.0,795.16235
600000.0,765.95276
700000.0,1298.9672
800000.0,1536.3057
900000.0,2107.102
1000000.0,2291.9214
