steps,returns
100000.0,-471.91373
200000.0,-292.47543
300000.0,-355.61374
400000.0,-290.06885
500000.0,-344.75668
600000.0,-397.38953
700000.0,-441.01233
800000.0,-284.09323
900000.0,-392.31577
1000000.0,-333.61914
