steps,returns
1000000,-17.96875
2000000,-17.609375
3000000,-17.5625
4000000,-17.46875
5000000,-17.421875
6000000,-17.8125
7000000,-17.125
8000000,-17.359375
9000000,-17.34375
10000000,-17.25
