steps,returns
5000,8.9453125
10000,9.03125
15000,9.03125
20000,9.09375
25000,9.3515625
30000,9.3359375
35000,9.4140625
40000,9.28125
45000,9.4375
50000,9.3125
