steps,returns
5000,10.890625
10000,109.21875
15000,210.71094
20000,284.33594
25000,139.54688
30000,125.82031
35000,50.03125
40000,101.28125
45000,101.33594
50000,95.015625
