steps,returns
1000000,-17.8125
2000000,-17.5
3000000,-18.15625
4000000,-18.203125
5000000,-17.390625
6000000,-17.65625
7000000,-18.140625
8000000,-18.25
9000000,-17.9375
10000000,-18.703125
