steps,returns
100000.0,0.19381675
200000.0,1.2623603
300000.0,4.557228
400000.0,520.6271
500000.0,34.976746
600000.0,144.1942
700000.0,89.95949
800000.0,89.96196
900000.0,-159.42651
1000000.0,-249.91988
