steps,returns
1000000,327.9297
2000000,350.78125
3000000,653.3203
4000000,522.2656
5000000,657.22656
6000000,638.8672
7000000,702.7344
8000000,548.8281
9000000,760.15625
10000000,710.9375
