steps,returns
1000000,424.41406
2000000,457.22656
3000000,1509.375
4000000,579.6875
5000000,907.03125
6000000,589.2578
7000000,884.375
8000000,876.5625
9000000,1592.1875
10000000,1037.5
