steps,returns
1000000,125.0
2000000,305.46875
3000000,211.91406
4000000,630.27344
5000000,356.83594
6000000,429.8828
7000000,215.42969
8000000,383.59375
9000000,700.3906
10000000,545.89844
