steps,returns
100000.0,-2.912297
200000.0,-125.08496
300000.0,-317.95142
400000.0,-1195.2708
500000.0,-848.24316
600000.0,-966.1465
700000.0,-618.1301
800000.0,-521.14825
900000.0,-552.6859
1000000.0,-680.3685
