steps,returns
10000,425.17188
20000,280.65625
30000,328.03125
40000,468.03125
50000,212.84375
60000,449.10938
70000,453.6875
80000,261.8125
90000,416.01562
100000,498.97656
