steps,returns
100000.0,243.78755
200000.0,679.1726
300000.0,669.73346
400000.0,682.10004
500000.0,1172.2358
600000.0,2348.504
700000.0,2543.229
800000.0,2678.8982
900000.0,2724.209
1000000.0,2640.9219
