steps,returns
5000,70.6875
10000,65.078125
15000,69.21094
20000,75.10156
25000,77.0
30000,70.546875
35000,77.9375
40000,78.17969
45000,77.125
50000,75.89844
