steps,returns
100000.0,670.45483
200000.0,524.9889
300000.0,629.21106
400000.0,556.1245
500000.0,452.9362
600000.0,498.95972
700000.0,593.9
800000.0,417.7187
900000.0,474.53055
1000000.0,504.00128
