steps,returns
5000,17.578125
10000,16.601562
15000,15.0390625
20000,13.6484375
25000,12.6953125
30000,10.1328125
35000,8.9296875
40000,8.9609375
45000,8.921875
50000,8.9375
