steps,returns
1000000,-17.546875
2000000,-18.15625
3000000,-17.765625
4000000,-18.421875
5000000,-17.875
6000000,-17.921875
7000000,-17.875
8000000,-17.890625
9000000,-17.765625
10000000,-17.578125
