steps,returns
5000,115.13281
10000,240.02344
15000,192.70312
20000,111.96094
25000,116.671875
30000,116.02344
35000,221.89844
40000,126.86719
45000,103.57031
50000,102.38281
