steps,returns
5000,46.265625
10000,57.703125
15000,57.5625
20000,62.023438
25000,65.984375
30000,61.882812
35000,65.140625
40000,62.109375
45000,65.39844
50000,68.42969
