steps,returns
10000,291.96875
20000,478.21094
30000,172.0
40000,255.80469
50000,212.46094
60000,364.42188
70000,265.14844
80000,500.0
90000,246.99219
100000,500.0
