steps,returns
10000,445.71094
20000,411.8047
30000,438.01562
40000,377.03125
50000,500.0
60000,500.0
70000,373.98438
80000,458.46875
90000,417.76562
100000,497.41406
