steps,returns
10000,-500.0
20000,-500.0
30000,-500.0
40000,-500.0
50000,-500.0
60000,-478.9297
70000,-437.9297
80000,-327.32812
90000,-234.38281
100000,-235.77344
