steps,returns
100000.0,1063.5973
200000.0,1000.48517
300000.0,972.1996
400000.0,889.181
500000.0,814.8947
600000.0,675.3074
700000.0,606.1417
800000.0,206.02362
900000.0,51.001785
1000000.0,-29.47868
