steps,returns
10000,-147.67969
20000,-149.8125
30000,-163.28906
40000,-500.0
50000,-500.0
60000,-500.0
70000,-500.0
80000,-500.0
90000,-500.0
100000,-500.0
