steps,returns
1000000,501.95312
2000000,623.4375
3000000,775.0
4000000,800.58594
5000000,801.9531
6000000,662.8906
7000000,1639.6484
8000000,1178.125
9000000,1156.4453
10000000,848.4375
