steps,returns
10000,420.4922
20000,500.0
30000,500.0
40000,500.0
50000,344.65625
60000,499.53125
70000,131.4375
80000,251.84375
90000,500.0
100000,215.86719
