steps,returns
10000,474.5547
20000,500.0
30000,151.85156
40000,9.4140625
50000,106.92969
60000,16.210938
70000,114.71875
80000,102.67969
90000,283.76562
100000,280.16406
