steps,returns
1000000,-17.828125
2000000,-17.234375
3000000,-17.171875
4000000,-18.125
5000000,-17.5
6000000,-17.3125
7000000,-17.375
8000000,-18.703125
9000000,-17.125
10000000,-18.578125
