steps,returns
5000,8.875
10000,8.7578125
15000,8.8671875
20000,8.8984375
25000,8.8671875
30000,8.875
35000,8.890625
40000,9.0
45000,8.9375
50000,8.859375
