steps,returns
5000,9.203125
10000,9.3046875
15000,9.328125
20000,9.3671875
25000,9.6171875
30000,13.484375
35000,17.976562
40000,29.140625
45000,46.648438
50000,15.46875
