steps,returns
1000000,29.0625
2000000,16.875
3000000,49.375
4000000,42.5
5000000,15.78125
6000000,16.71875
7000000,42.03125
8000000,27.65625
9000000,51.09375
10000000,17.65625
