steps,returns
100000.0,780.116
200000.0,765.72797
300000.0,923.99194
400000.0,886.3236
500000.0,933.97644
600000.0,954.08167
700000.0,932.5283
800000.0,908.0117
900000.0,922.5093
1000000.0,973.1888
