steps,returns
10000,-500.0
20000,-452.14844
30000,-131.69531
40000,-108.47656
50000,-500.0
60000,-132.39844
70000,-492.4297
80000,-491.14062
90000,-492.02344
100000,-112.171875
