steps,returns
100000.0,903.9739
200000.0,857.47156
300000.0,722.4138
400000.0,776.62805
500000.0,782.8635
600000.0,712.9657
700000.0,816.323
800000.0,863.88776
900000.0,1027.9899
1000000.0,1065.632
