steps,returns
100000.0,-0.92701566
200000.0,-1.5962608
300000.0,-7.2985353
400000.0,15.201628
500000.0,40.92776
600000.0,-384.6244
700000.0,-339.92566
800000.0,-396.146
900000.0,-878.1229
1000000.0,-649.11224
