steps,returns
100000.0,81.793015
200000.0,-241.61374
300000.0,-405.4166
400000.0,-2087.935
500000.0,-2901.7441
600000.0,-5829.8296
700000.0,-10805.961
800000.0,-19349.016
900000.0,-27655.04
1000000.0,-46485.78
