steps,returns
10000,73.83594
20000,69.1875
30000,72.234375
40000,71.1875
50000,71.546875
60000,68.21094
70000,74.11719
80000,72.77344
90000,74.03906
100000,75.390625
