steps,returns
1000000,-17.6875
2000000,-17.46875
3000000,-18.09375
4000000,-18.75
5000000,-17.890625
6000000,-17.65625
7000000,-18.21875
8000000,-18.53125
9000000,-18.265625
10000000,-18.265625
