steps,returns
5000,9.484375
10000,13.328125
15000,17.210938
20000,38.867188
25000,151.57812
30000,122.85156
35000,50.273438
40000,46.054688
45000,56.898438
50000,151.71094
