steps,returns
100000.0,850.108
200000.0,840.7716
300000.0,1757.344
400000.0,2008.6003
500000.0,2054.316
600000.0,1151.0286
700000.0,1830.2417
800000.0,1640.471
900000.0,153.65091
1000000.0,-408.63696
