steps,returns
1000000,52.65625
2000000,16.875
3000000,124.0625
4000000,27.8125
5000000,21.40625
6000000,18.90625
7000000,385.07812
8000000,123.90625
9000000,244.0625
10000000,299.375
