steps,returns
10000,-453.47656
20000,-500.0
30000,-234.00781
40000,-500.0
50000,-500.0
60000,-500.0
70000,-500.0
80000,-500.0
90000,-488.79688
100000,-111.234375
