steps,returns
100000.0,1012.59546
200000.0,972.4977
300000.0,929.878
400000.0,851.8087
500000.0,717.70605
600000.0,700.76544
700000.0,793.4076
800000.0,1094.6582
900000.0,943.9169
1000000.0,1044.2457
