steps,returns
10000,157.35156
20000,23.515625
30000,169.49219
40000,73.421875
50000,185.6875
60000,268.1953
70000,127.02344
80000,116.53125
90000,9.21875
100000,17.296875
