steps,returns
1000000,-17.96875
2000000,-17.328125
3000000,-17.234375
4000000,-17.625
5000000,-17.859375
6000000,-17.90625
7000000,-17.25
8000000,-17.3125
9000000,-18.171875
10000000,-17.234375
