steps,returns
10000,195.08594
20000,147.35938
30000,500.0
40000,500.0
50000,254.24219
60000,192.58594
70000,496.375
80000,500.0
90000,134.51562
100000,469.3828
