steps,returns
100000.0,1031.5653
200000.0,1026.8348
300000.0,1017.1697
400000.0,1010.41235
500000.0,992.7337
600000.0,966.4027
700000.0,929.179
800000.0,889.4901
900000.0,836.70593
1000000.0,780.3617
