steps,returns
1000000,327.73438
2000000,198.04688
3000000,185.54688
4000000,333.78906
5000000,275.0
6000000,178.71094
7000000,345.89844
8000000,532.22656
9000000,479.6875
10000000,525.0
