steps,returns
10000,-281.02344
20000,-329.6797
30000,-310.8125
40000,-345.96875
50000,-371.6953
60000,-397.46094
70000,-394.28125
80000,-451.42188
90000,-450.96094
100000,-463.42188
