steps,returns
10000,103.38281
20000,82.90625
30000,82.13281
40000,103.921875
50000,107.97656
60000,105.828125
70000,140.26562
80000,143.50781
90000,147.35938
100000,150.21875
