steps,returns
1000000,452.42188
2000000,647.34375
3000000,3307.1094
4000000,1435.0781
5000000,706.4844
6000000,2632.5
7000000,2262.9688
8000000,2529.375
9000000,309.375
10000000,2111.3281
