steps,returns
100000.0,579.86224
200000.0,-268.73267
300000.0,-1578.0259
400000.0,-3168.6536
500000.0,-9344.291
600000.0,-17658.95
700000.0,-57964.57
800000.0,-63328.234
900000.0,-90736.66
1000000.0,-281880.44
