steps,returns
1000000,-18.4375
2000000,-17.640625
3000000,-17.921875
4000000,-17.484375
5000000,-17.84375
6000000,-17.640625
7000000,-17.640625
8000000,-17.859375
9000000,-17.5625
10000000,-17.28125
