steps,returns
5000,41.21875
10000,26.40625
15000,40.632812
20000,145.65625
25000,44.140625
30000,21.945312
35000,296.8828
40000,317.04688
45000,160.95312
50000,140.10156
