steps,returns
10000,203.45312
20000,418.7422
30000,261.67188
40000,9.4140625
50000,9.2578125
60000,9.3984375
70000,9.3125
80000,9.3515625
90000,9.3203125
100000,9.2890625
