steps,returns
100000.0,606.32117
200000.0,517.6752
300000.0,525.6221
400000.0,523.4215
500000.0,506.12775
600000.0,527.2544
700000.0,565.47675
800000.0,561.4783
900000.0,612.985
1000000.0,638.39795
