steps,returns
5000,27.6875
10000,27.109375
15000,28.585938
20000,27.679688
25000,26.96875
30000,27.992188
35000,27.445312
40000,27.109375
45000,28.132812
50000,28.546875
