steps,returns
5000,86.52344
10000,85.19531
15000,78.80469
20000,70.109375
25000,49.820312
30000,43.75
35000,40.171875
40000,20.242188
45000,15.21875
50000,20.054688
