steps,returns
10000,113.94531
20000,105.484375
30000,131.07812
40000,185.9375
50000,229.07031
60000,279.72656
70000,357.78125
80000,381.4375
90000,450.47656
100000,449.0625
