steps,returns
1000000,280.66406
2000000,238.47656
3000000,375.0
4000000,589.84375
5000000,295.1172
6000000,433.59375
7000000,439.64844
8000000,491.40625
9000000,397.46094
10000000,326.7578
