steps,returns
5000,8.7890625
10000,8.8125
15000,8.859375
20000,8.8515625
25000,8.8828125
30000,8.796875
35000,8.84375
40000,8.8515625
45000,8.828125
50000,8.859375
