steps,returns
100000.0,772.135
200000.0,608.46436
300000.0,513.4713
400000.0,509.94278
500000.0,517.8502
600000.0,493.42682
700000.0,500.1999
800000.0,507.90662
900000.0,600.48035
1000000.0,559.3126
