steps,returns
5000,39.140625
10000,49.929688
15000,48.054688
20000,54.070312
25000,52.304688
30000,56.15625
35000,54.398438
40000,46.773438
45000,45.640625
50000,45.078125
