steps,returns
5000,10.0546875
10000,115.859375
15000,134.19531
20000,115.64844
25000,108.30469
30000,215.30469
35000,274.5078
40000,268.7422
45000,139.20312
50000,113.6875
