steps,returns
5000,9.265625
10000,9.296875
15000,9.4375
20000,9.3125
25000,9.1875
30000,9.296875
35000,9.4140625
40000,9.203125
45000,9.390625
50000,9.3203125
