steps,returns
10000,71.30469
20000,52.523438
30000,116.17969
40000,139.8125
50000,141.92188
60000,158.79688
70000,178.30469
80000,155.16406
90000,205.0625
100000,171.5625
