steps,returns
10000,-500.0
20000,-370.66406
30000,-303.8047
40000,-500.0
50000,-500.0
60000,-500.0
70000,-500.0
80000,-500.0
90000,-413.54688
100000,-341.64844
