steps,returns
1000000,95.46875
2000000,25.625
3000000,252.03125
4000000,56.5625
5000000,504.375
6000000,375.78125
7000000,603.5156
8000000,225.78125
9000000,80.78125
10000000,942.65625
