steps,returns
1000000,-18.328125
2000000,-18.109375
3000000,-18.03125
4000000,-17.90625
5000000,-17.25
6000000,-17.109375
7000000,-17.90625
8000000,-17.03125
9000000,-16.53125
10000000,-17.625
