steps,returns
100000.0,780.2118
200000.0,877.4785
300000.0,533.56604
400000.0,496.85638
500000.0,70.69365
600000.0,-108.40433
700000.0,-3316.5476
800000.0,-5720.3057
900000.0,-5798.3643
1000000.0,-5669.6377
