steps,returns
1000000,546.28906
2000000,713.28125
3000000,465.03906
4000000,527.7344
5000000,2374.2188
6000000,2286.7188
7000000,506.4453
8000000,4063.6719
9000000,2555.0781
10000000,2458.3984
