steps,returns
5000,9.2265625
10000,9.2890625
15000,9.359375
20000,9.40625
25000,9.3359375
30000,9.390625
35000,9.515625
40000,9.390625
45000,9.34375
50000,9.25
