steps,returns
100000.0,276.41
200000.0,281.0642
300000.0,280.35834
400000.0,280.1829
500000.0,279.78738
600000.0,281.38135
700000.0,279.9254
800000.0,280.2477
900000.0,279.5003
1000000.0,277.2688
