steps,returns
100000.0,-3.4232073
200000.0,-0.18793377
300000.0,1.0953801
400000.0,1.8296809
500000.0,2.5614119
600000.0,2.9184399
700000.0,3.673293
800000.0,3.2926178
900000.0,3.7618942
1000000.0,3.3951793
