steps,returns
5000,9.296875
10000,9.34375
15000,9.53125
20000,10.140625
25000,11.328125
30000,14.6015625
35000,56.226562
40000,102.07031
45000,52.398438
50000,40.0
