steps,returns
10000,169.14062
20000,129.99219
30000,500.0
40000,500.0
50000,500.0
60000,500.0
70000,500.0
80000,500.0
90000,500.0
100000,500.0
