steps,returns
1000000,317.3828
2000000,300.0
3000000,125.0
4000000,125.0
5000000,150.0
6000000,348.04688
7000000,338.08594
8000000,282.03125
9000000,228.32031
10000000,211.91406
