steps,returns
100000.0,-636.6633
200000.0,-653.4512
300000.0,-621.89514
400000.0,-645.90015
500000.0,-644.5254
600000.0,-614.02966
700000.0,-625.6583
800000.0,-686.6613
900000.0,-627.4246
1000000.0,-598.90955
