steps,returns
5000,66.96094
10000,72.234375
15000,73.33594
20000,72.28125
25000,66.97656
30000,70.5625
35000,76.875
40000,72.10156
45000,77.24219
50000,76.796875
