steps,returns
1000000,-18.015625
2000000,-17.34375
3000000,-17.5
4000000,-17.046875
5000000,-16.984375
6000000,-17.125
7000000,-16.703125
8000000,-16.640625
9000000,-16.359375
10000000,-16.640625
