steps,returns
100000.0,837.88965
200000.0,307.40042
300000.0,-50.805702
400000.0,-827.24915
500000.0,-2248.317
600000.0,-4592.64
700000.0,-9367.852
800000.0,-15482.381
900000.0,-64023.28
1000000.0,-132741.75
