steps,returns
100000.0,-178.23586
200000.0,-193.33786
300000.0,-31.252232
400000.0,64.84592
500000.0,99.26015
600000.0,135.1757
700000.0,162.2623
800000.0,163.9364
900000.0,167.72287
1000000.0,158.20914
