steps,returns
1000000,288.08594
2000000,266.01562
3000000,249.60938
4000000,323.6328
5000000,220.70312
6000000,186.91406
7000000,233.39844
8000000,286.52344
9000000,244.92188
10000000,426.95312
