steps,returns
100000.0,113.37596
200000.0,-254.51462
300000.0,-68.5363
400000.0,30.038933
500000.0,4.039446
600000.0,-7.7098103
700000.0,-266.24738
800000.0,-477.44553
900000.0,-720.99805
1000000.0,-791.78766
