steps,returns
100000.0,835.17267
200000.0,33.341324
300000.0,-739.00977
400000.0,-4012.9434
500000.0,-9079.648
600000.0,-25818.098
700000.0,-25761.691
800000.0,-25749.148
900000.0,-184437.2
1000000.0,-712674.9
