steps,returns
1000000,281.83594
2000000,249.02344
3000000,274.60938
4000000,335.15625
5000000,688.6719
6000000,783.9844
7000000,353.90625
8000000,491.9922
9000000,879.10156
10000000,493.16406
