steps,returns
5000,9.296875
10000,14.828125
15000,36.09375
20000,35.078125
25000,23.679688
30000,169.35156
35000,114.078125
40000,166.375
45000,188.33594
50000,138.1875
