steps,returns
1000000,2570.0
2000000,1359.2969
3000000,0.0
4000000,843.90625
5000000,1384.375
6000000,478.125
7000000,304.21875
8000000,0.0
9000000,2643.125
10000000,0.0
