steps,returns
5000,18.515625
10000,94.58594
15000,115.796875
20000,81.96094
25000,25.929688
30000,102.453125
35000,135.50781
40000,243.21875
45000,500.0
50000,119.796875
