steps,returns
5000,24.304688
10000,159.32812
15000,361.5
20000,327.40625
25000,143.75781
30000,200.22656
35000,139.22656
40000,170.125
45000,124.859375
50000,148.64062
