steps,returns
1000000,267.57812
2000000,250.0
3000000,363.8672
4000000,671.09375
5000000,505.46875
6000000,553.90625
7000000,834.375
8000000,900.1953
9000000,780.8594
10000000,631.25
