steps,returns
100000.0,-0.60411966
200000.0,-5.1982174
300000.0,29.087507
400000.0,-134.83807
500000.0,-194.57411
600000.0,-396.91785
700000.0,-353.83047
800000.0,-399.8872
900000.0,-796.59576
1000000.0,-957.57715
