steps,returns
10000,9.3515625
20000,9.3828125
30000,9.4140625
40000,9.5
50000,9.3046875
60000,9.3828125
70000,9.2890625
80000,9.3125
90000,9.4296875
100000,9.4609375
