steps,returns
10000,106.55469
20000,75.57031
30000,97.4375
40000,122.921875
50000,136.84375
60000,181.09375
70000,239.63281
80000,241.96875
90000,229.4375
100000,280.6953
