steps,returns
1000000,-17.046875
2000000,-16.734375
3000000,-16.140625
4000000,-16.0625
5000000,-16.5625
6000000,-15.234375
7000000,-15.71875
8000000,-16.84375
9000000,-17.015625
10000000,-17.015625
