steps,returns
1000000,-18.328125
2000000,-18.0
3000000,-18.078125
4000000,-17.90625
5000000,-18.296875
6000000,-18.15625
7000000,-18.09375
8000000,-18.078125
9000000,-18.4375
10000000,-18.421875
