steps,returns
1000000,-17.875
2000000,-17.84375
3000000,-18.25
4000000,-18.203125
5000000,-18.046875
6000000,-18.421875
7000000,-17.96875
8000000,-17.96875
9000000,-17.96875
10000000,-17.625
