steps,returns
100000.0,783.36316
200000.0,694.30676
300000.0,512.8481
400000.0,505.13693
500000.0,576.8318
600000.0,669.7974
700000.0,706.5596
800000.0,728.5356
900000.0,775.2707
1000000.0,1043.6519
