steps,returns
100000.0,-55.23706
200000.0,231.2301
300000.0,89.21315
400000.0,-17367.9
500000.0,-9548.242
600000.0,-5904.999
700000.0,-9368.755
800000.0,-7326.414
900000.0,-8119.0527
1000000.0,-7044.7505
