steps,returns
10000,-500.0
20000,-179.01562
30000,-500.0
40000,-440.625
50000,-108.39844
60000,-91.640625
70000,-419.34375
80000,-124.765625
90000,-433.25
100000,-96.921875
