steps,returns
10000,-500.0
20000,-500.0
30000,-494.66406
40000,-409.8828
50000,-113.21094
60000,-500.0
70000,-500.0
80000,-500.0
90000,-500.0
100000,-500.0
