steps,returns
100000.0,111.50403
200000.0,531.50934
300000.0,-3328.9978
400000.0,-84362.19
500000.0,-624400.6
600000.0,-833463.1
700000.0,-723516.0
800000.0,-639643.5
900000.0,-578523.4
1000000.0,-516083.25
