steps,returns
5000,15.65625
10000,11.109375
15000,124.484375
20000,192.52344
25000,199.01562
30000,212.49219
35000,283.98438
40000,168.61719
45000,206.99219
50000,169.5
