steps,returns
10000,479.85938
20000,318.53125
30000,499.2578
40000,482.3125
50000,500.0
60000,500.0
70000,225.65625
80000,500.0
90000,500.0
100000,500.0
