steps,returns
1000000,17.03125
2000000,59.84375
3000000,181.71875
4000000,17.34375
5000000,33.4375
6000000,17.5
7000000,42.5
8000000,17.96875
9000000,109.21875
10000000,19.53125
