steps,returns
1000000,2662.0312
2000000,3439.2188
3000000,2802.2656
4000000,482.73438
5000000,2183.9062
6000000,3549.375
7000000,408.51562
8000000,2662.8125
9000000,0.0
10000000,3422.8125
