steps,returns
10000,92.765625
20000,78.22656
30000,81.10156
40000,86.5
50000,120.796875
60000,127.30469
70000,152.25
80000,116.84375
90000,125.52344
100000,130.51562
