steps,returns
1000000,150.0
2000000,261.52344
3000000,275.0
4000000,439.2578
5000000,259.96094
6000000,302.53906
7000000,507.03125
8000000,250.0
9000000,539.64844
10000000,427.34375
