steps,returns
10000,457.8828
20000,229.07812
30000,498.66406
40000,500.0
50000,500.0
60000,500.0
70000,500.0
80000,500.0
90000,500.0
100000,500.0
