steps,returns
5000,16.304688
10000,167.625
15000,167.21875
20000,111.14844
25000,107.72656
30000,170.72656
35000,422.46875
40000,99.4375
45000,101.140625
50000,94.69531
