steps,returns
10000,74.53906
20000,195.25
30000,88.734375
40000,117.64844
50000,134.25
60000,138.22656
70000,66.50781
80000,9.40625
90000,9.359375
100000,9.4140625
