steps,returns
5000,134.96875
10000,193.51562
15000,109.82031
20000,119.66406
25000,44.484375
30000,87.609375
35000,89.13281
40000,26.6875
45000,90.765625
50000,98.32031
