steps,returns
100000.0,1026.1484
200000.0,999.8257
300000.0,951.21216
400000.0,882.52966
500000.0,814.5647
600000.0,792.7037
700000.0,802.9593
800000.0,753.3915
900000.0,794.5304
1000000.0,775.62634
