steps,returns
100000.0,585.35016
200000.0,162.63419
300000.0,-794.11194
400000.0,-2749.6038
500000.0,-8761.643
600000.0,-15821.5
700000.0,-30561.91
800000.0,-67149.81
900000.0,-369525.16
1000000.0,-361091.1
