steps,returns
1000000,-17.96875
2000000,-18.25
3000000,-18.25
4000000,-18.796875
5000000,-17.59375
6000000,-17.59375
7000000,-17.828125
8000000,-17.578125
9000000,-17.8125
10000000,-18.3125
