steps,returns
1000000,150.46875
2000000,184.84375
3000000,537.2656
4000000,17.8125
5000000,42.65625
6000000,299.21875
7000000,651.0156
8000000,454.21875
9000000,766.9531
10000000,293.28125
