steps,returns
100000.0,518.02673
200000.0,628.38074
300000.0,873.0324
400000.0,1170.218
500000.0,1141.8528
600000.0,1138.013
700000.0,1056.6467
800000.0,809.1549
900000.0,481.66333
1000000.0,292.68793
