steps,returns
1000000,-17.578125
2000000,-17.953125
3000000,-17.765625
4000000,-18.234375
5000000,-17.796875
6000000,-18.375
7000000,-18.0625
8000000,-17.671875
9000000,-18.09375
10000000,-17.90625
