steps,returns
100000.0,-465.22705
200000.0,-475.99582
300000.0,-1544.6553
400000.0,-4942.3022
500000.0,-8636.993
600000.0,-16725.852
700000.0,-29840.467
800000.0,-47979.79
900000.0,-81187.11
1000000.0,-132719.83
