steps,returns
10000,324.4922
20000,450.58594
30000,303.14844
40000,218.59375
50000,240.19531
60000,282.08594
70000,494.89062
80000,500.0
90000,481.46875
100000,303.58594
