steps,returns
1000000,-18.1875
2000000,-17.390625
3000000,-18.015625
4000000,-17.625
5000000,-17.40625
6000000,-18.546875
7000000,-17.78125
8000000,-18.328125
9000000,-17.0625
10000000,-17.921875
