steps,returns
5000,9.359375
10000,9.34375
15000,9.4453125
20000,9.3359375
25000,9.296875
30000,9.28125
35000,9.234375
40000,9.3984375
45000,9.3046875
50000,9.296875
