steps,returns
100000.0,10.10941
200000.0,-282.60046
300000.0,-353.1367
400000.0,-1641.6123
500000.0,-3039.7673
600000.0,-6579.9746
700000.0,-11733.011
800000.0,-20507.277
900000.0,-30300.387
1000000.0,-36227.848
