steps,returns
5000,9.390625
10000,9.2265625
15000,9.34375
20000,18.617188
25000,25.039062
30000,15.0234375
35000,22.71875
40000,53.96875
45000,62.414062
50000,26.40625
