steps,returns
1000000,17.65625
2000000,16.875
3000000,16.71875
4000000,143.4375
5000000,38.4375
6000000,186.09375
7000000,201.71875
8000000,37.34375
9000000,173.90625
10000000,47.8125
