steps,returns
10000,-482.32812
20000,-500.0
30000,-226.44531
40000,-299.10938
50000,-490.6328
60000,-500.0
70000,-500.0
80000,-500.0
90000,-500.0
100000,-500.0
