steps,returns
1000000,-18.140625
2000000,-18.15625
3000000,-18.109375
4000000,-18.03125
5000000,-18.390625
6000000,-17.265625
7000000,-17.734375
8000000,-18.03125
9000000,-17.03125
10000000,-17.390625
