steps,returns
100000.0,524.1034
200000.0,446.00565
300000.0,490.32764
400000.0,678.13293
500000.0,669.22284
600000.0,777.2092
700000.0,1030.7076
800000.0,655.588
900000.0,698.6025
1000000.0,920.0796
