steps,returns
100000.0,693.5061
200000.0,906.0946
300000.0,1099.4574
400000.0,912.93805
500000.0,524.49713
600000.0,646.17773
700000.0,612.3362
800000.0,1159.3673
900000.0,1320.5251
1000000.0,1209.5637
