steps,returns
10000,121.17969
20000,87.36719
30000,85.85156
40000,77.671875
50000,75.07031
60000,73.52344
70000,86.63281
80000,88.703125
90000,71.78125
100000,76.265625
