{"config": {"hp_config.clip_eps": 0.10443837804741735, "hp_config.ent_coef": 0.08065475894249813, "hp_config.gae_lambda": 0.9305563542605332, "hp_config.learning_rate": 1.846962223200756e-05, "hp_config.max_grad_norm": 0.4663107728563063, "hp_config.minibatch_size": 32, "hp_config.normalize_advantage": true, "hp_config.vf_clip_eps": 0.05518757058215257, "hp_config.vf_coef": 0.6563295894652734}, "score": -1341.4642333984375, "budget_used": 13, "total_wallclock_time": -166.2791485786438, "total_optimization_time": 0.00923013687133789}
{"config": {"hp_config.clip_eps": 0.10443837804741735, "hp_config.ent_coef": 0.08065475894249813, "hp_config.gae_lambda": 0.9305563542605332, "hp_config.learning_rate": 1.846962223200756e-05, "hp_config.max_grad_norm": 0.4663107728563063, "hp_config.minibatch_size": 32, "hp_config.normalize_advantage": true, "hp_config.vf_clip_eps": 0.05518757058215257, "hp_config.vf_coef": 0.6563295894652734}, "score": -1341.4642333984375, "budget_used": 26, "total_wallclock_time": -300.89005637168884, "total_optimization_time": 0.13785552978515625}
{"config": {"hp_config.clip_eps": 0.34849862086249367, "hp_config.ent_coef": 0.3893476979705517, "hp_config.gae_lambda": 0.9554037716135657, "hp_config.learning_rate": 1.982041856987241e-05, "hp_config.max_grad_norm": 0.37381313793256143, "hp_config.minibatch_size": 64, "hp_config.normalize_advantage": true, "hp_config.vf_clip_eps": 0.18542639960894436, "hp_config.vf_coef": 0.19705428018563964}, "score": -2610.628662109375, "budget_used": 39, "total_wallclock_time": -590.900505065918, "total_optimization_time": 0.14113306999206543}
{"config": {"hp_config.clip_eps": 0.3450125100956137, "hp_config.ent_coef": 0.34981102712525836, "hp_config.gae_lambda": 0.8655113082712681, "hp_config.learning_rate": 0.006079854886425403, "hp_config.max_grad_norm": 0.6360610554471413, "hp_config.minibatch_size": 32, "hp_config.normalize_advantage": true, "hp_config.vf_clip_eps": 0.39819573725866586, "hp_config.vf_coef": 0.9591666030352225}, "score": NaN, "budget_used": 52, "total_wallclock_time": -739.6986382007599, "total_optimization_time": 0.1516740322113037}
{"config": {"hp_config.clip_eps": 0.3450125100956137, "hp_config.ent_coef": 0.34981102712525836, "hp_config.gae_lambda": 0.8655113082712681, "hp_config.learning_rate": 0.006079854886425403, "hp_config.max_grad_norm": 0.6360610554471413, "hp_config.minibatch_size": 32, "hp_config.normalize_advantage": true, "hp_config.vf_clip_eps": 0.39819573725866586, "hp_config.vf_coef": 0.9591666030352225}, "score": NaN, "budget_used": 65, "total_wallclock_time": -944.9982814788818, "total_optimization_time": 0.1963346004486084}
{"config": {"hp_config.clip_eps": 0.3450125100956137, "hp_config.ent_coef": 0.34981102712525836, "hp_config.gae_lambda": 0.8655113082712681, "hp_config.learning_rate": 0.006079854886425403, "hp_config.max_grad_norm": 0.6360610554471413, "hp_config.minibatch_size": 32, "hp_config.normalize_advantage": true, "hp_config.vf_clip_eps": 0.39819573725866586, "hp_config.vf_coef": 0.9591666030352225}, "score": NaN, "budget_used": 78, "total_wallclock_time": -1239.2599039077759, "total_optimization_time": 0.20021772384643555}
{"config": {"hp_config.clip_eps": 0.3450125100956137, "hp_config.ent_coef": 0.34981102712525836, "hp_config.gae_lambda": 0.8655113082712681, "hp_config.learning_rate": 0.006079854886425403, "hp_config.max_grad_norm": 0.6360610554471413, "hp_config.minibatch_size": 32, "hp_config.normalize_advantage": true, "hp_config.vf_clip_eps": 0.39819573725866586, "hp_config.vf_coef": 0.9591666030352225}, "score": NaN, "budget_used": 91, "total_wallclock_time": -1597.0332627296448, "total_optimization_time": 0.22036147117614746}
{"config": {"hp_config.clip_eps": 0.3450125100956137, "hp_config.ent_coef": 0.34981102712525836, "hp_config.gae_lambda": 0.8655113082712681, "hp_config.learning_rate": 0.006079854886425403, "hp_config.max_grad_norm": 0.6360610554471413, "hp_config.minibatch_size": 32, "hp_config.normalize_advantage": true, "hp_config.vf_clip_eps": 0.39819573725866586, "hp_config.vf_coef": 0.9591666030352225}, "score": NaN, "budget_used": 104, "total_wallclock_time": -1733.9612257480621, "total_optimization_time": 0.23632097244262695}
{"config": {"hp_config.clip_eps": 0.3450125100956137, "hp_config.ent_coef": 0.34981102712525836, "hp_config.gae_lambda": 0.8655113082712681, "hp_config.learning_rate": 0.006079854886425403, "hp_config.max_grad_norm": 0.6360610554471413, "hp_config.minibatch_size": 32, "hp_config.normalize_advantage": true, "hp_config.vf_clip_eps": 0.39819573725866586, "hp_config.vf_coef": 0.9591666030352225}, "score": NaN, "budget_used": 117, "total_wallclock_time": -1867.0780386924744, "total_optimization_time": 0.2396106719970703}
{"config": {"hp_config.clip_eps": 0.3450125100956137, "hp_config.ent_coef": 0.34981102712525836, "hp_config.gae_lambda": 0.8655113082712681, "hp_config.learning_rate": 0.006079854886425403, "hp_config.max_grad_norm": 0.6360610554471413, "hp_config.minibatch_size": 32, "hp_config.normalize_advantage": true, "hp_config.vf_clip_eps": 0.39819573725866586, "hp_config.vf_coef": 0.9591666030352225}, "score": NaN, "budget_used": 130, "total_wallclock_time": -1995.921207666397, "total_optimization_time": 0.24244022369384766}
{"config": {"hp_config.clip_eps": 0.3450125100956137, "hp_config.ent_coef": 0.34981102712525836, "hp_config.gae_lambda": 0.8655113082712681, "hp_config.learning_rate": 0.006079854886425403, "hp_config.max_grad_norm": 0.6360610554471413, "hp_config.minibatch_size": 32, "hp_config.normalize_advantage": true, "hp_config.vf_clip_eps": 0.39819573725866586, "hp_config.vf_coef": 0.9591666030352225}, "score": NaN, "budget_used": 143, "total_wallclock_time": -2131.142100095749, "total_optimization_time": 0.2457563877105713}
