steps,returns
100000.0,883.63904
200000.0,38.386158
300000.0,-1070.5934
400000.0,-2190.8472
500000.0,-2760.2817
600000.0,-5312.8325
700000.0,-4206.8613
800000.0,-4554.804
900000.0,-4580.0396
1000000.0,-4543.8696
