steps,returns
5000,9.4765625
10000,25.703125
15000,60.078125
20000,32.515625
25000,213.60938
30000,98.91406
35000,164.45312
40000,330.64062
45000,169.95312
50000,158.52344
