steps,returns
1000000,17.34375
2000000,17.65625
3000000,40.0
4000000,141.64062
5000000,35.625
6000000,105.46875
7000000,31.25
8000000,280.15625
9000000,409.84375
10000000,531.0156
