steps,returns
1000000,-1.3125
2000000,-1.28125
3000000,-23.90625
4000000,-1.3125
5000000,-1.171875
6000000,-1.296875
7000000,-1.25
8000000,-1.265625
9000000,-1.359375
10000000,-1.390625
