steps,returns
5000,9.15625
10000,9.078125
15000,9.109375
20000,9.015625
25000,9.0
30000,9.1484375
35000,9.1328125
40000,9.2109375
45000,9.1484375
50000,9.25
