steps,returns
1000000,-17.609375
2000000,-17.34375
3000000,-16.609375
4000000,-16.609375
5000000,-16.484375
6000000,-15.765625
7000000,-15.796875
8000000,-15.34375
9000000,-14.8125
10000000,-14.546875
