steps,returns
100000.0,-4.9876986
200000.0,-89.67883
300000.0,-416.13486
400000.0,-910.6697
500000.0,-859.71436
600000.0,-629.3178
700000.0,-637.73755
800000.0,-965.65753
900000.0,-1039.5795
1000000.0,-1367.2261
