steps,returns
100000.0,1015.21173
200000.0,1024.7063
300000.0,1024.2067
400000.0,1023.215
500000.0,1018.90704
600000.0,1021.72144
700000.0,1019.96704
800000.0,1016.7384
900000.0,1015.0969
1000000.0,1012.5727
