steps,returns
10000,-346.25
20000,-345.46875
30000,-402.51562
40000,-443.90625
50000,-491.16406
60000,-500.0
70000,-500.0
80000,-499.46875
90000,-500.0
100000,-500.0
