steps,returns
100000.0,3.8989775
200000.0,-420.4003
300000.0,-415.02643
400000.0,-1270.8838
500000.0,-898.5656
600000.0,-1158.9043
700000.0,-821.04626
800000.0,-977.2014
900000.0,-849.60425
1000000.0,-961.47565
