steps,returns
5000,9.390625
10000,9.4921875
15000,9.7578125
20000,18.828125
25000,101.96875
30000,129.11719
35000,308.40625
40000,109.08594
45000,152.20312
50000,94.203125
