steps,returns
10000,124.484375
20000,233.14844
30000,500.0
40000,471.70312
50000,494.54688
60000,63.84375
70000,500.0
80000,500.0
90000,498.8125
100000,500.0
