steps,returns
1000000,-18.140625
2000000,-17.890625
3000000,-18.390625
4000000,-18.015625
5000000,-17.8125
6000000,-18.015625
7000000,-18.46875
8000000,-18.578125
9000000,-17.546875
10000000,-17.90625
