steps,returns
1000000,166.79688
2000000,301.7578
3000000,556.0547
4000000,295.3125
5000000,150.0
6000000,363.28125
7000000,260.15625
8000000,342.96875
9000000,400.0
10000000,232.03125
