steps,returns
1000000,-17.828125
2000000,-18.3125
3000000,-17.609375
4000000,-18.140625
5000000,-17.703125
6000000,-18.09375
7000000,-18.078125
8000000,-17.953125
9000000,-17.796875
10000000,-17.859375
