steps,returns
1000000,17.03125
2000000,909.1406
3000000,390.78125
4000000,885.46875
5000000,1226.5625
6000000,849.84375
7000000,2620.4688
8000000,3721.0156
9000000,2869.2188
10000000,3584.2969
