steps,returns
100000.0,-3.3461807
200000.0,-7.2119803
300000.0,-135.7318
400000.0,-301.96548
500000.0,-362.84903
600000.0,-924.9696
700000.0,-1366.8966
800000.0,-1265.85
900000.0,-1404.8381
1000000.0,-1251.0847
