steps,returns
10000,-141.34375
20000,-370.16406
30000,-500.0
40000,-500.0
50000,-500.0
60000,-500.0
70000,-500.0
80000,-500.0
90000,-439.71875
100000,-500.0
