steps,returns
100000.0,424.70917
200000.0,637.5006
300000.0,1541.8171
400000.0,1586.8772
500000.0,1043.6558
600000.0,859.3179
700000.0,409.6555
800000.0,448.46063
900000.0,596.7355
1000000.0,820.9425
