steps,returns
5000,9.2890625
10000,9.390625
15000,9.34375
20000,9.359375
25000,9.375
30000,9.2421875
35000,10.25
40000,13.2421875
45000,18.296875
50000,23.875
