steps,returns
1000000,28.125
2000000,17.03125
3000000,17.34375
4000000,36.71875
5000000,16.25
6000000,17.1875
7000000,17.1875
8000000,29.53125
9000000,50.46875
10000000,29.84375
