steps,returns
1000000,-18.09375
2000000,-18.0
3000000,-17.546875
4000000,-18.3125
5000000,-17.84375
6000000,-18.015625
7000000,-17.21875
8000000,-17.859375
9000000,-17.578125
10000000,-17.0625
