steps,returns
5000,67.55469
10000,66.484375
15000,73.078125
20000,65.55469
25000,68.55469
30000,67.75781
35000,71.02344
40000,70.77344
45000,76.0625
50000,76.61719
