steps,returns
10000,-500.0
20000,-500.0
30000,-500.0
40000,-108.90625
50000,-113.85156
60000,-134.33594
70000,-500.0
80000,-500.0
90000,-500.0
100000,-494.08594
