steps,returns
1000000,-17.921875
2000000,-17.59375
3000000,-17.921875
4000000,-17.421875
5000000,-17.703125
6000000,-17.96875
7000000,-18.21875
8000000,-17.609375
9000000,-17.765625
10000000,-18.046875
