steps,returns
1000000,557.22656
2000000,1553.7109
3000000,1652.7344
4000000,716.40625
5000000,720.7031
6000000,837.1094
7000000,774.8047
8000000,728.90625
9000000,2462.5
10000000,818.75
