steps,returns
100000.0,1005.8793
200000.0,897.6095
300000.0,699.8771
400000.0,365.33344
500000.0,54.41193
600000.0,-220.74985
700000.0,-707.9718
800000.0,-1760.6816
900000.0,-2673.1914
1000000.0,-3921.1382
