steps,returns
100000.0,819.07336
200000.0,841.4459
300000.0,840.21967
400000.0,695.55194
500000.0,662.6052
600000.0,663.056
700000.0,891.9703
800000.0,1214.7402
900000.0,1060.1837
1000000.0,1136.4846
