steps,returns
5000,176.83594
10000,285.9453
15000,402.0547
20000,493.39062
25000,500.0
30000,500.0
35000,500.0
40000,499.78906
45000,498.21094
50000,496.375
