steps,returns
10000,376.41406
20000,183.75781
30000,500.0
40000,431.14062
50000,500.0
60000,371.64062
70000,500.0
80000,500.0
90000,500.0
100000,500.0
