steps,returns
100000.0,382.31146
200000.0,-377.46246
300000.0,-3244.631
400000.0,-10936.873
500000.0,-29176.781
600000.0,-62076.99
700000.0,-239832.06
800000.0,-356258.62
900000.0,-276734.06
1000000.0,-247677.14
