steps,returns
1000000,748.0469
2000000,1097.8516
3000000,900.1953
4000000,521.28906
5000000,1435.5469
6000000,393.5547
7000000,706.0547
8000000,1769.5312
9000000,1625.3906
10000000,519.53125
