steps,returns
5000,8.890625
10000,8.8984375
15000,8.8046875
20000,8.84375
25000,8.9453125
30000,8.8203125
35000,8.8125
40000,8.8125
45000,8.8671875
50000,8.90625
