steps,returns
1000000,-17.984375
2000000,-17.6875
3000000,-18.328125
4000000,-17.84375
5000000,-17.59375
6000000,-17.90625
7000000,-18.0625
8000000,-17.734375
9000000,-17.90625
10000000,-17.828125
