steps,returns
1000000,150.0
2000000,250.78125
3000000,243.16406
4000000,203.90625
5000000,435.15625
6000000,750.3906
7000000,696.6797
8000000,654.8828
9000000,777.34375
10000000,641.0156
