steps,returns
5000,63.820312
10000,66.41406
15000,67.89844
20000,68.21094
25000,68.67969
30000,69.08594
35000,76.25
40000,75.78906
45000,69.25781
50000,68.02344
