steps,returns
1000000,125.0
2000000,150.0
3000000,250.0
4000000,276.95312
5000000,200.0
6000000,200.0
7000000,211.13281
8000000,445.3125
9000000,719.72656
10000000,369.92188
