steps,returns
100000.0,983.20544
200000.0,1063.5737
300000.0,210.06433
400000.0,1145.2251
500000.0,1382.2722
600000.0,-4429.9355
700000.0,-26945.262
800000.0,-28045.52
900000.0,-27505.695
1000000.0,-26513.793
