steps,returns
10000,161.00781
20000,15.6328125
30000,500.0
40000,395.34375
50000,169.35156
60000,402.1328
70000,439.0
80000,16.3125
90000,493.72656
100000,133.64062
