steps,returns
10000,359.3672
20000,463.7422
30000,420.02344
40000,466.1797
50000,440.85938
60000,422.1953
70000,463.1172
80000,500.0
90000,415.35156
100000,489.4922
