steps,returns
10000,-213.92188
20000,-200.625
30000,-215.85938
40000,-314.7422
50000,-392.0
60000,-433.5625
70000,-489.26562
80000,-499.14844
90000,-500.0
100000,-500.0
