steps,returns
1000000,264.45312
2000000,827.53906
3000000,630.66406
4000000,640.8203
5000000,620.89844
6000000,816.0156
7000000,513.28125
8000000,878.125
9000000,840.2344
10000000,723.2422
