steps,returns
100000.0,30.657595
200000.0,31.10427
300000.0,30.794186
400000.0,30.92868
500000.0,30.970684
600000.0,31.07173
700000.0,30.986294
800000.0,31.04158
900000.0,31.11242
1000000.0,31.203394
