steps,returns
1000000,-18.109375
2000000,-17.9375
3000000,-17.890625
4000000,-17.859375
5000000,-18.09375
6000000,-17.3125
7000000,-17.234375
8000000,-16.984375
9000000,-16.65625
10000000,-17.265625
