steps,returns
1000000,-18.359375
2000000,-17.90625
3000000,-17.9375
4000000,-18.75
5000000,-17.921875
6000000,-17.796875
7000000,-18.140625
8000000,-18.125
9000000,-18.234375
10000000,-18.171875
