steps,returns
100000.0,538.98956
200000.0,857.1177
300000.0,622.52875
400000.0,709.5106
500000.0,1325.6886
600000.0,1047.3209
700000.0,814.6566
800000.0,607.5825
900000.0,744.0298
1000000.0,-445.123
