steps,returns
5000,10.953125
10000,181.57812
15000,79.828125
20000,361.91406
25000,156.54688
30000,117.34375
35000,143.57031
40000,500.0
45000,500.0
50000,153.0625
