steps,returns
10000,448.90625
20000,500.0
30000,494.1328
40000,248.35938
50000,77.34375
60000,81.72656
70000,157.92969
80000,138.61719
90000,359.54688
100000,445.91406
