steps,returns
100000.0,797.62164
200000.0,818.1367
300000.0,760.47015
400000.0,744.609
500000.0,744.5507
600000.0,742.33655
700000.0,728.7533
800000.0,702.04877
900000.0,679.8369
1000000.0,675.5698
