steps,returns
5000,9.140625
10000,9.2578125
15000,9.25
20000,9.4765625
25000,9.28125
30000,11.0
35000,15.515625
40000,22.03125
45000,32.007812
50000,60.726562
