steps,returns
100000.0,-0.58557373
200000.0,-0.6457771
300000.0,-1.7071834
400000.0,-5.234509
500000.0,22.234497
600000.0,47.659943
700000.0,121.61284
800000.0,-111.11101
900000.0,-131.80736
1000000.0,-262.417
