steps,returns
1000000,-17.703125
2000000,-16.609375
3000000,-16.6875
4000000,-14.953125
5000000,-15.859375
6000000,-16.65625
7000000,-15.703125
8000000,-15.703125
9000000,-16.765625
10000000,-15.0
