steps,returns
10000,-438.64844
20000,-229.89062
30000,-274.4375
40000,-299.32812
50000,-156.88281
60000,-500.0
70000,-380.95312
80000,-500.0
90000,-498.7578
100000,-497.39844
