steps,returns
1000000,-18.390625
2000000,-17.734375
3000000,-18.078125
4000000,-17.71875
5000000,-17.453125
6000000,-17.15625
7000000,-17.15625
8000000,-16.96875
9000000,-16.90625
10000000,-17.328125
