steps,returns
1000000,213.28125
2000000,242.57812
3000000,197.26562
4000000,265.625
5000000,466.40625
6000000,355.27344
7000000,418.9453
8000000,614.4531
9000000,695.5078
10000000,546.4844
