steps,returns
1000000,52.65625
2000000,16.71875
3000000,17.5
4000000,79.375
5000000,48.28125
6000000,52.65625
7000000,64.375
8000000,17.65625
9000000,212.03125
10000000,173.75
