steps,returns
1000000,150.0
2000000,536.91406
3000000,557.4219
4000000,679.2969
5000000,495.70312
6000000,787.8906
7000000,657.8125
8000000,571.4844
9000000,4571.4844
10000000,1582.8125
