steps,returns
1000000,-17.515625
2000000,-17.765625
3000000,-17.421875
4000000,-17.203125
5000000,-17.359375
6000000,-17.921875
7000000,-18.0625
8000000,-17.015625
9000000,-17.75
10000000,-17.6875
