steps,returns
5000,32.664062
10000,43.828125
15000,48.554688
20000,49.320312
25000,52.21875
30000,53.867188
35000,53.90625
40000,54.640625
45000,54.15625
50000,52.359375
