steps,returns
10000,-171.67188
20000,-500.0
30000,-315.97656
40000,-383.72656
50000,-454.22656
60000,-364.41406
70000,-500.0
80000,-219.39844
90000,-500.0
100000,-460.25
