steps,returns
1000000,150.0
2000000,253.90625
3000000,392.57812
4000000,181.25
5000000,249.21875
6000000,260.54688
7000000,181.64062
8000000,178.71094
9000000,125.0
10000000,131.83594
