steps,returns
1000000,-18.21875
2000000,-17.515625
3000000,-18.046875
4000000,-17.0625
5000000,-17.625
6000000,-18.0625
7000000,-18.4375
8000000,-17.875
9000000,-18.21875
10000000,-17.828125
