steps,returns
10000,462.5078
20000,278.5547
30000,417.72656
40000,500.0
50000,270.03125
60000,407.3047
70000,500.0
80000,500.0
90000,314.97656
100000,500.0
