steps,returns
5000,19.117188
10000,164.125
15000,133.71094
20000,298.14844
25000,139.24219
30000,117.71875
35000,135.28906
40000,110.515625
45000,88.55469
50000,23.4375
