steps,returns
5000,12.6953125
10000,237.1875
15000,164.20312
20000,85.80469
25000,147.21094
30000,107.84375
35000,118.53125
40000,124.57031
45000,109.14844
50000,100.63281
