steps,returns
1000000,125.0
2000000,249.80469
3000000,243.55469
4000000,354.8828
5000000,265.625
6000000,635.35156
7000000,557.03125
8000000,548.0469
9000000,587.8906
10000000,407.8125
