steps,returns
100000.0,-19.048023
200000.0,-19.120752
300000.0,-18.846254
400000.0,-19.027859
500000.0,-18.994772
600000.0,-18.7989
700000.0,-18.830772
800000.0,-18.831024
900000.0,-18.849167
1000000.0,-18.780296
