steps,returns
1000000,-18.421875
2000000,-17.78125
3000000,-17.578125
4000000,-18.03125
5000000,-17.671875
6000000,-18.359375
7000000,-18.140625
8000000,-17.453125
9000000,-17.8125
10000000,-17.75
