steps,returns
10000,-329.58594
20000,-500.0
30000,-500.0
40000,-500.0
50000,-500.0
60000,-500.0
70000,-500.0
80000,-187.75781
90000,-500.0
100000,-500.0
