steps,returns
100000.0,1025.135
200000.0,947.03125
300000.0,732.4147
400000.0,523.9104
500000.0,232.83893
600000.0,146.13762
700000.0,156.78787
800000.0,252.20416
900000.0,61.66089
1000000.0,12.3713665
