steps,returns
10000,-449.3203
20000,-469.53906
30000,-466.14844
40000,-485.78125
50000,-479.02344
60000,-475.78125
70000,-485.03125
80000,-496.84375
90000,-494.51562
100000,-490.53906
