steps,returns
100000.0,699.3302
200000.0,633.20593
300000.0,596.99915
400000.0,573.4282
500000.0,594.7373
600000.0,621.10626
700000.0,797.32837
800000.0,1041.612
900000.0,1078.2158
1000000.0,1092.8962
