steps,returns
5000,9.46875
10000,9.4140625
15000,9.328125
20000,9.3984375
25000,9.2734375
30000,9.2421875
35000,9.296875
40000,9.3828125
45000,9.4375
50000,9.2890625
