steps,returns
100000.0,854.8721
200000.0,588.9601
300000.0,539.66595
400000.0,505.08813
500000.0,443.29065
600000.0,817.55194
700000.0,802.16693
800000.0,474.46008
900000.0,879.27374
1000000.0,568.3904
