steps,returns
100000.0,1032.983
200000.0,1009.13074
300000.0,993.0395
400000.0,951.0157
500000.0,801.58765
600000.0,690.5383
700000.0,560.0852
800000.0,538.3923
900000.0,454.9967
1000000.0,400.2207
