steps,returns
1000000,363.125
2000000,423.59375
3000000,543.90625
4000000,2432.9688
5000000,2690.0781
6000000,3801.1719
7000000,4302.1094
8000000,4558.9062
9000000,4064.6094
10000000,4462.1094
