steps,returns
100000.0,608.60425
200000.0,979.3965
300000.0,883.4014
400000.0,448.89044
500000.0,-233.50464
600000.0,-915.79504
700000.0,-2407.167
800000.0,-3626.04
900000.0,-4650.0034
1000000.0,-14968.819
