steps,returns
5000,9.59375
10000,9.515625
15000,9.6328125
20000,9.53125
25000,9.5625
30000,9.5703125
35000,9.546875
40000,9.578125
45000,9.40625
50000,9.5234375
