steps,returns
10000,386.48438
20000,264.76562
30000,228.55469
40000,303.29688
50000,373.9297
60000,257.27344
70000,255.50781
80000,219.63281
90000,235.45312
100000,500.0
