steps,returns
100000.0,1000.36395
200000.0,986.10406
300000.0,995.80664
400000.0,985.34344
500000.0,1003.09424
600000.0,1023.1802
700000.0,1022.9385
800000.0,1019.8617
900000.0,1019.45886
1000000.0,1013.6392
