steps,returns
5000,112.55469
10000,117.4375
15000,237.28906
20000,118.171875
25000,118.65625
30000,98.0625
35000,20.929688
40000,109.296875
45000,95.77344
50000,96.59375
