steps,returns
1000000,665.03906
2000000,707.8125
3000000,546.09375
4000000,644.33594
5000000,680.46875
6000000,517.77344
7000000,1748.4375
8000000,612.8906
9000000,596.4844
10000000,799.41406
