steps,returns
100000.0,459.55103
200000.0,508.08777
300000.0,542.45374
400000.0,572.6456
500000.0,547.70264
600000.0,534.91724
700000.0,601.3796
800000.0,577.3618
900000.0,574.14026
1000000.0,663.8794
