steps,returns
1000000,886.9531
2000000,302.34375
3000000,156.71875
4000000,424.53125
5000000,293.28125
6000000,459.45312
7000000,247.10938
8000000,188.90625
9000000,127.1875
10000000,365.78125
