steps,returns
1000000,17.5
2000000,17.5
3000000,269.6875
4000000,189.6875
5000000,102.34375
6000000,223.59375
7000000,342.34375
8000000,104.0625
9000000,79.84375
10000000,204.29688
