steps,returns
1000000,-17.53125
2000000,-18.0
3000000,-18.0
4000000,-18.1875
5000000,-18.03125
6000000,-18.03125
7000000,-17.859375
8000000,-17.890625
9000000,-18.265625
10000000,-16.890625
