steps,returns
100000.0,908.13855
200000.0,521.13055
300000.0,-2710.6162
400000.0,-49688.02
500000.0,-62105.242
600000.0,-45816.094
700000.0,-29752.137
800000.0,-88905.766
900000.0,-140658.97
1000000.0,-190353.5
