steps,returns
100000.0,96.70073
200000.0,12.469481
300000.0,-121.40817
400000.0,-202.85535
500000.0,-525.97754
600000.0,-348.7622
700000.0,-493.85092
800000.0,-962.3031
900000.0,-2469.518
1000000.0,-5841.4043
