steps,returns
100000.0,76.5345
200000.0,63.336937
300000.0,63.584496
400000.0,59.74626
500000.0,60.25026
600000.0,59.54071
700000.0,58.67437
800000.0,57.996475
900000.0,58.45951
1000000.0,57.868416
