steps,returns
1000000,-18.1875
2000000,-17.96875
3000000,-18.453125
4000000,-18.34375
5000000,-18.078125
6000000,-18.1875
7000000,-17.953125
8000000,-18.03125
9000000,-18.28125
10000000,-18.03125
