steps,returns
1000000,-17.71875
2000000,-17.390625
3000000,-17.953125
4000000,-17.65625
5000000,-17.0
6000000,-17.28125
7000000,-17.125
8000000,-16.640625
9000000,-17.5625
10000000,-17.640625
