steps,returns
1000000,-17.890625
2000000,-17.59375
3000000,-17.78125
4000000,-18.15625
5000000,-17.375
6000000,-17.859375
7000000,-17.890625
8000000,-17.8125
9000000,-17.4375
10000000,-17.46875
