steps,returns
1000000,150.0
2000000,166.40625
3000000,237.89062
4000000,635.35156
5000000,436.32812
6000000,509.375
7000000,754.2969
8000000,729.4922
9000000,598.4375
10000000,799.41406
