steps,returns
1000000,17.65625
2000000,16.71875
3000000,41.5625
4000000,66.40625
5000000,143.90625
6000000,173.28125
7000000,409.53125
8000000,507.57812
9000000,22.34375
10000000,101.40625
