steps,returns
100000.0,384.00995
200000.0,759.6299
300000.0,838.5369
400000.0,628.8006
500000.0,473.9941
600000.0,398.9756
700000.0,333.1761
800000.0,293.95203
900000.0,278.95486
1000000.0,260.03778
