steps,returns
100000.0,750.8933
200000.0,492.24414
300000.0,1018.0028
400000.0,1022.91785
500000.0,804.6011
600000.0,658.31036
700000.0,742.44916
800000.0,641.2133
900000.0,665.1959
1000000.0,830.25104
