steps,returns
5000,8.90625
10000,8.9765625
15000,8.984375
20000,9.0390625
25000,9.109375
30000,9.0546875
35000,9.109375
40000,9.1640625
45000,9.1328125
50000,9.1171875
