steps,returns
100000.0,581.61096
200000.0,468.18524
300000.0,516.18567
400000.0,1190.1423
500000.0,775.6087
600000.0,668.463
700000.0,514.00684
800000.0,745.3929
900000.0,658.1019
1000000.0,486.85056
