steps,returns
100000.0,853.79724
200000.0,-145.86502
300000.0,-1945.751
400000.0,-4046.8257
500000.0,-9951.063
600000.0,-15983.588
700000.0,-25096.342
800000.0,-40772.883
900000.0,-61181.168
1000000.0,-85264.64
