steps,returns
10000,143.30469
20000,146.67188
30000,176.44531
40000,163.97656
50000,162.85938
60000,149.57812
70000,223.67969
80000,257.22656
90000,302.8203
100000,331.4922
