steps,returns
1000000,17.65625
2000000,16.875
3000000,49.375
4000000,17.8125
5000000,46.71875
6000000,16.71875
7000000,17.5
8000000,50.15625
9000000,17.03125
10000000,17.65625
