steps,returns
100000.0,720.2307
200000.0,521.7401
300000.0,608.28955
400000.0,674.0637
500000.0,473.26526
600000.0,565.8153
700000.0,478.3204
800000.0,969.25
900000.0,737.71
1000000.0,850.00616
