steps,returns
10000,99.46094
20000,112.02344
30000,122.38281
40000,125.61719
50000,141.57812
60000,132.73438
70000,155.60938
80000,146.64062
90000,147.6875
100000,157.4375
