steps,returns
10000,67.296875
20000,74.92969
30000,75.64844
40000,77.484375
50000,74.19531
60000,71.796875
70000,76.32031
80000,77.765625
90000,79.03906
100000,80.625
