steps,returns
1000000,-18.140625
2000000,-18.21875
3000000,-17.921875
4000000,-17.578125
5000000,-17.140625
6000000,-17.375
7000000,-17.296875
8000000,-17.671875
9000000,-18.09375
10000000,-17.21875
