steps,returns
100000.0,-87.58132
200000.0,-267.83188
300000.0,-159.07278
400000.0,-372.94235
500000.0,-1102.9885
600000.0,-1188.4541
700000.0,-1763.6599
800000.0,-3029.565
900000.0,-5053.7246
1000000.0,-6457.2197
