steps,returns
100000.0,1026.6456
200000.0,1018.7182
300000.0,991.85455
400000.0,959.2008
500000.0,828.61035
600000.0,703.7102
700000.0,455.84247
800000.0,1438.7439
900000.0,1315.5669
1000000.0,1590.6555
