steps,returns
5000,27.484375
10000,26.75
15000,28.0
20000,27.710938
25000,26.585938
30000,28.742188
35000,28.28125
40000,28.109375
45000,31.46875
50000,32.046875
