steps,returns
100000.0,971.58154
200000.0,863.6803
300000.0,879.2542
400000.0,876.84125
500000.0,880.4023
600000.0,873.6194
700000.0,1178.4368
800000.0,1079.8867
900000.0,1161.611
1000000.0,1346.7339
