steps,returns
100000.0,1022.1449
200000.0,1027.6147
300000.0,1028.795
400000.0,1025.8069
500000.0,1022.21423
600000.0,1022.99
700000.0,1023.5283
800000.0,1022.9058
900000.0,1019.67737
1000000.0,1018.6455
