steps,returns
100000.0,735.01874
200000.0,1122.511
300000.0,860.3604
400000.0,-4.2638006
500000.0,-967.3999
600000.0,-1400.8701
700000.0,-1384.3682
800000.0,-1426.1603
900000.0,-1523.8779
1000000.0,-1763.769
