steps,returns
1000000,17.34375
2000000,38.90625
3000000,17.5
4000000,17.96875
5000000,15.625
6000000,30.3125
7000000,48.4375
8000000,17.65625
9000000,41.875
10000000,29.0625
