steps,returns
1000000,-17.875
2000000,-17.734375
3000000,-18.015625
4000000,-18.09375
5000000,-17.75
6000000,-17.359375
7000000,-18.234375
8000000,-18.078125
9000000,-17.96875
10000000,-17.875
