steps,returns
100000.0,424.81195
200000.0,146.13852
300000.0,-880.6425
400000.0,-2273.5322
500000.0,-2180.1748
600000.0,-2529.102
700000.0,-2857.1492
800000.0,-3057.7998
900000.0,-2935.2136
1000000.0,-2991.7998
