steps,returns
10000,94.91406
20000,68.515625
30000,81.484375
40000,86.40625
50000,92.07031
60000,133.96094
70000,161.51562
80000,247.09375
90000,293.8203
100000,279.3125
