steps,returns
1000000,48.28125
2000000,46.71875
3000000,16.71875
4000000,37.1875
5000000,27.65625
6000000,16.71875
7000000,17.5
8000000,39.21875
9000000,17.34375
10000000,17.65625
