steps,returns
1000000,-17.609375
2000000,-17.609375
3000000,-18.0625
4000000,-18.4375
5000000,-17.578125
6000000,-17.359375
7000000,-17.390625
8000000,-17.390625
9000000,-17.171875
10000000,-17.0
