steps,returns
5000,91.91406
10000,83.03906
15000,52.703125
20000,40.09375
25000,20.367188
30000,12.5859375
35000,10.859375
40000,15.9765625
45000,34.328125
50000,107.71094
