steps,returns
100000.0,690.30164
200000.0,728.9548
300000.0,721.2747
400000.0,1644.5658
500000.0,1748.2573
600000.0,1264.038
700000.0,808.1542
800000.0,-119.17946
900000.0,-3638.8933
1000000.0,-7292.9043
