steps,returns
5000,49.0625
10000,55.71875
15000,64.0
20000,62.210938
25000,58.195312
30000,59.859375
35000,56.164062
40000,48.46875
45000,46.289062
50000,45.1875
