steps,returns
5000,14.7578125
10000,11.59375
15000,9.2578125
20000,8.890625
25000,8.7734375
30000,8.8984375
35000,8.8203125
40000,8.9140625
45000,8.96875
50000,8.8125
