steps,returns
1000000,-17.96875
2000000,-17.75
3000000,-18.09375
4000000,-17.3125
5000000,-17.953125
6000000,-17.96875
7000000,-18.015625
8000000,-18.09375
9000000,-17.8125
10000000,-18.25
