steps,returns
5000,129.44531
10000,247.55469
15000,100.140625
20000,127.66406
25000,187.54688
30000,137.02344
35000,394.52344
40000,117.203125
45000,100.8125
50000,103.34375
