steps,returns
1000000,17.5
2000000,50.625
3000000,17.03125
4000000,18.125
5000000,29.375
6000000,30.46875
7000000,29.53125
8000000,43.90625
9000000,17.65625
10000000,17.8125
