steps,returns
100000.0,823.3362
200000.0,722.7368
300000.0,749.0988
400000.0,1477.2234
500000.0,1701.9094
600000.0,1106.4734
700000.0,1226.8574
800000.0,822.59033
900000.0,433.91077
1000000.0,-118.52182
