steps,returns
1000000,-17.953125
2000000,-17.625
3000000,-17.703125
4000000,-17.84375
5000000,-17.71875
6000000,-18.0
7000000,-18.0
8000000,-17.9375
9000000,-17.859375
10000000,-18.109375
