steps,returns
100000.0,-2.0139134
200000.0,-217.5727
300000.0,-348.07846
400000.0,-1109.0024
500000.0,-1015.9453
600000.0,-553.68
700000.0,-671.09894
800000.0,-752.6088
900000.0,-797.1527
1000000.0,-907.1256
