steps,returns
1000000,-17.84375
2000000,-18.078125
3000000,-18.3125
4000000,-18.453125
5000000,-17.796875
6000000,-17.671875
7000000,-18.640625
8000000,-17.40625
9000000,-18.140625
10000000,-17.8125
