steps,returns
100000.0,501.24686
200000.0,525.45703
300000.0,727.6216
400000.0,720.13837
500000.0,857.9725
600000.0,925.94775
700000.0,1612.2854
800000.0,1223.4949
900000.0,1247.7305
1000000.0,990.69714
