steps,returns
100000.0,563.49304
200000.0,523.99347
300000.0,666.02515
400000.0,609.1522
500000.0,636.2324
600000.0,517.12585
700000.0,633.0306
800000.0,623.35486
900000.0,688.271
1000000.0,636.3019
