steps,returns
1000000,149.0625
2000000,16.71875
3000000,42.1875
4000000,17.5
5000000,343.125
6000000,346.64062
7000000,115.9375
8000000,224.21875
9000000,260.78125
10000000,16.875
