steps,returns
1000000,38.28125
2000000,17.5
3000000,28.28125
4000000,28.4375
5000000,15.625
6000000,50.9375
7000000,17.1875
8000000,43.90625
9000000,28.125
10000000,17.8125
