steps,returns
5000,362.92188
10000,496.40625
15000,455.79688
20000,402.9453
25000,440.10938
30000,397.64062
35000,495.77344
40000,489.6328
45000,308.64062
50000,213.4375
