steps,returns
100000.0,-3.097904
200000.0,31.381195
300000.0,1.5765536
400000.0,-27.189714
500000.0,-65.24147
600000.0,-130.24171
700000.0,-126.055664
800000.0,-101.36882
900000.0,-96.71269
1000000.0,-87.519684
