steps,returns
100000.0,851.65845
200000.0,991.62976
300000.0,869.54407
400000.0,777.5744
500000.0,795.1415
600000.0,904.34503
700000.0,905.20514
800000.0,1063.0615
900000.0,1458.8145
1000000.0,1120.7499
