steps,returns
5000,11.140625
10000,55.789062
15000,112.53906
20000,151.15625
25000,168.85156
30000,67.13281
35000,115.875
40000,500.0
45000,426.28906
50000,160.3125
