steps,returns
1000000,914.1406
2000000,17.34375
3000000,52.34375
4000000,17.5
5000000,46.09375
6000000,18.125
7000000,17.8125
8000000,48.59375
9000000,16.40625
10000000,17.5
