steps,returns
1000000,1126.4844
2000000,1131.0156
3000000,44.0625
4000000,58.125
5000000,207.65625
6000000,725.78125
7000000,1473.3594
8000000,1858.8281
9000000,1543.9844
10000000,1045.0
