steps,returns
1000000,-18.015625
2000000,-17.71875
3000000,-18.25
4000000,-18.046875
5000000,-17.578125
6000000,-18.078125
7000000,-17.984375
8000000,-18.4375
9000000,-18.125
10000000,-18.140625
