steps,returns
100000.0,1184.3271
200000.0,1362.5924
300000.0,1215.2617
400000.0,1001.43994
500000.0,139.55048
600000.0,375.6694
700000.0,-5317.6455
800000.0,-19787.273
900000.0,-30904.545
1000000.0,-45135.33
