steps,returns
1000000,521.4844
2000000,335.35156
3000000,576.7578
4000000,727.34375
5000000,690.4297
6000000,658.59375
7000000,642.1875
8000000,537.8906
9000000,1378.125
10000000,1528.5156
