steps,returns
1000000,150.0
2000000,262.89062
3000000,150.0
4000000,250.0
5000000,517.1875
6000000,835.15625
7000000,707.6172
8000000,157.03125
9000000,591.60156
10000000,710.35156
