steps,returns
1000000,-17.640625
2000000,-17.6875
3000000,-17.9375
4000000,-18.34375
5000000,-17.84375
6000000,-17.84375
7000000,-18.4375
8000000,-17.625
9000000,-17.71875
10000000,-18.109375
