steps,returns
100000.0,931.55396
200000.0,900.7025
300000.0,1003.65204
400000.0,961.7814
500000.0,1083.7498
600000.0,1157.4379
700000.0,1112.3108
800000.0,1089.2749
900000.0,1020.9199
1000000.0,1025.7091
