steps,returns
100000.0,1207.7092
200000.0,1091.5264
300000.0,1016.11523
400000.0,974.2746
500000.0,937.3142
600000.0,900.0249
700000.0,816.24335
800000.0,970.89636
900000.0,1342.5657
1000000.0,1390.7302
