steps,returns
5000,64.13281
10000,59.4375
15000,44.0
20000,9.390625
25000,25.085938
30000,9.4453125
35000,54.671875
40000,9.3984375
45000,102.35156
50000,91.96094
