steps,returns
1000000,85.625
2000000,117.1875
3000000,127.5
4000000,307.96875
5000000,233.90625
6000000,245.0
7000000,242.5
8000000,639.84375
9000000,313.4375
10000000,263.28125
