steps,returns
1000000,72.65625
2000000,260.0
3000000,639.84375
4000000,54.375
5000000,115.9375
6000000,168.75
7000000,1457.4219
8000000,1317.9688
9000000,1225.0
10000000,1202.5
