steps,returns
1000000,-18.234375
2000000,-17.984375
3000000,-18.078125
4000000,-18.28125
5000000,-17.390625
6000000,-18.15625
7000000,-17.953125
8000000,-17.875
9000000,-18.21875
10000000,-17.9375
