steps,returns
1000000,17.34375
2000000,514.21875
3000000,18.125
4000000,404.14062
5000000,46.71875
6000000,1899.1406
7000000,2648.125
8000000,1204.2969
9000000,3585.3906
10000000,136.40625
