steps,returns
1000000,-18.609375
2000000,-18.453125
3000000,-17.515625
4000000,-17.390625
5000000,-18.4375
6000000,-17.34375
7000000,-18.578125
8000000,-17.859375
9000000,-18.109375
10000000,-17.65625
