steps,returns
100000.0,-4.94466
200000.0,-204.7818
300000.0,-390.20935
400000.0,-906.6895
500000.0,-631.7193
600000.0,-873.27527
700000.0,-508.93832
800000.0,-488.78278
900000.0,-579.8342
1000000.0,-631.5143
