steps,returns
10000,-292.84375
20000,-307.9375
30000,-304.64062
40000,-297.96875
50000,-322.3672
60000,-318.42188
70000,-322.64062
80000,-321.42188
90000,-342.4922
100000,-327.91406
