steps,returns
1000000,-18.234375
2000000,-17.125
3000000,-17.28125
4000000,-17.125
5000000,-17.53125
6000000,-16.421875
7000000,-17.15625
8000000,-17.328125
9000000,-17.25
10000000,-17.21875
