steps,returns
1000000,506.95312
2000000,284.21875
3000000,2161.0156
4000000,4820.0
5000000,5044.375
6000000,5822.0312
7000000,5272.8125
8000000,5087.0312
9000000,5023.828
10000000,13550.391
