steps,returns
100000.0,924.28735
200000.0,928.8769
300000.0,931.2936
400000.0,869.2729
500000.0,924.41223
600000.0,908.72424
700000.0,645.791
800000.0,713.89905
900000.0,396.40744
1000000.0,391.01028
