steps,returns
1000000,599.21875
2000000,493.75
3000000,705.27344
4000000,820.3125
5000000,710.15625
6000000,780.0781
7000000,772.65625
8000000,756.25
9000000,625.58594
10000000,793.9453
