steps,returns
1000000,969.53125
2000000,1001.1719
3000000,917.7344
4000000,792.8125
5000000,390.0
6000000,43.4375
7000000,122.8125
8000000,145.15625
9000000,153.4375
10000000,86.40625
