steps,returns
5000,157.91406
10000,272.40625
15000,382.54688
20000,487.15625
25000,500.0
30000,500.0
35000,500.0
40000,500.0
45000,500.0
50000,500.0
