steps,returns
10000,127.32031
20000,151.09375
30000,196.55469
40000,281.17188
50000,500.0
60000,500.0
70000,469.03906
80000,248.77344
90000,500.0
100000,500.0
