steps,returns
5000,9.9921875
10000,9.4921875
15000,143.88281
20000,224.74219
25000,164.0
30000,130.57031
35000,97.09375
40000,500.0
45000,81.89844
50000,207.07031
