steps,returns
10000,50.46875
20000,21.570312
30000,20.828125
40000,68.109375
50000,161.49219
60000,295.47656
70000,399.4922
80000,229.82031
90000,219.90625
100000,421.5625
