steps,returns
100000.0,763.5881
200000.0,184.43817
300000.0,-131.03703
400000.0,-476.57233
500000.0,-964.13324
600000.0,-1220.5403
700000.0,-2196.3896
800000.0,-3832.3599
900000.0,-6309.0513
1000000.0,-7992.8755
