steps,returns
100000.0,181.43991
200000.0,-890.80707
300000.0,-1251.7327
400000.0,-1935.8176
500000.0,-952.8445
600000.0,-723.8058
700000.0,-879.7407
800000.0,-975.803
900000.0,-1192.2125
1000000.0,-1475.992
