steps,returns
100000,-200.0
200000,-200.0
300000,-200.0
400000,-200.0
500000,-200.0
600000,-173.0
700000,-160.03125
800000,-178.01562
900000,-133.73438
1000000,-171.77344
