steps,returns
1000000,-17.546875
2000000,-18.21875
3000000,-17.984375
4000000,-17.953125
5000000,-17.9375
6000000,-17.953125
7000000,-18.421875
8000000,-17.703125
9000000,-18.765625
10000000,-18.03125
