steps,returns
100000.0,-234.12859
200000.0,-451.65018
300000.0,-251.53336
400000.0,-716.27637
500000.0,-1978.2
600000.0,-2468.1777
700000.0,-3498.8425
800000.0,-5655.9
900000.0,-6895.2456
1000000.0,-9604.959
