steps,returns
100000.0,-2.0603378
200000.0,91.59654
300000.0,-79.352234
400000.0,-211.64122
500000.0,-285.14874
600000.0,-337.24072
700000.0,-359.98404
800000.0,-374.54242
900000.0,-378.73907
1000000.0,-380.30475
