steps,returns
1000000,-18.203125
2000000,-17.96875
3000000,-17.796875
4000000,-17.734375
5000000,-17.65625
6000000,-18.015625
7000000,-18.46875
8000000,-17.984375
9000000,-18.296875
10000000,-17.96875
