steps,returns
1000000,-17.953125
2000000,-17.640625
3000000,-18.296875
4000000,-17.5625
5000000,-18.53125
6000000,-17.96875
7000000,-17.875
8000000,-17.84375
9000000,-18.265625
10000000,-17.921875
