steps,returns
100000.0,368.71463
200000.0,352.37958
300000.0,573.6429
400000.0,922.898
500000.0,635.28094
600000.0,521.6152
700000.0,415.36072
800000.0,375.4345
900000.0,347.15833
1000000.0,325.9025
