steps,returns
10000,499.60938
20000,500.0
30000,118.14844
40000,120.88281
50000,428.96094
60000,463.07812
70000,102.94531
80000,208.47656
90000,500.0
100000,426.84375
