steps,returns
100000.0,95.3118
200000.0,50.917805
300000.0,96.01338
400000.0,420.6677
500000.0,862.6011
600000.0,996.2704
700000.0,1320.6486
800000.0,1473.5621
900000.0,1559.6677
1000000.0,1580.5259
