steps,returns
1000000,-18.125
2000000,-17.421875
3000000,-18.125
4000000,-17.59375
5000000,-17.96875
6000000,-17.515625
7000000,-18.21875
8000000,-17.25
9000000,-17.8125
10000000,-18.03125
