steps,returns
1000000,266.40625
2000000,495.23438
3000000,329.0625
4000000,253.28125
5000000,67.65625
6000000,1772.0312
7000000,1565.1562
8000000,2111.7188
9000000,1646.875
10000000,2927.9688
