steps,returns
100000.0,-8.614771
200000.0,-118.66711
300000.0,-38.954185
400000.0,176.5481
500000.0,263.38052
600000.0,173.57674
700000.0,-24.133305
800000.0,123.39842
900000.0,646.2329
1000000.0,646.4361
