steps,returns
1000000,101.71875
2000000,288.125
3000000,563.90625
4000000,575.9375
5000000,243.125
6000000,504.45312
7000000,1773.5938
8000000,717.1094
9000000,1906.6406
10000000,2351.7969
