steps,returns
10000,95.50781
20000,112.22656
30000,114.578125
40000,119.49219
50000,123.41406
60000,136.60156
70000,131.80469
80000,132.07812
90000,131.09375
100000,143.82812
