steps,returns
1000000,173.4375
2000000,17.5
3000000,213.90625
4000000,268.4375
5000000,222.8125
6000000,271.71875
7000000,19.84375
8000000,16.71875
9000000,194.0625
10000000,464.6875
