steps,returns
5000,18.070312
10000,500.0
15000,145.24219
20000,116.703125
25000,163.57812
30000,130.3125
35000,127.078125
40000,179.24219
45000,231.63281
50000,500.0
