steps,returns
5000,12.0625
10000,39.5
15000,113.91406
20000,170.57031
25000,485.0547
30000,172.91406
35000,187.0
40000,150.80469
45000,137.38281
50000,191.16406
