steps,returns
1000000,656.25
2000000,324.21875
3000000,106.05469
4000000,333.59375
5000000,113.28125
6000000,206.05469
7000000,125.0
8000000,125.0
9000000,125.0
10000000,125.0
