steps,returns
100000.0,826.06226
200000.0,1143.4011
300000.0,960.4132
400000.0,1429.0087
500000.0,-510.91287
600000.0,-10169.599
700000.0,-23057.947
800000.0,-37669.418
900000.0,-49848.695
1000000.0,-47176.766
