steps,returns
1000000,17.65625
2000000,16.71875
3000000,16.71875
4000000,17.8125
5000000,59.375
6000000,89.53125
7000000,202.5
8000000,83.28125
9000000,18.4375
10000000,16.40625
