steps,returns
10000,108.375
20000,102.203125
30000,123.9375
40000,130.07031
50000,152.17188
60000,145.10156
70000,175.875
80000,197.70312
90000,232.71094
100000,255.75781
