steps,returns
100000.0,769.87683
200000.0,529.33386
300000.0,517.69977
400000.0,703.9419
500000.0,1041.8733
600000.0,970.6658
700000.0,929.2838
800000.0,892.75354
900000.0,864.39
1000000.0,905.6882
