steps,returns
5000,72.97656
10000,74.74219
15000,70.265625
20000,77.78906
25000,78.328125
30000,76.5625
35000,79.5625
40000,81.609375
45000,81.875
50000,85.21094
