steps,returns
5000,21.71875
10000,27.304688
15000,31.476562
20000,31.976562
25000,32.664062
30000,32.203125
35000,32.984375
40000,32.804688
45000,33.164062
50000,34.335938
