steps,returns
100000.0,277.96127
200000.0,547.5814
300000.0,736.2113
400000.0,883.2554
500000.0,168.55634
600000.0,1350.2408
700000.0,1039.8519
800000.0,1452.537
900000.0,1276.9019
1000000.0,853.0562
