steps,returns
100000.0,255.7934
200000.0,278.95447
300000.0,-1008.54285
400000.0,-14440.98
500000.0,-29233.047
600000.0,-34009.96
700000.0,-36080.54
800000.0,-34532.45
900000.0,-32955.46
1000000.0,-31350.19
