steps,returns
100000.0,55.161987
200000.0,56.34221
300000.0,55.905178
400000.0,57.054558
500000.0,57.196716
600000.0,58.411114
700000.0,58.638496
800000.0,57.776848
900000.0,58.19966
1000000.0,57.55716
