steps,returns
100000.0,644.9967
200000.0,612.4081
300000.0,1181.8538
400000.0,1384.888
500000.0,1600.0159
600000.0,1384.6812
700000.0,1014.66016
800000.0,-380.05038
900000.0,-24215.936
1000000.0,-40832.668
