steps,returns
100000.0,1094.0308
200000.0,1048.5417
300000.0,1088.0549
400000.0,856.07275
500000.0,1158.7754
600000.0,1323.4988
700000.0,874.5405
800000.0,296.7534
900000.0,18.308228
1000000.0,-95.32454
