steps,returns
1000000,-17.78125
2000000,-17.40625
3000000,-18.28125
4000000,-18.078125
5000000,-18.203125
6000000,-17.546875
7000000,-18.328125
8000000,-18.0625
9000000,-18.28125
10000000,-17.984375
