steps,returns
1000000,-17.921875
2000000,-17.6875
3000000,-17.921875
4000000,-17.8125
5000000,-17.875
6000000,-17.734375
7000000,-18.140625
8000000,-17.40625
9000000,-17.90625
10000000,-18.265625
