steps,returns
5000,9.046875
10000,8.921875
15000,9.109375
20000,9.1875
25000,9.2890625
30000,9.5078125
35000,9.390625
40000,9.328125
45000,9.265625
50000,9.3359375
