steps,returns
100000.0,544.4756
200000.0,226.35956
300000.0,0.58011436
400000.0,-596.8315
500000.0,-1862.9141
600000.0,-4442.5786
700000.0,-6906.676
800000.0,-15939.511
900000.0,-34188.96
1000000.0,-59396.375
