steps,returns
100000.0,549.0182
200000.0,682.39233
300000.0,709.1654
400000.0,311.6084
500000.0,365.37317
600000.0,264.87814
700000.0,71.50783
800000.0,39.43557
900000.0,-157.3765
1000000.0,-419.99716
