steps,returns
5000,72.328125
10000,76.578125
15000,77.765625
20000,90.140625
25000,88.00781
30000,88.1875
35000,91.32031
40000,90.21094
45000,90.42969
50000,90.64844
