steps,returns
10000,94.46875
20000,88.66406
30000,133.88281
40000,207.50781
50000,414.60156
60000,456.9453
70000,445.60938
80000,452.46094
90000,438.21094
100000,441.0547
