steps,returns
100000.0,18.211084
200000.0,-118.43363
300000.0,-378.40906
400000.0,-447.8224
500000.0,-1447.6294
600000.0,-1471.0903
700000.0,-1027.4727
800000.0,-815.7393
900000.0,-922.0609
1000000.0,-969.5363
