steps,returns
100000.0,-5.26769
200000.0,-4.8034735
300000.0,-4.686289
400000.0,-4.693984
500000.0,-4.434658
600000.0,-4.4973807
700000.0,-4.648707
800000.0,-4.929963
900000.0,-4.629797
1000000.0,-4.730981
