steps,returns
1000000,150.0
2000000,125.0
3000000,150.0
4000000,250.0
5000000,375.0
6000000,125.0
7000000,500.78125
8000000,636.71875
9000000,669.53125
10000000,495.70312
