steps,returns
10000,65.140625
20000,40.640625
30000,52.9375
40000,118.34375
50000,124.42969
60000,129.42969
70000,153.04688
80000,148.04688
90000,140.3125
100000,133.25
