steps,returns
10000,-331.1797
20000,-380.9922
30000,-425.77344
40000,-471.96875
50000,-500.0
60000,-500.0
70000,-500.0
80000,-500.0
90000,-475.21875
100000,-487.6875
