steps,returns
10000,79.953125
20000,122.421875
30000,116.13281
40000,135.42969
50000,131.03125
60000,139.4375
70000,157.375
80000,140.89062
90000,154.60938
100000,139.02344
