steps,returns
1000000,-18.15625
2000000,-17.578125
3000000,-18.53125
4000000,-17.84375
5000000,-17.71875
6000000,-17.5
7000000,-17.890625
8000000,-17.6875
9000000,-18.0625
10000000,-17.9375
