steps,returns
1000000,50.0
2000000,51.40625
3000000,17.96875
4000000,29.21875
5000000,16.5625
6000000,47.96875
7000000,17.8125
8000000,28.90625
9000000,17.96875
10000000,29.21875
