steps,returns
100000.0,22.843498
200000.0,-452.60703
300000.0,-667.35815
400000.0,-3077.8135
500000.0,-13681.8125
600000.0,-33164.55
700000.0,-67432.78
800000.0,-198969.58
900000.0,-452503.9
1000000.0,-846250.9
