steps,returns
5000,9.2578125
10000,8.8359375
15000,8.84375
20000,8.8984375
25000,8.953125
30000,9.0625
35000,9.0546875
40000,9.125
45000,9.03125
50000,9.1484375
