steps,returns
5000,49.0625
10000,61.421875
15000,61.148438
20000,62.046875
25000,63.460938
30000,64.24219
35000,66.75
40000,65.8125
45000,64.359375
50000,63.046875
