steps,returns
100000.0,-1.6188111
200000.0,54.2884
300000.0,-448.86005
400000.0,-407.1269
500000.0,-868.0284
600000.0,-744.09204
700000.0,-625.9674
800000.0,-380.489
900000.0,-427.1751
1000000.0,-427.35553
