steps,returns
5000,105.234375
10000,123.32031
15000,119.828125
20000,94.484375
25000,129.42969
30000,102.25
35000,197.29688
40000,117.21094
45000,90.09375
50000,95.375
