steps,returns
100000.0,1015.73474
200000.0,1021.5078
300000.0,1023.52594
400000.0,1023.08655
500000.0,1021.5903
600000.0,1034.8346
700000.0,1028.5193
800000.0,1017.0445
900000.0,1020.06213
1000000.0,1023.234
