steps,returns
100000.0,43.283474
200000.0,-233.40555
300000.0,-1196.9595
400000.0,-4776.8193
500000.0,-15640.987
600000.0,-30203.512
700000.0,-51553.875
800000.0,-90979.07
900000.0,-160247.7
1000000.0,-231142.5
