steps,returns
1000000,40.0
2000000,16.71875
3000000,16.875
4000000,27.65625
5000000,35.9375
6000000,45.9375
7000000,17.5
8000000,16.71875
9000000,17.5
10000000,17.5
