steps,returns
1000000,150.0
2000000,150.0
3000000,125.0
4000000,250.0
5000000,275.0
6000000,475.1953
7000000,307.03125
8000000,298.04688
9000000,406.25
10000000,757.03125
