steps,returns
100000.0,783.1566
200000.0,397.3558
300000.0,452.83905
400000.0,-154.97308
500000.0,-56.546745
600000.0,-821.99023
700000.0,-1348.4248
800000.0,-2257.0833
900000.0,-3173.8481
1000000.0,-4594.0176
