steps,returns
100000.0,720.10187
200000.0,673.9129
300000.0,677.56494
400000.0,760.5772
500000.0,763.2141
600000.0,763.26306
700000.0,722.6849
800000.0,737.7235
900000.0,724.89856
1000000.0,768.5473
