steps,returns
100000.0,771.2351
200000.0,580.4636
300000.0,557.79065
400000.0,532.5643
500000.0,495.86853
600000.0,458.8727
700000.0,435.73953
800000.0,423.4488
900000.0,412.02353
1000000.0,405.28357
