steps,returns
100000.0,672.99744
200000.0,834.9778
300000.0,700.77844
400000.0,2093.6187
500000.0,2865.795
600000.0,2835.676
700000.0,820.1504
800000.0,1456.2942
900000.0,100.82065
1000000.0,-491.2454
