steps,returns
100000.0,954.3085
200000.0,805.9529
300000.0,325.73993
400000.0,-7.4347324
500000.0,-744.5679
600000.0,-1543.521
700000.0,-2848.3481
800000.0,-3527.7197
900000.0,-3722.6797
1000000.0,-5372.008
