steps,returns
100000.0,-407.13654
200000.0,-348.5272
300000.0,-391.947
400000.0,-353.2539
500000.0,-317.45905
600000.0,-368.78442
700000.0,-385.75287
800000.0,-328.85745
900000.0,-386.89835
1000000.0,-392.0453
