steps,returns
5000,494.8203
10000,417.65625
15000,412.14844
20000,262.52344
25000,182.16406
30000,162.28125
35000,145.75781
40000,100.75
45000,63.328125
50000,40.664062
