steps,returns
1000000,-17.953125
2000000,-17.5625
3000000,-18.4375
4000000,-17.890625
5000000,-17.875
6000000,-18.0
7000000,-18.046875
8000000,-17.8125
9000000,-17.921875
10000000,-18.0625
