steps,returns
10000,36.78125
20000,146.28906
30000,410.79688
40000,9.3828125
50000,35.085938
60000,401.75
70000,9.25
80000,9.3984375
90000,9.3125
100000,9.34375
