steps,returns
1000000,-18.734375
2000000,-18.359375
3000000,-18.375
4000000,-18.25
5000000,-17.4375
6000000,-18.21875
7000000,-18.21875
8000000,-17.9375
9000000,-17.890625
10000000,-17.78125
