steps,returns
10000,352.53125
20000,500.0
30000,195.80469
40000,500.0
50000,286.0078
60000,500.0
70000,500.0
80000,500.0
90000,500.0
100000,204.25
