steps,returns
10000,-166.72656
20000,-193.07031
30000,-185.3125
40000,-187.58594
50000,-224.92188
60000,-220.13281
70000,-263.47656
80000,-301.90625
90000,-289.25
100000,-331.66406
