steps,returns
1000000,-17.828125
2000000,-18.34375
3000000,-17.96875
4000000,-18.25
5000000,-17.859375
6000000,-18.0
7000000,-18.234375
8000000,-18.359375
9000000,-17.921875
10000000,-17.90625
