steps,returns
1000000,362.3047
2000000,668.75
3000000,729.10156
4000000,813.28125
5000000,725.1953
6000000,625.97656
7000000,583.59375
8000000,989.64844
9000000,583.0078
10000000,833.59375
