steps,returns
100000.0,656.40356
200000.0,1123.9424
300000.0,859.0709
400000.0,1052.2041
500000.0,805.4906
600000.0,716.5115
700000.0,747.6621
800000.0,747.1676
900000.0,762.464
1000000.0,737.95337
