steps,returns
100000.0,1016.37317
200000.0,1010.53796
300000.0,985.1256
400000.0,948.5005
500000.0,868.31305
600000.0,803.8568
700000.0,713.14026
800000.0,577.8324
900000.0,371.6819
1000000.0,59.758904
