steps,returns
10000,500.0
20000,172.30469
30000,59.703125
40000,142.15625
50000,185.85938
60000,349.5078
70000,15.390625
80000,123.515625
90000,143.49219
100000,51.734375
