steps,returns
5000,283.47656
10000,500.0
15000,500.0
20000,498.0547
25000,498.89062
30000,498.34375
35000,496.82812
40000,499.0
45000,492.83594
50000,455.89062
