steps,returns
5000,190.05469
10000,387.96875
15000,498.03906
20000,499.5
25000,485.125
30000,471.28125
35000,456.6953
40000,442.9453
45000,420.39844
50000,434.76562
