steps,returns
1000000,-18.0
2000000,-17.78125
3000000,-18.46875
4000000,-18.09375
5000000,-18.09375
6000000,-17.953125
7000000,-18.09375
8000000,-18.078125
9000000,-18.265625
10000000,-18.578125
