steps,returns
100000.0,1044.4137
200000.0,1041.0582
300000.0,699.94916
400000.0,390.23825
500000.0,-2189.969
600000.0,-27324.887
700000.0,-123531.34
800000.0,-375488.3
900000.0,-460488.6
1000000.0,-439449.56
