steps,returns
10000,90.36719
20000,113.859375
30000,143.07031
40000,142.03906
50000,150.21094
60000,157.09375
70000,157.52344
80000,157.99219
90000,151.27344
100000,159.42188
