steps,returns
1000000,-18.109375
2000000,-17.09375
3000000,-18.125
4000000,-18.390625
5000000,-18.28125
6000000,-18.96875
7000000,-18.328125
8000000,-18.1875
9000000,-17.515625
10000000,-18.1875
