steps,returns
5000,83.890625
10000,86.328125
15000,78.078125
20000,81.60156
25000,84.5625
30000,87.15625
35000,78.27344
40000,83.96875
45000,81.91406
50000,81.41406
