steps,returns
10000,-481.8828
20000,-113.47656
30000,-132.45312
40000,-500.0
50000,-500.0
60000,-500.0
70000,-500.0
80000,-500.0
90000,-500.0
100000,-321.20312
