steps,returns
100000.0,844.3533
200000.0,680.7701
300000.0,692.8098
400000.0,703.32263
500000.0,798.5261
600000.0,963.66266
700000.0,1004.5853
800000.0,974.67505
900000.0,952.68304
1000000.0,952.03955
