steps,returns
10000,94.78906
20000,80.14844
30000,91.67969
40000,170.24219
50000,200.25
60000,197.70312
70000,287.28906
80000,263.64844
90000,414.22656
100000,380.96875
