steps,returns
100000.0,499.47034
200000.0,664.11
300000.0,679.7614
400000.0,633.0969
500000.0,562.1181
600000.0,579.67896
700000.0,584.8388
800000.0,594.38153
900000.0,598.1207
1000000.0,608.1452
