steps,returns
5000,21.625
10000,150.82812
15000,76.578125
20000,156.60156
25000,104.59375
30000,48.351562
35000,96.734375
40000,123.484375
45000,111.203125
50000,500.0
