steps,returns
5000,39.125
10000,103.9375
15000,231.6875
20000,345.7578
25000,414.60156
30000,222.19531
35000,216.64062
40000,180.4375
45000,245.36719
50000,500.0
