steps,returns
100000.0,710.2152
200000.0,1078.6798
300000.0,897.8724
400000.0,576.4503
500000.0,953.5627
600000.0,1047.6544
700000.0,1018.25684
800000.0,969.5813
900000.0,1054.9331
1000000.0,939.94727
