steps,returns
100000.0,903.4255
200000.0,920.70154
300000.0,909.60547
400000.0,914.877
500000.0,902.47565
600000.0,890.2195
700000.0,501.97375
800000.0,-449.07477
900000.0,-379.39252
1000000.0,-15.819091
