steps,returns
100000.0,885.69855
200000.0,898.2532
300000.0,760.0886
400000.0,960.1217
500000.0,955.5843
600000.0,909.0488
700000.0,852.8518
800000.0,882.9419
900000.0,898.4253
1000000.0,821.14966
