steps,returns
100000.0,858.6315
200000.0,1070.008
300000.0,1037.9147
400000.0,863.7144
500000.0,804.44165
600000.0,716.9521
700000.0,755.7527
800000.0,787.8783
900000.0,805.849
1000000.0,831.94366
