steps,returns
10000,-244.94531
20000,-280.45312
30000,-324.90625
40000,-279.90625
50000,-296.27344
60000,-286.60938
70000,-273.33594
80000,-256.34375
90000,-322.72656
100000,-293.6797
