steps,returns
100000.0,732.80707
200000.0,466.5193
300000.0,506.63953
400000.0,502.58173
500000.0,506.94852
600000.0,497.93488
700000.0,564.4273
800000.0,591.9128
900000.0,778.39386
1000000.0,586.70105
