steps,returns
1000000,-17.109375
2000000,-16.1875
3000000,-16.359375
4000000,-16.078125
5000000,-17.828125
6000000,-17.046875
7000000,-16.15625
8000000,-16.390625
9000000,-17.578125
10000000,-15.03125
