steps,returns
100000.0,683.6971
200000.0,574.80396
300000.0,852.53485
400000.0,884.0712
500000.0,854.04236
600000.0,891.25183
700000.0,923.7859
800000.0,779.76697
900000.0,1150.6823
1000000.0,663.48395
