steps,returns
100000.0,464.64227
200000.0,563.3483
300000.0,794.29443
400000.0,903.76355
500000.0,863.3208
600000.0,907.87366
700000.0,882.52795
800000.0,429.4361
900000.0,-379.8532
1000000.0,-1311.5525
