steps,returns
10000,49.71875
20000,301.07812
30000,248.95312
40000,306.10938
50000,299.125
60000,336.9375
70000,442.16406
80000,456.7578
90000,490.21875
100000,498.28906
