steps,returns
100000.0,12.987059
200000.0,13.434933
300000.0,13.017755
400000.0,12.921812
500000.0,12.975151
600000.0,12.917862
700000.0,12.93596
800000.0,12.865589
900000.0,12.989424
1000000.0,12.613213
