steps,returns
100000.0,844.1532
200000.0,949.7567
300000.0,937.79956
400000.0,716.714
500000.0,1401.4019
600000.0,1436.4976
700000.0,1447.6943
800000.0,1153.3226
900000.0,62.349228
1000000.0,-2438.7842
