steps,returns
1000000,-17.953125
2000000,-17.671875
3000000,-18.171875
4000000,-18.09375
5000000,-17.859375
6000000,-18.328125
7000000,-18.046875
8000000,-17.921875
9000000,-17.84375
10000000,-17.8125
