steps,returns
1000000,54.53125
2000000,96.5625
3000000,470.78125
4000000,243.59375
5000000,413.51562
6000000,420.625
7000000,487.1875
8000000,80.625
9000000,182.65625
10000000,643.59375
