steps,returns
1000000,-17.921875
2000000,-16.015625
3000000,-16.734375
4000000,-16.609375
5000000,-16.71875
6000000,-17.453125
7000000,-16.953125
8000000,-17.5
9000000,-17.484375
10000000,-17.46875
