steps,returns
1000000,-17.828125
2000000,-17.546875
3000000,-17.96875
4000000,-18.28125
5000000,-17.703125
6000000,-17.765625
7000000,-17.734375
8000000,-17.015625
9000000,-17.75
10000000,-17.671875
