steps,returns
1000000,-17.59375
2000000,-17.921875
3000000,-17.8125
4000000,-17.71875
5000000,-17.921875
6000000,-17.921875
7000000,-18.375
8000000,-17.453125
9000000,-18.0625
10000000,-17.671875
