steps,returns
1000000,-17.484375
2000000,-18.125
3000000,-18.46875
4000000,-17.96875
5000000,-17.9375
6000000,-17.609375
7000000,-17.515625
8000000,-17.828125
9000000,-17.765625
10000000,-18.390625
