steps,returns
5000,15.2890625
10000,12.6640625
15000,9.40625
20000,8.9453125
25000,8.8359375
30000,8.984375
35000,8.8828125
40000,8.9609375
45000,8.890625
50000,8.84375
