steps,returns
1000000,-17.703125
2000000,-17.84375
3000000,-18.3125
4000000,-17.984375
5000000,-18.125
6000000,-17.890625
7000000,-18.5625
8000000,-17.75
9000000,-18.078125
10000000,-18.21875
