steps,returns
10000,124.28125
20000,118.36719
30000,129.85156
40000,140.74219
50000,155.59375
60000,150.08594
70000,167.61719
80000,188.84375
90000,185.72656
100000,198.99219
