steps,returns
100000.0,907.42645
200000.0,907.1707
300000.0,889.0693
400000.0,883.89984
500000.0,881.69434
600000.0,876.2925
700000.0,874.86804
800000.0,881.05695
900000.0,1110.5154
1000000.0,1231.4951
