steps,returns
100000.0,198.26175
200000.0,917.8164
300000.0,911.4706
400000.0,834.5259
500000.0,748.26306
600000.0,749.8072
700000.0,804.6322
800000.0,881.14355
900000.0,848.6282
1000000.0,849.9971
