steps,returns
10000,385.42188
20000,288.04688
30000,196.96094
40000,500.0
50000,157.48438
60000,305.41406
70000,302.4922
80000,253.52344
90000,78.171875
100000,250.64844
