steps,returns
1000000,-17.953125
2000000,-17.46875
3000000,-17.5625
4000000,-17.421875
5000000,-17.65625
6000000,-18.078125
7000000,-18.140625
8000000,-17.3125
9000000,-17.8125
10000000,-17.828125
