steps,returns
5000,9.3046875
10000,9.375
15000,26.070312
20000,52.890625
25000,48.179688
30000,84.65625
35000,117.96094
40000,166.73438
45000,181.125
50000,281.125
