steps,returns
10000,-313.6797
20000,-457.85156
30000,-500.0
40000,-500.0
50000,-451.58594
60000,-236.10156
70000,-446.5703
80000,-500.0
90000,-500.0
100000,-500.0
