steps,returns
10000,74.30469
20000,69.359375
30000,65.796875
40000,67.5625
50000,72.65625
60000,76.890625
70000,63.226562
80000,68.0625
90000,69.16406
100000,62.953125
