steps,returns
100000.0,723.7877
200000.0,806.92664
300000.0,856.1628
400000.0,875.9541
500000.0,398.9308
600000.0,906.05505
700000.0,943.1017
800000.0,1001.8036
900000.0,1511.2579
1000000.0,1660.5088
