steps,returns
5000,85.671875
10000,73.75
15000,48.546875
20000,37.515625
25000,20.367188
30000,12.6484375
35000,19.640625
40000,22.742188
45000,46.460938
50000,21.59375
