steps,returns
5000,9.390625
10000,9.3046875
15000,9.3515625
20000,9.4375
25000,9.3359375
30000,9.3671875
35000,9.3828125
40000,9.3828125
45000,9.3046875
50000,9.390625
