steps,returns
5000,9.3671875
10000,9.3046875
15000,44.164062
20000,82.890625
25000,46.757812
30000,68.71094
35000,166.67969
40000,64.765625
45000,160.16406
50000,102.13281
