steps,returns
100000,-200.0
200000,-200.0
300000,-200.0
400000,-130.36719
500000,-109.91406
600000,-139.53125
700000,-107.13281
800000,-140.50781
900000,-107.14844
1000000,-136.63281
