steps,returns
10000,435.28906
20000,461.92188
30000,468.7578
40000,486.625
50000,500.0
60000,500.0
70000,500.0
80000,500.0
90000,500.0
100000,500.0
