steps,returns
1000000,-17.71875
2000000,-17.875
3000000,-18.40625
4000000,-18.0
5000000,-17.84375
6000000,-17.859375
7000000,-17.78125
8000000,-17.875
9000000,-17.953125
10000000,-17.796875
