steps,returns
5000,17.601562
10000,64.609375
15000,229.49219
20000,123.96094
25000,124.07031
30000,118.14844
35000,168.0625
40000,108.5
45000,113.140625
50000,111.22656
