steps,returns
1000000,-17.609375
2000000,-17.1875
3000000,-16.984375
4000000,-17.0
5000000,-17.8125
6000000,-18.140625
7000000,-16.671875
8000000,-17.375
9000000,-17.515625
10000000,-16.765625
