steps,returns
5000,9.1015625
10000,9.171875
15000,9.0078125
20000,9.0
25000,9.0703125
30000,9.1171875
35000,9.109375
40000,9.0
45000,9.0859375
50000,9.0390625
