steps,returns
100000.0,971.1537
200000.0,727.6666
300000.0,677.3842
400000.0,603.70825
500000.0,196.05768
600000.0,234.57675
700000.0,472.68152
800000.0,568.65295
900000.0,1058.4653
1000000.0,1017.9958
