steps,returns
10000,93.25781
20000,138.28125
30000,154.96875
40000,150.03125
50000,125.80469
60000,85.109375
70000,102.07031
80000,107.80469
90000,88.16406
100000,91.03125
