steps,returns
5000,9.0390625
10000,8.9609375
15000,9.09375
20000,9.2421875
25000,9.3984375
30000,9.4453125
35000,9.3515625
40000,9.359375
45000,9.328125
50000,9.375
