steps,returns
10000,153.10156
20000,260.26562
30000,466.04688
40000,237.3125
50000,316.0547
60000,382.35938
70000,500.0
80000,343.04688
90000,499.65625
100000,254.8125
