steps,returns
100000.0,334.67004
200000.0,231.9909
300000.0,495.55823
400000.0,741.86633
500000.0,729.0272
600000.0,724.4182
700000.0,721.75287
800000.0,732.69257
900000.0,746.1953
1000000.0,880.08673
