steps,returns
100000.0,-169.87012
200000.0,-167.53525
300000.0,-170.62628
400000.0,-170.2966
500000.0,-172.91034
600000.0,-170.31421
700000.0,-168.61493
800000.0,-170.70868
900000.0,-170.03798
1000000.0,-170.11159
