steps,returns
5000,73.265625
10000,286.70312
15000,199.17188
20000,307.46875
25000,300.66406
30000,267.66406
35000,357.28906
40000,200.58594
45000,163.96094
50000,291.95312
