steps,returns
100000.0,-1.6621735
200000.0,-1.4547324
300000.0,-1.7602165
400000.0,-1.7880507
500000.0,-1.9711103
600000.0,-1.8776733
700000.0,-1.5959675
800000.0,8.983546
900000.0,-78.96509
1000000.0,40.784084
