steps,returns
1000000,-18.703125
2000000,-17.0625
3000000,-17.71875
4000000,-17.890625
5000000,-17.859375
6000000,-18.109375
7000000,-18.84375
8000000,-18.328125
9000000,-17.90625
10000000,-17.984375
