steps,returns
100000.0,752.4712
200000.0,664.4619
300000.0,1246.0564
400000.0,654.62756
500000.0,813.9573
600000.0,686.58234
700000.0,767.69934
800000.0,605.72034
900000.0,740.72656
1000000.0,691.19507
