steps,returns
1000000,-1.296875
2000000,-1.3125
3000000,-1.328125
4000000,-1.453125
5000000,-1.1875
6000000,-1.3125
7000000,-1.359375
8000000,-1.359375
9000000,-1.375
10000000,-1.453125
