steps,returns
5000,14.625
10000,120.578125
15000,275.52344
20000,334.35938
25000,227.875
30000,366.03906
35000,154.55469
40000,142.61719
45000,171.21094
50000,363.28906
