steps,returns
10000,-500.0
20000,-215.53906
30000,-500.0
40000,-500.0
50000,-376.1328
60000,-500.0
70000,-500.0
80000,-500.0
90000,-490.71094
100000,-500.0
