steps,returns
10000,9.3515625
20000,500.0
30000,499.48438
40000,9.265625
50000,9.390625
60000,9.40625
70000,9.40625
80000,9.25
90000,9.3671875
100000,9.2890625
