steps,returns
10000,-149.91406
20000,-149.51562
30000,-145.75
40000,-146.10156
50000,-149.8125
60000,-148.79688
70000,-147.89062
80000,-149.57031
90000,-148.5
100000,-148.26562
