steps,returns
10000,130.94531
20000,73.66406
30000,70.515625
40000,80.5
50000,87.75
60000,96.71094
70000,122.11719
80000,123.28125
90000,171.98438
100000,236.46094
