steps,returns
5000,52.1875
10000,50.9375
15000,51.007812
20000,43.21875
25000,38.976562
30000,14.921875
35000,9.5
40000,14.578125
45000,17.125
50000,40.625
