steps,returns
10000,382.66406
20000,416.58594
30000,251.3125
40000,498.04688
50000,463.53906
60000,440.1953
70000,476.03906
80000,481.40625
90000,500.0
100000,498.3828
