steps,returns
5000,79.21875
10000,76.578125
15000,75.296875
20000,67.625
25000,57.4375
30000,49.367188
35000,44.726562
40000,38.125
45000,20.351562
50000,15.3984375
