steps,returns
10000,196.42188
20000,461.5625
30000,500.0
40000,417.27344
50000,475.64844
60000,500.0
70000,461.1875
80000,324.6797
90000,201.61719
100000,167.03125
