steps,returns
100000.0,620.20746
200000.0,526.4996
300000.0,550.1069
400000.0,503.60675
500000.0,549.0183
600000.0,634.005
700000.0,948.6026
800000.0,1121.3899
900000.0,1157.4519
1000000.0,1161.4253
