steps,returns
5000,9.3125
10000,9.2578125
15000,15.1171875
20000,25.070312
25000,18.085938
30000,19.554688
35000,47.46875
40000,113.171875
45000,134.09375
50000,76.50781
