steps,returns
100000.0,-1.6277473
200000.0,1.7214345
300000.0,-91.53691
400000.0,-213.24947
500000.0,-283.10364
600000.0,-998.60046
700000.0,-1139.4205
800000.0,-1158.7417
900000.0,-1055.4476
1000000.0,-1385.9175
