steps,returns
100000.0,724.03546
200000.0,1578.5338
300000.0,1359.3052
400000.0,1686.77
500000.0,1556.8447
600000.0,1138.003
700000.0,-23.71801
800000.0,-3262.4553
900000.0,-6575.9443
1000000.0,-11378.36
