steps,returns
10000,93.015625
20000,87.578125
30000,88.75
40000,110.64844
50000,101.15625
60000,100.953125
70000,109.14844
80000,116.53906
90000,114.75
100000,106.08594
