steps,returns
100000.0,877.30804
200000.0,998.66016
300000.0,1102.4893
400000.0,1098.4299
500000.0,1093.3643
600000.0,1082.7943
700000.0,1098.4918
800000.0,1287.7792
900000.0,1264.8796
1000000.0,1170.971
