steps,returns
100000.0,581.64355
200000.0,577.55273
300000.0,845.82117
400000.0,760.44916
500000.0,1076.1028
600000.0,1028.8308
700000.0,898.4839
800000.0,762.40674
900000.0,392.52832
1000000.0,236.74918
