{"config": {"hp_config.clip_eps": 0.4852468467979888, "hp_config.ent_coef": 0.06671971587280201, "hp_config.gae_lambda": 0.819351110240357, "hp_config.learning_rate": 5.211450822776358e-05, "hp_config.max_grad_norm": 0.5910269008704913, "hp_config.minibatch_size": 256, "hp_config.normalize_advantage": true, "hp_config.vf_clip_eps": 0.49963899696108555, "hp_config.vf_coef": 0.3518929961930426}, "score": -11607.03125, "budget_used": 128, "total_wallclock_time": -3334.273934364319, "total_optimization_time": 0.010643720626831055}
