steps,returns
1000000,304.375
2000000,39.84375
3000000,38.28125
4000000,18.125
5000000,17.1875
6000000,16.875
7000000,29.84375
8000000,17.5
9000000,28.4375
10000000,17.65625
