steps,returns
1000000,150.0
2000000,150.0
3000000,288.28125
4000000,150.0
5000000,150.0
6000000,325.0
7000000,150.0
8000000,150.0
9000000,150.0
10000000,312.89062
