steps,returns
100000.0,9.71983
200000.0,9.67177
300000.0,9.718072
400000.0,9.649421
500000.0,9.649339
600000.0,9.712779
700000.0,9.654414
800000.0,9.639229
900000.0,9.648717
1000000.0,9.634145
