steps,returns
1000000,-17.890625
2000000,-17.84375
3000000,-17.71875
4000000,-17.765625
5000000,-17.484375
6000000,-17.96875
7000000,-18.21875
8000000,-18.0625
9000000,-17.15625
10000000,-17.546875
