steps,returns
100000.0,890.33887
200000.0,452.85065
300000.0,1046.8844
400000.0,1088.5745
500000.0,910.07446
600000.0,973.0714
700000.0,622.4947
800000.0,255.2954
900000.0,-1215.5476
1000000.0,-5797.8545
