steps,returns
1000000,342.96875
2000000,585.15625
3000000,352.34375
4000000,872.65625
5000000,650.0
6000000,688.6719
7000000,565.4297
8000000,1375.9766
9000000,778.125
10000000,2772.6562
