steps,returns
10000,79.484375
20000,114.55469
30000,78.46094
40000,91.03125
50000,59.851562
60000,16.03125
70000,131.85938
80000,490.35156
90000,113.44531
100000,336.17188
