steps,returns
10000,165.21875
20000,9.296875
30000,203.17188
40000,421.64844
50000,119.34375
60000,163.24219
70000,111.57031
80000,496.42188
90000,297.60938
100000,45.75
