steps,returns
5000,29.234375
10000,179.64062
15000,126.890625
20000,152.26562
25000,133.40625
30000,133.52344
35000,116.703125
40000,111.078125
45000,105.36719
50000,118.17969
