steps,returns
100000.0,-0.9015561
200000.0,-0.61654496
300000.0,-0.87067854
400000.0,-2.8303578
500000.0,-8.984708
600000.0,54.78863
700000.0,129.80737
800000.0,-90.43257
900000.0,-120.12064
1000000.0,-261.20062
