steps,returns
5000,9.234375
10000,106.4375
15000,166.29688
20000,152.10938
25000,209.85156
30000,101.90625
35000,108.63281
40000,106.61719
45000,127.953125
50000,116.46094
