steps,returns
100000.0,-5.6070786
200000.0,127.63835
300000.0,-208.05609
400000.0,-300.93207
500000.0,-372.88507
600000.0,-469.18588
700000.0,-680.2179
800000.0,-1255.0343
900000.0,-1086.7173
1000000.0,-1002.5316
