steps,returns
5000,8.9375
10000,9.015625
15000,9.203125
20000,9.4140625
25000,9.3515625
30000,9.3203125
35000,9.4140625
40000,9.296875
45000,9.3125
50000,9.453125
