steps,returns
5000,9.3203125
10000,9.3671875
15000,9.34375
20000,21.953125
25000,40.007812
30000,47.265625
35000,49.085938
40000,47.789062
45000,104.390625
50000,74.03906
