steps,returns
100000.0,936.001
200000.0,984.82605
300000.0,872.6525
400000.0,765.19794
500000.0,274.07437
600000.0,578.7354
700000.0,871.19604
800000.0,1018.7999
900000.0,1044.9202
1000000.0,931.56104
