steps,returns
10000,168.32031
20000,442.82812
30000,500.0
40000,500.0
50000,500.0
60000,500.0
70000,500.0
80000,500.0
90000,500.0
100000,500.0
