steps,returns
1000000,-17.953125
2000000,-17.546875
3000000,-17.84375
4000000,-17.78125
5000000,-17.828125
6000000,-18.171875
7000000,-18.3125
8000000,-17.375
9000000,-18.28125
10000000,-17.890625
