steps,returns
100000.0,666.01276
200000.0,650.3637
300000.0,644.1112
400000.0,655.1376
500000.0,647.2586
600000.0,646.68994
700000.0,648.6449
800000.0,655.5846
900000.0,644.1369
1000000.0,653.20685
