steps,returns
100000.0,232.19196
200000.0,673.23346
300000.0,690.78705
400000.0,682.3678
500000.0,1045.729
600000.0,1440.6708
700000.0,1420.4618
800000.0,1416.8633
900000.0,1431.3853
1000000.0,1426.6306
