steps,returns
10000,138.42969
20000,137.39844
30000,145.28906
40000,178.57812
50000,163.05469
60000,189.8125
70000,181.89062
80000,193.76562
90000,220.91406
100000,263.10938
