steps,returns
1000000,-17.5625
2000000,-17.625
3000000,-17.46875
4000000,-17.296875
5000000,-17.3125
6000000,-17.71875
7000000,-17.21875
8000000,-17.21875
9000000,-17.453125
10000000,-17.015625
