steps,returns
100000.0,-0.9052676
200000.0,-1.4243612
300000.0,-1.8767419
400000.0,-4.4734707
500000.0,-6.945092
600000.0,70.331635
700000.0,146.45451
800000.0,-60.492043
900000.0,-350.14322
1000000.0,-175.47673
