steps,returns
10000,211.67188
20000,237.27344
30000,136.51562
40000,116.97656
50000,168.96875
60000,42.273438
70000,274.46094
80000,9.3515625
90000,9.3203125
100000,9.2890625
