steps,returns
10000,77.390625
20000,86.65625
30000,114.71094
40000,152.25781
50000,195.28906
60000,244.6875
70000,302.4375
80000,373.72656
90000,441.0625
100000,461.90625
