steps,returns
1000000,428.90625
2000000,291.79688
3000000,400.0
4000000,401.3672
5000000,325.0
6000000,275.0
7000000,248.82812
8000000,536.1328
9000000,517.3828
10000000,375.39062
