steps,returns
10000,228.5625
20000,176.53906
30000,237.26562
40000,472.96875
50000,323.875
60000,500.0
70000,500.0
80000,500.0
90000,500.0
100000,500.0
