steps,returns
1000000,-17.9375
2000000,-17.515625
3000000,-18.125
4000000,-17.578125
5000000,-18.25
6000000,-17.75
7000000,-18.328125
8000000,-18.5625
9000000,-17.78125
10000000,-18.203125
