steps,returns
100000.0,546.46747
200000.0,538.177
300000.0,475.91943
400000.0,469.4793
500000.0,478.33633
600000.0,490.57248
700000.0,504.48172
800000.0,529.3473
900000.0,538.50116
1000000.0,628.4015
