steps,returns
100000.0,1078.9822
200000.0,556.9723
300000.0,1031.8792
400000.0,840.01404
500000.0,943.7052
600000.0,957.441
700000.0,518.6984
800000.0,984.6532
900000.0,978.37775
1000000.0,924.63245
