steps,returns
100000.0,1375.7261
200000.0,1230.5251
300000.0,1019.22095
400000.0,1117.3335
500000.0,1462.2839
600000.0,1053.4481
700000.0,1231.0637
800000.0,948.27
900000.0,-231.29637
1000000.0,-3904.861
