steps,returns
1000000,2360.7422
2000000,2269.9219
3000000,508.98438
4000000,2683.5938
5000000,806.0547
6000000,500.0
7000000,319.72656
8000000,532.03125
9000000,545.1172
10000000,3962.8906
