steps,returns
10000,69.61719
20000,53.054688
30000,63.773438
40000,135.125
50000,139.16406
60000,161.69531
70000,153.71875
80000,325.22656
90000,156.72656
100000,144.03906
