steps,returns
100000.0,267.94824
200000.0,273.51843
300000.0,253.86081
400000.0,242.82431
500000.0,235.1694
600000.0,230.46176
700000.0,223.55214
800000.0,220.99747
900000.0,220.69221
1000000.0,219.70425
