{"config": {"hp_config.clip_eps": 0.48838054409516857, "hp_config.ent_coef": 0.302422759872523, "hp_config.gae_lambda": 0.9477787895217205, "hp_config.learning_rate": 1.5701421102720535e-06, "hp_config.max_grad_norm": 0.2828069625764096, "hp_config.minibatch_size": 128, "hp_config.normalize_advantage": true, "hp_config.vf_clip_eps": 0.05936385947712203, "hp_config.vf_coef": 0.317983179393976}, "score": 110.15625, "budget_used": 13, "total_wallclock_time": -99.7174174785614, "total_optimization_time": 0.009929180145263672}
{"config": {"hp_config.clip_eps": 0.22684842227802265, "hp_config.ent_coef": 0.2682896055543611, "hp_config.gae_lambda": 0.9792445914787644, "hp_config.learning_rate": 0.08947356400945196, "hp_config.max_grad_norm": 0.21689698439847394, "hp_config.minibatch_size": 256, "hp_config.normalize_advantage": true, "hp_config.vf_clip_eps": 0.01032549973286434, "hp_config.vf_coef": 0.7583786538361414}, "score": 9.2890625, "budget_used": 26, "total_wallclock_time": -194.73969912528992, "total_optimization_time": 0.2675943374633789}
{"config": {"hp_config.clip_eps": 0.22684842227802265, "hp_config.ent_coef": 0.2682896055543611, "hp_config.gae_lambda": 0.9792445914787644, "hp_config.learning_rate": 0.08947356400945196, "hp_config.max_grad_norm": 0.21689698439847394, "hp_config.minibatch_size": 256, "hp_config.normalize_advantage": true, "hp_config.vf_clip_eps": 0.01032549973286434, "hp_config.vf_coef": 0.7583786538361414}, "score": 9.2890625, "budget_used": 39, "total_wallclock_time": -290.008229970932, "total_optimization_time": 0.2700316905975342}
{"config": {"hp_config.clip_eps": 0.22684842227802265, "hp_config.ent_coef": 0.2682896055543611, "hp_config.gae_lambda": 0.9792445914787644, "hp_config.learning_rate": 0.08947356400945196, "hp_config.max_grad_norm": 0.21689698439847394, "hp_config.minibatch_size": 256, "hp_config.normalize_advantage": true, "hp_config.vf_clip_eps": 0.01032549973286434, "hp_config.vf_coef": 0.7583786538361414}, "score": 9.2890625, "budget_used": 52, "total_wallclock_time": -386.80255603790283, "total_optimization_time": 0.2726712226867676}
{"config": {"hp_config.clip_eps": 0.22684842227802265, "hp_config.ent_coef": 0.2682896055543611, "hp_config.gae_lambda": 0.9792445914787644, "hp_config.learning_rate": 0.08947356400945196, "hp_config.max_grad_norm": 0.21689698439847394, "hp_config.minibatch_size": 256, "hp_config.normalize_advantage": true, "hp_config.vf_clip_eps": 0.01032549973286434, "hp_config.vf_coef": 0.7583786538361414}, "score": 9.2890625, "budget_used": 65, "total_wallclock_time": -482.7974796295166, "total_optimization_time": 0.2918210029602051}
{"config": {"hp_config.clip_eps": 0.22684842227802265, "hp_config.ent_coef": 0.2682896055543611, "hp_config.gae_lambda": 0.9792445914787644, "hp_config.learning_rate": 0.08947356400945196, "hp_config.max_grad_norm": 0.21689698439847394, "hp_config.minibatch_size": 256, "hp_config.normalize_advantage": true, "hp_config.vf_clip_eps": 0.01032549973286434, "hp_config.vf_coef": 0.7583786538361414}, "score": 9.2890625, "budget_used": 78, "total_wallclock_time": -577.0212187767029, "total_optimization_time": 0.2950737476348877}
{"config": {"hp_config.clip_eps": 0.22684842227802265, "hp_config.ent_coef": 0.2682896055543611, "hp_config.gae_lambda": 0.9792445914787644, "hp_config.learning_rate": 0.08947356400945196, "hp_config.max_grad_norm": 0.21689698439847394, "hp_config.minibatch_size": 256, "hp_config.normalize_advantage": true, "hp_config.vf_clip_eps": 0.01032549973286434, "hp_config.vf_coef": 0.7583786538361414}, "score": 9.2890625, "budget_used": 91, "total_wallclock_time": -673.353196144104, "total_optimization_time": 0.3002145290374756}
{"config": {"hp_config.clip_eps": 0.22684842227802265, "hp_config.ent_coef": 0.2682896055543611, "hp_config.gae_lambda": 0.9792445914787644, "hp_config.learning_rate": 0.08947356400945196, "hp_config.max_grad_norm": 0.21689698439847394, "hp_config.minibatch_size": 256, "hp_config.normalize_advantage": true, "hp_config.vf_clip_eps": 0.01032549973286434, "hp_config.vf_coef": 0.7583786538361414}, "score": 9.2890625, "budget_used": 104, "total_wallclock_time": -769.1462831497192, "total_optimization_time": 0.30437159538269043}
{"config": {"hp_config.clip_eps": 0.22684842227802265, "hp_config.ent_coef": 0.2682896055543611, "hp_config.gae_lambda": 0.9792445914787644, "hp_config.learning_rate": 0.08947356400945196, "hp_config.max_grad_norm": 0.21689698439847394, "hp_config.minibatch_size": 256, "hp_config.normalize_advantage": true, "hp_config.vf_clip_eps": 0.01032549973286434, "hp_config.vf_coef": 0.7583786538361414}, "score": 9.2890625, "budget_used": 117, "total_wallclock_time": -866.7689828872681, "total_optimization_time": 0.3072237968444824}
{"config": {"hp_config.clip_eps": 0.22684842227802265, "hp_config.ent_coef": 0.2682896055543611, "hp_config.gae_lambda": 0.9792445914787644, "hp_config.learning_rate": 0.08947356400945196, "hp_config.max_grad_norm": 0.21689698439847394, "hp_config.minibatch_size": 256, "hp_config.normalize_advantage": true, "hp_config.vf_clip_eps": 0.01032549973286434, "hp_config.vf_coef": 0.7583786538361414}, "score": 9.2890625, "budget_used": 130, "total_wallclock_time": -962.3258700370789, "total_optimization_time": 0.310302734375}
{"config": {"hp_config.clip_eps": 0.22684842227802265, "hp_config.ent_coef": 0.2682896055543611, "hp_config.gae_lambda": 0.9792445914787644, "hp_config.learning_rate": 0.08947356400945196, "hp_config.max_grad_norm": 0.21689698439847394, "hp_config.minibatch_size": 256, "hp_config.normalize_advantage": true, "hp_config.vf_clip_eps": 0.01032549973286434, "hp_config.vf_coef": 0.7583786538361414}, "score": 9.2890625, "budget_used": 143, "total_wallclock_time": -1057.9067766666412, "total_optimization_time": 0.31356239318847656}
