steps,returns
10000,124.75781
20000,121.82031
30000,116.359375
40000,105.78906
50000,118.90625
60000,118.953125
70000,123.546875
80000,128.46875
90000,115.125
100000,108.15625
