steps,returns
1000000,-18.109375
2000000,-18.109375
3000000,-17.875
4000000,-18.40625
5000000,-17.359375
6000000,-18.53125
7000000,-17.75
8000000,-17.6875
9000000,-17.5625
10000000,-17.515625
