steps,returns
100000.0,997.26294
200000.0,996.6626
300000.0,1184.6855
400000.0,960.3165
500000.0,534.42896
600000.0,-861.9389
700000.0,-12061.104
800000.0,-14375.346
900000.0,-31198.662
1000000.0,-42542.1
