steps,returns
100000.0,976.1183
200000.0,940.0186
300000.0,893.97034
400000.0,877.26697
500000.0,855.2428
600000.0,813.96
700000.0,810.1567
800000.0,790.0401
900000.0,759.52893
1000000.0,751.06445
