steps,returns
10000,106.671875
20000,126.578125
30000,147.19531
40000,160.85156
50000,257.4453
60000,282.9922
70000,331.60156
80000,410.4922
90000,493.6797
100000,487.60938
