steps,returns
1000000,-18.1875
2000000,-17.5625
3000000,-18.09375
4000000,-18.0625
5000000,-17.9375
6000000,-18.234375
7000000,-17.703125
8000000,-18.140625
9000000,-18.25
10000000,-17.78125
