steps,returns
1000000,133.125
2000000,785.46875
3000000,201.40625
4000000,1651.4062
5000000,1960.1562
6000000,2342.0312
7000000,3622.1094
8000000,4756.4062
9000000,4009.2188
10000000,4745.7812
