steps,returns
5000,9.296875
10000,20.09375
15000,121.984375
20000,62.601562
25000,67.91406
30000,95.35156
35000,82.41406
40000,57.953125
45000,268.875
50000,394.14062
