steps,returns
1000000,707.4219
2000000,520.89844
3000000,740.625
4000000,606.0547
5000000,731.83594
6000000,479.10156
7000000,519.1406
8000000,774.02344
9000000,751.9531
10000000,535.15625
