steps,returns
1000000,261.32812
2000000,108.00781
3000000,234.76562
4000000,125.0
5000000,125.0
6000000,209.57031
7000000,125.0
8000000,125.0
9000000,250.0
10000000,150.0
