steps,returns
100000.0,754.791
200000.0,740.6876
300000.0,454.23022
400000.0,91.16482
500000.0,44.740295
600000.0,-89.61052
700000.0,-126.0849
800000.0,-188.31082
900000.0,-266.42224
1000000.0,-325.94492
