steps,returns
1000000,-18.046875
2000000,-18.109375
3000000,-18.265625
4000000,-18.375
5000000,-17.96875
6000000,-18.96875
7000000,-17.75
8000000,-18.5
9000000,-18.71875
10000000,-18.171875
