steps,returns
5000,178.19531
10000,15.375
15000,18.640625
20000,9.4140625
25000,9.3984375
30000,27.671875
35000,52.5625
40000,12.2578125
45000,94.72656
50000,132.46875
