steps,returns
5000,9.4453125
10000,11.3125
15000,18.75
20000,22.039062
25000,54.992188
30000,22.179688
35000,69.53906
40000,71.359375
45000,89.27344
50000,151.1875
