steps,returns
100000.0,-454.62802
200000.0,-407.73334
300000.0,-399.04285
400000.0,-413.24365
500000.0,-398.03745
600000.0,-403.34613
700000.0,-404.4232
800000.0,-413.43866
900000.0,-402.2741
1000000.0,-398.19278
