steps,returns
100000.0,458.2177
200000.0,458.45544
300000.0,475.08844
400000.0,656.1628
500000.0,988.59204
600000.0,1100.4519
700000.0,1068.4961
800000.0,1008.9064
900000.0,1032.4738
1000000.0,964.7186
