steps,returns
1000000,-16.90625
2000000,-17.296875
3000000,-16.96875
4000000,-17.5
5000000,-16.328125
6000000,-17.96875
7000000,-17.203125
8000000,-17.734375
9000000,-17.265625
10000000,-16.859375
