steps,returns
1000000,-18.21875
2000000,-17.75
3000000,-17.9375
4000000,-17.765625
5000000,-18.078125
6000000,-17.875
7000000,-17.890625
8000000,-17.703125
9000000,-17.984375
10000000,-18.015625
