steps,returns
5000,27.203125
10000,27.757812
15000,27.539062
20000,27.5
25000,26.875
30000,27.3125
35000,26.8125
40000,27.726562
45000,27.820312
50000,27.085938
