steps,returns
1000000,-18.203125
2000000,-18.203125
3000000,-17.90625
4000000,-17.984375
5000000,-17.46875
6000000,-18.140625
7000000,-18.28125
8000000,-18.03125
9000000,-17.625
10000000,-17.703125
