steps,returns
1000000,150.0
2000000,125.0
3000000,125.0
4000000,300.0
5000000,125.0
6000000,267.77344
7000000,292.1875
8000000,275.0
9000000,245.50781
10000000,306.25
