steps,returns
100000.0,738.896
200000.0,1131.5211
300000.0,1416.4899
400000.0,2027.7507
500000.0,1545.195
600000.0,1167.1744
700000.0,592.1449
800000.0,4.6656146
900000.0,-401.43402
1000000.0,-331.7906
