steps,returns
100000.0,921.1061
200000.0,816.8845
300000.0,933.6874
400000.0,557.1046
500000.0,559.56604
600000.0,802.4186
700000.0,524.1338
800000.0,581.83606
900000.0,644.9657
1000000.0,797.4727
