steps,returns
100000.0,683.7282
200000.0,795.8488
300000.0,681.79517
400000.0,655.261
500000.0,637.75793
600000.0,639.34485
700000.0,656.4412
800000.0,665.71094
900000.0,659.60284
1000000.0,688.31555
