steps,returns
1000000,-17.59375
2000000,-17.625
3000000,-18.03125
4000000,-17.171875
5000000,-17.328125
6000000,-17.734375
7000000,-17.265625
8000000,-16.71875
9000000,-16.734375
10000000,-16.703125
