steps,returns
10000,97.640625
20000,111.375
30000,137.125
40000,257.96094
50000,436.0625
60000,456.10938
70000,456.5547
80000,462.79688
90000,449.3125
100000,500.0
