steps,returns
1000000,125.0
2000000,150.0
3000000,250.0
4000000,272.46094
5000000,181.64062
6000000,362.5
7000000,261.32812
8000000,201.95312
9000000,314.45312
10000000,199.80469
