steps,returns
100000.0,1000.2759
200000.0,940.24536
300000.0,904.49744
400000.0,846.11163
500000.0,797.47516
600000.0,860.0616
700000.0,814.7328
800000.0,814.56024
900000.0,807.5338
1000000.0,782.11536
