steps,returns
100000.0,1432.5864
200000.0,1252.2748
300000.0,1147.9685
400000.0,998.42053
500000.0,1341.5758
600000.0,1362.8665
700000.0,1416.842
800000.0,726.73456
900000.0,1974.9014
1000000.0,1953.6769
