steps,returns
5000,72.71875
10000,83.875
15000,79.40625
20000,87.53906
25000,85.1875
30000,92.61719
35000,83.74219
40000,91.6875
45000,79.72656
50000,79.25
