steps,returns
10000,342.0
20000,441.78125
30000,500.0
40000,486.5703
50000,500.0
60000,464.33594
70000,481.4297
80000,475.85156
90000,500.0
100000,500.0
