steps,returns
1000000,334.6875
2000000,424.84375
3000000,948.0469
4000000,818.59375
5000000,1178.6719
6000000,3123.9062
7000000,2198.5938
8000000,4089.375
9000000,3427.7344
10000000,4459.6875
