steps,returns
1000000,-18.03125
2000000,-17.515625
3000000,-18.0
4000000,-17.703125
5000000,-17.546875
6000000,-18.1875
7000000,-17.4375
8000000,-17.328125
9000000,-17.5625
10000000,-17.765625
