steps,returns
100000.0,2.0819798
200000.0,2.3225908
300000.0,2.4236887
400000.0,2.3987212
500000.0,2.4016695
600000.0,2.351649
700000.0,2.4227095
800000.0,2.4573753
900000.0,2.4573915
1000000.0,2.387771
