steps,returns
1000000,588.47656
2000000,677.7344
3000000,665.625
4000000,549.21875
5000000,626.5625
6000000,942.1875
7000000,656.25
8000000,606.83594
9000000,525.97656
10000000,824.02344
