steps,returns
100000.0,-10.693742
200000.0,-270.94427
300000.0,-388.04123
400000.0,326.2798
500000.0,209.158
600000.0,268.9688
700000.0,-14.119633
800000.0,-287.63797
900000.0,-739.15796
1000000.0,-998.56903
