steps,returns
100000.0,-0.65298307
200000.0,45.332874
300000.0,-294.57776
400000.0,-480.2021
500000.0,-540.8501
600000.0,-1258.6157
700000.0,-1228.2269
800000.0,-1427.4316
900000.0,-1474.9242
1000000.0,-611.223
