steps,returns
100000.0,723.92224
200000.0,861.78033
300000.0,839.6815
400000.0,1091.927
500000.0,1168.5452
600000.0,1123.0045
700000.0,626.3595
800000.0,669.7219
900000.0,675.5993
1000000.0,662.0919
