steps,returns
100000.0,1030.456
200000.0,1025.676
300000.0,1019.93665
400000.0,1009.5801
500000.0,993.3904
600000.0,971.2029
700000.0,938.86005
800000.0,910.55963
900000.0,866.608
1000000.0,807.4584
