steps,returns
1000000,158.4375
2000000,88.75
3000000,16.875
4000000,16.71875
5000000,28.28125
6000000,52.1875
7000000,17.34375
8000000,28.4375
9000000,17.8125
10000000,17.65625
