steps,returns
5000,71.96875
10000,340.85938
15000,118.33594
20000,96.82031
25000,406.64062
30000,108.08594
35000,98.02344
40000,91.22656
45000,42.765625
50000,133.04688
