steps,returns
100000.0,954.0381
200000.0,956.53436
300000.0,949.03394
400000.0,948.3306
500000.0,955.1703
600000.0,958.9882
700000.0,1063.4884
800000.0,1146.595
900000.0,1141.3237
1000000.0,1405.1199
