steps,returns
10000,111.25781
20000,129.03906
30000,116.65625
40000,122.625
50000,113.61719
60000,143.75
70000,145.17188
80000,146.91406
90000,146.44531
100000,157.75
