steps,returns
1000000,-17.78125
2000000,-17.859375
3000000,-18.1875
4000000,-18.1875
5000000,-17.171875
6000000,-18.421875
7000000,-17.765625
8000000,-17.953125
9000000,-17.921875
10000000,-18.296875
