steps,returns
1000000,220.0
2000000,333.51562
3000000,152.5
4000000,18.125
5000000,19.84375
6000000,116.25
7000000,294.21875
8000000,74.84375
9000000,433.82812
10000000,83.28125
