steps,returns
100000.0,531.097
200000.0,868.85095
300000.0,871.3222
400000.0,895.8572
500000.0,917.19916
600000.0,902.1304
700000.0,893.16895
800000.0,881.032
900000.0,850.26025
1000000.0,334.06195
