steps,returns
5000,27.117188
10000,28.578125
15000,33.0
20000,35.414062
25000,36.234375
30000,39.382812
35000,40.375
40000,45.335938
45000,47.140625
50000,47.382812
