steps,returns
1000000,609.5703
2000000,390.03906
3000000,327.53906
4000000,551.5625
5000000,476.5625
6000000,619.53125
7000000,250.39062
8000000,581.83594
9000000,637.3047
10000000,370.3125
