steps,returns
1000000,-18.203125
2000000,-18.0625
3000000,-17.59375
4000000,-17.28125
5000000,-17.703125
6000000,-18.03125
7000000,-17.40625
8000000,-17.109375
9000000,-17.859375
10000000,-17.515625
