steps,returns
5000,133.49219
10000,108.75781
15000,79.61719
20000,142.19531
25000,500.0
30000,500.0
35000,500.0
40000,35.859375
45000,414.33594
50000,500.0
