steps,returns
1000000,149.21875
2000000,672.03125
3000000,65.46875
4000000,304.21875
5000000,75.3125
6000000,767.34375
7000000,2837.0312
8000000,2660.8594
9000000,1579.2969
10000000,3090.1562
