steps,returns
5000,9.9140625
10000,8.859375
15000,8.8671875
20000,8.8125
25000,8.9296875
30000,8.90625
35000,8.96875
40000,8.9765625
45000,8.9921875
50000,9.0078125
