steps,returns
100000.0,826.791
200000.0,593.309
300000.0,498.66815
400000.0,777.5197
500000.0,904.2273
600000.0,1020.91736
700000.0,847.24286
800000.0,709.40924
900000.0,1202.8545
1000000.0,1330.3418
