steps,returns
5000,37.34375
10000,16.289062
15000,91.44531
20000,85.89844
25000,391.91406
30000,114.39844
35000,110.22656
40000,277.3828
45000,99.578125
50000,66.22656
