steps,returns
10000,105.25781
20000,98.15625
30000,98.6875
40000,101.890625
50000,103.83594
60000,100.96875
70000,104.671875
80000,102.609375
90000,100.39844
100000,103.72656
