steps,returns
10000,86.53125
20000,103.77344
30000,132.85156
40000,177.75
50000,235.92188
60000,309.1875
70000,361.0
80000,365.1875
90000,423.28125
100000,462.625
