steps,returns
100000.0,657.39594
200000.0,534.583
300000.0,771.99023
400000.0,1016.2637
500000.0,1236.1924
600000.0,962.66223
700000.0,1001.80444
800000.0,888.04193
900000.0,792.18646
1000000.0,534.7747
