steps,returns
10000,117.13281
20000,98.75781
30000,147.60938
40000,146.1875
50000,132.33594
60000,343.23438
70000,500.0
80000,500.0
90000,332.34375
100000,500.0
