steps,returns
1000000,150.0
2000000,338.67188
3000000,186.71875
4000000,250.0
5000000,528.71094
6000000,457.8125
7000000,405.07812
8000000,315.4297
9000000,268.9453
10000000,706.0547
