steps,returns
5000,45.296875
10000,115.234375
15000,368.5547
20000,174.53125
25000,423.375
30000,271.28125
35000,188.88281
40000,212.57812
45000,171.39062
50000,172.29688
