steps,returns
5000,73.24219
10000,76.53906
15000,81.3125
20000,84.72656
25000,89.484375
30000,92.55469
35000,91.21094
40000,99.65625
45000,104.75781
50000,108.19531
