fold,mean_squared_error,mean_absolute_error,phase_index
0,0.024249180356120507,0.1297025798737044,0
1,0.02451262190835277,0.1274831217191576,0
2,0.01937015043448369,0.11529580800817583,0
3,0.02460483686526337,0.1286782069451843,0
4,0.03434892436502459,0.1556052143426349,0
