fold,mean_squared_error,mean_absolute_error,phase_index
0,0.044668949543077714,0.1823122184375834,0
1,0.03508568759627451,0.147837933811791,0
2,0.03708250571165389,0.15581766592043683,0
3,0.02627536768716167,0.1452101599873393,0
4,0.035583823509813504,0.14501245627572487,0
