steps,returns
100000.0,1037.0107
200000.0,1003.90393
300000.0,882.5628
400000.0,885.2908
500000.0,808.688
600000.0,1505.3779
700000.0,682.90576
800000.0,641.70215
900000.0,1059.2937
1000000.0,23.126556
