steps,returns
1000000,63.59375
2000000,100.9375
3000000,21.25
4000000,92.5
5000000,568.59375
6000000,288.125
7000000,377.03125
8000000,331.5625
9000000,471.95312
10000000,266.25
