steps,returns
1000000,-17.734375
2000000,-17.671875
3000000,-18.3125
4000000,-17.953125
5000000,-17.890625
6000000,-18.375
7000000,-18.046875
8000000,-18.046875
9000000,-18.09375
10000000,-18.078125
