steps,returns
10000,53.90625
20000,45.65625
30000,56.898438
40000,152.28125
50000,204.72656
60000,349.77344
70000,292.40625
80000,350.4453
90000,443.3047
100000,499.92188
