steps,returns
100000.0,737.3887
200000.0,717.7566
300000.0,601.15686
400000.0,557.7627
500000.0,610.22675
600000.0,603.3761
700000.0,663.9455
800000.0,595.52515
900000.0,1009.157
1000000.0,927.9083
