steps,returns
10000,73.984375
20000,64.19531
30000,130.75781
40000,177.29688
50000,437.6953
60000,446.29688
70000,452.7422
80000,456.14844
90000,451.17188
100000,468.41406
