steps,returns
100000.0,632.5374
200000.0,1054.762
300000.0,649.8246
400000.0,718.6835
500000.0,882.46625
600000.0,926.9381
700000.0,1125.9905
800000.0,750.39764
900000.0,478.76764
1000000.0,434.77368
