steps,returns
100000.0,-0.31152242
200000.0,1.6295913
300000.0,24.333885
400000.0,30.725445
500000.0,-104.104965
600000.0,-184.10614
700000.0,-195.75543
800000.0,-426.37128
900000.0,-300.53534
1000000.0,-249.49133
