steps,returns
100000.0,388.22882
200000.0,330.48666
300000.0,600.3461
400000.0,342.7283
500000.0,385.2186
600000.0,380.57275
700000.0,287.93765
800000.0,424.77612
900000.0,467.07913
1000000.0,428.73926
