steps,returns
1000000,-17.6875
2000000,-17.78125
3000000,-17.640625
4000000,-18.203125
5000000,-17.828125
6000000,-18.09375
7000000,-17.78125
8000000,-17.53125
9000000,-17.953125
10000000,-18.109375
