{"config": {"hp_config.buffer_alpha": 0.6565772422107444, "hp_config.buffer_batch_size": 64, "hp_config.buffer_beta": 0.47164766512774325, "hp_config.buffer_epsilon": 0.003199830328014425, "hp_config.buffer_prio_sampling": true, "hp_config.buffer_size": 11948, "hp_config.epsilon": 0.32988314678531033, "hp_config.gradient_steps": 2, "hp_config.learning_rate": 9.614170248896964e-06, "hp_config.learning_starts": 377, "hp_config.train_freq": 106, "hp_config.use_target_network": true, "hp_config.target_update_interval": 838, "hp_config.tau": 0.10513742381502343}, "score": 9.0390625, "budget_used": 13, "total_wallclock_time": -69.7292788028717, "total_optimization_time": 0.008471965789794922}
{"config": {"hp_config.buffer_alpha": 0.6565772422107444, "hp_config.buffer_batch_size": 64, "hp_config.buffer_beta": 0.47164766512774325, "hp_config.buffer_epsilon": 0.003199830328014425, "hp_config.buffer_prio_sampling": true, "hp_config.buffer_size": 11948, "hp_config.epsilon": 0.32988314678531033, "hp_config.gradient_steps": 2, "hp_config.learning_rate": 9.614170248896964e-06, "hp_config.learning_starts": 377, "hp_config.train_freq": 106, "hp_config.use_target_network": true, "hp_config.target_update_interval": 838, "hp_config.tau": 0.10513742381502343}, "score": 9.0390625, "budget_used": 26, "total_wallclock_time": -139.6392786502838, "total_optimization_time": 0.033564090728759766}
{"config": {"hp_config.buffer_alpha": 0.6565772422107444, "hp_config.buffer_batch_size": 64, "hp_config.buffer_beta": 0.47164766512774325, "hp_config.buffer_epsilon": 0.003199830328014425, "hp_config.buffer_prio_sampling": true, "hp_config.buffer_size": 11948, "hp_config.epsilon": 0.32988314678531033, "hp_config.gradient_steps": 2, "hp_config.learning_rate": 9.614170248896964e-06, "hp_config.learning_starts": 377, "hp_config.train_freq": 106, "hp_config.use_target_network": true, "hp_config.target_update_interval": 838, "hp_config.tau": 0.10513742381502343}, "score": 9.0390625, "budget_used": 39, "total_wallclock_time": -207.83395648002625, "total_optimization_time": 0.03765296936035156}
{"config": {"hp_config.buffer_alpha": 0.16183518908075228, "hp_config.buffer_batch_size": 64, "hp_config.buffer_beta": 0.43865436421836895, "hp_config.buffer_epsilon": 0.005754106802606822, "hp_config.buffer_prio_sampling": true, "hp_config.buffer_size": 78372, "hp_config.epsilon": 0.37675571618391723, "hp_config.gradient_steps": 10, "hp_config.learning_rate": 1.3956057340267104e-06, "hp_config.learning_starts": 918, "hp_config.train_freq": 51, "hp_config.use_target_network": false}, "score": 9.0078125, "budget_used": 52, "total_wallclock_time": -274.9117786884308, "total_optimization_time": 0.04280233383178711}
{"config": {"hp_config.buffer_alpha": 0.16183518908075228, "hp_config.buffer_batch_size": 64, "hp_config.buffer_beta": 0.43865436421836895, "hp_config.buffer_epsilon": 0.005754106802606822, "hp_config.buffer_prio_sampling": true, "hp_config.buffer_size": 78372, "hp_config.epsilon": 0.37675571618391723, "hp_config.gradient_steps": 10, "hp_config.learning_rate": 1.3956057340267104e-06, "hp_config.learning_starts": 918, "hp_config.train_freq": 51, "hp_config.use_target_network": false}, "score": 9.0078125, "budget_used": 65, "total_wallclock_time": -341.5680956840515, "total_optimization_time": 0.04713940620422363}
{"config": {"hp_config.buffer_alpha": 0.16183518908075228, "hp_config.buffer_batch_size": 64, "hp_config.buffer_beta": 0.43865436421836895, "hp_config.buffer_epsilon": 0.005754106802606822, "hp_config.buffer_prio_sampling": true, "hp_config.buffer_size": 78372, "hp_config.epsilon": 0.37675571618391723, "hp_config.gradient_steps": 10, "hp_config.learning_rate": 1.3956057340267104e-06, "hp_config.learning_starts": 918, "hp_config.train_freq": 51, "hp_config.use_target_network": false}, "score": 9.0078125, "budget_used": 78, "total_wallclock_time": -415.65214014053345, "total_optimization_time": 0.053179264068603516}
{"config": {"hp_config.buffer_alpha": 0.16183518908075228, "hp_config.buffer_batch_size": 64, "hp_config.buffer_beta": 0.43865436421836895, "hp_config.buffer_epsilon": 0.005754106802606822, "hp_config.buffer_prio_sampling": true, "hp_config.buffer_size": 78372, "hp_config.epsilon": 0.37675571618391723, "hp_config.gradient_steps": 10, "hp_config.learning_rate": 1.3956057340267104e-06, "hp_config.learning_starts": 918, "hp_config.train_freq": 51, "hp_config.use_target_network": false}, "score": 9.0078125, "budget_used": 91, "total_wallclock_time": -493.26581716537476, "total_optimization_time": 0.05727505683898926}
{"config": {"hp_config.buffer_alpha": 0.16183518908075228, "hp_config.buffer_batch_size": 64, "hp_config.buffer_beta": 0.43865436421836895, "hp_config.buffer_epsilon": 0.005754106802606822, "hp_config.buffer_prio_sampling": true, "hp_config.buffer_size": 78372, "hp_config.epsilon": 0.37675571618391723, "hp_config.gradient_steps": 10, "hp_config.learning_rate": 1.3956057340267104e-06, "hp_config.learning_starts": 918, "hp_config.train_freq": 51, "hp_config.use_target_network": false}, "score": 9.0078125, "budget_used": 104, "total_wallclock_time": -560.8864724636078, "total_optimization_time": 0.06145429611206055}
{"config": {"hp_config.buffer_alpha": 0.16183518908075228, "hp_config.buffer_batch_size": 64, "hp_config.buffer_beta": 0.43865436421836895, "hp_config.buffer_epsilon": 0.005754106802606822, "hp_config.buffer_prio_sampling": true, "hp_config.buffer_size": 78372, "hp_config.epsilon": 0.37675571618391723, "hp_config.gradient_steps": 10, "hp_config.learning_rate": 1.3956057340267104e-06, "hp_config.learning_starts": 918, "hp_config.train_freq": 51, "hp_config.use_target_network": false}, "score": 9.0078125, "budget_used": 117, "total_wallclock_time": -628.9412484169006, "total_optimization_time": 0.07087302207946777}
{"config": {"hp_config.buffer_alpha": 0.16183518908075228, "hp_config.buffer_batch_size": 64, "hp_config.buffer_beta": 0.43865436421836895, "hp_config.buffer_epsilon": 0.005754106802606822, "hp_config.buffer_prio_sampling": true, "hp_config.buffer_size": 78372, "hp_config.epsilon": 0.37675571618391723, "hp_config.gradient_steps": 10, "hp_config.learning_rate": 1.3956057340267104e-06, "hp_config.learning_starts": 918, "hp_config.train_freq": 51, "hp_config.use_target_network": false}, "score": 9.0078125, "budget_used": 130, "total_wallclock_time": -697.2582058906555, "total_optimization_time": 0.07654500007629395}
{"config": {"hp_config.buffer_alpha": 0.8199200395237887, "hp_config.buffer_batch_size": 128, "hp_config.buffer_beta": 0.16052655479397782, "hp_config.buffer_epsilon": 0.008056527530204388, "hp_config.buffer_prio_sampling": false, "hp_config.buffer_size": 96739, "hp_config.epsilon": 0.4380469691599727, "hp_config.gradient_steps": 6, "hp_config.learning_rate": 3.209380686844001e-06, "hp_config.learning_starts": 495, "hp_config.train_freq": 41, "hp_config.use_target_network": false}, "score": 8.921875, "budget_used": 143, "total_wallclock_time": -763.4550206661224, "total_optimization_time": 0.08139276504516602}
