steps,returns
1000000,647.1875
2000000,125.46875
3000000,124.6875
4000000,187.8125
5000000,151.71875
6000000,23.125
7000000,115.9375
8000000,18.125
9000000,50.15625
10000000,115.78125
