steps,returns
10000,103.265625
20000,105.36719
30000,109.296875
40000,119.25781
50000,127.96094
60000,133.46094
70000,141.28906
80000,174.3125
90000,213.28906
100000,232.46875
