steps,returns
10000,107.4375
20000,107.64844
30000,202.34375
40000,296.51562
50000,357.9375
60000,392.0547
70000,485.96094
80000,380.0625
90000,362.1328
100000,480.5078
