steps,returns
100000.0,335.12195
200000.0,183.33894
300000.0,447.06857
400000.0,503.74445
500000.0,683.8169
600000.0,686.67914
700000.0,687.51184
800000.0,719.4252
900000.0,765.432
1000000.0,889.7179
