steps,returns
10000,63.71875
20000,67.390625
30000,67.40625
40000,60.507812
50000,54.570312
60000,51.148438
70000,49.515625
80000,54.367188
90000,110.59375
100000,135.36719
