steps,returns
10000,-307.9453
20000,-405.7578
30000,-497.625
40000,-497.6172
50000,-461.26562
60000,-496.4922
70000,-498.52344
80000,-495.9922
90000,-498.95312
100000,-500.0
