steps,returns
1000000,260.35156
2000000,711.52344
3000000,639.4531
4000000,672.46094
5000000,792.1875
6000000,768.5547
7000000,522.65625
8000000,1188.6719
9000000,2867.5781
10000000,4126.758
