steps,returns
100000.0,331.76093
200000.0,724.7046
300000.0,726.18524
400000.0,1195.688
500000.0,801.5344
600000.0,-2837.1338
700000.0,-5904.7397
800000.0,-15478.0625
900000.0,-14524.907
1000000.0,-13088.588
