steps,returns
5000,500.0
10000,280.04688
15000,110.96094
20000,16.15625
25000,11.75
30000,17.0625
35000,107.85156
40000,9.4453125
45000,9.875
50000,17.773438
