steps,returns
1000000,-15.5625
2000000,-15.15625
3000000,-14.6875
4000000,-14.921875
5000000,-14.921875
6000000,-15.078125
7000000,-15.640625
8000000,-15.34375
9000000,-16.0
10000000,-14.859375
