steps,returns
100000.0,957.541
200000.0,933.49414
300000.0,980.86304
400000.0,996.0255
500000.0,178.55353
600000.0,370.86835
700000.0,1170.4366
800000.0,971.3355
900000.0,1151.7175
1000000.0,912.9728
