steps,returns
100000.0,428.00717
200000.0,640.3487
300000.0,1062.2709
400000.0,638.2998
500000.0,870.68823
600000.0,941.9569
700000.0,782.5463
800000.0,658.09827
900000.0,654.3597
1000000.0,943.16394
