steps,returns
1000000,237.5
2000000,240.625
3000000,329.10156
4000000,350.0
5000000,684.375
6000000,711.1328
7000000,475.0
8000000,717.77344
9000000,650.78125
10000000,750.0
