steps,returns
100000.0,686.34344
200000.0,672.98364
300000.0,1088.6775
400000.0,1062.5819
500000.0,617.6037
600000.0,351.64282
700000.0,-46.829582
800000.0,-719.18835
900000.0,-1458.6599
1000000.0,-1691.904
