steps,returns
1000000,-18.296875
2000000,-17.78125
3000000,-17.90625
4000000,-18.09375
5000000,-17.515625
6000000,-17.671875
7000000,-17.90625
8000000,-18.09375
9000000,-17.96875
10000000,-17.703125
