steps,returns
10000,-286.14062
20000,-308.64844
30000,-332.47656
40000,-331.71875
50000,-368.97656
60000,-437.26562
70000,-490.35156
80000,-500.0
90000,-500.0
100000,-500.0
