steps,returns
10000,134.82031
20000,496.53125
30000,500.0
40000,260.8672
50000,345.82812
60000,148.71875
70000,77.09375
80000,500.0
90000,9.3671875
100000,500.0
