steps,returns
10000,249.82812
20000,440.25
30000,498.16406
40000,493.84375
50000,319.59375
60000,500.0
70000,500.0
80000,500.0
90000,500.0
100000,500.0
