steps,returns
100000.0,560.7197
200000.0,566.1989
300000.0,479.14502
400000.0,562.7343
500000.0,636.959
600000.0,867.9328
700000.0,960.7008
800000.0,880.25977
900000.0,912.3509
1000000.0,934.74414
