steps,returns
100000.0,562.0034
200000.0,543.8662
300000.0,461.86716
400000.0,476.18372
500000.0,508.45538
600000.0,499.36548
700000.0,502.0811
800000.0,496.61694
900000.0,509.65704
1000000.0,573.976
