steps,returns
100000.0,696.9888
200000.0,701.13525
300000.0,635.82166
400000.0,576.0471
500000.0,563.32434
600000.0,628.5001
700000.0,647.46545
800000.0,693.6392
900000.0,650.97546
1000000.0,644.5243
