steps,returns
1000000,-18.53125
2000000,-17.59375
3000000,-18.3125
4000000,-17.890625
5000000,-18.21875
6000000,-18.34375
7000000,-18.84375
8000000,-17.828125
9000000,-18.015625
10000000,-18.21875
