steps,returns
100000.0,1173.2205
200000.0,1177.7615
300000.0,1174.2974
400000.0,1180.791
500000.0,1152.1165
600000.0,1118.802
700000.0,1020.132
800000.0,929.97534
900000.0,6.789761
1000000.0,13.241101
