steps,returns
5000,9.140625
10000,9.4140625
15000,9.3046875
20000,9.7734375
25000,12.1796875
30000,14.015625
35000,20.890625
40000,32.03125
45000,64.53125
50000,117.265625
