steps,returns
100000.0,872.558
200000.0,979.182
300000.0,1046.6322
400000.0,1085.2012
500000.0,1067.1802
600000.0,312.91162
700000.0,729.9415
800000.0,879.06836
900000.0,1600.0198
1000000.0,448.39993
