steps,returns
100000.0,9.958191
200000.0,9.690723
300000.0,9.631039
400000.0,9.531633
500000.0,9.531506
600000.0,9.549715
700000.0,9.5278225
800000.0,9.471537
900000.0,9.59158
1000000.0,9.435535
