steps,returns
1000000,125.0
2000000,250.0
3000000,486.71875
4000000,337.10938
5000000,1552.3438
6000000,455.46875
7000000,539.0625
8000000,561.3281
9000000,1697.2656
10000000,3867.7734
