steps,returns
10000,336.125
20000,362.64062
30000,471.58594
40000,295.15625
50000,500.0
60000,460.54688
70000,500.0
80000,500.0
90000,500.0
100000,207.57031
