steps,returns
1000000,1016.25
2000000,842.65625
3000000,1572.6562
4000000,1144.2969
5000000,1614.6094
6000000,1917.8125
7000000,1837.8125
8000000,337.34375
9000000,1020.3125
10000000,247.03125
