steps,returns
1000000,690.2344
2000000,668.16406
3000000,488.28125
4000000,660.5469
5000000,946.09375
6000000,810.5469
7000000,398.82812
8000000,768.3594
9000000,1872.0703
10000000,632.6172
