steps,returns
100000.0,896.8236
200000.0,935.0835
300000.0,908.68225
400000.0,838.5024
500000.0,669.2316
600000.0,649.80225
700000.0,615.4194
800000.0,627.298
900000.0,641.3119
1000000.0,662.3165
