steps,returns
1000000,69.0625
2000000,215.46875
3000000,288.28125
4000000,167.65625
5000000,146.5625
6000000,21.71875
7000000,528.59375
8000000,58.125
9000000,347.03125
10000000,428.59375
