steps,returns
1000000,125.0
2000000,125.0
3000000,125.0
4000000,350.0
5000000,200.0
6000000,185.54688
7000000,216.01562
8000000,167.57812
9000000,250.0
10000000,230.66406
