steps,returns
10000,-500.0
20000,-500.0
30000,-228.95312
40000,-109.72656
50000,-87.796875
60000,-500.0
70000,-500.0
80000,-500.0
90000,-500.0
100000,-500.0
