steps,returns
5000,25.25
10000,76.11719
15000,13.65625
20000,23.304688
25000,93.453125
30000,102.078125
35000,103.49219
40000,238.04688
45000,200.73438
50000,227.9375
