steps,returns
100000.0,743.8598
200000.0,196.25479
300000.0,992.50183
400000.0,573.7047
500000.0,572.4529
600000.0,653.70825
700000.0,726.3536
800000.0,762.3557
900000.0,927.97534
1000000.0,849.5128
