steps,returns
1000000,-18.0625
2000000,-18.625
3000000,-17.484375
4000000,-18.09375
5000000,-17.75
6000000,-17.53125
7000000,-18.0
8000000,-17.9375
9000000,-17.265625
10000000,-17.96875
