steps,returns
1000000,368.5547
2000000,231.25
3000000,230.46875
4000000,316.40625
5000000,292.57812
6000000,267.96875
7000000,198.4375
8000000,359.96094
9000000,242.1875
10000000,327.9297
