steps,returns
5000,63.367188
10000,62.757812
15000,60.34375
20000,50.117188
25000,46.953125
30000,41.359375
35000,45.109375
40000,44.554688
45000,36.773438
50000,30.703125
