steps,returns
100000.0,435.4882
200000.0,471.6331
300000.0,599.2126
400000.0,577.1419
500000.0,397.4651
600000.0,354.25378
700000.0,-77.943535
800000.0,-253.46176
900000.0,-619.15875
1000000.0,-1043.6378
