steps,returns
100000.0,589.95996
200000.0,540.2388
300000.0,583.57886
400000.0,687.9373
500000.0,764.24414
600000.0,601.14404
700000.0,871.76855
800000.0,686.28467
900000.0,747.8126
1000000.0,1028.4646
