steps,returns
100000.0,423.63043
200000.0,240.52817
300000.0,-411.9224
400000.0,-2283.527
500000.0,-3096.2246
600000.0,-6373.575
700000.0,-11621.865
800000.0,-24662.285
900000.0,-29894.105
1000000.0,-31751.07
