steps,returns
5000,9.46875
10000,32.007812
15000,61.117188
20000,44.984375
25000,148.1875
30000,418.72656
35000,464.77344
40000,414.71875
45000,500.0
50000,425.23438
