steps,returns
10000,337.54688
20000,147.46875
30000,496.28906
40000,58.726562
50000,186.75
60000,282.67188
70000,86.49219
80000,54.53125
90000,180.52344
100000,9.359375
