steps,returns
5000,9.3671875
10000,9.4453125
15000,9.28125
20000,9.3828125
25000,9.3125
30000,9.2421875
35000,9.3828125
40000,11.859375
45000,14.7109375
50000,13.625
