steps,returns
100000.0,1034.2546
200000.0,855.9629
300000.0,680.16626
400000.0,715.1592
500000.0,1379.2681
600000.0,1294.929
700000.0,389.89154
800000.0,-11446.547
900000.0,-9987.191
1000000.0,-9299.817
