steps,returns
1000000,17.65625
2000000,91.875
3000000,16.71875
4000000,17.65625
5000000,73.59375
6000000,25.3125
7000000,17.34375
8000000,27.03125
9000000,40.78125
10000000,632.4219
