steps,returns
10000,264.59375
20000,166.53906
30000,455.875
40000,496.60938
50000,500.0
60000,386.9375
70000,496.21094
80000,344.9922
90000,201.49219
100000,161.1875
