steps,returns
1000000,17.8125
2000000,16.71875
3000000,16.875
4000000,27.65625
5000000,16.5625
6000000,55.15625
7000000,29.21875
8000000,26.875
9000000,17.5
10000000,17.5
