steps,returns
1000000,-18.171875
2000000,-18.359375
3000000,-18.515625
4000000,-18.390625
5000000,-17.875
6000000,-18.09375
7000000,-17.4375
8000000,-18.171875
9000000,-18.46875
10000000,-17.6875
