steps,returns
5000,9.15625
10000,9.3046875
15000,9.453125
20000,9.375
25000,9.296875
30000,11.953125
35000,13.9296875
40000,30.15625
45000,24.25
50000,54.265625
