steps,returns
100000.0,39.315018
200000.0,38.794502
300000.0,39.04207
400000.0,38.86122
500000.0,38.787205
600000.0,38.880543
700000.0,38.840584
800000.0,38.86686
900000.0,39.05999
1000000.0,38.671738
