steps,returns
1000000,-17.96875
2000000,-17.640625
3000000,-18.15625
4000000,-17.984375
5000000,-18.140625
6000000,-17.84375
7000000,-18.125
8000000,-18.109375
9000000,-18.109375
10000000,-17.8125
