steps,returns
5000,9.2890625
10000,9.171875
15000,9.375
20000,9.21875
25000,9.28125
30000,9.2890625
35000,9.296875
40000,9.3359375
45000,9.2265625
50000,9.2265625
