steps,returns
100000.0,599.7163
200000.0,940.59973
300000.0,975.776
400000.0,1175.8153
500000.0,835.2279
600000.0,758.9911
700000.0,1293.408
800000.0,-7.85342
900000.0,-8.254108
1000000.0,17.511297
