steps,returns
10000,299.8672
20000,497.84375
30000,500.0
40000,500.0
50000,500.0
60000,314.1953
70000,151.3125
80000,500.0
90000,499.08594
100000,500.0
