steps,returns
100000.0,179.14044
200000.0,277.302
300000.0,310.08878
400000.0,-1012.8999
500000.0,-20822.238
600000.0,-358686.22
700000.0,-341978.2
800000.0,-340420.44
900000.0,-346613.75
1000000.0,-348983.88
