steps,returns
10000,-500.0
20000,-500.0
30000,-500.0
40000,-500.0
50000,-406.23438
60000,-149.24219
70000,-124.28125
80000,-95.96875
90000,-404.9453
100000,-500.0
