steps,returns
10000,324.23438
20000,303.46875
30000,311.9453
40000,369.9375
50000,418.6875
60000,438.72656
70000,460.96094
80000,499.73438
90000,500.0
100000,500.0
