steps,returns
10000,462.85156
20000,462.6797
30000,231.11719
40000,500.0
50000,500.0
60000,500.0
70000,500.0
80000,500.0
90000,500.0
100000,500.0
