steps,returns
1000000,-17.21875
2000000,-17.703125
3000000,-17.53125
4000000,-17.421875
5000000,-17.5625
6000000,-17.40625
7000000,-17.328125
8000000,-17.34375
9000000,-16.84375
10000000,-16.609375
