steps,returns
100000.0,653.34546
200000.0,563.6271
300000.0,624.40295
400000.0,641.76917
500000.0,687.32544
600000.0,890.1598
700000.0,964.21936
800000.0,941.1876
900000.0,920.1386
1000000.0,941.06177
