steps,returns
5000,9.1640625
10000,9.1640625
15000,9.125
20000,9.140625
25000,9.2265625
30000,9.328125
35000,9.2890625
40000,9.359375
45000,9.3828125
50000,9.3046875
