steps,returns
1000000,-17.265625
2000000,-17.453125
3000000,-17.859375
4000000,-18.296875
5000000,-18.078125
6000000,-17.234375
7000000,-17.65625
8000000,-18.0
9000000,-17.578125
10000000,-17.703125
