steps,returns
10000,240.20312
20000,500.0
30000,500.0
40000,500.0
50000,495.42188
60000,399.3672
70000,496.1953
80000,423.52344
90000,273.57812
100000,467.6953
