steps,returns
10000,79.89844
20000,120.640625
30000,278.58594
40000,378.20312
50000,500.0
60000,500.0
70000,179.0
80000,298.90625
90000,226.11719
100000,496.66406
