steps,returns
10000,171.44531
20000,170.44531
30000,236.3125
40000,264.3125
50000,231.32812
60000,307.9453
70000,429.14844
80000,469.96094
90000,464.83594
100000,456.67188
