steps,returns
5000,100.08594
10000,230.5
15000,332.9375
20000,218.17969
25000,114.44531
30000,158.99219
35000,303.2578
40000,228.44531
45000,208.40625
50000,130.89844
