steps,returns
1000000,-18.0625
2000000,-17.84375
3000000,-18.171875
4000000,-17.765625
5000000,-17.8125
6000000,-17.515625
7000000,-18.0625
8000000,-17.875
9000000,-17.671875
10000000,-18.015625
