steps,returns
5000,88.046875
10000,75.171875
15000,52.0
20000,50.242188
25000,43.46875
30000,26.710938
35000,20.726562
40000,14.375
45000,10.8125
50000,9.6640625
