steps,returns
100000.0,749.7316
200000.0,716.4402
300000.0,732.484
400000.0,712.8421
500000.0,691.81165
600000.0,738.25073
700000.0,835.9724
800000.0,697.2471
900000.0,725.91846
1000000.0,909.7661
