steps,returns
100000.0,54.944572
200000.0,76.14356
300000.0,559.29767
400000.0,852.15497
500000.0,598.3815
600000.0,309.39954
700000.0,-47.50316
800000.0,-186.42233
900000.0,-96.66875
1000000.0,-2545.792
