steps,returns
10000,495.08594
20000,491.60938
30000,458.3672
40000,225.29688
50000,445.6875
60000,299.625
70000,500.0
80000,500.0
90000,500.0
100000,500.0
