steps,returns
100000.0,1023.06055
200000.0,946.25366
300000.0,767.7381
400000.0,492.4199
500000.0,124.10278
600000.0,13.008432
700000.0,-96.18028
800000.0,-237.21588
900000.0,-117.635574
1000000.0,-92.854614
