steps,returns
5000,9.453125
10000,16.523438
15000,28.460938
20000,44.046875
25000,96.14844
30000,143.39844
35000,285.53125
40000,256.6875
45000,210.34375
50000,170.79688
