steps,returns
1000000,-17.6875
2000000,-17.921875
3000000,-17.84375
4000000,-17.703125
5000000,-17.734375
6000000,-18.203125
7000000,-18.375
8000000,-17.984375
9000000,-17.6875
10000000,-17.921875
