steps,returns
100000.0,909.7081
200000.0,755.5886
300000.0,796.2148
400000.0,833.5879
500000.0,799.9167
600000.0,771.94336
700000.0,858.40894
800000.0,898.44727
900000.0,887.7566
1000000.0,839.56744
