steps,returns
5000,87.65625
10000,50.289062
15000,395.20312
20000,99.57031
25000,98.61719
30000,52.101562
35000,103.66406
40000,101.859375
45000,93.44531
50000,92.375
