steps,returns
1000000,1825.1562
2000000,132.96875
3000000,486.32812
4000000,3549.8438
5000000,2946.9531
6000000,3642.0312
7000000,1995.0
8000000,3557.5781
9000000,4238.75
10000000,5296.25
