steps,returns
100000.0,1021.3943
200000.0,1020.2301
300000.0,1022.39856
400000.0,1018.7511
500000.0,1010.116
600000.0,1003.2486
700000.0,992.853
800000.0,974.90784
900000.0,949.4621
1000000.0,921.6524
