steps,returns
10000,105.21875
20000,132.98438
30000,138.36719
40000,138.26562
50000,152.46094
60000,190.49219
70000,247.14062
80000,251.57031
90000,228.95312
100000,204.48438
