steps,returns
1000000,519.375
2000000,16.09375
3000000,16.71875
4000000,17.1875
5000000,36.25
6000000,29.6875
7000000,16.71875
8000000,17.96875
9000000,17.03125
10000000,16.875
