steps,returns
10000,-292.64844
20000,-310.3828
30000,-401.82812
40000,-484.125
50000,-492.03125
60000,-491.28125
70000,-453.42188
80000,-490.5
90000,-500.0
100000,-500.0
