steps,returns
1000000,28.90625
2000000,17.65625
3000000,17.96875
4000000,41.40625
5000000,53.90625
6000000,29.53125
7000000,17.8125
8000000,28.90625
9000000,17.96875
10000000,29.21875
