steps,returns
100000.0,1021.33997
200000.0,1028.0808
300000.0,1027.7306
400000.0,1022.32996
500000.0,1007.5189
600000.0,999.0271
700000.0,972.66956
800000.0,942.0676
900000.0,882.4813
1000000.0,849.0581
