steps,returns
1000000,311.1328
2000000,268.9453
3000000,250.0
4000000,410.9375
5000000,314.45312
6000000,430.07812
7000000,312.5
8000000,332.42188
9000000,374.21875
10000000,325.0
