steps,returns
100000.0,518.89355
200000.0,408.96234
300000.0,813.11084
400000.0,454.5853
500000.0,957.03876
600000.0,1692.9277
700000.0,704.9513
800000.0,539.23755
900000.0,386.88016
1000000.0,899.53723
