steps,returns
100000.0,-1.1602643
200000.0,-1.0060939
300000.0,-1.3184474
400000.0,-1.3203686
500000.0,-1.9664025
600000.0,-2.33272
700000.0,-3.9114313
800000.0,-5.486835
900000.0,-9.164764
1000000.0,-14.2596035
