steps,returns
100000.0,-9.926663
200000.0,-259.09338
300000.0,-448.4049
400000.0,-519.3363
500000.0,-1774.8489
600000.0,-1453.2659
700000.0,-1068.8857
800000.0,-969.72156
900000.0,-882.57623
1000000.0,-1050.8064
