steps,returns
100000.0,748.50446
200000.0,945.76013
300000.0,958.4956
400000.0,958.1669
500000.0,940.193
600000.0,950.52014
700000.0,929.87695
800000.0,1085.3135
900000.0,1170.1982
1000000.0,1228.0894
