steps,returns
1000000,-17.453125
2000000,-17.8125
3000000,-17.40625
4000000,-17.953125
5000000,-18.109375
6000000,-17.484375
7000000,-18.5
8000000,-17.78125
9000000,-17.40625
10000000,-17.71875
