steps,returns
100000.0,1026.4224
200000.0,1025.0741
300000.0,1018.5417
400000.0,1002.5329
500000.0,992.84015
600000.0,981.2417
700000.0,959.5816
800000.0,931.12463
900000.0,892.81226
1000000.0,844.16235
