steps,returns
5000,9.578125
10000,9.5625
15000,9.5859375
20000,9.28125
25000,9.40625
30000,9.46875
35000,9.2890625
40000,9.328125
45000,9.3671875
50000,9.34375
