steps,returns
5000,9.328125
10000,9.21875
15000,9.3203125
20000,9.3203125
25000,9.3359375
30000,9.3671875
35000,9.4609375
40000,9.390625
45000,9.3671875
50000,9.3203125
