steps,returns
1000000,-17.734375
2000000,-18.375
3000000,-17.859375
4000000,-17.765625
5000000,-17.59375
6000000,-18.34375
7000000,-17.5
8000000,-18.046875
9000000,-17.453125
10000000,-18.15625
