steps,returns
5000,44.109375
10000,41.59375
15000,43.1875
20000,38.796875
25000,65.65625
30000,72.09375
35000,84.53125
40000,74.296875
45000,96.671875
50000,114.921875
