steps,returns
1000000,17.1875
2000000,27.96875
3000000,18.125
4000000,18.125
5000000,44.53125
6000000,30.15625
7000000,17.8125
8000000,17.1875
9000000,41.40625
10000000,29.375
