steps,returns
10000,360.14844
20000,476.21875
30000,203.6875
40000,500.0
50000,145.89062
60000,500.0
70000,500.0
80000,500.0
90000,302.78125
100000,500.0
