steps,returns
10000,492.98438
20000,500.0
30000,155.1875
40000,131.28906
50000,200.65625
60000,105.078125
70000,96.703125
80000,9.34375
90000,500.0
100000,500.0
