steps,returns
100000.0,-125.143776
200000.0,-43.815742
300000.0,4.540791
400000.0,36.005302
500000.0,50.312595
600000.0,63.046272
700000.0,71.56436
800000.0,81.50224
900000.0,97.15995
1000000.0,92.59671
