steps,returns
100000.0,-244.51688
200000.0,-640.9387
300000.0,-341.92065
400000.0,-1137.9736
500000.0,-2165.879
600000.0,-2998.8848
700000.0,-4896.8965
800000.0,-6454.901
900000.0,-9630.565
1000000.0,-13926.925
