steps,returns
1000000,-18.234375
2000000,-18.078125
3000000,-18.25
4000000,-18.03125
5000000,-17.96875
6000000,-17.421875
7000000,-17.9375
8000000,-17.75
9000000,-18.125
10000000,-17.875
