steps,returns
1000000,-17.984375
2000000,-17.78125
3000000,-17.609375
4000000,-17.09375
5000000,-17.1875
6000000,-17.59375
7000000,-16.984375
8000000,-16.59375
9000000,-16.734375
10000000,-17.53125
