steps,returns
1000000,-18.03125
2000000,-17.921875
3000000,-17.671875
4000000,-18.34375
5000000,-17.703125
6000000,-17.515625
7000000,-18.53125
8000000,-17.65625
9000000,-18.171875
10000000,-18.09375
