steps,returns
5000,21.71875
10000,20.046875
15000,21.054688
20000,79.24219
25000,110.859375
30000,236.53125
35000,142.21094
40000,179.20312
45000,163.27344
50000,148.35938
