steps,returns
100000.0,822.5526
200000.0,1032.772
300000.0,1382.137
400000.0,1217.1465
500000.0,1117.2865
600000.0,1102.6366
700000.0,817.3297
800000.0,576.77765
900000.0,463.4367
1000000.0,423.12115
