steps,returns
100000.0,1013.3556
200000.0,1011.5642
300000.0,1018.42786
400000.0,1017.0318
500000.0,1010.7698
600000.0,1019.7628
700000.0,1017.77985
800000.0,1017.21497
900000.0,1016.59717
1000000.0,1013.1588
