steps,returns
12000,-174.95312
24000,-200.0
36000,-169.13281
48000,-200.0
60000,-142.24219
72000,-146.85156
84000,-124.39844
96000,-176.34375
108000,-119.91406
120000,-113.3125
