steps,returns
100000,-200.0
200000,-200.0
300000,-200.0
400000,-200.0
500000,-200.0
600000,-200.0
700000,-184.25
800000,-180.51562
900000,-178.11719
1000000,-178.57031
