steps,returns
1000000,205.15625
2000000,99.53125
3000000,90.46875
4000000,18.4375
5000000,29.375
6000000,28.59375
7000000,83.28125
8000000,18.125
9000000,17.1875
10000000,33.4375
