steps,returns
100000.0,-1430.0415
200000.0,-1733.9028
300000.0,445.56564
400000.0,27.118559
500000.0,251.30893
600000.0,-147.42416
700000.0,-5646.1973
800000.0,-33523.555
900000.0,-79388.2
1000000.0,-98475.17
