steps,returns
1000000,-17.71875
2000000,-18.0625
3000000,-17.59375
4000000,-18.015625
5000000,-17.828125
6000000,-18.03125
7000000,-17.703125
8000000,-17.40625
9000000,-17.578125
10000000,-17.90625
