steps,returns
10000,95.96875
20000,94.6875
30000,93.41406
40000,114.13281
50000,104.5625
60000,116.296875
70000,111.203125
80000,108.53125
90000,114.97656
100000,120.0625
