steps,returns
1000000,418.35938
2000000,325.78125
3000000,666.21094
4000000,687.5
5000000,721.875
6000000,774.6094
7000000,1633.0078
8000000,1959.9609
9000000,801.5625
10000000,855.8594
