steps,returns
10000,151.86719
20000,221.75781
30000,161.59375
40000,455.54688
50000,500.0
60000,355.3203
70000,231.10156
80000,500.0
90000,488.2422
100000,499.91406
