steps,returns
100000.0,1028.6814
200000.0,1027.5175
300000.0,1030.5708
400000.0,1025.7698
500000.0,1024.721
600000.0,1025.55
700000.0,1023.35516
800000.0,1022.4733
900000.0,1019.87976
1000000.0,1017.5267
