steps,returns
5000,32.3125
10000,34.0625
15000,33.78125
20000,33.0625
25000,34.335938
30000,34.0625
35000,35.726562
40000,37.351562
45000,34.25
50000,40.367188
