steps,returns
1000000,235.15625
2000000,250.0
3000000,242.57812
4000000,365.625
5000000,264.84375
6000000,582.4219
7000000,308.59375
8000000,549.41406
9000000,285.7422
10000000,732.22656
