steps,returns
1000000,17.65625
2000000,16.875
3000000,196.09375
4000000,478.98438
5000000,173.28125
6000000,285.85938
7000000,677.8125
8000000,758.59375
9000000,1500.3125
10000000,2586.4062
