steps,returns
1000000,150.0
2000000,150.0
3000000,300.0
4000000,125.0
5000000,325.0
6000000,238.86719
7000000,324.60938
8000000,338.67188
9000000,327.34375
10000000,331.25
