steps,returns
1000000,259.375
2000000,250.07812
3000000,18.59375
4000000,734.0625
5000000,652.5
6000000,2353.3594
7000000,1358.4375
8000000,967.2656
9000000,3377.4219
10000000,3845.4688
