steps,returns
1000000,639.2578
2000000,559.375
3000000,780.27344
4000000,953.90625
5000000,730.46875
6000000,2371.875
7000000,1786.1328
8000000,2562.6953
9000000,4335.3516
10000000,4441.992
