steps,returns
1000000,-18.0
2000000,-18.296875
3000000,-18.71875
4000000,-17.921875
5000000,-17.90625
6000000,-17.625
7000000,-18.234375
8000000,-17.546875
9000000,-17.8125
10000000,-17.890625
