steps,returns
10000,325.25
20000,424.25
30000,461.78125
40000,500.0
50000,307.35156
60000,500.0
70000,183.5625
80000,317.9297
90000,483.4297
100000,500.0
