steps,returns
100000.0,816.02246
200000.0,910.03076
300000.0,798.208
400000.0,766.97766
500000.0,765.0891
600000.0,742.11304
700000.0,756.14136
800000.0,721.53735
900000.0,851.3885
1000000.0,831.07666
