steps,returns
5000,9.2578125
10000,9.359375
15000,9.234375
20000,9.3828125
25000,9.2890625
30000,9.390625
35000,9.3203125
40000,9.2265625
45000,9.3828125
50000,9.4453125
