steps,returns
1000000,17.03125
2000000,27.65625
3000000,40.15625
4000000,17.8125
5000000,30.46875
6000000,30.0
7000000,17.1875
8000000,17.34375
9000000,28.125
10000000,18.4375
