steps,returns
5000,9.546875
10000,9.46875
15000,9.4296875
20000,9.53125
25000,9.515625
30000,9.46875
35000,9.3203125
40000,9.421875
45000,9.3203125
50000,9.4609375
