steps,returns
10000,76.32031
20000,159.625
30000,101.984375
40000,122.5
50000,222.72656
60000,305.1953
70000,434.21875
80000,399.9297
90000,427.47656
100000,408.15625
