steps,returns
10000,167.78125
20000,500.0
30000,500.0
40000,35.0
50000,92.59375
60000,366.02344
70000,500.0
80000,500.0
90000,178.90625
100000,500.0
