{"config": {"hp_config.clip_eps": 0.027168994169626814, "hp_config.ent_coef": 0.09999826244820004, "hp_config.gae_lambda": 0.8037025067126767, "hp_config.learning_rate": 0.0093001192391398, "hp_config.max_grad_norm": 0.22392468806038013, "hp_config.minibatch_size": 256, "hp_config.normalize_advantage": false, "hp_config.vf_clip_eps": 0.3522072009617664, "hp_config.vf_coef": 0.03183892953130785}, "score": 0.0, "budget_used": 128, "total_wallclock_time": -5936.7386910915375, "total_optimization_time": 0.010771751403808594}
