steps,returns
10000,114.85156
20000,113.75781
30000,122.09375
40000,140.61719
50000,160.45312
60000,313.15625
70000,497.5078
80000,498.1953
90000,500.0
100000,500.0
