steps,returns
1000000,150.0
2000000,250.0
3000000,250.0
4000000,250.0
5000000,150.0
6000000,269.53125
7000000,253.125
8000000,229.88281
9000000,209.96094
10000000,323.04688
