steps,returns
5000,8.890625
10000,8.953125
15000,9.0
20000,9.078125
25000,9.0625
30000,9.0859375
35000,9.0546875
40000,8.9296875
45000,9.1796875
50000,9.3515625
