steps,returns
100000.0,723.00476
200000.0,456.11053
300000.0,447.159
400000.0,880.9011
500000.0,427.99652
600000.0,442.85306
700000.0,667.0294
800000.0,517.7023
900000.0,490.20334
1000000.0,809.5933
