steps,returns
1000000,402.14844
2000000,545.3125
3000000,491.40625
4000000,469.33594
5000000,695.89844
6000000,413.67188
7000000,494.92188
8000000,404.4922
9000000,574.21875
10000000,571.6797
