steps,returns
1000000,-17.84375
2000000,-18.65625
3000000,-17.609375
4000000,-17.515625
5000000,-17.796875
6000000,-17.53125
7000000,-17.6875
8000000,-17.921875
9000000,-17.703125
10000000,-17.890625
