steps,returns
100000.0,1024.6523
200000.0,1006.40875
300000.0,1022.85266
400000.0,1017.49176
500000.0,1008.9453
600000.0,992.1738
700000.0,975.6987
800000.0,955.9674
900000.0,902.32477
1000000.0,858.8932
