steps,returns
1000000,-17.953125
2000000,-18.171875
3000000,-17.59375
4000000,-18.296875
5000000,-18.1875
6000000,-18.703125
7000000,-17.484375
8000000,-18.4375
9000000,-18.078125
10000000,-17.921875
