steps,returns
1000000,168.75
2000000,80.15625
3000000,328.90625
4000000,485.70312
5000000,151.25
6000000,854.1406
7000000,2100.9375
8000000,358.35938
9000000,248.90625
10000000,2682.4219
