steps,returns
1000000,417.8125
2000000,115.9375
3000000,496.875
4000000,231.25
5000000,70.625
6000000,180.0
7000000,106.5625
8000000,211.40625
9000000,152.34375
10000000,188.90625
