steps,returns
1000000,711.7969
2000000,290.78125
3000000,20.0
4000000,570.0781
5000000,562.1094
6000000,68.4375
7000000,44.6875
8000000,18.28125
9000000,18.125
10000000,18.28125
