steps,returns
100000.0,477.1587
200000.0,298.28284
300000.0,226.58044
400000.0,-384.34476
500000.0,-1134.9509
600000.0,-2521.5608
700000.0,-3935.7314
800000.0,-7694.5435
900000.0,-12356.598
1000000.0,-12682.706
