steps,returns
5000,9.3671875
10000,233.01562
15000,140.32031
20000,385.39062
25000,135.16406
30000,286.2578
35000,197.75781
40000,141.75781
45000,58.296875
50000,234.16406
