steps,returns
100000.0,-0.7086375
200000.0,-0.7574547
300000.0,-1.2977147
400000.0,-1.6101322
500000.0,-2.939054
600000.0,-3.6195922
700000.0,-7.027855
800000.0,-3.280575
900000.0,42.01889
1000000.0,109.13028
