steps,returns
100000.0,1021.9507
200000.0,992.7325
300000.0,969.05676
400000.0,911.771
500000.0,860.82947
600000.0,751.8265
700000.0,490.42102
800000.0,173.30647
900000.0,-35.36142
1000000.0,-315.50125
