steps,returns
100000.0,541.8832
200000.0,577.1948
300000.0,786.9426
400000.0,831.30835
500000.0,827.5359
600000.0,512.5709
700000.0,696.02515
800000.0,830.5998
900000.0,515.73596
1000000.0,539.44763
