steps,returns
1000000,191.25
2000000,24.375
3000000,411.875
4000000,27.34375
5000000,465.85938
6000000,188.59375
7000000,520.0
8000000,555.9375
9000000,112.03125
10000000,483.90625
