steps,returns
100000.0,-0.63903725
200000.0,0.59481347
300000.0,1.3840306
400000.0,4.292986
500000.0,175.84317
600000.0,812.8926
700000.0,127.88841
800000.0,61.03205
900000.0,26.805256
1000000.0,-6.20329
