steps,returns
1000000,-18.328125
2000000,-17.75
3000000,-17.828125
4000000,-17.96875
5000000,-18.0
6000000,-17.703125
7000000,-17.28125
8000000,-18.578125
9000000,-17.515625
10000000,-17.546875
