steps,returns
100000.0,858.10986
200000.0,825.5423
300000.0,412.344
400000.0,824.6343
500000.0,571.0235
600000.0,381.85565
700000.0,524.17755
800000.0,587.0041
900000.0,871.1636
1000000.0,491.0663
