steps,returns
1000000,27.96875
2000000,16.71875
3000000,50.3125
4000000,17.5
5000000,27.03125
6000000,30.78125
7000000,17.5
8000000,48.28125
9000000,17.5
10000000,17.5
