steps,returns
100000.0,877.85034
200000.0,381.04617
300000.0,-34.60414
400000.0,423.92242
500000.0,83.21661
600000.0,-226.83276
700000.0,-897.84674
800000.0,-1937.5236
900000.0,-2259.6738
1000000.0,-1223.4237
