steps,returns
10000,277.96094
20000,274.4922
30000,430.65625
40000,499.57812
50000,500.0
60000,500.0
70000,374.4375
80000,500.0
90000,500.0
100000,500.0
