steps,returns
100000.0,496.1792
200000.0,927.5338
300000.0,454.88123
400000.0,516.65656
500000.0,485.72638
600000.0,511.2938
700000.0,411.01675
800000.0,423.65067
900000.0,431.0116
1000000.0,506.95605
