steps,returns
10000,133.15625
20000,226.07812
30000,205.39844
40000,376.29688
50000,496.82812
60000,429.375
70000,496.10938
80000,434.125
90000,381.8203
100000,493.9375
