steps,returns
10000,89.78906
20000,79.484375
30000,77.03125
40000,82.328125
50000,99.82031
60000,112.40625
70000,122.8125
80000,113.671875
90000,122.296875
100000,125.3125
