steps,returns
5000,111.640625
10000,156.96094
15000,245.30469
20000,182.28906
25000,103.63281
30000,101.47656
35000,99.05469
40000,115.40625
45000,105.40625
50000,136.71875
