steps,returns
10000,367.78125
20000,326.1172
30000,276.64062
40000,403.57812
50000,414.41406
60000,324.3828
70000,454.89844
80000,494.6875
90000,371.70312
100000,499.64844
