steps,returns
100000.0,983.9577
200000.0,745.1327
300000.0,538.4457
400000.0,636.4803
500000.0,327.08124
600000.0,476.70435
700000.0,449.1225
800000.0,672.94617
900000.0,364.58783
1000000.0,85.54011
