steps,returns
10000,92.39844
20000,68.88281
30000,95.27344
40000,178.1875
50000,170.875
60000,278.66406
70000,193.72656
80000,144.78125
90000,159.73438
100000,208.28906
