steps,returns
100000.0,-76.95868
200000.0,-165.93623
300000.0,-49.973793
400000.0,-604.5799
500000.0,-839.7287
600000.0,-1000.121
700000.0,-2123.6409
800000.0,-3566.999
900000.0,-4622.8604
1000000.0,-7617.7803
