steps,returns
1000000,-17.828125
2000000,-17.734375
3000000,-17.703125
4000000,-18.09375
5000000,-17.765625
6000000,-17.8125
7000000,-18.109375
8000000,-17.6875
9000000,-17.9375
10000000,-18.390625
