steps,returns
1000000,-1.34375
2000000,-1.328125
3000000,-1.3125
4000000,-3.140625
5000000,-1.171875
6000000,-1.46875
7000000,-1.359375
8000000,-1.375
9000000,-1.875
10000000,-1.4375
