steps,returns
10000,71.171875
20000,70.47656
30000,67.30469
40000,59.632812
50000,61.125
60000,60.085938
70000,55.640625
80000,55.742188
90000,50.296875
100000,50.054688
