steps,returns
10000,117.83594
20000,114.83594
30000,156.69531
40000,257.09375
50000,298.7578
60000,337.67188
70000,420.4922
80000,463.3672
90000,375.34375
100000,500.0
