steps,returns
10000,415.0078
20000,211.50781
30000,495.23438
40000,430.08594
50000,500.0
60000,152.65625
70000,500.0
80000,500.0
90000,500.0
100000,500.0
