steps,returns
10000,60.765625
20000,91.703125
30000,309.0078
40000,355.20312
50000,498.39844
60000,500.0
70000,500.0
80000,500.0
90000,433.7578
100000,500.0
