steps,returns
10000,74.15625
20000,75.984375
30000,65.32031
40000,59.125
50000,54.304688
60000,48.992188
70000,39.078125
80000,33.773438
90000,28.367188
100000,24.710938
