steps,returns
5000,31.992188
10000,32.171875
15000,32.25
20000,33.640625
25000,32.234375
30000,32.914062
35000,31.085938
40000,31.609375
45000,33.257812
50000,33.90625
