steps,returns
5000,87.14844
10000,79.30469
15000,61.859375
20000,49.664062
25000,46.007812
30000,39.875
35000,27.34375
40000,20.234375
45000,12.0703125
50000,17.328125
