{"config": {"hp_config.clip_eps": 0.1822723129983933, "hp_config.ent_coef": 0.25053158641737605, "hp_config.gae_lambda": 0.8752401921233508, "hp_config.learning_rate": 6.676658757453891e-05, "hp_config.max_grad_norm": 0.26090449938105975, "hp_config.minibatch_size": 256, "hp_config.normalize_advantage": false, "hp_config.vf_clip_eps": 0.13867013565262176, "hp_config.vf_coef": 0.52437981107722}, "score": -9504.6875, "budget_used": 128, "total_wallclock_time": -6243.122792959213, "total_optimization_time": 0.010671615600585938}
