steps,returns
100000.0,1257.3853
200000.0,831.4516
300000.0,678.63544
400000.0,851.8235
500000.0,931.7998
600000.0,959.46246
700000.0,985.2043
800000.0,993.074
900000.0,1001.4453
1000000.0,1013.54663
