steps,returns
5000,13.8046875
10000,24.65625
15000,9.3515625
20000,61.046875
25000,127.21094
30000,127.6875
35000,166.57812
40000,104.296875
45000,123.22656
50000,286.84375
