steps,returns
1000000,-17.25
2000000,-17.703125
3000000,-17.078125
4000000,-17.59375
5000000,-17.796875
6000000,-17.203125
7000000,-17.296875
8000000,-16.625
9000000,-16.890625
10000000,-16.953125
