steps,returns
100000.0,480.5418
200000.0,727.641
300000.0,634.68713
400000.0,754.99805
500000.0,1127.152
600000.0,1069.839
700000.0,1037.7639
800000.0,774.87445
900000.0,28.577845
1000000.0,571.5668
