steps,returns
1000000,150.0
2000000,250.0
3000000,125.0
4000000,125.0
5000000,242.57812
6000000,663.6719
7000000,321.875
8000000,718.16406
9000000,729.10156
10000000,961.52344
