steps,returns
5000,8.921875
10000,8.9765625
15000,9.0703125
20000,9.2890625
25000,9.3828125
30000,9.203125
35000,9.2890625
40000,9.3984375
45000,9.3046875
50000,9.515625
