steps,returns
10000,218.48438
20000,473.73438
30000,190.14844
40000,465.21094
50000,9.2578125
60000,9.3984375
70000,9.3125
80000,9.3515625
90000,9.3203125
100000,9.2890625
