steps,returns
10000,-497.03906
20000,-496.3125
30000,-291.58594
40000,-500.0
50000,-500.0
60000,-500.0
70000,-241.29688
80000,-500.0
90000,-500.0
100000,-500.0
