steps,returns
10000,260.0078
20000,152.75
30000,156.75
40000,498.10938
50000,260.60156
60000,453.3828
70000,483.8672
80000,495.9453
90000,498.40625
100000,500.0
