steps,returns
1000000,313.67188
2000000,237.5
3000000,601.7578
4000000,491.40625
5000000,225.0
6000000,75.0
7000000,396.875
8000000,251.17188
9000000,514.4531
10000000,584.7656
