steps,returns
1000000,17.34375
2000000,17.65625
3000000,88.75
4000000,18.4375
5000000,85.78125
6000000,94.6875
7000000,155.15625
8000000,68.4375
9000000,60.3125
10000000,298.20312
