steps,returns
1000000,50.0
2000000,17.65625
3000000,49.84375
4000000,51.71875
5000000,30.78125
6000000,17.96875
7000000,29.53125
8000000,39.53125
9000000,28.90625
10000000,29.21875
