steps,returns
1000000,-18.421875
2000000,-18.1875
3000000,-18.4375
4000000,-18.140625
5000000,-18.296875
6000000,-17.890625
7000000,-18.171875
8000000,-17.609375
9000000,-18.171875
10000000,-17.921875
