steps,returns
100000.0,921.6741
200000.0,896.9789
300000.0,-354.9662
400000.0,-840.19055
500000.0,-1053.6702
600000.0,-1088.6309
700000.0,-756.6754
800000.0,-1086.4036
900000.0,-2022.4463
1000000.0,-1009.03674
