steps,returns
1000000,-18.078125
2000000,-17.515625
3000000,-18.65625
4000000,-18.140625
5000000,-18.0
6000000,-18.0
7000000,-17.953125
8000000,-17.9375
9000000,-17.890625
10000000,-18.015625
