steps,returns
10000,103.09375
20000,80.625
30000,107.02344
40000,109.84375
50000,89.984375
60000,83.6875
70000,80.58594
80000,80.25781
90000,88.60156
100000,95.53125
