steps,returns
100000.0,1443.6721
200000.0,988.9047
300000.0,1048.1405
400000.0,764.8141
500000.0,748.7717
600000.0,751.78815
700000.0,734.94556
800000.0,740.2756
900000.0,754.8419
1000000.0,753.08514
