steps,returns
10000,174.36719
20000,500.0
30000,408.47656
40000,494.0547
50000,61.140625
60000,345.4453
70000,488.6328
80000,450.3672
90000,390.46875
100000,9.4609375
