steps,returns
1000000,17.03125
2000000,17.03125
3000000,40.9375
4000000,28.4375
5000000,16.25
6000000,29.6875
7000000,17.1875
8000000,53.125
9000000,28.28125
10000000,17.8125
