steps,returns
1000000,17.03125
2000000,52.03125
3000000,17.34375
4000000,18.125
5000000,16.25
6000000,170.78125
7000000,17.1875
8000000,45.46875
9000000,55.15625
10000000,286.5625
