steps,returns
5000,71.36719
10000,66.71094
15000,63.203125
20000,64.578125
25000,71.421875
30000,71.21875
35000,71.03125
40000,73.14844
45000,73.75
50000,73.265625
