steps,returns
5000,8.8359375
10000,8.734375
15000,8.859375
20000,8.8359375
25000,8.8671875
30000,8.8203125
35000,8.7734375
40000,8.765625
45000,8.8203125
50000,8.84375
