steps,returns
1000000,47.8125
2000000,280.78125
3000000,110.625
4000000,19.6875
5000000,672.1875
6000000,102.5
7000000,33.75
8000000,17.34375
9000000,30.15625
10000000,802.65625
