steps,returns
1000000,-17.859375
2000000,-17.640625
3000000,-18.21875
4000000,-18.359375
5000000,-17.90625
6000000,-17.34375
7000000,-18.046875
8000000,-18.234375
9000000,-18.359375
10000000,-18.125
