steps,returns
10000,-271.0625
20000,-291.8047
30000,-307.96094
40000,-302.65625
50000,-319.125
60000,-328.98438
70000,-345.73438
80000,-355.53906
90000,-342.4922
100000,-371.03906
