steps,returns
10000,264.9453
20000,479.03906
30000,130.64844
40000,83.52344
50000,132.65625
60000,35.53125
70000,454.6797
80000,242.75781
90000,71.1875
100000,59.320312
