steps,returns
100000.0,1023.13983
200000.0,1023.4724
300000.0,998.27234
400000.0,956.3911
500000.0,903.46326
600000.0,816.81287
700000.0,756.06384
800000.0,651.4211
900000.0,583.8352
1000000.0,586.16907
