steps,returns
1000000,150.0
2000000,313.67188
3000000,450.0
4000000,476.17188
5000000,770.89844
6000000,500.0
7000000,489.0625
8000000,875.78125
9000000,2624.8047
10000000,849.8047
