steps,returns
5000,272.20312
10000,487.375
15000,500.0
20000,500.0
25000,499.71875
30000,412.125
35000,357.32812
40000,285.42188
45000,223.99219
50000,177.72656
