steps,returns
10000,101.546875
20000,123.984375
30000,111.46094
40000,123.796875
50000,133.60156
60000,149.96875
70000,174.35938
80000,171.91406
90000,214.4375
100000,227.61719
