steps,returns
100000.0,1013.641
200000.0,953.508
300000.0,784.0534
400000.0,617.99756
500000.0,504.75717
600000.0,495.35324
700000.0,348.12927
800000.0,328.43155
900000.0,241.87361
1000000.0,190.43823
