steps,returns
100000.0,22.940634
200000.0,-217.63002
300000.0,-294.00162
400000.0,83.68815
500000.0,33.555714
600000.0,-154.80008
700000.0,-308.90057
800000.0,-552.4762
900000.0,-761.5316
1000000.0,-1229.1108
