steps,returns
5000,55.039062
10000,54.664062
15000,48.4375
20000,40.28125
25000,41.679688
30000,20.59375
35000,13.65625
40000,11.734375
45000,13.171875
50000,18.953125
