steps,returns
10000,66.55469
20000,77.38281
30000,127.03906
40000,141.79688
50000,138.80469
60000,118.24219
70000,182.4375
80000,223.47656
90000,306.625
100000,421.6797
