steps,returns
100000.0,613.8157
200000.0,638.39246
300000.0,605.9977
400000.0,613.76105
500000.0,596.5329
600000.0,585.47266
700000.0,600.77075
800000.0,658.00476
900000.0,607.3615
1000000.0,546.3948
