steps,returns
10000,-500.0
20000,-500.0
30000,-250.91406
40000,-488.85156
50000,-353.76562
60000,-94.71875
70000,-500.0
80000,-500.0
90000,-500.0
100000,-500.0
