steps,returns
100000.0,264.81665
200000.0,261.5904
300000.0,260.0957
400000.0,262.70404
500000.0,261.46082
600000.0,260.8921
700000.0,263.00757
800000.0,262.60806
900000.0,261.15985
1000000.0,262.55045
