steps,returns
1000000,-17.765625
2000000,-17.890625
3000000,-17.609375
4000000,-17.484375
5000000,-17.65625
6000000,-17.78125
7000000,-17.28125
8000000,-18.140625
9000000,-17.640625
10000000,-18.09375
