steps,returns
1000000,300.0
2000000,254.88281
3000000,125.0
4000000,348.6328
5000000,307.22656
6000000,149.02344
7000000,531.25
8000000,773.0469
9000000,719.9219
10000000,810.15625
