steps,returns
10000,90.234375
20000,77.453125
30000,78.3125
40000,87.74219
50000,100.3125
60000,105.0625
70000,118.203125
80000,127.0
90000,151.41406
100000,155.85156
