steps,returns
100000.0,741.16693
200000.0,622.77576
300000.0,565.88586
400000.0,545.61365
500000.0,565.577
600000.0,722.704
700000.0,646.5216
800000.0,1144.1592
900000.0,1136.2903
1000000.0,1332.422
