steps,returns
100000.0,893.33716
200000.0,788.33954
300000.0,715.3945
400000.0,1231.6964
500000.0,1523.753
600000.0,1847.1259
700000.0,2671.4277
800000.0,2696.5679
900000.0,2686.2175
1000000.0,2338.3716
