steps,returns
1000000,-17.90625
2000000,-17.890625
3000000,-18.21875
4000000,-17.703125
5000000,-18.3125
6000000,-17.984375
7000000,-18.453125
8000000,-17.4375
9000000,-17.9375
10000000,-17.5625
