steps,returns
1000000,-18.34375
2000000,-17.890625
3000000,-18.390625
4000000,-18.375
5000000,-18.03125
6000000,-18.25
7000000,-18.0
8000000,-17.921875
9000000,-18.34375
10000000,-18.125
