steps,returns
1000000,112.03125
2000000,17.5
3000000,212.03125
4000000,17.8125
5000000,156.09375
6000000,197.5
7000000,39.6875
8000000,277.96875
9000000,96.25
10000000,80.3125
