steps,returns
1000000,381.0547
2000000,686.52344
3000000,755.66406
4000000,759.1797
5000000,375.0
6000000,574.8047
7000000,1713.8672
8000000,640.625
9000000,553.90625
10000000,637.8906
