steps,returns
1000000,350.0
2000000,280.46875
3000000,264.45312
4000000,211.71875
5000000,250.78125
6000000,254.29688
7000000,325.0
8000000,618.75
9000000,465.625
10000000,740.625
