steps,returns
10000,113.13281
20000,95.77344
30000,113.453125
40000,114.17969
50000,122.75781
60000,104.91406
70000,118.64844
80000,101.84375
90000,84.35156
100000,101.22656
