steps,returns
1000000,48.28125
2000000,27.96875
3000000,27.8125
4000000,46.40625
5000000,17.1875
6000000,53.90625
7000000,30.625
8000000,27.65625
9000000,28.125
10000000,28.28125
