steps,returns
100000.0,302.39157
200000.0,307.88522
300000.0,288.21136
400000.0,522.7614
500000.0,839.0704
600000.0,711.79504
700000.0,423.2577
800000.0,353.25262
900000.0,315.87482
1000000.0,296.3874
