steps,returns
1000000,671.09375
2000000,283.20312
3000000,98.59375
4000000,149.21875
5000000,204.0625
6000000,62.8125
7000000,30.15625
8000000,39.375
9000000,32.65625
10000000,17.1875
