steps,returns
1000000,281.25
2000000,56.71875
3000000,336.09375
4000000,208.125
5000000,393.28125
6000000,1112.9688
7000000,1370.3906
8000000,1377.6562
9000000,2687.8906
10000000,3599.6875
