steps,returns
1000000,300.0
2000000,358.39844
3000000,275.0
4000000,319.53125
5000000,371.875
6000000,325.0
7000000,316.40625
8000000,467.57812
9000000,619.53125
10000000,567.1875
