steps,returns
10000,358.4922
20000,158.16406
30000,296.9922
40000,199.24219
50000,480.5547
60000,212.07031
70000,157.72656
80000,353.64844
90000,96.96094
100000,34.21875
