steps,returns
100000.0,1021.42566
200000.0,982.87317
300000.0,884.2205
400000.0,665.0851
500000.0,495.94647
600000.0,354.45312
700000.0,243.56845
800000.0,137.36938
900000.0,271.2961
1000000.0,108.76628
