steps,returns
10000,249.46875
20000,83.890625
30000,476.10938
40000,500.0
50000,153.55469
60000,383.8828
70000,290.3672
80000,28.265625
90000,472.65625
100000,223.82812
