steps,returns
1000000,202.96875
2000000,100.46875
3000000,173.28125
4000000,407.03125
5000000,2274.375
6000000,2552.3438
7000000,1613.2812
8000000,2694.4531
9000000,2263.5156
10000000,4543.125
