steps,returns
1000000,-18.109375
2000000,-17.234375
3000000,-17.796875
4000000,-17.984375
5000000,-17.90625
6000000,-18.078125
7000000,-17.328125
8000000,-18.21875
9000000,-18.421875
10000000,-17.484375
