steps,returns
1000000,-17.96875
2000000,-17.875
3000000,-17.625
4000000,-18.046875
5000000,-17.953125
6000000,-17.53125
7000000,-18.203125
8000000,-18.421875
9000000,-18.265625
10000000,-17.71875
