steps,returns
1000000,-17.828125
2000000,-17.890625
3000000,-17.734375
4000000,-17.34375
5000000,-17.328125
6000000,-17.375
7000000,-17.546875
8000000,-16.875
9000000,-17.390625
10000000,-17.265625
