steps,returns
100000.0,565.2476
200000.0,603.51324
300000.0,880.1052
400000.0,872.8075
500000.0,895.6467
600000.0,977.10266
700000.0,1230.0361
800000.0,1182.4785
900000.0,1180.5768
1000000.0,1188.4614
