steps,returns
5000,50.789062
10000,54.828125
15000,55.046875
20000,54.289062
25000,49.5
30000,46.429688
35000,43.523438
40000,43.789062
45000,33.140625
50000,20.84375
