steps,returns
1000000,-18.09375
2000000,-18.03125
3000000,-18.15625
4000000,-18.640625
5000000,-17.890625
6000000,-18.359375
7000000,-17.671875
8000000,-18.390625
9000000,-17.890625
10000000,-18.5625
