steps,returns
1000000,380.15625
2000000,180.9375
3000000,93.90625
4000000,121.25
5000000,412.96875
6000000,87.65625
7000000,189.84375
8000000,75.0
9000000,408.4375
10000000,154.53125
