steps,returns
10000,73.96875
20000,47.742188
30000,29.953125
40000,41.742188
50000,123.30469
60000,142.72656
70000,215.44531
80000,212.70312
90000,217.19531
100000,181.69531
