steps,returns
100000.0,718.3738
200000.0,789.0759
300000.0,869.1194
400000.0,1016.63293
500000.0,945.36646
600000.0,24.894207
700000.0,131.22623
800000.0,980.377
900000.0,1134.2478
1000000.0,1240.0518
