steps,returns
100000.0,1034.8452
200000.0,-54.859184
300000.0,831.5188
400000.0,8.417666
500000.0,17.851723
600000.0,127.69968
700000.0,65.97453
800000.0,9.607242
900000.0,-24.643826
1000000.0,-152.83438
