steps,returns
5000,256.1953
10000,243.65625
15000,202.9375
20000,164.42969
25000,192.85156
30000,185.36719
35000,152.11719
40000,105.11719
45000,89.60156
50000,71.421875
