steps,returns
1000000,17.34375
2000000,16.71875
3000000,17.5
4000000,35.46875
5000000,53.4375
6000000,49.21875
7000000,16.875
8000000,50.15625
9000000,17.65625
10000000,17.96875
