steps,returns
1000000,17.8125
2000000,16.71875
3000000,16.875
4000000,17.5
5000000,46.25
6000000,30.78125
7000000,29.21875
8000000,48.28125
9000000,43.4375
10000000,17.5
