steps,returns
1000000,416.21094
2000000,531.4453
3000000,794.33594
4000000,753.90625
5000000,906.25
6000000,590.625
7000000,811.71875
8000000,899.8047
9000000,758.0078
10000000,714.64844
