steps,returns
100000.0,347.16028
200000.0,331.10977
300000.0,293.90424
400000.0,318.25653
500000.0,321.9098
600000.0,323.3842
700000.0,336.12366
800000.0,328.07434
900000.0,315.16125
1000000.0,306.18002
