steps,returns
100000.0,862.7529
200000.0,885.38727
300000.0,828.2925
400000.0,784.6034
500000.0,761.57336
600000.0,735.6919
700000.0,793.8751
800000.0,1100.9191
900000.0,1125.6608
1000000.0,1124.5232
