steps,returns
100000.0,-12.928415
200000.0,-12.814846
300000.0,-12.718498
400000.0,-12.707319
500000.0,-12.704329
600000.0,-12.659492
700000.0,-12.751027
800000.0,-12.639017
900000.0,-12.598822
1000000.0,-12.702517
