steps,returns
5000,33.5
10000,40.015625
15000,48.703125
20000,52.695312
25000,53.28125
30000,52.890625
35000,55.609375
40000,55.304688
45000,53.148438
50000,53.960938
