steps,returns
10000,-203.21875
20000,-471.59375
30000,-319.7422
40000,-500.0
50000,-500.0
60000,-500.0
70000,-500.0
80000,-500.0
90000,-500.0
100000,-500.0
