steps,returns
1000000,17.65625
2000000,234.6875
3000000,16.71875
4000000,43.4375
5000000,15.78125
6000000,111.875
7000000,643.9844
8000000,520.78125
9000000,696.40625
10000000,960.3906
