steps,returns
1000000,-18.109375
2000000,-18.03125
3000000,-18.359375
4000000,-17.96875
5000000,-17.921875
6000000,-18.40625
7000000,-17.046875
8000000,-17.453125
9000000,-17.859375
10000000,-18.265625
