steps,returns
1000000,269.21875
2000000,446.25
3000000,131.25
4000000,354.45312
5000000,73.75
6000000,327.65625
7000000,240.15625
8000000,592.1875
9000000,206.40625
10000000,502.8125
