steps,returns
100000.0,716.58606
200000.0,630.56885
300000.0,612.1699
400000.0,589.73914
500000.0,629.6391
600000.0,603.3844
700000.0,544.294
800000.0,546.7346
900000.0,571.8314
1000000.0,582.6095
