steps,returns
10000,277.3828
20000,72.22656
30000,49.625
40000,500.0
50000,388.72656
60000,469.85156
70000,9.4609375
80000,9.2734375
90000,9.40625
100000,9.375
