steps,returns
100000.0,843.79346
200000.0,790.58734
300000.0,584.7357
400000.0,454.00745
500000.0,472.25836
600000.0,505.34253
700000.0,533.31946
800000.0,753.69183
900000.0,749.2528
1000000.0,763.26575
