steps,returns
100000.0,-0.20286997
200000.0,3.802588
300000.0,96.39766
400000.0,41.82271
500000.0,19.183767
600000.0,121.81999
700000.0,225.85211
800000.0,199.99084
900000.0,303.24573
1000000.0,277.0537
