steps,returns
5000,9.328125
10000,285.22656
15000,162.78125
20000,338.6953
25000,500.0
30000,208.1875
35000,106.41406
40000,106.78125
45000,178.17969
50000,147.23438
