steps,returns
10000,109.75781
20000,125.765625
30000,138.75
40000,187.91406
50000,211.78125
60000,327.6328
70000,365.46094
80000,423.40625
90000,409.16406
100000,461.8828
