steps,returns
1000000,-18.015625
2000000,-17.921875
3000000,-18.296875
4000000,-18.140625
5000000,-17.78125
6000000,-17.703125
7000000,-18.015625
8000000,-18.171875
9000000,-17.90625
10000000,-17.265625
