steps,returns
1000000,678.2031
2000000,471.79688
3000000,27.5
4000000,255.9375
5000000,388.67188
6000000,194.53125
7000000,217.8125
8000000,16.5625
9000000,438.20312
10000000,76.25
