steps,returns
100000.0,1018.4557
200000.0,1019.04846
300000.0,1020.63837
400000.0,1016.64966
500000.0,1020.89166
600000.0,1019.67114
700000.0,1014.115
800000.0,1007.18274
900000.0,994.40674
1000000.0,974.77155
