steps,returns
10000,359.2422
20000,363.85156
30000,414.64844
40000,464.0703
50000,499.3125
60000,500.0
70000,500.0
80000,500.0
90000,481.46094
100000,500.0
