steps,returns
10000,383.8203
20000,226.40625
30000,500.0
40000,452.03125
50000,500.0
60000,351.375
70000,484.46094
80000,500.0
90000,500.0
100000,499.5547
