steps,returns
1000000,-17.421875
2000000,-16.78125
3000000,-17.46875
4000000,-18.40625
5000000,-17.734375
6000000,-17.53125
7000000,-17.90625
8000000,-17.640625
9000000,-17.703125
10000000,-18.1875
