steps,returns
100000.0,-73.9509
200000.0,20.271725
300000.0,-1130.6449
400000.0,-2174.9248
500000.0,-1754.885
600000.0,-415.86517
700000.0,-584.5331
800000.0,-766.46466
900000.0,-766.8971
1000000.0,-832.22455
