steps,returns
10000,-150.16406
20000,-146.42188
30000,-147.03906
40000,-147.13281
50000,-157.41406
60000,-193.3125
70000,-500.0
80000,-500.0
90000,-500.0
100000,-500.0
