steps,returns
1000000,341.01562
2000000,413.47656
3000000,249.21875
4000000,584.7656
5000000,483.78906
6000000,191.40625
7000000,100.0
8000000,125.0
9000000,199.21875
10000000,462.5
