steps,returns
1000000,-17.84375
2000000,-17.875
3000000,-17.96875
4000000,-18.234375
5000000,-17.90625
6000000,-17.5
7000000,-17.78125
8000000,-17.859375
9000000,-17.828125
10000000,-17.65625
