steps,returns
10000,431.23438
20000,280.78906
30000,230.20312
40000,430.5
50000,500.0
60000,500.0
70000,500.0
80000,500.0
90000,500.0
100000,232.25
