steps,returns
10000,-148.98438
20000,-500.0
30000,-500.0
40000,-500.0
50000,-500.0
60000,-500.0
70000,-500.0
80000,-289.01562
90000,-500.0
100000,-125.92969
