steps,returns
1000000,-17.9375
2000000,-17.953125
3000000,-18.03125
4000000,-17.859375
5000000,-18.0625
6000000,-17.46875
7000000,-18.40625
8000000,-17.921875
9000000,-17.78125
10000000,-17.921875
