steps,returns
10000,111.25781
20000,306.65625
30000,237.57031
40000,49.835938
50000,247.64844
60000,500.0
70000,447.78906
80000,451.3672
90000,500.0
100000,386.9297
