steps,returns
1000000,150.0
2000000,182.03125
3000000,329.6875
4000000,150.0
5000000,218.55469
6000000,396.28906
7000000,262.89062
8000000,229.6875
9000000,502.53906
10000000,550.0
