steps,returns
100000.0,-392.59265
200000.0,-401.64993
300000.0,-439.75134
400000.0,-465.4037
500000.0,-472.11542
600000.0,-430.8288
700000.0,-446.61783
800000.0,-427.9273
900000.0,
1000000.0,
