steps,returns
1000000,-17.203125
2000000,-15.78125
3000000,-16.234375
4000000,-15.78125
5000000,-15.34375
6000000,-16.25
7000000,-15.0
8000000,-14.109375
9000000,-13.484375
10000000,-3.4375
