steps,returns
5000,9.3046875
10000,9.390625
15000,9.328125
20000,9.4453125
25000,9.375
30000,9.3984375
35000,9.296875
40000,9.2734375
45000,9.265625
50000,9.3515625
