steps,returns
100000.0,551.89246
200000.0,522.3003
300000.0,631.2328
400000.0,457.20032
500000.0,675.8605
600000.0,578.61115
700000.0,604.7073
800000.0,462.55853
900000.0,351.99786
1000000.0,338.32202
