steps,returns
100000.0,1020.18286
200000.0,979.907
300000.0,869.5177
400000.0,742.8722
500000.0,645.60815
600000.0,570.12897
700000.0,463.48926
800000.0,328.42813
900000.0,322.6626
1000000.0,162.0047
