steps,returns
1000000,43.90625
2000000,198.28125
3000000,70.625
4000000,817.03125
5000000,3148.125
6000000,4597.0312
7000000,4198.672
8000000,4469.8438
9000000,4684.5312
10000000,4992.9688
