steps,returns
1000000,186.52344
2000000,562.8906
3000000,581.25
4000000,450.0
5000000,600.58594
6000000,673.4375
7000000,1691.9922
8000000,1072.4609
9000000,575.78125
10000000,489.0625
