steps,returns
12000,-200.0
24000,-200.0
36000,-200.0
48000,-200.0
60000,-171.82031
72000,-157.85156
84000,-200.0
96000,-131.76562
108000,-200.0
120000,-200.0
