steps,returns
100000.0,-0.88361055
200000.0,-0.5650123
300000.0,10.59948
400000.0,-27.968914
500000.0,-53.8762
600000.0,-94.01672
700000.0,-265.46213
800000.0,-228.90341
900000.0,-289.4116
1000000.0,-260.70306
