steps,returns
5000,8.8828125
10000,9.515625
15000,9.7734375
20000,12.078125
25000,52.382812
30000,153.34375
35000,99.03906
40000,173.07031
45000,123.15625
50000,199.29688
