steps,returns
100000.0,758.32886
200000.0,849.4999
300000.0,900.869
400000.0,17.10538
500000.0,-1686.7646
600000.0,-2410.8105
700000.0,-2552.7227
800000.0,-2525.9346
900000.0,-2513.2307
1000000.0,-2514.1968
