steps,returns
1000000,-18.28125
2000000,-18.109375
3000000,-18.359375
4000000,-18.671875
5000000,-18.359375
6000000,-18.078125
7000000,-18.25
8000000,-17.953125
9000000,-17.65625
10000000,-17.609375
