steps,returns
10000,80.99219
20000,124.09375
30000,296.5547
40000,488.33594
50000,500.0
60000,480.57812
70000,500.0
80000,500.0
90000,500.0
100000,500.0
