steps,returns
100000.0,-365.81158
200000.0,-457.43658
300000.0,-633.9641
400000.0,-489.60806
500000.0,-1267.3213
600000.0,-2110.4736
700000.0,-3129.2646
800000.0,-4274.9966
900000.0,-5445.22
1000000.0,-4919.0786
