steps,returns
10000,86.625
20000,105.609375
30000,126.546875
40000,120.02344
50000,130.0
60000,114.83594
70000,109.0625
80000,107.234375
90000,135.83594
100000,139.97656
