steps,returns
1000000,-17.921875
2000000,-18.0
3000000,-17.78125
4000000,-18.25
5000000,-17.734375
6000000,-18.25
7000000,-17.921875
8000000,-18.0625
9000000,-18.375
10000000,-17.921875
