steps,returns
100000.0,-0.9563291
200000.0,-0.8431548
300000.0,-0.9147141
400000.0,-1.5219517
500000.0,-2.5351644
600000.0,7.7345324
700000.0,29.427984
800000.0,152.23537
900000.0,-111.173355
1000000.0,-107.88449
