steps,returns
10000,163.24219
20000,115.28906
30000,127.078125
40000,141.98438
50000,164.82031
60000,143.92188
70000,108.11719
80000,101.41406
90000,104.796875
100000,114.09375
