steps,returns
5000,35.117188
10000,41.445312
15000,46.703125
20000,46.148438
25000,47.679688
30000,47.726562
35000,48.367188
40000,44.507812
45000,42.875
50000,42.648438
