steps,returns
10000,500.0
20000,494.27344
30000,375.54688
40000,500.0
50000,500.0
60000,500.0
70000,500.0
80000,397.34375
90000,246.49219
100000,500.0
