steps,returns
1000000,1615.3906
2000000,1023.2031
3000000,838.4375
4000000,429.6875
5000000,613.0469
6000000,453.20312
7000000,385.46875
8000000,118.125
9000000,641.1719
10000000,408.98438
