steps,returns
5000,54.429688
10000,58.648438
15000,49.9375
20000,44.226562
25000,45.398438
30000,31.640625
35000,19.65625
40000,14.3203125
45000,13.28125
50000,14.6171875
