steps,returns
10000,170.66406
20000,378.0625
30000,376.0703
40000,487.8047
50000,498.97656
60000,9.4140625
70000,9.4765625
80000,9.3125
90000,9.21875
100000,9.3671875
