steps,returns
100000.0,805.895
200000.0,833.7182
300000.0,760.57117
400000.0,752.8352
500000.0,753.53424
600000.0,821.25806
700000.0,916.25635
800000.0,916.06616
900000.0,907.1272
1000000.0,901.9369
