steps,returns
1000000,-17.96875
2000000,-17.796875
3000000,-17.875
4000000,-17.5
5000000,-17.640625
6000000,-17.890625
7000000,-17.96875
8000000,-17.859375
9000000,-17.9375
10000000,-17.796875
