steps,returns
100000.0,721.0405
200000.0,719.6228
300000.0,707.95544
400000.0,706.5978
500000.0,1189.9366
600000.0,644.66144
700000.0,687.0525
800000.0,1513.9893
900000.0,1580.6875
1000000.0,1105.0862
