steps,returns
1000000,17.65625
2000000,16.875
3000000,34.21875
4000000,146.40625
5000000,241.5625
6000000,388.75
7000000,372.1875
8000000,297.34375
9000000,52.03125
10000000,343.28125
