steps,returns
1000000,185.74219
2000000,516.60156
3000000,250.0
4000000,191.01562
5000000,137.5
6000000,210.35156
7000000,248.4375
8000000,209.96094
9000000,113.86719
10000000,325.0
