steps,returns
1000000,594.33594
2000000,814.64844
3000000,2240.2344
4000000,2651.1719
5000000,2265.2344
6000000,1668.1641
7000000,1771.6797
8000000,1523.8281
9000000,4225.3906
10000000,2561.3281
