steps,returns
100000.0,-289.35706
200000.0,-284.64813
300000.0,-290.07758
400000.0,-293.0844
500000.0,-288.65662
600000.0,-286.9197
700000.0,-373.32895
800000.0,-364.16296
900000.0,-357.25604
1000000.0,-364.83804
