steps,returns
1000000,206.44531
2000000,257.42188
3000000,350.0
4000000,183.20312
5000000,150.0
6000000,221.09375
7000000,313.8672
8000000,75.0
9000000,204.29688
10000000,226.95312
