steps,returns
5000,9.4140625
10000,9.3515625
15000,9.328125
20000,9.390625
25000,42.179688
30000,138.21094
35000,15.328125
40000,121.5
45000,420.4375
50000,158.33594
