steps,returns
1000000,72.96875
2000000,167.1875
3000000,165.15625
4000000,41.5625
5000000,185.15625
6000000,53.4375
7000000,17.03125
8000000,44.6875
9000000,252.8125
10000000,160.78125
