steps,returns
1000000,685.9375
2000000,791.60156
3000000,702.9297
4000000,2626.9531
5000000,491.40625
6000000,1439.2578
7000000,4142.383
8000000,2547.6562
9000000,4064.8438
10000000,3913.086
