steps,returns
100000.0,1040.8616
200000.0,1161.1274
300000.0,1099.0596
400000.0,896.9768
500000.0,1067.9215
600000.0,966.5501
700000.0,961.7719
800000.0,1023.81256
900000.0,978.72656
1000000.0,1012.78094
