steps,returns
12000,-200.0
24000,-200.0
36000,-200.0
48000,-140.03906
60000,-126.5625
72000,-199.39062
84000,-197.78906
96000,-153.35938
108000,-127.72656
120000,-111.359375
