steps,returns
100000.0,221.20212
200000.0,1401.0155
300000.0,1235.4146
400000.0,1206.6306
500000.0,947.98157
600000.0,537.39795
700000.0,-22.97227
800000.0,-124.493576
900000.0,-55.27445
1000000.0,227.59323
