steps,returns
5000,9.09375
10000,9.078125
15000,9.140625
20000,9.1328125
25000,9.0625
30000,9.0234375
35000,9.0234375
40000,8.953125
45000,9.078125
50000,9.1015625
