steps,returns
100000.0,119.580635
200000.0,116.6133
300000.0,98.23776
400000.0,86.957565
500000.0,83.54462
600000.0,101.78075
700000.0,103.08772
800000.0,107.130196
900000.0,104.58038
1000000.0,111.220825
