steps,returns
100000.0,908.37244
200000.0,791.69946
300000.0,786.6017
400000.0,781.6747
500000.0,941.6554
600000.0,987.6497
700000.0,971.39014
800000.0,946.82904
900000.0,909.5924
1000000.0,913.49384
