steps,returns
10000,218.23438
20000,250.46094
30000,421.40625
40000,481.58594
50000,500.0
60000,332.64062
70000,80.47656
80000,143.49219
90000,303.23438
100000,168.28906
