steps,returns
10000,393.28906
20000,241.21875
30000,213.04688
40000,163.52344
50000,141.16406
60000,129.83594
70000,101.5625
80000,104.75781
90000,97.13281
100000,99.96875
