steps,returns
100000.0,338.92056
200000.0,231.5307
300000.0,602.6406
400000.0,820.60913
500000.0,1127.0774
600000.0,1179.4486
700000.0,1180.3914
800000.0,1220.829
900000.0,1164.6931
1000000.0,1129.3729
