steps,returns
1000000,27.96875
2000000,17.5
3000000,17.03125
4000000,18.125
5000000,39.84375
6000000,17.1875
7000000,38.125
8000000,43.90625
9000000,28.125
10000000,39.21875
