steps,returns
1000000,-18.453125
2000000,-18.34375
3000000,-17.8125
4000000,-18.265625
5000000,-17.59375
6000000,-17.734375
7000000,-18.515625
8000000,-17.96875
9000000,-17.3125
10000000,-17.875
