steps,returns
100000.0,532.6941
200000.0,1096.933
300000.0,973.50476
400000.0,425.20728
500000.0,343.62027
600000.0,321.64987
700000.0,287.96942
800000.0,274.1926
900000.0,253.71472
1000000.0,235.81512
