steps,returns
100000.0,-0.13866064
200000.0,1.2371018
300000.0,5.5285425
400000.0,608.2859
500000.0,44.579666
600000.0,12.234972
700000.0,95.631226
800000.0,217.39746
900000.0,-91.55993
1000000.0,-207.60585
