steps,returns
100000.0,861.23376
200000.0,719.27136
300000.0,709.25464
400000.0,557.84143
500000.0,338.8432
600000.0,331.19904
700000.0,324.56427
800000.0,321.05783
900000.0,318.51242
1000000.0,316.2971
