steps,returns
1000000,-18.078125
2000000,-17.953125
3000000,-17.703125
4000000,-17.0625
5000000,-17.6875
6000000,-18.609375
7000000,-17.109375
8000000,-17.34375
9000000,-17.625
10000000,-18.109375
