steps,returns
1000000,402.14844
2000000,314.84375
3000000,300.0
4000000,425.0
5000000,366.40625
6000000,162.5
7000000,336.91406
8000000,100.390625
9000000,206.64062
10000000,550.0
