steps,returns
5000,8.8984375
10000,8.9296875
15000,9.0
20000,8.984375
25000,9.1484375
30000,9.1484375
35000,9.09375
40000,9.203125
45000,9.203125
50000,9.2109375
