steps,returns
100000.0,1001.58813
200000.0,1021.1931
300000.0,1035.1963
400000.0,1009.9389
500000.0,1028.8369
600000.0,1035.154
700000.0,1038.1924
800000.0,1013.2197
900000.0,976.1154
1000000.0,948.07135
