steps,returns
100000.0,545.3025
200000.0,567.4649
300000.0,550.6565
400000.0,1003.66125
500000.0,887.61035
600000.0,527.0869
700000.0,57.17898
800000.0,-477.59174
900000.0,-2831.6565
1000000.0,-13114.346
