steps,returns
10000,180.29688
20000,411.07812
30000,100.44531
40000,500.0
50000,500.0
60000,189.28906
70000,311.53906
80000,291.98438
90000,174.53125
100000,500.0
