steps,returns
1000000,-17.953125
2000000,-17.859375
3000000,-17.421875
4000000,-17.78125
5000000,-17.53125
6000000,-18.296875
7000000,-18.3125
8000000,-18.046875
9000000,-17.921875
10000000,-17.515625
