steps,returns
1000000,-18.078125
2000000,-17.625
3000000,-18.09375
4000000,-18.171875
5000000,-17.765625
6000000,-18.0
7000000,-18.234375
8000000,-18.0
9000000,-18.5
10000000,-17.765625
