steps,returns
10000,66.80469
20000,52.09375
30000,34.578125
40000,38.367188
50000,113.64844
60000,162.28906
70000,211.07031
80000,234.80469
90000,386.66406
100000,436.9297
