steps,returns
5000,66.03906
10000,148.10156
15000,140.75781
20000,206.20312
25000,103.25
30000,20.007812
35000,110.85156
40000,111.390625
45000,107.40625
50000,52.445312
