steps,returns
5000,9.1171875
10000,9.359375
15000,9.390625
20000,9.3359375
25000,9.46875
30000,9.3671875
35000,9.421875
40000,9.3125
45000,9.3671875
50000,9.4609375
