steps,returns
10000,68.38281
20000,58.679688
30000,120.50781
40000,134.92969
50000,175.07812
60000,316.75
70000,205.70312
80000,199.4375
90000,140.17188
100000,149.07031
