steps,returns
100000.0,925.52045
200000.0,820.04047
300000.0,739.49316
400000.0,1113.106
500000.0,1073.7256
600000.0,1476.3793
700000.0,1560.1027
800000.0,1673.8025
900000.0,2315.8738
1000000.0,2859.6555
