steps,returns
1000000,-17.65625
2000000,-17.375
3000000,-17.171875
4000000,-17.265625
5000000,-17.15625
6000000,-16.5625
7000000,-16.25
8000000,-16.578125
9000000,-16.546875
10000000,-16.234375
