steps,returns
1000000,-18.09375
2000000,-18.171875
3000000,-17.296875
4000000,-18.34375
5000000,-17.75
6000000,-18.1875
7000000,-17.375
8000000,-17.84375
9000000,-18.03125
10000000,-17.78125
