steps,returns
10000,119.49219
20000,120.328125
30000,311.4922
40000,500.0
50000,116.15625
60000,103.625
70000,500.0
80000,289.1328
90000,500.0
100000,500.0
