steps,returns
100000.0,-208.01294
200000.0,-466.22644
300000.0,-1293.608
400000.0,-2333.3545
500000.0,-1918.8718
600000.0,-4107.0576
700000.0,-2422.0205
800000.0,-2275.9375
900000.0,-6277.6885
1000000.0,-6016.5835
