steps,returns
1000000,17.34375
2000000,51.40625
3000000,49.84375
4000000,69.0625
5000000,22.5
6000000,17.96875
7000000,205.3125
8000000,15.9375
9000000,77.65625
10000000,39.21875
