steps,returns
10000,-456.60156
20000,-460.0703
30000,-458.07812
40000,-456.21875
50000,-447.20312
60000,-444.8125
70000,-440.51562
80000,-443.1797
90000,-462.58594
100000,-456.3828
