steps,returns
10000,84.82031
20000,105.02344
30000,112.24219
40000,139.86719
50000,127.10156
60000,130.1875
70000,145.41406
80000,141.99219
90000,142.42188
100000,144.64062
