steps,returns
1000000,255.625
2000000,38.90625
3000000,156.40625
4000000,75.0
5000000,127.03125
6000000,508.4375
7000000,261.71875
8000000,260.9375
9000000,52.1875
10000000,1964.1406
