steps,returns
10000,-272.17188
20000,-307.23438
30000,-323.40625
40000,-343.03906
50000,-387.25
60000,-422.09375
70000,-327.95312
80000,-425.72656
90000,-493.21875
100000,-499.67188
