steps,returns
10000,69.77344
20000,79.72656
30000,164.46094
40000,188.75
50000,250.24219
60000,288.6797
70000,467.51562
80000,487.96094
90000,436.8125
100000,465.90625
