steps,returns
100000.0,518.1393
200000.0,484.70544
300000.0,543.8037
400000.0,656.3742
500000.0,528.5431
600000.0,695.082
700000.0,717.8679
800000.0,763.2768
900000.0,759.4968
1000000.0,984.55585
