steps,returns
1000000,-17.59375
2000000,-17.640625
3000000,-17.5
4000000,-17.671875
5000000,-17.734375
6000000,-17.703125
7000000,-17.765625
8000000,-17.40625
9000000,-17.328125
10000000,-18.234375
