steps,returns
100000.0,982.36035
200000.0,708.3292
300000.0,582.73267
400000.0,199.07657
500000.0,-177.35019
600000.0,-104.69559
700000.0,-453.49506
800000.0,-1071.6976
900000.0,-1070.9108
1000000.0,-1165.2968
