steps,returns
100000.0,867.9873
200000.0,860.18286
300000.0,778.6061
400000.0,748.2814
500000.0,815.3487
600000.0,826.417
700000.0,883.82965
800000.0,553.58673
900000.0,232.45773
1000000.0,231.0539
