steps,returns
1000000,-17.46875
2000000,-17.8125
3000000,-18.21875
4000000,-17.96875
5000000,-18.171875
6000000,-18.1875
7000000,-17.625
8000000,-17.921875
9000000,-18.015625
10000000,-18.078125
