steps,returns
1000000,125.0
2000000,150.0
3000000,150.0
4000000,169.92188
5000000,325.0
6000000,240.03906
7000000,300.39062
8000000,300.0
9000000,507.42188
10000000,313.8672
