steps,returns
5000,19.296875
10000,35.234375
15000,20.140625
20000,52.085938
25000,116.8125
30000,134.49219
35000,129.20312
40000,294.10156
45000,141.6875
50000,241.76562
