steps,returns
100000.0,556.55115
200000.0,82.186134
300000.0,-135.13593
400000.0,-3777.7585
500000.0,-8712.934
600000.0,-15605.119
700000.0,-25212.191
800000.0,-42131.805
900000.0,-110268.66
1000000.0,-204435.1
