steps,returns
5000,430.1953
10000,302.375
15000,309.8047
20000,185.15625
25000,173.23438
30000,94.328125
35000,48.476562
40000,22.390625
45000,12.328125
50000,9.328125
