steps,returns
10000,136.65625
20000,130.96875
30000,137.64844
40000,155.39844
50000,133.0
60000,137.64844
70000,151.70312
80000,156.21875
90000,188.20312
100000,185.57812
