steps,returns
1000000,17.03125
2000000,16.875
3000000,50.0
4000000,23.4375
5000000,143.28125
6000000,286.40625
7000000,168.90625
8000000,27.8125
9000000,17.5
10000000,131.09375
