steps,returns
100000.0,-0.4143362
200000.0,0.64275813
300000.0,1.8858389
400000.0,9.241789
500000.0,548.06494
600000.0,25.803673
700000.0,24.154404
800000.0,123.12372
900000.0,70.742195
1000000.0,157.09619
