steps,returns
1000000,-18.078125
2000000,-17.921875
3000000,-17.921875
4000000,-18.234375
5000000,-17.6875
6000000,-18.0625
7000000,-18.21875
8000000,-17.9375
9000000,-17.5
10000000,-17.90625
