steps,returns
100000.0,815.883
200000.0,847.26105
300000.0,770.5925
400000.0,720.141
500000.0,692.2632
600000.0,689.80115
700000.0,711.3467
800000.0,680.12476
900000.0,668.5465
1000000.0,681.9362
