steps,returns
100000.0,-1.520854
200000.0,-1.3036926
300000.0,-1.6992288
400000.0,-1.712571
500000.0,-2.0860376
600000.0,-2.480332
700000.0,-3.5542006
800000.0,-5.9225564
900000.0,-8.83691
1000000.0,-13.720782
