steps,returns
10000,123.359375
20000,185.71094
30000,500.0
40000,412.65625
50000,237.07031
60000,328.28125
70000,500.0
80000,18.25
90000,498.0625
100000,209.76562
