steps,returns
5000,26.984375
10000,27.617188
15000,27.976562
20000,28.789062
25000,30.203125
30000,32.421875
35000,35.390625
40000,36.664062
45000,36.109375
50000,40.015625
