steps,returns
100000.0,-73.87062
200000.0,-656.8017
300000.0,-256.81158
400000.0,-10.586457
500000.0,124.36977
600000.0,217.63596
700000.0,292.74823
800000.0,336.04575
900000.0,391.4382
1000000.0,431.7458
