steps,returns
12000,-200.0
24000,-189.20312
36000,-200.0
48000,-200.0
60000,-152.40625
72000,-200.0
84000,-145.61719
96000,-160.92969
108000,-200.0
120000,-152.39844
