steps,returns
10000,479.39062
20000,500.0
30000,499.78125
40000,491.52344
50000,500.0
60000,499.47656
70000,500.0
80000,500.0
90000,499.9922
100000,500.0
