steps,returns
100000.0,-131.86084
200000.0,-240.47299
300000.0,-188.85547
400000.0,-169.55135
500000.0,
600000.0,
700000.0,
800000.0,
900000.0,
1000000.0,
