steps,returns
10000,120.203125
20000,113.40625
30000,91.61719
40000,80.42969
50000,85.421875
60000,84.984375
70000,98.27344
80000,94.90625
90000,94.11719
100000,87.07031
