steps,returns
1000000,-18.234375
2000000,-17.03125
3000000,-17.796875
4000000,-16.71875
5000000,-16.90625
6000000,-16.59375
7000000,-16.6875
8000000,-15.5
9000000,-16.546875
10000000,-14.96875
