steps,returns
10000,-500.0
20000,-500.0
30000,-500.0
40000,-192.09375
50000,-500.0
60000,-195.98438
70000,-185.6875
80000,-475.0
90000,-395.17188
100000,-190.63281
