steps,returns
100000.0,52.92975
200000.0,135.25717
300000.0,-1688.7073
400000.0,-7644.1733
500000.0,-23471.043
600000.0,-47695.902
700000.0,-116405.516
800000.0,-198795.9
900000.0,-335290.72
1000000.0,-568075.44
