steps,returns
100000.0,738.4114
200000.0,388.86218
300000.0,515.91254
400000.0,507.40314
500000.0,526.29865
600000.0,507.12305
700000.0,570.21216
800000.0,511.13263
900000.0,612.1191
1000000.0,495.32617
