steps,returns
10000,-500.0
20000,-500.0
30000,-500.0
40000,-500.0
50000,-500.0
60000,-478.21875
70000,-384.6328
80000,-109.66406
90000,-169.375
100000,-90.90625
