steps,returns
10000,-500.0
20000,-243.6875
30000,-125.88281
40000,-123.67969
50000,-324.57812
60000,-431.59375
70000,-432.70312
80000,-86.91406
90000,-290.3828
100000,-500.0
