steps,returns
10000,-500.0
20000,-500.0
30000,-500.0
40000,-500.0
50000,-500.0
60000,-174.39062
70000,-166.21875
80000,-500.0
90000,-500.0
100000,-500.0
