steps,returns
10000,83.625
20000,109.07031
30000,111.64844
40000,115.67969
50000,112.28906
60000,118.25781
70000,108.265625
80000,105.375
90000,108.890625
100000,120.703125
