steps,returns
100000.0,-0.8789846
200000.0,-0.336286
300000.0,3.3183794
400000.0,66.522
500000.0,88.01698
600000.0,-169.53731
700000.0,-102.02476
800000.0,-188.79248
900000.0,-275.71878
1000000.0,-320.55643
