steps,returns
1000000,997.96875
2000000,1490.0
3000000,1673.8281
4000000,785.0781
5000000,994.84375
6000000,976.6406
7000000,76.09375
8000000,1858.2812
9000000,699.53125
10000000,1043.125
