steps,returns
1000000,-17.921875
2000000,-18.421875
3000000,-18.234375
4000000,-18.5
5000000,-18.21875
6000000,-17.96875
7000000,-18.15625
8000000,-17.890625
9000000,-18.171875
10000000,-18.078125
