steps,returns
10000,-500.0
20000,-500.0
30000,-258.08594
40000,-500.0
50000,-327.64062
60000,-500.0
70000,-500.0
80000,-500.0
90000,-500.0
100000,-99.796875
