steps,returns
5000,500.0
10000,435.3047
15000,385.5625
20000,291.41406
25000,257.3672
30000,194.01562
35000,168.58594
40000,151.24219
45000,100.34375
50000,66.91406
