steps,returns
100000.0,-171.34895
200000.0,-111.65909
300000.0,-87.69007
400000.0,-75.1214
500000.0,-66.020706
600000.0,-60.33429
700000.0,-57.70838
800000.0,-58.08184
900000.0,-56.632904
1000000.0,-58.875294
