steps,returns
10000,169.21875
20000,98.85156
30000,116.53906
40000,114.09375
50000,104.08594
60000,94.1875
70000,85.609375
80000,87.734375
90000,97.08594
100000,96.05469
