steps,returns
100000.0,836.1754
200000.0,773.475
300000.0,915.15857
400000.0,909.61304
500000.0,875.3235
600000.0,859.8755
700000.0,836.7103
800000.0,850.27136
900000.0,1160.2983
1000000.0,1167.8547
