steps,returns
1000000,250.0
2000000,218.75
3000000,250.0
4000000,150.0
5000000,250.0
6000000,214.84375
7000000,250.0
8000000,150.0
9000000,197.65625
10000000,244.33594
