steps,returns
100000.0,-327.64105
200000.0,-317.33887
300000.0,-289.77872
400000.0,-282.96515
500000.0,-271.1518
600000.0,-269.77405
700000.0,-250.3489
800000.0,-258.0728
900000.0,-241.67288
1000000.0,-258.57425
