steps,returns
5000,65.09375
10000,58.75
15000,51.242188
20000,43.664062
25000,41.65625
30000,33.710938
35000,23.21875
40000,20.25
45000,15.6640625
50000,17.992188
