steps,returns
5000,16.867188
10000,238.42188
15000,172.71875
20000,141.10938
25000,99.953125
30000,160.25
35000,101.171875
40000,103.17969
45000,110.00781
50000,155.91406
