steps,returns
1000000,347.26562
2000000,949.8047
3000000,702.7344
4000000,797.65625
5000000,1639.4531
6000000,803.125
7000000,2549.8047
8000000,3020.5078
9000000,838.6719
10000000,4280.078
