steps,returns
100000.0,633.5602
200000.0,887.8544
300000.0,821.26416
400000.0,819.896
500000.0,827.1387
600000.0,851.8164
700000.0,690.7682
800000.0,234.23065
900000.0,1108.8228
1000000.0,1203.4397
