steps,returns
10000,116.296875
20000,500.0
30000,500.0
40000,159.14844
50000,9.3359375
60000,9.3203125
70000,9.2734375
80000,9.421875
90000,9.53125
100000,9.296875
