steps,returns
10000,-147.07031
20000,-145.33594
30000,-146.47656
40000,-148.32031
50000,-148.33594
60000,-148.76562
70000,-154.57812
80000,-156.375
90000,-167.53125
100000,-177.32031
