steps,returns
100000.0,691.6543
200000.0,706.8532
300000.0,634.54785
400000.0,642.67017
500000.0,665.56665
600000.0,696.31226
700000.0,853.8563
800000.0,1063.3424
900000.0,1302.8071
1000000.0,1562.4274
