steps,returns
1000000,-17.765625
2000000,-18.015625
3000000,-17.4375
4000000,-17.859375
5000000,-18.1875
6000000,-17.6875
7000000,-17.859375
8000000,-17.90625
9000000,-17.46875
10000000,-17.625
