steps,returns
1000000,125.0
2000000,358.98438
3000000,326.95312
4000000,524.41406
5000000,726.5625
6000000,859.5703
7000000,2415.2344
8000000,635.35156
9000000,2553.5156
10000000,625.0
