steps,returns
1000000,17.34375
2000000,17.65625
3000000,317.65625
4000000,20.78125
5000000,92.03125
6000000,22.34375
7000000,17.8125
8000000,107.96875
9000000,406.71875
10000000,109.53125
