steps,returns
10000,81.49219
20000,38.1875
30000,82.25781
40000,116.59375
50000,170.76562
60000,180.16406
70000,227.78906
80000,212.02344
90000,180.46875
100000,193.91406
