steps,returns
1000000,51.71875
2000000,17.03125
3000000,41.71875
4000000,27.8125
5000000,28.4375
6000000,43.90625
7000000,17.5
8000000,17.1875
9000000,17.8125
10000000,17.34375
