steps,returns
1000000,-17.71875
2000000,-17.46875
3000000,-18.4375
4000000,-18.3125
5000000,-18.109375
6000000,-18.171875
7000000,-18.140625
8000000,-17.796875
9000000,-17.875
10000000,-17.796875
