steps,returns
1000000,50.78125
2000000,50.78125
3000000,28.90625
4000000,18.125
5000000,30.46875
6000000,17.96875
7000000,17.8125
8000000,48.75
9000000,51.40625
10000000,41.5625
