steps,returns
100000.0,-1.041992
200000.0,1.3667812
300000.0,-4.8946342
400000.0,81.45227
500000.0,-242.61966
600000.0,-359.7057
700000.0,-460.47632
800000.0,-494.9764
900000.0,-417.8853
1000000.0,-389.31415
