steps,returns
100000.0,591.0642
200000.0,631.7494
300000.0,550.5603
400000.0,882.4791
500000.0,1005.8735
600000.0,974.0288
700000.0,1471.9133
800000.0,934.56067
900000.0,605.03064
1000000.0,672.1911
