steps,returns
100000.0,783.26587
200000.0,311.00696
300000.0,565.04626
400000.0,552.99414
500000.0,258.56967
600000.0,783.3081
700000.0,776.4603
800000.0,932.43
900000.0,713.5132
1000000.0,927.1605
