steps,returns
1000000,-17.625
2000000,-17.875
3000000,-17.390625
4000000,-18.1875
5000000,-17.953125
6000000,-18.0
7000000,-17.640625
8000000,-17.765625
9000000,-18.15625
10000000,-17.734375
