steps,returns
100000.0,562.7366
200000.0,540.647
300000.0,751.088
400000.0,916.9041
500000.0,855.62634
600000.0,1006.51025
700000.0,1010.6927
800000.0,1119.7356
900000.0,1316.8623
1000000.0,1339.5
