steps,returns
5000,8.921875
10000,8.96875
15000,9.1171875
20000,9.1171875
25000,9.3515625
30000,9.3046875
35000,9.3203125
40000,9.2890625
45000,9.3359375
50000,9.3515625
