steps,returns
10000,275.07812
20000,328.16406
30000,271.29688
40000,500.0
50000,253.51562
60000,306.78125
70000,499.76562
80000,500.0
90000,500.0
100000,500.0
