steps,returns
100000.0,886.0342
200000.0,312.47174
300000.0,445.93887
400000.0,155.81934
500000.0,128.2376
600000.0,3.027697
700000.0,-513.8564
800000.0,-655.3684
900000.0,-1681.446
1000000.0,-2021.4633
