steps,returns
100000.0,-224.49579
200000.0,-1083.617
300000.0,-259.92273
400000.0,-945.22174
500000.0,-2356.1213
600000.0,-3820.461
700000.0,-5135.869
800000.0,-6758.0146
900000.0,-9881.447
1000000.0,-12992.914
