steps,returns
5000,44.570312
10000,18.195312
15000,40.429688
20000,33.429688
25000,170.61719
30000,118.28125
35000,440.25
40000,214.82812
45000,29.570312
50000,218.07812
