steps,returns
1000000,502.57812
2000000,70.46875
3000000,943.5156
4000000,1760.7812
5000000,1729.9219
6000000,4040.625
7000000,3572.0312
8000000,4425.625
9000000,3391.0156
10000000,4822.0312
