steps,returns
5000,98.57031
10000,134.00781
15000,165.26562
20000,202.67188
25000,234.52344
30000,279.48438
35000,321.90625
40000,356.92188
45000,406.71094
50000,446.79688
