steps,returns
5000,27.976562
10000,32.273438
15000,37.953125
20000,40.53125
25000,44.882812
30000,45.835938
35000,46.4375
40000,50.023438
45000,49.46875
50000,47.992188
