steps,returns
1000000,-17.390625
2000000,-17.890625
3000000,-18.265625
4000000,-17.34375
5000000,-17.734375
6000000,-18.0625
7000000,-18.171875
8000000,-18.265625
9000000,-18.078125
10000000,-18.515625
