steps,returns
1000000,125.0
2000000,467.1875
3000000,344.14062
4000000,541.7969
5000000,504.4922
6000000,686.52344
7000000,593.75
8000000,705.27344
9000000,687.8906
10000000,819.1406
