steps,returns
5000,9.4296875
10000,9.3828125
15000,9.3671875
20000,9.2890625
25000,9.25
30000,9.46875
35000,9.3984375
40000,9.3984375
45000,9.2578125
50000,9.328125
