{"config": {"hp_config.clip_eps": 0.38907837547492524, "hp_config.ent_coef": 0.4350060741234096, "hp_config.gae_lambda": 0.9956258066123296, "hp_config.learning_rate": 0.00990359384128113, "hp_config.max_grad_norm": 0.46147936225293185, "hp_config.minibatch_size": 512, "hp_config.normalize_advantage": true, "hp_config.vf_clip_eps": 0.3199605106637619, "hp_config.vf_coef": 0.1433532874090464}, "score": 0.0, "budget_used": 13, "total_wallclock_time": -3406.5738248825073, "total_optimization_time": 0.007025718688964844}
{"config": {"hp_config.clip_eps": 0.009596599154666763, "hp_config.ent_coef": 0.15078740833727466, "hp_config.gae_lambda": 0.9319686901447878, "hp_config.learning_rate": 2.820902242356035e-05, "hp_config.max_grad_norm": 0.6180154289988415, "hp_config.minibatch_size": 256, "hp_config.normalize_advantage": true, "hp_config.vf_clip_eps": 0.14914116297801538, "hp_config.vf_coef": 0.5699649107012649}, "score": -23531.25, "budget_used": 26, "total_wallclock_time": -7666.122661113739, "total_optimization_time": 0.598599910736084}
{"config": {"hp_config.clip_eps": 0.009596599154666763, "hp_config.ent_coef": 0.15078740833727466, "hp_config.gae_lambda": 0.9319686901447878, "hp_config.learning_rate": 2.820902242356035e-05, "hp_config.max_grad_norm": 0.6180154289988415, "hp_config.minibatch_size": 256, "hp_config.normalize_advantage": true, "hp_config.vf_clip_eps": 0.14914116297801538, "hp_config.vf_coef": 0.5699649107012649}, "score": -23531.25, "budget_used": 39, "total_wallclock_time": -12011.104104042053, "total_optimization_time": 0.6545789241790771}
{"config": {"hp_config.clip_eps": 0.09356544587542237, "hp_config.ent_coef": 0.4519919774641185, "hp_config.gae_lambda": 0.9087068094204576, "hp_config.learning_rate": 0.00019255602329704073, "hp_config.max_grad_norm": 0.8820414102298896, "hp_config.minibatch_size": 256, "hp_config.normalize_advantage": false, "hp_config.vf_clip_eps": 0.199512660851551, "hp_config.vf_coef": 0.9040443929009577}, "score": -26210.9375, "budget_used": 52, "total_wallclock_time": -20993.84321498871, "total_optimization_time": 0.801584005355835}
{"config": {"hp_config.clip_eps": 0.09356544587542237, "hp_config.ent_coef": 0.4519919774641185, "hp_config.gae_lambda": 0.9087068094204576, "hp_config.learning_rate": 0.00019255602329704073, "hp_config.max_grad_norm": 0.8820414102298896, "hp_config.minibatch_size": 256, "hp_config.normalize_advantage": false, "hp_config.vf_clip_eps": 0.199512660851551, "hp_config.vf_coef": 0.9040443929009577}, "score": -26210.9375, "budget_used": 65, "total_wallclock_time": -25913.86155772209, "total_optimization_time": 1.0084812641143799}
{"config": {"hp_config.clip_eps": 0.09356544587542237, "hp_config.ent_coef": 0.4519919774641185, "hp_config.gae_lambda": 0.9087068094204576, "hp_config.learning_rate": 0.00019255602329704073, "hp_config.max_grad_norm": 0.8820414102298896, "hp_config.minibatch_size": 256, "hp_config.normalize_advantage": false, "hp_config.vf_clip_eps": 0.199512660851551, "hp_config.vf_coef": 0.9040443929009577}, "score": -26210.9375, "budget_used": 78, "total_wallclock_time": -34763.79373025894, "total_optimization_time": 1.2300386428833008}
{"config": {"hp_config.clip_eps": 0.09356544587542237, "hp_config.ent_coef": 0.4519919774641185, "hp_config.gae_lambda": 0.9087068094204576, "hp_config.learning_rate": 0.00019255602329704073, "hp_config.max_grad_norm": 0.8820414102298896, "hp_config.minibatch_size": 256, "hp_config.normalize_advantage": false, "hp_config.vf_clip_eps": 0.199512660851551, "hp_config.vf_coef": 0.9040443929009577}, "score": -26210.9375, "budget_used": 91, "total_wallclock_time": -40928.02750635147, "total_optimization_time": 2.029707670211792}
{"config": {"hp_config.clip_eps": 0.09356544587542237, "hp_config.ent_coef": 0.4519919774641185, "hp_config.gae_lambda": 0.9087068094204576, "hp_config.learning_rate": 0.00019255602329704073, "hp_config.max_grad_norm": 0.8820414102298896, "hp_config.minibatch_size": 256, "hp_config.normalize_advantage": false, "hp_config.vf_clip_eps": 0.199512660851551, "hp_config.vf_coef": 0.9040443929009577}, "score": -26210.9375, "budget_used": 104, "total_wallclock_time": -44202.25243473053, "total_optimization_time": 2.601252317428589}
{"config": {"hp_config.clip_eps": 0.09356544587542237, "hp_config.ent_coef": 0.4519919774641185, "hp_config.gae_lambda": 0.9087068094204576, "hp_config.learning_rate": 0.00019255602329704073, "hp_config.max_grad_norm": 0.8820414102298896, "hp_config.minibatch_size": 256, "hp_config.normalize_advantage": false, "hp_config.vf_clip_eps": 0.199512660851551, "hp_config.vf_coef": 0.9040443929009577}, "score": -26210.9375, "budget_used": 117, "total_wallclock_time": -47916.60554480553, "total_optimization_time": 3.1403210163116455}
{"config": {"hp_config.clip_eps": 0.09356544587542237, "hp_config.ent_coef": 0.4519919774641185, "hp_config.gae_lambda": 0.9087068094204576, "hp_config.learning_rate": 0.00019255602329704073, "hp_config.max_grad_norm": 0.8820414102298896, "hp_config.minibatch_size": 256, "hp_config.normalize_advantage": false, "hp_config.vf_clip_eps": 0.199512660851551, "hp_config.vf_coef": 0.9040443929009577}, "score": -26210.9375, "budget_used": 130, "total_wallclock_time": -52599.54206442833, "total_optimization_time": 3.3523199558258057}
{"config": {"hp_config.clip_eps": 0.09356544587542237, "hp_config.ent_coef": 0.4519919774641185, "hp_config.gae_lambda": 0.9087068094204576, "hp_config.learning_rate": 0.00019255602329704073, "hp_config.max_grad_norm": 0.8820414102298896, "hp_config.minibatch_size": 256, "hp_config.normalize_advantage": false, "hp_config.vf_clip_eps": 0.199512660851551, "hp_config.vf_coef": 0.9040443929009577}, "score": -26210.9375, "budget_used": 143, "total_wallclock_time": -56110.94955444336, "total_optimization_time": 4.2238640785217285}
