steps,returns
1000000,-18.0625
2000000,-17.609375
3000000,-19.046875
4000000,-17.984375
5000000,-18.03125
6000000,-17.984375
7000000,-17.828125
8000000,-18.109375
9000000,-17.8125
10000000,-18.140625
