steps,returns
10000,66.21875
20000,95.671875
30000,152.6875
40000,275.1328
50000,447.20312
60000,431.77344
70000,418.0547
80000,416.96094
90000,426.3047
100000,467.59375
