steps,returns
10000,17.28125
20000,118.40625
30000,208.33594
40000,134.19531
50000,185.44531
60000,337.29688
70000,388.23438
80000,443.3672
90000,448.29688
100000,439.1875
