steps,returns
100000.0,768.8324
200000.0,1080.03
300000.0,911.40533
400000.0,1258.4943
500000.0,1166.1534
600000.0,1150.3586
700000.0,1077.7722
800000.0,1000.8539
900000.0,851.26495
1000000.0,750.58093
