steps,returns
10000,-500.0
20000,-500.0
30000,-500.0
40000,-500.0
50000,-376.72656
60000,-448.01562
70000,-320.54688
80000,-500.0
90000,-101.44531
100000,-500.0
