steps,returns
1000000,151.36719
2000000,292.57812
3000000,328.51562
4000000,255.85938
5000000,175.0
6000000,412.10938
7000000,356.64062
8000000,268.35938
9000000,537.6953
10000000,164.64844
