steps,returns
1000000,-17.75
2000000,-17.921875
3000000,-17.6875
4000000,-17.609375
5000000,-17.015625
6000000,-17.4375
7000000,-17.78125
8000000,-17.390625
9000000,-17.375
10000000,-17.28125
