steps,returns
10000,108.99219
20000,112.66406
30000,116.57031
40000,205.17188
50000,251.11719
60000,448.01562
70000,496.6328
80000,487.85938
90000,472.125
100000,331.46094
