steps,returns
5000,9.7265625
10000,59.421875
15000,344.9453
20000,283.0547
25000,411.01562
30000,178.09375
35000,145.54688
40000,130.48438
45000,107.71875
50000,113.53125
