steps,returns
1000000,326.3672
2000000,361.32812
3000000,375.0
4000000,294.72656
5000000,394.92188
6000000,399.60938
7000000,316.9922
8000000,650.0
9000000,982.8125
10000000,436.32812
