steps,returns
10000,73.14844
20000,74.74219
30000,82.96875
40000,92.140625
50000,118.578125
60000,129.22656
70000,182.88281
80000,266.10156
90000,358.875
100000,383.91406
