steps,returns
100000.0,568.1832
200000.0,457.5207
300000.0,449.5073
400000.0,499.7223
500000.0,742.39575
600000.0,463.30273
700000.0,795.76025
800000.0,751.98334
900000.0,757.1219
1000000.0,832.1008
