steps,returns
10000,-286.65625
20000,-281.6953
30000,-299.3828
40000,-324.72656
50000,-327.9453
60000,-327.03906
70000,-349.04688
80000,-356.9922
90000,-348.92188
100000,-368.64062
