steps,returns
5000,79.03125
10000,114.71094
15000,255.82031
20000,58.109375
25000,169.83594
30000,92.390625
35000,113.78906
40000,114.84375
45000,99.28125
50000,68.35156
