steps,returns
100000.0,837.2624
200000.0,728.7725
300000.0,737.04474
400000.0,777.35156
500000.0,724.33484
600000.0,653.9345
700000.0,668.40247
800000.0,644.0974
900000.0,635.8082
1000000.0,607.9039
