steps,returns
1000000,41.09375
2000000,39.21875
3000000,16.5625
4000000,27.8125
5000000,28.4375
6000000,54.375
7000000,17.5
8000000,17.1875
9000000,17.8125
10000000,17.34375
