steps,returns
5000,151.77344
10000,130.32031
15000,172.49219
20000,89.53125
25000,93.67969
30000,81.78125
35000,26.921875
40000,30.726562
45000,91.66406
50000,60.445312
