steps,returns
100000.0,853.0922
200000.0,938.82214
300000.0,1145.9202
400000.0,671.1348
500000.0,-772.76624
600000.0,-1098.5483
700000.0,-1177.2852
800000.0,-1186.9062
900000.0,-1098.9286
1000000.0,-982.42883
