steps,returns
100000.0,208.68631
200000.0,947.40186
300000.0,1148.0176
400000.0,967.73645
500000.0,1024.0072
600000.0,988.4197
700000.0,911.1532
800000.0,724.3804
900000.0,665.18066
1000000.0,862.1299
