steps,returns
100000.0,717.44824
200000.0,815.5659
300000.0,425.5842
400000.0,93.043816
500000.0,-562.05316
600000.0,-1741.0317
700000.0,-4607.823
800000.0,-16919.918
900000.0,-14216.48
1000000.0,-19569.691
