steps,returns
100000.0,2660.4326
200000.0,707.8534
300000.0,761.5532
400000.0,817.2756
500000.0,832.7024
600000.0,851.1861
700000.0,862.3965
800000.0,858.9091
900000.0,855.53937
1000000.0,847.33203
