steps,returns
1000000,26.875
2000000,245.0
3000000,59.21875
4000000,33.125
5000000,206.25
6000000,337.8125
7000000,100.9375
8000000,137.34375
9000000,47.34375
10000000,199.0625
