steps,returns
5000,47.71875
10000,30.851562
15000,66.42969
20000,52.234375
25000,39.664062
30000,129.64062
35000,144.19531
40000,380.67188
45000,160.17188
50000,265.92188
