steps,returns
1000000,1097.1875
2000000,695.78125
3000000,373.75
4000000,304.6875
5000000,151.09375
6000000,76.25
7000000,180.9375
8000000,165.0
9000000,133.59375
10000000,551.71875
