steps,returns
10000,-500.0
20000,-500.0
30000,-500.0
40000,-479.71875
50000,-481.78125
60000,-500.0
70000,-500.0
80000,-384.54688
90000,-500.0
100000,-500.0
