steps,returns
100000.0,466.50122
200000.0,-327.48987
300000.0,-306.65613
400000.0,-585.22076
500000.0,-370.1978
600000.0,-34.184692
700000.0,-35.44269
800000.0,-40.174095
900000.0,-20.804417
1000000.0,-28.730854
