steps,returns
1000000,-17.109375
2000000,-18.171875
3000000,-17.671875
4000000,-17.578125
5000000,-18.015625
6000000,-17.734375
7000000,-18.25
8000000,-17.546875
9000000,-18.234375
10000000,-18.421875
