steps,returns
5000,9.3359375
10000,9.3203125
15000,9.359375
20000,9.3515625
25000,9.2734375
30000,9.2109375
35000,9.328125
40000,9.359375
45000,9.4453125
50000,9.34375
