steps,returns
1000000,-17.765625
2000000,-17.828125
3000000,-17.734375
4000000,-17.9375
5000000,-17.484375
6000000,-18.71875
7000000,-18.09375
8000000,-17.9375
9000000,-18.28125
10000000,-17.71875
