steps,returns
10000,78.484375
20000,29.445312
30000,241.88281
40000,112.97656
50000,77.28125
60000,112.99219
70000,38.21875
80000,464.57812
90000,355.03906
100000,244.6875
