steps,returns
10000,192.63281
20000,129.03125
30000,101.24219
40000,183.53125
50000,374.27344
60000,443.1172
70000,448.21094
80000,445.3047
90000,410.42188
100000,431.23438
