steps,returns
1000000,125.0
2000000,250.0
3000000,287.5
4000000,125.0
5000000,155.46875
6000000,256.0547
7000000,340.8203
8000000,437.5
9000000,411.71875
10000000,350.0
