steps,returns
100000.0,1015.5002
200000.0,1024.9022
300000.0,1018.6173
400000.0,1012.04443
500000.0,996.42664
600000.0,988.70325
700000.0,976.89856
800000.0,960.56793
900000.0,919.4181
1000000.0,869.2121
