steps,returns
5000,143.46094
10000,100.05469
15000,46.914062
20000,42.085938
25000,190.82031
30000,500.0
35000,109.86719
40000,94.88281
45000,500.0
50000,500.0
