steps,returns
1000000,17.1875
2000000,39.6875
3000000,40.3125
4000000,28.28125
5000000,54.0625
6000000,49.84375
7000000,29.375
8000000,17.1875
9000000,17.65625
10000000,29.375
