steps,returns
5000,29.242188
10000,192.39844
15000,188.64844
20000,354.6172
25000,236.55469
30000,197.47656
35000,301.03125
40000,254.22656
45000,229.22656
50000,149.10938
