steps,returns
100000.0,1015.5648
200000.0,1020.55597
300000.0,1028.1143
400000.0,1030.7736
500000.0,1024.0042
600000.0,1021.812
700000.0,1029.3379
800000.0,1022.1078
900000.0,1017.59045
1000000.0,1013.45483
