steps,returns
100000.0,607.03973
200000.0,431.14124
300000.0,375.81616
400000.0,349.96332
500000.0,336.94983
600000.0,326.59534
700000.0,318.2495
800000.0,314.80066
900000.0,312.93686
1000000.0,314.47345
