steps,returns
10000,402.0625
20000,180.85938
30000,206.92188
40000,320.10938
50000,293.28906
60000,345.625
70000,496.01562
80000,500.0
90000,473.66406
100000,500.0
