steps,returns
100000.0,694.47565
200000.0,700.60474
300000.0,713.66125
400000.0,693.878
500000.0,707.5293
600000.0,770.7213
700000.0,930.8535
800000.0,1038.9224
900000.0,1376.9946
1000000.0,1463.002
