steps,returns
100000.0,470.13724
200000.0,468.0788
300000.0,989.8457
400000.0,1056.9409
500000.0,840.4872
600000.0,915.40125
700000.0,721.14844
800000.0,306.01547
900000.0,-259.0584
1000000.0,-982.55945
