steps,returns
5000,35.125
10000,43.203125
15000,52.132812
20000,52.273438
25000,51.195312
30000,57.117188
35000,54.234375
40000,53.789062
45000,56.53125
50000,52.820312
