steps,returns
5000,9.3203125
10000,20.578125
15000,12.15625
20000,11.078125
25000,111.234375
30000,111.07031
35000,133.34375
40000,177.46875
45000,209.21094
50000,237.46875
