steps,returns
1000000,424.53125
2000000,408.28125
3000000,126.875
4000000,197.96875
5000000,118.4375
6000000,999.6875
7000000,1223.9062
8000000,1053.6719
9000000,2132.7344
10000000,1983.8281
