steps,returns
5000,43.679688
10000,64.0
15000,19.296875
20000,148.9375
25000,183.71875
30000,239.82031
35000,135.88281
40000,128.875
45000,143.14062
50000,191.29688
