steps,returns
1000000,125.0
2000000,266.01562
3000000,294.33594
4000000,503.125
5000000,401.7578
6000000,663.6719
7000000,779.6875
8000000,590.8203
9000000,838.47656
10000000,659.1797
