steps,returns
10000,85.92969
20000,101.77344
30000,101.77344
40000,116.234375
50000,108.734375
60000,121.609375
70000,115.49219
80000,123.828125
90000,123.39844
100000,118.64844
