steps,returns
5000,92.66406
10000,116.83594
15000,138.85156
20000,172.05469
25000,186.80469
30000,204.32031
35000,224.61719
40000,257.14844
45000,288.9297
50000,317.8828
