steps,returns
100000.0,-1.2698855
200000.0,-1.1828139
300000.0,-1.7081192
400000.0,-2.0619664
500000.0,-3.214507
600000.0,-4.956454
700000.0,-7.7726226
800000.0,54.73752
900000.0,124.42384
1000000.0,-132.28381
