steps,returns
5000,499.17188
10000,351.84375
15000,290.96094
20000,294.45312
25000,237.92969
30000,173.10156
35000,164.53125
40000,165.6875
45000,140.73438
50000,142.0
