steps,returns
10000,165.36719
20000,265.6797
30000,460.375
40000,492.8203
50000,498.5703
60000,379.82812
70000,500.0
80000,487.5547
90000,500.0
100000,368.96094
