steps,returns
1000000,160.625
2000000,16.40625
3000000,37.65625
4000000,53.125
5000000,314.375
6000000,17.65625
7000000,17.1875
8000000,16.71875
9000000,434.60938
10000000,27.34375
