steps,returns
5000,13.796875
10000,8.8046875
15000,8.9140625
20000,8.875
25000,8.8671875
30000,8.9765625
35000,9.0234375
40000,8.9609375
45000,9.0234375
50000,9.0546875
