steps,returns
5000,32.09375
10000,34.289062
15000,33.390625
20000,32.59375
25000,35.585938
30000,36.304688
35000,37.671875
40000,40.09375
45000,43.101562
50000,42.15625
