steps,returns
10000,-486.96094
20000,-500.0
30000,-500.0
40000,-500.0
50000,-500.0
60000,-500.0
70000,-500.0
80000,-253.42188
90000,-182.25
100000,-500.0
