steps,returns
1000000,175.0
2000000,278.125
3000000,147.26562
4000000,172.65625
5000000,260.15625
6000000,406.64062
7000000,211.32812
8000000,154.49219
9000000,228.51562
10000000,427.34375
