steps,returns
100000.0,669.47473
200000.0,725.9181
300000.0,832.3382
400000.0,839.999
500000.0,814.58875
600000.0,750.9629
700000.0,753.3031
800000.0,736.63086
900000.0,778.08673
1000000.0,1157.1794
