steps,returns
1000000,17.03125
2000000,22.65625
3000000,17.34375
4000000,18.125
5000000,20.625
6000000,377.96875
7000000,119.53125
8000000,278.28125
9000000,598.90625
10000000,370.23438
