steps,returns
5000,9.1171875
10000,9.2109375
15000,9.296875
20000,9.390625
25000,9.2734375
30000,9.375
35000,9.3984375
40000,9.4140625
45000,9.1484375
50000,9.328125
