steps,returns
10000,-500.0
20000,-500.0
30000,-100.375
40000,-356.1172
50000,-87.58594
60000,-89.875
70000,-117.828125
80000,-84.484375
90000,-82.8125
100000,-89.671875
