steps,returns
10000,79.140625
20000,84.984375
30000,85.203125
40000,109.734375
50000,155.75781
60000,155.14844
70000,151.94531
80000,139.94531
90000,148.07031
100000,130.49219
