steps,returns
1000000,-17.859375
2000000,-17.484375
3000000,-18.125
4000000,-17.90625
5000000,-18.140625
6000000,-17.84375
7000000,-18.3125
8000000,-18.140625
9000000,-17.9375
10000000,-17.671875
