steps,returns
10000,326.28125
20000,436.625
30000,217.78906
40000,247.10938
50000,490.41406
60000,500.0
70000,500.0
80000,445.3672
90000,391.16406
100000,500.0
