steps,returns
1000000,-18.375
2000000,-17.703125
3000000,-17.5
4000000,-18.40625
5000000,-17.625
6000000,-17.984375
7000000,-18.015625
8000000,-17.296875
9000000,-17.8125
10000000,-17.1875
