steps,returns
10000,77.90625
20000,83.77344
30000,79.015625
40000,77.78125
50000,84.6875
60000,89.03906
70000,91.203125
80000,91.11719
90000,100.88281
100000,99.86719
