steps,returns
10000,112.02344
20000,197.26562
30000,350.78125
40000,405.10156
50000,176.96094
60000,500.0
70000,457.03125
80000,500.0
90000,18.351562
100000,472.4453
