steps,returns
1000000,17.65625
2000000,39.84375
3000000,16.71875
4000000,27.03125
5000000,15.78125
6000000,46.71875
7000000,52.1875
8000000,17.03125
9000000,27.96875
10000000,39.21875
