steps,returns
5000,72.99219
10000,80.046875
15000,78.640625
20000,79.9375
25000,84.34375
30000,93.27344
35000,80.71875
40000,88.99219
45000,90.046875
50000,92.71094
