steps,returns
1000000,255.15625
2000000,200.9375
3000000,43.125
4000000,332.8125
5000000,108.28125
6000000,189.375
7000000,149.0625
8000000,155.9375
9000000,78.59375
10000000,17.65625
