steps,returns
1000000,356.25
2000000,125.0
3000000,481.64062
4000000,625.97656
5000000,842.77344
6000000,562.5
7000000,404.4922
8000000,705.46875
9000000,762.5
10000000,691.40625
