steps,returns
10000,139.75781
20000,500.0
30000,500.0
40000,456.3047
50000,500.0
60000,500.0
70000,142.26562
80000,181.41406
90000,261.42188
100000,308.28125
