steps,returns
1000000,-18.03125
2000000,-18.171875
3000000,-18.4375
4000000,-18.53125
5000000,-17.953125
6000000,-18.0
7000000,-18.015625
8000000,-17.796875
9000000,-17.234375
10000000,-17.9375
