steps,returns
10000,-421.23438
20000,-251.32812
30000,-500.0
40000,-500.0
50000,-500.0
60000,-499.58594
70000,-500.0
80000,-500.0
90000,-257.03906
100000,-500.0
