steps,returns
1000000,-17.03125
2000000,-17.859375
3000000,-18.109375
4000000,-18.140625
5000000,-18.171875
6000000,-18.140625
7000000,-18.0
8000000,-17.953125
9000000,-17.546875
10000000,-17.859375
