steps,returns
10000,444.95312
20000,157.03125
30000,315.20312
40000,313.8203
50000,267.2578
60000,500.0
70000,500.0
80000,500.0
90000,500.0
100000,500.0
