steps,returns
5000,9.4140625
10000,9.28125
15000,9.2890625
20000,9.203125
25000,9.4140625
30000,9.4609375
35000,9.3515625
40000,9.484375
45000,9.4296875
50000,9.3984375
