steps,returns
10000,289.27344
20000,200.55469
30000,480.95312
40000,500.0
50000,500.0
60000,500.0
70000,494.7422
80000,130.29688
90000,500.0
100000,500.0
