steps,returns
10000,-460.66406
20000,-342.46094
30000,-174.64062
40000,-252.0
50000,-500.0
60000,-500.0
70000,-500.0
80000,-500.0
90000,-500.0
100000,-500.0
