steps,returns
10000,68.171875
20000,67.96094
30000,104.44531
40000,321.53906
50000,232.21094
60000,406.3203
70000,424.8828
80000,466.53906
90000,391.3828
100000,483.73438
