steps,returns
1000000,23.28125
2000000,419.21875
3000000,114.6875
4000000,17.34375
5000000,19.6875
6000000,363.28125
7000000,990.7031
8000000,938.6719
9000000,272.96875
10000000,1150.0781
