steps,returns
10000,256.77344
20000,499.77344
30000,311.625
40000,500.0
50000,484.04688
60000,495.40625
70000,143.26562
80000,500.0
90000,500.0
100000,500.0
