steps,returns
1000000,505.15625
2000000,781.1719
3000000,355.78125
4000000,217.1875
5000000,243.125
6000000,403.75
7000000,48.4375
8000000,18.59375
9000000,17.1875
10000000,17.34375
