steps,returns
5000,9.2421875
10000,59.765625
15000,22.3125
20000,21.21875
25000,61.359375
30000,105.703125
35000,115.546875
40000,79.46875
45000,154.35156
50000,176.50781
