steps,returns
5000,9.0625
10000,9.1875
15000,9.2734375
20000,9.4453125
25000,9.3046875
30000,9.3359375
35000,9.4921875
40000,9.3828125
45000,9.3515625
50000,9.2421875
