steps,returns
100000.0,663.0718
200000.0,683.18787
300000.0,741.56396
400000.0,655.18823
500000.0,762.7409
600000.0,1065.0172
700000.0,1214.221
800000.0,1249.7544
900000.0,1241.0491
1000000.0,1221.0735
