steps,returns
100000.0,474.01978
200000.0,52.366615
300000.0,-311.1311
400000.0,-2646.917
500000.0,-3828.7168
600000.0,-3165.0513
700000.0,-3529.7676
800000.0,-3788.764
900000.0,-3776.5103
1000000.0,-3460.059
