steps,returns
100000.0,8.105619
200000.0,-361.74963
300000.0,-474.14722
400000.0,-1073.8923
500000.0,-1697.9812
600000.0,-1730.4609
700000.0,-1430.1307
800000.0,-1018.06494
900000.0,-1072.1816
1000000.0,-1151.5059
