steps,returns
1000000,-18.609375
2000000,-17.78125
3000000,-18.21875
4000000,-17.484375
5000000,-18.265625
6000000,-18.359375
7000000,-18.515625
8000000,-18.140625
9000000,-17.828125
10000000,-17.3125
