steps,returns
10000,-147.60156
20000,-148.95312
30000,-251.96875
40000,-500.0
50000,-500.0
60000,-500.0
70000,-500.0
80000,-500.0
90000,-500.0
100000,-500.0
