steps,returns
100000.0,751.685
200000.0,929.81067
300000.0,926.60474
400000.0,922.09265
500000.0,925.3401
600000.0,871.5311
700000.0,861.75903
800000.0,863.76306
900000.0,736.9656
1000000.0,1432.6146
