steps,returns
100000.0,830.43005
200000.0,581.6341
300000.0,541.3372
400000.0,545.5831
500000.0,540.46924
600000.0,643.85724
700000.0,1378.282
800000.0,1432.5447
900000.0,1191.7922
1000000.0,954.57837
