steps,returns
10000,-327.59375
20000,-490.7422
30000,-497.27344
40000,-481.23438
50000,-500.0
60000,-500.0
70000,-433.1172
80000,-500.0
90000,-500.0
100000,-500.0
