steps,returns
5000,135.83594
10000,268.3672
15000,177.22656
20000,172.375
25000,500.0
30000,500.0
35000,465.5703
40000,500.0
45000,462.4297
50000,149.60938
