steps,returns
1000000,17.34375
2000000,16.71875
3000000,17.5
4000000,17.96875
5000000,15.625
6000000,17.65625
7000000,16.875
8000000,17.65625
9000000,17.65625
10000000,17.96875
