steps,returns
100000.0,34.914276
200000.0,35.77003
300000.0,36.192017
400000.0,35.810028
500000.0,35.618713
600000.0,35.641388
700000.0,35.700844
800000.0,35.621532
900000.0,35.54938
1000000.0,35.5861
