steps,returns
100000.0,635.50525
200000.0,905.55
300000.0,749.2618
400000.0,865.6849
500000.0,1065.2112
600000.0,1062.2068
700000.0,993.6154
800000.0,683.5996
900000.0,588.24396
1000000.0,576.0737
