steps,returns
5000,9.1484375
10000,9.3359375
15000,9.359375
20000,9.3203125
25000,9.34375
30000,9.421875
35000,9.3359375
40000,9.4453125
45000,9.28125
50000,9.3515625
