steps,returns
10000,147.38281
20000,160.25781
30000,175.6875
40000,219.67188
50000,263.51562
60000,277.57812
70000,337.97656
80000,402.98438
90000,464.21875
100000,486.85156
