{"config": {"hp_config.clip_eps": 0.1037350377205547, "hp_config.ent_coef": 0.21234273437575313, "hp_config.gae_lambda": 0.8747965790688117, "hp_config.learning_rate": 0.00020791083462491582, "hp_config.max_grad_norm": 0.2776287062947319, "hp_config.minibatch_size": 256, "hp_config.normalize_advantage": false, "hp_config.vf_clip_eps": 0.05876592798101654, "hp_config.vf_coef": 0.5173791071541142}, "score": -11649.53125, "budget_used": 128, "total_wallclock_time": -4760.9526450634, "total_optimization_time": 0.010674476623535156}
