steps,returns
100000.0,1083.7556
200000.0,896.93823
300000.0,426.61328
400000.0,721.978
500000.0,733.0292
600000.0,751.3667
700000.0,876.0261
800000.0,1144.419
900000.0,1030.0837
1000000.0,1193.4604
