steps,returns
1000000,-17.984375
2000000,-18.140625
3000000,-18.078125
4000000,-17.53125
5000000,-17.890625
6000000,-17.875
7000000,-18.046875
8000000,-17.84375
9000000,-17.578125
10000000,-17.671875
