steps,returns
1000000,50.0
2000000,17.65625
3000000,17.96875
4000000,41.40625
5000000,16.5625
6000000,17.96875
7000000,17.8125
8000000,28.90625
9000000,17.96875
10000000,42.03125
