steps,returns
1000000,-17.9375
2000000,-18.46875
3000000,-18.234375
4000000,-18.1875
5000000,-17.8125
6000000,-18.078125
7000000,-17.453125
8000000,-17.671875
9000000,-18.140625
10000000,-17.9375
