steps,returns
1000000,-17.46875
2000000,-17.3125
3000000,-15.671875
4000000,-15.609375
5000000,-15.484375
6000000,-16.5625
7000000,-16.671875
8000000,-16.984375
9000000,-17.984375
10000000,-16.234375
