steps,returns
100000.0,73.55838
200000.0,104.10896
300000.0,104.029236
400000.0,89.03102
500000.0,118.06261
600000.0,98.01258
700000.0,118.734406
800000.0,130.8279
900000.0,118.81708
1000000.0,123.60547
