steps,returns
5000,9.359375
10000,9.2578125
15000,9.2421875
20000,9.140625
25000,9.3125
30000,9.2421875
35000,9.2421875
40000,9.3984375
45000,9.375
50000,9.3828125
