steps,returns
1000000,-18.109375
2000000,-17.328125
3000000,-18.078125
4000000,-17.953125
5000000,-17.703125
6000000,-18.0625
7000000,-17.59375
8000000,-17.484375
9000000,-17.78125
10000000,-18.328125
