steps,returns
100000.0,12.62888
200000.0,13.08223
300000.0,13.361051
400000.0,12.662837
500000.0,13.667839
600000.0,13.589982
700000.0,13.213653
800000.0,13.077542
900000.0,13.194205
1000000.0,13.196832
