steps,returns
100000.0,759.1669
200000.0,734.93286
300000.0,691.70355
400000.0,660.6819
500000.0,623.7319
600000.0,647.23816
700000.0,596.4494
800000.0,622.83075
900000.0,594.20276
1000000.0,553.97015
