steps,returns
1000000,86.875
2000000,17.5
3000000,58.28125
4000000,100.625
5000000,177.34375
6000000,199.375
7000000,172.65625
8000000,17.34375
9000000,212.1875
10000000,477.42188
