steps,returns
100000.0,39.51118
200000.0,-736.76355
300000.0,-1141.4637
400000.0,-4071.0715
500000.0,-5007.4355
600000.0,-1517.0607
700000.0,-538.8727
800000.0,-717.91754
900000.0,-801.9544
1000000.0,-760.1721
