steps,returns
100000.0,43.640373
200000.0,27.128979
300000.0,16.85479
400000.0,28.783438
500000.0,20.424616
600000.0,20.130516
700000.0,23.389153
800000.0,36.458633
900000.0,28.34354
1000000.0,18.535666
