steps,returns
100000.0,1030.404
200000.0,702.7872
300000.0,581.0089
400000.0,527.05396
500000.0,539.838
600000.0,629.6239
700000.0,684.7915
800000.0,829.3801
900000.0,895.67456
1000000.0,965.03
