steps,returns
1000000,-18.046875
2000000,-17.25
3000000,-17.640625
4000000,-17.875
5000000,-17.765625
6000000,-17.90625
7000000,-18.140625
8000000,-18.15625
9000000,-18.140625
10000000,-17.65625
