steps,returns
1000000,-17.71875
2000000,-17.46875
3000000,-18.09375
4000000,-17.828125
5000000,-17.640625
6000000,-17.8125
7000000,-17.421875
8000000,-17.203125
9000000,-17.296875
10000000,-17.5625
