steps,returns
10000,93.21875
20000,98.03906
30000,73.359375
40000,81.71094
50000,74.72656
60000,89.25781
70000,96.49219
80000,102.984375
90000,120.65625
100000,124.703125
