steps,returns
10000,-290.97656
20000,-292.64844
30000,-359.34375
40000,-366.39062
50000,-404.04688
60000,-425.40625
70000,-445.83594
80000,-461.4453
90000,-488.8672
100000,-497.65625
