steps,returns
1000000,-17.71875
2000000,-18.265625
3000000,-18.0
4000000,-17.796875
5000000,-17.609375
6000000,-18.203125
7000000,-17.765625
8000000,-17.875
9000000,-17.6875
10000000,-17.625
