steps,returns
10000,-292.40625
20000,-317.4922
30000,-308.54688
40000,-289.53906
50000,-337.53906
60000,-328.70312
70000,-309.83594
80000,-346.8828
90000,-328.70312
100000,-354.1797
