steps,returns
5000,8.796875
10000,8.9296875
15000,8.953125
20000,9.0859375
25000,9.0703125
30000,9.1796875
35000,9.015625
40000,9.15625
45000,9.1640625
50000,9.375
