steps,returns
5000,9.390625
10000,9.3125
15000,9.3828125
20000,9.3359375
25000,9.359375
30000,9.40625
35000,9.328125
40000,9.2890625
45000,9.53125
50000,9.421875
