steps,returns
1000000,282.03125
2000000,250.0
3000000,280.46875
4000000,173.4375
5000000,288.28125
6000000,200.39062
7000000,518.75
8000000,150.0
9000000,552.14844
10000000,605.46875
