steps,returns
1000000,-17.796875
2000000,-17.90625
3000000,-17.828125
4000000,-17.734375
5000000,-17.53125
6000000,-17.0
7000000,-17.203125
8000000,-17.421875
9000000,-17.703125
10000000,-17.515625
