steps,returns
1000000,51.40625
2000000,27.65625
3000000,17.96875
4000000,46.71875
5000000,16.09375
6000000,17.65625
7000000,49.0625
8000000,17.34375
9000000,40.625
10000000,18.4375
