steps,returns
10000,302.48438
20000,364.67188
30000,397.41406
40000,435.53125
50000,490.6172
60000,500.0
70000,500.0
80000,500.0
90000,500.0
100000,500.0
