steps,returns
1000000,616.4844
2000000,60.15625
3000000,233.28125
4000000,242.65625
5000000,1170.5469
6000000,665.2344
7000000,852.5781
8000000,94.84375
9000000,441.64062
10000000,250.15625
