steps,returns
5000,56.085938
10000,60.8125
15000,68.83594
20000,62.757812
25000,68.85156
30000,74.08594
35000,68.03906
40000,67.96094
45000,70.88281
50000,69.58594
