steps,returns
100000.0,997.95435
200000.0,1011.49194
300000.0,995.9354
400000.0,965.70996
500000.0,921.8708
600000.0,872.81635
700000.0,847.8872
800000.0,755.03577
900000.0,646.20465
1000000.0,579.2015
