steps,returns
1000000,-17.796875
2000000,-18.0
3000000,-17.84375
4000000,-18.21875
5000000,-17.984375
6000000,-18.09375
7000000,-17.90625
8000000,-17.421875
9000000,-17.9375
10000000,-17.515625
