steps,returns
5000,35.953125
10000,26.1875
15000,20.679688
20000,90.9375
25000,143.72656
30000,101.46094
35000,145.83594
40000,187.91406
45000,238.99219
50000,155.38281
