steps,returns
100000.0,-13.449739
200000.0,-12.92107
300000.0,-12.055481
400000.0,-15.073366
500000.0,-15.542615
600000.0,130.35226
700000.0,133.0662
800000.0,130.63768
900000.0,127.76875
1000000.0,125.18327
