steps,returns
1000000,-17.53125
2000000,-17.40625
3000000,-17.84375
4000000,-17.671875
5000000,-17.5
6000000,-17.921875
7000000,-17.4375
8000000,-18.046875
9000000,-17.921875
10000000,-17.78125
