steps,returns
100000.0,822.619
200000.0,803.9238
300000.0,950.4596
400000.0,723.83984
500000.0,604.7825
600000.0,694.00256
700000.0,778.5169
800000.0,797.2327
900000.0,767.15753
1000000.0,785.3729
