steps,returns
100000.0,532.4739
200000.0,499.51056
300000.0,511.28894
400000.0,552.9986
500000.0,721.2676
600000.0,825.07
700000.0,1143.657
800000.0,1226.1571
900000.0,1271.4059
1000000.0,1174.4141
