steps,returns
100000.0,-68.000336
200000.0,-64.910286
300000.0,-71.06933
400000.0,-68.17872
500000.0,-74.86743
600000.0,-73.72287
700000.0,-68.740364
800000.0,-69.06792
900000.0,-73.26014
1000000.0,-78.401985
