steps,returns
1000000,968.2031
2000000,118.90625
3000000,125.0
4000000,165.46875
5000000,77.03125
6000000,176.875
7000000,115.9375
8000000,106.09375
9000000,109.375
10000000,252.8125
