steps,returns
100000.0,1017.54114
200000.0,969.9573
300000.0,827.51685
400000.0,726.55023
500000.0,674.4244
600000.0,596.65295
700000.0,493.33093
800000.0,311.79846
900000.0,255.20853
1000000.0,245.41727
