steps,returns
5000,9.4765625
10000,369.6953
15000,15.171875
20000,102.24219
25000,132.26562
30000,79.65625
35000,324.33594
40000,97.67969
45000,97.453125
50000,102.796875
