steps,returns
5000,9.328125
10000,9.390625
15000,23.632812
20000,17.960938
25000,60.382812
30000,110.515625
35000,61.296875
40000,74.328125
45000,145.10156
50000,81.046875
