steps,returns
1000000,125.0
2000000,150.0
3000000,277.34375
4000000,339.84375
5000000,150.0
6000000,301.5625
7000000,525.0
8000000,266.9922
9000000,356.25
10000000,393.35938
