steps,returns
100000.0,992.8635
200000.0,700.52356
300000.0,678.9607
400000.0,738.27386
500000.0,826.2379
600000.0,866.7644
700000.0,1169.7449
800000.0,1390.7024
900000.0,1399.8748
1000000.0,1331.076
