steps,returns
5000,9.3515625
10000,70.58594
15000,118.46094
20000,125.08594
25000,207.76562
30000,172.29688
35000,212.30469
40000,128.67188
45000,144.28125
50000,103.07031
