steps,returns
100000.0,916.97253
200000.0,1084.2025
300000.0,1031.067
400000.0,29.732462
500000.0,425.41568
600000.0,963.8185
700000.0,1116.5159
800000.0,880.8131
900000.0,1380.1581
1000000.0,1249.0565
