steps,returns
1000000,507.03125
2000000,507.22656
3000000,3533.3984
4000000,4109.1797
5000000,4420.117
6000000,4352.3438
7000000,4340.625
8000000,4467.578
9000000,4437.8906
10000000,3647.2656
