steps,returns
100000.0,844.31256
200000.0,964.8054
300000.0,20.142445
400000.0,1226.1539
500000.0,1186.0918
600000.0,1226.9241
700000.0,1099.72
800000.0,1499.8236
900000.0,1383.3433
1000000.0,198.10355
