steps,returns
100000.0,887.57404
200000.0,793.1169
300000.0,803.8946
400000.0,768.473
500000.0,744.72974
600000.0,759.0097
700000.0,773.88574
800000.0,933.9824
900000.0,907.53577
1000000.0,945.6453
