steps,returns
1000000,-18.15625
2000000,-18.3125
3000000,-17.59375
4000000,-17.640625
5000000,-18.265625
6000000,-17.90625
7000000,-17.578125
8000000,-17.625
9000000,-17.21875
10000000,-17.703125
