steps,returns
10000,-162.07812
20000,-166.90625
30000,-204.14844
40000,-197.16406
50000,-230.0625
60000,-259.90625
70000,-221.0625
80000,-238.13281
90000,-270.875
100000,-297.79688
