steps,returns
100000.0,432.86166
200000.0,372.9803
300000.0,596.62036
400000.0,531.59607
500000.0,410.57407
600000.0,217.79666
700000.0,239.62222
800000.0,-81.23041
900000.0,-171.97249
1000000.0,-160.43489
