steps,returns
1000000,17.03125
2000000,105.0
3000000,350.46875
4000000,17.96875
5000000,137.96875
6000000,273.28125
7000000,1403.9062
8000000,766.9531
9000000,594.7656
10000000,1784.4531
