steps,returns
1000000,-17.53125
2000000,-15.96875
3000000,-15.625
4000000,-16.5
5000000,-16.140625
6000000,-14.75
7000000,-14.546875
8000000,-15.28125
9000000,-2.125
10000000,-2.765625
