steps,returns
100000.0,-86.93696
200000.0,-5.5796814
300000.0,-1596.3595
400000.0,-4310.9604
500000.0,-8208.891
600000.0,-14783.841
700000.0,-29027.246
800000.0,-47453.758
900000.0,-81314.516
1000000.0,-128624.66
