steps,returns
100000.0,683.712
200000.0,791.98346
300000.0,833.16003
400000.0,775.0806
500000.0,738.1746
600000.0,742.65295
700000.0,783.45496
800000.0,1023.10724
900000.0,899.74756
1000000.0,1217.7397
