steps,returns
1000000,-18.640625
2000000,-18.5625
3000000,-18.3125
4000000,-18.296875
5000000,-18.265625
6000000,-18.0
7000000,-18.046875
8000000,-17.859375
9000000,-17.40625
10000000,-18.265625
