steps,returns
1000000,1188.2031
2000000,713.6719
3000000,501.48438
4000000,1126.7188
5000000,1082.1094
6000000,530.9375
7000000,1443.3594
8000000,256.71875
9000000,244.0625
10000000,106.25
