steps,returns
5000,9.3671875
10000,9.3984375
15000,9.3203125
20000,9.328125
25000,9.359375
30000,9.3125
35000,9.453125
40000,9.3671875
45000,9.3359375
50000,9.15625
