steps,returns
5000,10.2890625
10000,9.4296875
15000,9.3828125
20000,9.34375
25000,19.15625
30000,68.796875
35000,30.117188
40000,114.28906
45000,21.382812
50000,126.60156
