steps,returns
5000,71.32031
10000,77.125
15000,79.42969
20000,82.828125
25000,86.44531
30000,91.64844
35000,93.78125
40000,99.96094
45000,102.9375
50000,104.828125
