steps,returns
5000,9.5
10000,9.5234375
15000,9.640625
20000,9.546875
25000,9.5234375
30000,9.578125
35000,9.4609375
40000,9.6171875
45000,9.4296875
50000,9.6171875
