steps,returns
1000000,416.21094
2000000,736.71875
3000000,561.71875
4000000,817.96875
5000000,561.3281
6000000,833.59375
7000000,750.0
8000000,797.46094
9000000,1923.8281
10000000,846.28906
