steps,returns
1000000,-18.015625
2000000,-17.859375
3000000,-17.625
4000000,-18.375
5000000,-17.9375
6000000,-16.890625
7000000,-18.09375
8000000,-17.75
9000000,-17.40625
10000000,-17.953125
