steps,returns
100000.0,490.44983
200000.0,486.72922
300000.0,518.34106
400000.0,689.5884
500000.0,1152.6724
600000.0,1163.1105
700000.0,1132.7085
800000.0,1162.0481
900000.0,1046.3645
1000000.0,774.69995
