steps,returns
5000,8.9921875
10000,9.0390625
15000,8.9375
20000,9.0859375
25000,9.1640625
30000,9.2890625
35000,9.25
40000,9.3984375
45000,9.3671875
50000,9.3828125
