steps,returns
100000.0,603.7129
200000.0,766.09906
300000.0,933.6934
400000.0,793.5603
500000.0,875.3042
600000.0,1110.232
700000.0,466.6458
800000.0,361.5702
900000.0,-9.250229
1000000.0,-7.812996
