steps,returns
5000,9.390625
10000,9.2890625
15000,9.375
20000,9.34375
25000,9.3828125
30000,9.3125
35000,9.3046875
40000,9.3515625
45000,9.3203125
50000,9.484375
