steps,returns
100000.0,1005.91785
200000.0,22.390083
300000.0,97.20908
400000.0,150.77048
500000.0,52.6046
600000.0,647.5639
700000.0,261.01642
800000.0,462.3388
900000.0,735.1469
1000000.0,1051.0945
