steps,returns
1000000,619.9219
2000000,598.0469
3000000,543.9453
4000000,529.6875
5000000,529.6875
6000000,432.03125
7000000,669.53125
8000000,642.96875
9000000,698.0469
10000000,580.0781
