steps,returns
100000.0,1090.1716
200000.0,1187.2451
300000.0,486.4372
400000.0,472.09955
500000.0,540.08386
600000.0,731.0968
700000.0,1061.7886
800000.0,1295.467
900000.0,975.9628
1000000.0,755.8279
