steps,returns
10000,109.484375
20000,138.76562
30000,500.0
40000,500.0
50000,500.0
60000,500.0
70000,500.0
80000,250.23438
90000,500.0
100000,500.0
