steps,returns
100000.0,775.39526
200000.0,836.37915
300000.0,889.4198
400000.0,813.02686
500000.0,591.4012
600000.0,534.25793
700000.0,483.0617
800000.0,519.3248
900000.0,540.3332
1000000.0,665.75275
