steps,returns
10000,66.39844
20000,77.49219
30000,76.625
40000,77.71875
50000,90.47656
60000,92.05469
70000,87.859375
80000,94.625
90000,103.78125
100000,115.85156
