steps,returns
100000.0,1021.90674
200000.0,922.413
300000.0,751.17834
400000.0,536.10034
500000.0,482.33362
600000.0,420.46747
700000.0,353.9788
800000.0,297.3651
900000.0,169.35786
1000000.0,93.3864
