steps,returns
10000,-452.53125
20000,-443.10156
30000,-462.97656
40000,-478.73438
50000,-481.48438
60000,-469.1172
70000,-384.28906
80000,-281.28125
90000,-432.02344
100000,-432.26562
