steps,returns
10000,120.921875
20000,225.94531
30000,162.71094
40000,161.82031
50000,232.30469
60000,458.1953
70000,391.3203
80000,443.73438
90000,436.0
100000,417.96875
