steps,returns
100000.0,160.3368
200000.0,914.63794
300000.0,-62.54723
400000.0,-7910.2363
500000.0,-24777.305
600000.0,-30436.635
700000.0,-31321.12
800000.0,-29472.139
900000.0,-26846.633
1000000.0,-24521.176
