steps,returns
1000000,48.90625
2000000,136.09375
3000000,273.59375
4000000,51.5625
5000000,110.9375
6000000,30.625
7000000,536.40625
8000000,488.125
9000000,17.8125
10000000,364.375
