steps,returns
100000.0,1025.5851
200000.0,1039.4558
300000.0,1048.7681
400000.0,1051.9171
500000.0,1032.5851
600000.0,1020.368
700000.0,1009.16266
800000.0,1000.68115
900000.0,1149.9839
1000000.0,1299.3074
