steps,returns
1000000,-18.359375
2000000,-17.78125
3000000,-17.78125
4000000,-17.8125
5000000,-17.796875
6000000,-17.75
7000000,-17.84375
8000000,-17.703125
9000000,-18.1875
10000000,-17.453125
