steps,returns
100000.0,-0.269075
200000.0,19.544914
300000.0,102.45631
400000.0,167.68224
500000.0,23.621769
600000.0,-61.913757
700000.0,-122.11464
800000.0,-137.67249
900000.0,-84.9765
1000000.0,114.9807
