steps,returns
1000000,362.89062
2000000,721.875
3000000,570.1172
4000000,784.1797
5000000,467.1875
6000000,756.6406
7000000,622.85156
8000000,628.90625
9000000,663.8672
10000000,928.90625
