steps,returns
100000.0,-0.6558106
200000.0,-0.50608337
300000.0,-0.8268576
400000.0,-0.8032285
500000.0,-1.5919406
600000.0,-1.8636186
700000.0,-4.177625
800000.0,-5.8039885
900000.0,-9.361585
1000000.0,-12.776398
