steps,returns
1000000,-18.109375
2000000,-18.1875
3000000,-18.5
4000000,-18.046875
5000000,-17.859375
6000000,-18.328125
7000000,-17.6875
8000000,-17.71875
9000000,-18.109375
10000000,-17.5625
