steps,returns
1000000,-17.890625
2000000,-17.671875
3000000,-17.625
4000000,-17.8125
5000000,-18.234375
6000000,-18.171875
7000000,-18.390625
8000000,-17.875
9000000,-18.140625
10000000,-18.09375
