steps,returns
5000,9.359375
10000,14.5390625
15000,14.3046875
20000,43.03125
25000,17.0625
30000,41.320312
35000,158.19531
40000,117.3125
45000,71.47656
50000,141.11719
