steps,returns
5000,9.3671875
10000,9.3984375
15000,23.65625
20000,53.132812
25000,24.171875
30000,43.5625
35000,36.453125
40000,58.734375
45000,22.882812
50000,66.125
