steps,returns
1000000,-17.6875
2000000,-18.1875
3000000,-17.453125
4000000,-17.75
5000000,-17.609375
6000000,-18.59375
7000000,-18.15625
8000000,-17.578125
9000000,-17.859375
10000000,-17.828125
