steps,returns
10000,111.49219
20000,389.10938
30000,339.8047
40000,241.59375
50000,9.3125
60000,9.4140625
70000,9.4765625
80000,9.3125
90000,9.21875
100000,9.3671875
