steps,returns
100000.0,476.23392
200000.0,458.4665
300000.0,450.98358
400000.0,502.2964
500000.0,435.06885
600000.0,458.42307
700000.0,428.6116
800000.0,582.5155
900000.0,500.24597
1000000.0,473.46317
