steps,returns
100000.0,389.51105
200000.0,340.71527
300000.0,149.27063
400000.0,-843.4795
500000.0,-1686.302
600000.0,-3297.0393
700000.0,-6481.882
800000.0,-9834.408
900000.0,-21336.777
1000000.0,-39528.855
