steps,returns
1000000,-18.234375
2000000,-18.03125
3000000,-17.859375
4000000,-18.3125
5000000,-17.71875
6000000,-18.34375
7000000,-17.75
8000000,-18.34375
9000000,-17.53125
10000000,-17.953125
