steps,returns
1000000,-17.84375
2000000,-17.796875
3000000,-17.546875
4000000,-17.53125
5000000,-17.96875
6000000,-17.703125
7000000,-17.875
8000000,-17.890625
9000000,-17.90625
10000000,-18.03125
