steps,returns
5000,33.59375
10000,35.078125
15000,40.460938
20000,46.578125
25000,51.023438
30000,47.71875
35000,52.414062
40000,51.835938
45000,54.242188
50000,53.828125
