steps,returns
1000000,-17.609375
2000000,-18.34375
3000000,-18.203125
4000000,-17.6875
5000000,-17.609375
6000000,-18.25
7000000,-18.671875
8000000,-17.984375
9000000,-18.15625
10000000,-17.953125
