steps,returns
1000000,-18.140625
2000000,-18.03125
3000000,-17.96875
4000000,-18.296875
5000000,-17.734375
6000000,-17.875
7000000,-17.703125
8000000,-17.8125
9000000,-18.078125
10000000,-17.953125
