steps,returns
100000.0,427.67432
200000.0,658.32544
300000.0,828.937
400000.0,895.8091
500000.0,775.89087
600000.0,622.59534
700000.0,543.7083
800000.0,713.47534
900000.0,633.26086
1000000.0,717.5571
