steps,returns
1000000,-17.75
2000000,-17.4375
3000000,-17.65625
4000000,-17.90625
5000000,-17.1875
6000000,-17.71875
7000000,-17.640625
8000000,-17.625
9000000,-17.25
10000000,-16.796875
