steps,returns
1000000,-17.875
2000000,-18.015625
3000000,-18.328125
4000000,-18.15625
5000000,-17.421875
6000000,-17.765625
7000000,-17.6875
8000000,-17.84375
9000000,-18.28125
10000000,-17.640625
