steps,returns
100000.0,-1.7070837
200000.0,14.870042
300000.0,-154.80792
400000.0,-209.67795
500000.0,-236.56
600000.0,-426.74695
700000.0,-1176.4338
800000.0,-1341.3054
900000.0,-1261.3728
1000000.0,-1102.1945
