steps,returns
1000000,-17.265625
2000000,-16.25
3000000,-16.21875
4000000,-16.53125
5000000,-16.53125
6000000,-16.328125
7000000,-15.78125
8000000,-17.109375
9000000,-17.28125
10000000,-17.171875
