steps,returns
5000,127.96875
10000,199.17969
15000,283.97656
20000,365.34375
25000,487.09375
30000,499.65625
35000,456.28906
40000,362.32812
45000,374.8828
50000,356.3828
