steps,returns
1000000,-17.984375
2000000,-17.1875
3000000,-16.25
4000000,-16.78125
5000000,-16.09375
6000000,-16.515625
7000000,-15.28125
8000000,-15.40625
9000000,-14.703125
10000000,-15.953125
