steps,returns
1000000,-18.375
2000000,-18.09375
3000000,-17.90625
4000000,-17.484375
5000000,-17.671875
6000000,-18.1875
7000000,-18.25
8000000,-17.859375
9000000,-17.8125
10000000,-17.640625
