steps,returns
100000.0,962.98413
200000.0,782.25574
300000.0,793.449
400000.0,791.55994
500000.0,750.8491
600000.0,841.8002
700000.0,269.4469
800000.0,-7175.5786
900000.0,-35243.996
1000000.0,-375406.2
