steps,returns
5000,34.914062
10000,35.695312
15000,35.070312
20000,37.265625
25000,38.453125
30000,41.65625
35000,42.84375
40000,45.75
45000,46.28125
50000,46.8125
