steps,returns
5000,9.4765625
10000,44.585938
15000,10.984375
20000,113.99219
25000,29.101562
30000,22.992188
35000,110.89844
40000,107.828125
45000,97.46094
50000,110.84375
