steps,returns
10000,500.0
20000,500.0
30000,500.0
40000,302.1953
50000,9.2578125
60000,9.3984375
70000,9.3125
80000,9.3515625
90000,9.3203125
100000,9.2890625
