steps,returns
1000000,619.7656
2000000,145.3125
3000000,679.21875
4000000,866.0156
5000000,74.53125
6000000,624.21875
7000000,125.625
8000000,16.71875
9000000,75.78125
10000000,450.07812
