steps,returns
100000.0,417.1632
200000.0,906.9106
300000.0,462.80438
400000.0,459.91763
500000.0,347.07837
600000.0,310.5537
700000.0,375.60455
800000.0,-97.3369
900000.0,-409.68347
1000000.0,-688.32684
