steps,returns
100000.0,-225.29802
200000.0,-503.83487
300000.0,-675.45276
400000.0,-800.637
500000.0,-1426.4612
600000.0,-2063.8206
700000.0,-2864.4377
800000.0,-3244.1265
900000.0,-4504.9775
1000000.0,-10412.295
