steps,returns
1000000,1521.0938
2000000,373.82812
3000000,467.96875
4000000,4481.6406
5000000,3913.086
6000000,3583.0078
7000000,10981.25
8000000,6903.9062
9000000,14132.031
10000000,13581.445
