steps,returns
1000000,-17.90625
2000000,-18.046875
3000000,-18.234375
4000000,-18.15625
5000000,-18.046875
6000000,-17.6875
7000000,-17.96875
8000000,-17.375
9000000,-17.453125
10000000,-18.265625
