steps,returns
1000000,-18.015625
2000000,-17.71875
3000000,-18.40625
4000000,-18.015625
5000000,-17.40625
6000000,-17.890625
7000000,-18.078125
8000000,-18.234375
9000000,-18.015625
10000000,-18.046875
