steps,returns
100000.0,564.10406
200000.0,207.18285
300000.0,-835.1973
400000.0,-7058.8486
500000.0,-5627.594
600000.0,-18809.902
700000.0,-33375.363
800000.0,-48395.14
900000.0,-121477.95
1000000.0,-172310.81
