steps,returns
10000,62.84375
20000,67.80469
30000,85.92969
40000,145.52344
50000,303.5625
60000,305.90625
70000,400.96875
80000,403.28125
90000,390.3047
100000,423.03906
