steps,returns
1000000,125.0
2000000,150.0
3000000,250.0
4000000,300.0
5000000,630.8594
6000000,678.90625
7000000,583.39844
8000000,583.9844
9000000,740.2344
10000000,771.875
