steps,returns
1000000,-17.84375
2000000,-18.15625
3000000,-17.953125
4000000,-17.734375
5000000,-17.859375
6000000,-17.46875
7000000,-17.625
8000000,-17.953125
9000000,-17.921875
10000000,-17.71875
