steps,returns
1000000,250.0
2000000,618.3594
3000000,714.0625
4000000,578.90625
5000000,831.0547
6000000,857.03125
7000000,638.47656
8000000,597.65625
9000000,953.5156
10000000,1028.7109
