steps,returns
1000000,587.1094
2000000,552.34375
3000000,592.5781
4000000,768.75
5000000,472.65625
6000000,495.70312
7000000,605.66406
8000000,661.1328
9000000,733.9844
10000000,468.75
