steps,returns
5000,64.44531
10000,67.28906
15000,66.265625
20000,71.78125
25000,67.546875
30000,69.734375
35000,70.234375
40000,70.3125
45000,65.65625
50000,75.34375
