steps,returns
100000.0,195.52904
200000.0,188.69176
300000.0,205.55475
400000.0,193.52847
500000.0,193.02841
600000.0,193.39728
700000.0,187.5046
800000.0,190.2381
900000.0,191.01846
1000000.0,187.71564
