steps,returns
10000,425.70312
20000,492.46875
30000,309.0625
40000,500.0
50000,500.0
60000,500.0
70000,500.0
80000,495.1328
90000,500.0
100000,500.0
