steps,returns
100000.0,49.05526
200000.0,-177.86926
300000.0,-325.64725
400000.0,-373.35992
500000.0,139.70674
600000.0,-94.9124
700000.0,-461.85446
800000.0,-844.25464
900000.0,-1330.1566
1000000.0,-1961.7736
