steps,returns
100000.0,-6.829529
200000.0,-6.273299
300000.0,-6.005953
400000.0,-5.9815836
500000.0,-6.300287
600000.0,-6.6388154
700000.0,-6.6906896
800000.0,-6.722287
900000.0,-6.6439724
1000000.0,-6.8937283
