steps,returns
10000,166.1875
20000,481.41406
30000,500.0
40000,381.53906
50000,500.0
60000,494.78906
70000,500.0
80000,500.0
90000,500.0
100000,494.32812
