steps,returns
100000.0,415.2818
200000.0,593.15857
300000.0,-2700.7
400000.0,-1670.3785
500000.0,-1291.9536
600000.0,-558.2981
700000.0,-377.88336
800000.0,-378.7124
900000.0,-357.23218
1000000.0,-336.5078
