steps,returns
1000000,206.25
2000000,224.60938
3000000,254.88281
4000000,664.0625
5000000,642.5781
6000000,712.5
7000000,803.90625
8000000,746.6797
9000000,708.9844
10000000,793.16406
