steps,returns
1000000,-17.578125
2000000,-17.796875
3000000,-18.546875
4000000,-18.375
5000000,-17.703125
6000000,-18.140625
7000000,-17.859375
8000000,-17.890625
9000000,-18.171875
10000000,-17.8125
