steps,returns
10000,167.10938
20000,179.21094
30000,123.14844
40000,75.60156
50000,94.30469
60000,110.203125
70000,47.835938
80000,111.140625
90000,115.828125
100000,480.53906
