steps,returns
100000.0,993.45764
200000.0,902.41174
300000.0,859.105
400000.0,421.15823
500000.0,257.81668
600000.0,20.570852
700000.0,65.09444
800000.0,129.92334
900000.0,19.05933
1000000.0,440.8849
