steps,returns
100000.0,533.6837
200000.0,504.84427
300000.0,481.56763
400000.0,501.38104
500000.0,486.31732
600000.0,539.405
700000.0,605.2523
800000.0,692.5197
900000.0,1023.3955
1000000.0,1234.4099
