steps,returns
100000.0,764.43524
200000.0,654.4524
300000.0,566.743
400000.0,496.3189
500000.0,523.2399
600000.0,516.55304
700000.0,525.04126
800000.0,470.27966
900000.0,451.51517
1000000.0,475.22168
