steps,returns
10000,90.47656
20000,185.125
30000,306.60156
40000,307.6953
50000,333.71094
60000,471.34375
70000,448.35156
80000,405.72656
90000,435.64844
100000,345.52344
