steps,returns
1000000,446.09375
2000000,860.35156
3000000,878.71094
4000000,2733.2031
5000000,4308.008
6000000,6163.4766
7000000,7362.1094
8000000,8530.859
9000000,11682.8125
10000000,13041.406
