steps,returns
100000.0,-169.36835
200000.0,-163.67159
300000.0,-194.85316
400000.0,-184.0253
500000.0,-188.76382
600000.0,-182.08472
700000.0,-174.42212
800000.0,-178.83456
900000.0,-178.45609
1000000.0,-179.57965
