steps,returns
1000000,-18.0625
2000000,-17.859375
3000000,-17.859375
4000000,-17.78125
5000000,-17.578125
6000000,-17.40625
7000000,-17.421875
8000000,-17.421875
9000000,-17.296875
10000000,-17.453125
