steps,returns
100000.0,628.4304
200000.0,651.5114
300000.0,655.10345
400000.0,627.5139
500000.0,655.58374
600000.0,793.36316
700000.0,1243.5874
800000.0,1612.0988
900000.0,1630.7358
1000000.0,1665.4559
