steps,returns
100000.0,495.91782
200000.0,460.9037
300000.0,-272.37244
400000.0,-710.2549
500000.0,-3012.3496
600000.0,-5621.8613
700000.0,-10878.328
800000.0,-15666.583
900000.0,-27665.75
1000000.0,-39667.797
