steps,returns
1000000,3551.5625
2000000,0.0
3000000,2466.1719
4000000,21.09375
5000000,1123.5156
6000000,2363.8281
7000000,2465.5469
8000000,1544.7656
9000000,1306.1719
10000000,1010.15625
