steps,returns
100000.0,861.29584
200000.0,865.0306
300000.0,861.47784
400000.0,860.1717
500000.0,859.5259
600000.0,859.8367
700000.0,863.15204
800000.0,862.5232
900000.0,861.89294
1000000.0,862.34375
