steps,returns
5000,83.5
10000,83.90625
15000,80.328125
20000,85.3125
25000,79.734375
30000,73.28906
35000,78.19531
40000,76.28125
45000,64.359375
50000,62.539062
