steps,returns
10000,500.0
20000,500.0
30000,469.8047
40000,500.0
50000,9.3359375
60000,99.3125
70000,265.52344
80000,498.97656
90000,37.390625
100000,9.296875
