steps,returns
5000,9.0703125
10000,8.984375
15000,9.171875
20000,9.3203125
25000,9.3046875
30000,9.296875
35000,9.3984375
40000,9.359375
45000,9.2890625
50000,9.6328125
