steps,returns
100000.0,186.36583
200000.0,-26.467148
300000.0,509.70953
400000.0,676.6526
500000.0,588.4557
600000.0,517.0173
700000.0,85.59576
800000.0,-543.5296
900000.0,-1229.387
1000000.0,-2473.2798
