steps,returns
1000000,300.78125
2000000,407.22656
3000000,644.53125
4000000,1593.1641
5000000,1657.0312
6000000,1249.8047
7000000,1638.8672
8000000,1055.8594
9000000,1070.5078
10000000,834.375
