steps,returns
1000000,-17.859375
2000000,-17.859375
3000000,-17.84375
4000000,-17.953125
5000000,-17.5
6000000,-18.109375
7000000,-17.796875
8000000,-17.328125
9000000,-17.421875
10000000,-17.734375
