steps,returns
1000000,26.5625
2000000,24.6875
3000000,375.625
4000000,29.84375
5000000,21.09375
6000000,17.03125
7000000,119.84375
8000000,18.59375
9000000,22.03125
10000000,153.4375
