steps,returns
1000000,-17.890625
2000000,-18.03125
3000000,-18.03125
4000000,-18.5
5000000,-18.15625
6000000,-18.328125
7000000,-18.109375
8000000,-18.578125
9000000,-17.953125
10000000,-17.984375
