steps,returns
100000.0,1214.9679
200000.0,774.3229
300000.0,724.19446
400000.0,702.2054
500000.0,580.55286
600000.0,751.69806
700000.0,897.84515
800000.0,1104.8838
900000.0,1183.362
1000000.0,1359.3062
