steps,returns
10000,104.35156
20000,84.46094
30000,90.671875
40000,113.765625
50000,170.89062
60000,228.11719
70000,326.9922
80000,314.1797
90000,418.78125
100000,442.77344
