steps,returns
1000000,125.0
2000000,270.70312
3000000,238.67188
4000000,272.46094
5000000,203.51562
6000000,225.0
7000000,267.57812
8000000,317.96875
9000000,423.4375
10000000,381.0547
