steps,returns
100000.0,-2.5983586
200000.0,-203.43242
300000.0,-218.04977
400000.0,-458.82043
500000.0,-1156.3291
600000.0,-1114.6592
700000.0,-874.5142
800000.0,-613.6232
900000.0,-715.37213
1000000.0,-650.34766
