steps,returns
1000000,-17.859375
2000000,-17.921875
3000000,-17.4375
4000000,-18.1875
5000000,-18.171875
6000000,-17.5625
7000000,-17.8125
8000000,-17.5625
9000000,-17.375
10000000,-17.9375
