steps,returns
1000000,839.21875
2000000,467.03125
3000000,786.40625
4000000,320.78125
5000000,238.59375
6000000,404.60938
7000000,25.15625
8000000,317.8125
9000000,197.96875
10000000,35.78125
