steps,returns
10000,114.17969
20000,440.1797
30000,97.578125
40000,500.0
50000,9.390625
60000,9.40625
70000,9.40625
80000,9.25
90000,9.3671875
100000,9.2890625
