steps,returns
1000000,50.78125
2000000,22.5
3000000,30.0
4000000,28.125
5000000,23.4375
6000000,404.0625
7000000,17.1875
8000000,270.15625
9000000,158.4375
10000000,17.8125
