steps,returns
1000000,125.0
2000000,200.0
3000000,174.21875
4000000,304.29688
5000000,474.21875
6000000,201.5625
7000000,753.125
8000000,878.90625
9000000,369.92188
10000000,923.4375
