steps,returns
10000,-342.48438
20000,-472.95312
30000,-500.0
40000,-500.0
50000,-500.0
60000,-500.0
70000,-496.20312
80000,-306.125
90000,-500.0
100000,-500.0
