steps,returns
10000,500.0
20000,450.46875
30000,430.625
40000,361.6328
50000,419.4297
60000,498.95312
70000,500.0
80000,500.0
90000,500.0
100000,376.47656
