steps,returns
100000.0,569.36945
200000.0,1228.6195
300000.0,990.2716
400000.0,1164.8792
500000.0,1039.4658
600000.0,764.341
700000.0,1014.7698
800000.0,796.0465
900000.0,879.3363
1000000.0,596.27435
