steps,returns
5000,174.67188
10000,140.89844
15000,125.71875
20000,193.39844
25000,18.609375
30000,9.4609375
35000,12.390625
40000,9.328125
45000,157.28906
50000,41.453125
