steps,returns
1000000,-18.078125
2000000,-17.90625
3000000,-17.609375
4000000,-17.78125
5000000,-18.21875
6000000,-18.546875
7000000,-17.671875
8000000,-18.09375
9000000,-18.0
10000000,-18.609375
