steps,returns
1000000,-17.703125
2000000,-17.84375
3000000,-17.96875
4000000,-18.5625
5000000,-18.015625
6000000,-18.453125
7000000,-18.515625
8000000,-17.84375
9000000,-18.265625
10000000,-18.140625
