steps,returns
100000.0,835.6776
200000.0,246.96582
300000.0,222.23053
400000.0,834.3865
500000.0,871.31116
600000.0,1030.537
700000.0,1154.1189
800000.0,1138.323
900000.0,1141.3547
1000000.0,1115.0947
