steps,returns
5000,36.429688
10000,27.5625
15000,160.60156
20000,101.0
25000,133.25
30000,151.85156
35000,98.28125
40000,93.625
45000,157.60938
50000,104.53906
