steps,returns
1000000,996.6797
2000000,590.8203
3000000,805.46875
4000000,1834.9609
5000000,734.375
6000000,766.21094
7000000,1731.8359
8000000,1505.0781
9000000,2340.8203
10000000,797.2656
