steps,returns
5000,9.2578125
10000,9.390625
15000,9.2890625
20000,9.8359375
25000,11.171875
30000,26.429688
35000,32.921875
40000,40.90625
45000,62.984375
50000,59.671875
