steps,returns
1000000,-18.34375
2000000,-18.359375
3000000,-17.59375
4000000,-17.984375
5000000,-17.921875
6000000,-18.40625
7000000,-17.921875
8000000,-18.0
9000000,-17.734375
10000000,-17.953125
