steps,returns
1000000,-17.78125
2000000,-16.640625
3000000,-16.171875
4000000,-16.25
5000000,-15.21875
6000000,-15.953125
7000000,-16.09375
8000000,-17.484375
9000000,-17.5
10000000,-15.984375
