steps,returns
5000,9.3125
10000,15.8125
15000,17.203125
20000,17.085938
25000,132.66406
30000,169.89844
35000,110.64844
40000,99.03906
45000,142.9375
50000,180.5
