steps,returns
1000000,50.78125
2000000,17.5
3000000,18.125
4000000,28.28125
5000000,16.40625
6000000,30.15625
7000000,17.8125
8000000,48.75
9000000,28.75
10000000,51.40625
