steps,returns
1000000,-17.859375
2000000,-18.0
3000000,-17.609375
4000000,-18.015625
5000000,-18.1875
6000000,-17.890625
7000000,-17.6875
8000000,-17.515625
9000000,-18.0
10000000,-18.296875
