steps,returns
1000000,17.1875
2000000,18.75
3000000,57.5
4000000,89.0625
5000000,217.96875
6000000,286.09375
7000000,294.21875
8000000,352.1875
9000000,86.40625
10000000,595.3906
