steps,returns
100000.0,448.49622
200000.0,429.7589
300000.0,478.2828
400000.0,718.20386
500000.0,465.57672
600000.0,443.4155
700000.0,1084.8184
800000.0,953.45667
900000.0,783.64777
1000000.0,379.81433
