steps,returns
1000000,-1.34375
2000000,-1.265625
3000000,-16.28125
4000000,-17.25
5000000,-18.53125
6000000,-18.65625
7000000,-17.96875
8000000,-17.453125
9000000,-18.28125
10000000,-18.234375
