steps,returns
1000000,367.77344
2000000,275.0
3000000,359.76562
4000000,1159.9609
5000000,1274.0234
6000000,493.35938
7000000,787.8906
8000000,616.7969
9000000,1706.6406
10000000,776.1719
