steps,returns
100000.0,13.406111
200000.0,14.127205
300000.0,14.168625
400000.0,14.444358
500000.0,14.194153
600000.0,14.166914
700000.0,14.146124
800000.0,14.265299
900000.0,14.13042
1000000.0,14.433902
