steps,returns
10000,-500.0
20000,-500.0
30000,-484.89062
40000,-250.85156
50000,-121.84375
60000,-102.11719
70000,-93.91406
80000,-500.0
90000,-500.0
100000,-500.0
