steps,returns
1000000,-17.875
2000000,-18.21875
3000000,-18.296875
4000000,-18.65625
5000000,-17.265625
6000000,-17.875
7000000,-18.1875
8000000,-17.578125
9000000,-17.71875
10000000,-17.765625
