steps,returns
1000000,125.0
2000000,235.9375
3000000,205.85938
4000000,186.13281
5000000,262.6953
6000000,385.54688
7000000,489.0625
8000000,334.76562
9000000,456.64062
10000000,397.46094
