steps,returns
1000000,698.28125
2000000,405.15625
3000000,419.45312
4000000,190.9375
5000000,271.01562
6000000,389.53125
7000000,310.9375
8000000,208.28125
9000000,199.84375
10000000,91.875
