steps,returns
100000.0,724.2606
200000.0,1087.9988
300000.0,658.62524
400000.0,624.94977
500000.0,518.9341
600000.0,534.83295
700000.0,603.0403
800000.0,631.0143
900000.0,555.27576
1000000.0,517.9418
