steps,returns
1000000,650.3125
2000000,212.8125
3000000,241.40625
4000000,120.9375
5000000,124.0625
6000000,197.8125
7000000,115.3125
8000000,673.59375
9000000,48.28125
10000000,147.65625
