steps,returns
5000,24.09375
10000,108.703125
15000,106.734375
20000,103.13281
25000,97.19531
30000,96.52344
35000,38.320312
40000,408.17188
45000,86.5625
50000,100.69531
