steps,returns
1000000,-18.375
2000000,-17.765625
3000000,-17.234375
4000000,-17.625
5000000,-16.0
6000000,-17.546875
7000000,-17.703125
8000000,-16.40625
9000000,-16.765625
10000000,-17.3125
