steps,returns
10000,500.0
20000,498.5547
30000,500.0
40000,264.3672
50000,72.75
60000,498.91406
70000,500.0
80000,500.0
90000,19.796875
100000,457.10156
