steps,returns
100000.0,441.22638
200000.0,759.39087
300000.0,1216.5717
400000.0,883.9917
500000.0,557.6921
600000.0,646.26733
700000.0,874.938
800000.0,936.2014
900000.0,929.8837
1000000.0,1247.6077
