steps,returns
10000,-500.0
20000,-500.0
30000,-500.0
40000,-500.0
50000,-454.32812
60000,-380.0547
70000,-500.0
80000,-500.0
90000,-276.21094
100000,-500.0
