steps,returns
1000000,-17.921875
2000000,-17.5625
3000000,-17.53125
4000000,-17.21875
5000000,-17.984375
6000000,-17.046875
7000000,-17.671875
8000000,-16.890625
9000000,-17.15625
10000000,-16.671875
