steps,returns
1000000,325.97656
2000000,125.0
3000000,214.64844
4000000,214.0625
5000000,275.0
6000000,296.875
7000000,323.6328
8000000,303.3203
9000000,316.79688
10000000,466.9922
