steps,returns
5000,16.242188
10000,18.210938
15000,223.54688
20000,170.16406
25000,141.25781
30000,146.24219
35000,195.67188
40000,193.39844
45000,120.84375
50000,143.42969
