steps,returns
1000000,-17.59375
2000000,-17.171875
3000000,-17.046875
4000000,-17.375
5000000,-16.734375
6000000,-16.34375
7000000,-16.8125
8000000,-16.609375
9000000,-16.75
10000000,-16.046875
