steps,returns
100000.0,-0.5798353
200000.0,-8.482531
300000.0,20.395733
400000.0,-80.183464
500000.0,-291.38947
600000.0,-467.03912
700000.0,-515.3627
800000.0,-557.90344
900000.0,-577.0681
1000000.0,-684.20746
