steps,returns
100000.0,1024.4111
200000.0,946.3567
300000.0,858.0056
400000.0,718.3226
500000.0,621.04346
600000.0,486.54227
700000.0,360.49188
800000.0,355.05542
900000.0,292.5171
1000000.0,187.93066
