steps,returns
100000.0,-0.43567446
200000.0,0.6865337
300000.0,2.841697
400000.0,49.909668
500000.0,551.46576
600000.0,129.4735
700000.0,39.155586
800000.0,-150.14734
900000.0,-181.16544
1000000.0,-226.32553
