steps,returns
100000.0,718.74426
200000.0,689.5974
300000.0,472.4617
400000.0,532.949
500000.0,508.62463
600000.0,626.7064
700000.0,547.5455
800000.0,421.1725
900000.0,369.41614
1000000.0,356.55756
