steps,returns
10000,99.8125
20000,117.6875
30000,139.46875
40000,154.42969
50000,141.08594
60000,161.38281
70000,180.15625
80000,174.45312
90000,157.3125
100000,163.25781
