steps,returns
10000,404.77344
20000,405.3047
30000,482.6328
40000,497.2578
50000,500.0
60000,500.0
70000,500.0
80000,271.20312
90000,175.89844
100000,500.0
