steps,returns
1000000,17.65625
2000000,16.875
3000000,461.09375
4000000,242.73438
5000000,549.6094
6000000,546.25
7000000,870.3125
8000000,760.5469
9000000,678.28125
10000000,723.9844
