steps,returns
100000.0,-880.36084
200000.0,-897.8513
300000.0,-981.1085
400000.0,-941.9066
500000.0,-921.03436
600000.0,-956.17773
700000.0,-879.4143
800000.0,-894.99786
900000.0,-928.8804
1000000.0,-924.9858
