{"config": {"hp_config.clip_eps": 0.11154081632030916, "hp_config.ent_coef": 0.4763745057584925, "hp_config.gae_lambda": 0.8893803631856637, "hp_config.learning_rate": 0.017062527421800134, "hp_config.max_grad_norm": 0.6994792753175043, "hp_config.minibatch_size": 128, "hp_config.normalize_advantage": false, "hp_config.vf_clip_eps": 0.19825287042349232, "hp_config.vf_coef": 0.8811031971111616}, "score": 161.1875, "budget_used": 13, "total_wallclock_time": -98.74924635887146, "total_optimization_time": 0.007380485534667969}
{"config": {"hp_config.clip_eps": 0.36102779973517396, "hp_config.ent_coef": 0.4331911629643146, "hp_config.gae_lambda": 0.9950067488500769, "hp_config.learning_rate": 0.01901151436186139, "hp_config.max_grad_norm": 0.011714084185001972, "hp_config.minibatch_size": 256, "hp_config.normalize_advantage": false, "hp_config.vf_clip_eps": 0.08581483863072026, "hp_config.vf_coef": 0.5210366062041293}, "score": 9.2265625, "budget_used": 26, "total_wallclock_time": -193.07192993164062, "total_optimization_time": 0.02901601791381836}
{"config": {"hp_config.clip_eps": 0.36102779973517396, "hp_config.ent_coef": 0.4331911629643146, "hp_config.gae_lambda": 0.9950067488500769, "hp_config.learning_rate": 0.01901151436186139, "hp_config.max_grad_norm": 0.011714084185001972, "hp_config.minibatch_size": 256, "hp_config.normalize_advantage": false, "hp_config.vf_clip_eps": 0.08581483863072026, "hp_config.vf_coef": 0.5210366062041293}, "score": 9.2265625, "budget_used": 39, "total_wallclock_time": -289.4898147583008, "total_optimization_time": 0.03181028366088867}
{"config": {"hp_config.clip_eps": 0.36102779973517396, "hp_config.ent_coef": 0.4331911629643146, "hp_config.gae_lambda": 0.9950067488500769, "hp_config.learning_rate": 0.01901151436186139, "hp_config.max_grad_norm": 0.011714084185001972, "hp_config.minibatch_size": 256, "hp_config.normalize_advantage": false, "hp_config.vf_clip_eps": 0.08581483863072026, "hp_config.vf_coef": 0.5210366062041293}, "score": 9.2265625, "budget_used": 52, "total_wallclock_time": -386.4351272583008, "total_optimization_time": 0.03570389747619629}
{"config": {"hp_config.clip_eps": 0.36102779973517396, "hp_config.ent_coef": 0.4331911629643146, "hp_config.gae_lambda": 0.9950067488500769, "hp_config.learning_rate": 0.01901151436186139, "hp_config.max_grad_norm": 0.011714084185001972, "hp_config.minibatch_size": 256, "hp_config.normalize_advantage": false, "hp_config.vf_clip_eps": 0.08581483863072026, "hp_config.vf_coef": 0.5210366062041293}, "score": 9.2265625, "budget_used": 65, "total_wallclock_time": -482.39837527275085, "total_optimization_time": 0.040790557861328125}
{"config": {"hp_config.clip_eps": 0.36102779973517396, "hp_config.ent_coef": 0.4331911629643146, "hp_config.gae_lambda": 0.9950067488500769, "hp_config.learning_rate": 0.01901151436186139, "hp_config.max_grad_norm": 0.011714084185001972, "hp_config.minibatch_size": 256, "hp_config.normalize_advantage": false, "hp_config.vf_clip_eps": 0.08581483863072026, "hp_config.vf_coef": 0.5210366062041293}, "score": 9.2265625, "budget_used": 78, "total_wallclock_time": -576.3381254673004, "total_optimization_time": 0.04352974891662598}
{"config": {"hp_config.clip_eps": 0.36102779973517396, "hp_config.ent_coef": 0.4331911629643146, "hp_config.gae_lambda": 0.9950067488500769, "hp_config.learning_rate": 0.01901151436186139, "hp_config.max_grad_norm": 0.011714084185001972, "hp_config.minibatch_size": 256, "hp_config.normalize_advantage": false, "hp_config.vf_clip_eps": 0.08581483863072026, "hp_config.vf_coef": 0.5210366062041293}, "score": 9.2265625, "budget_used": 91, "total_wallclock_time": -672.1965477466583, "total_optimization_time": 0.04783034324645996}
{"config": {"hp_config.clip_eps": 0.36102779973517396, "hp_config.ent_coef": 0.4331911629643146, "hp_config.gae_lambda": 0.9950067488500769, "hp_config.learning_rate": 0.01901151436186139, "hp_config.max_grad_norm": 0.011714084185001972, "hp_config.minibatch_size": 256, "hp_config.normalize_advantage": false, "hp_config.vf_clip_eps": 0.08581483863072026, "hp_config.vf_coef": 0.5210366062041293}, "score": 9.2265625, "budget_used": 104, "total_wallclock_time": -770.0929026603699, "total_optimization_time": 0.050824880599975586}
{"config": {"hp_config.clip_eps": 0.36102779973517396, "hp_config.ent_coef": 0.4331911629643146, "hp_config.gae_lambda": 0.9950067488500769, "hp_config.learning_rate": 0.01901151436186139, "hp_config.max_grad_norm": 0.011714084185001972, "hp_config.minibatch_size": 256, "hp_config.normalize_advantage": false, "hp_config.vf_clip_eps": 0.08581483863072026, "hp_config.vf_coef": 0.5210366062041293}, "score": 9.2265625, "budget_used": 117, "total_wallclock_time": -867.441371679306, "total_optimization_time": 0.05516862869262695}
{"config": {"hp_config.clip_eps": 0.36102779973517396, "hp_config.ent_coef": 0.4331911629643146, "hp_config.gae_lambda": 0.9950067488500769, "hp_config.learning_rate": 0.01901151436186139, "hp_config.max_grad_norm": 0.011714084185001972, "hp_config.minibatch_size": 256, "hp_config.normalize_advantage": false, "hp_config.vf_clip_eps": 0.08581483863072026, "hp_config.vf_coef": 0.5210366062041293}, "score": 9.2265625, "budget_used": 130, "total_wallclock_time": -964.41486120224, "total_optimization_time": 0.05839943885803223}
{"config": {"hp_config.clip_eps": 0.36102779973517396, "hp_config.ent_coef": 0.4331911629643146, "hp_config.gae_lambda": 0.9950067488500769, "hp_config.learning_rate": 0.01901151436186139, "hp_config.max_grad_norm": 0.011714084185001972, "hp_config.minibatch_size": 256, "hp_config.normalize_advantage": false, "hp_config.vf_clip_eps": 0.08581483863072026, "hp_config.vf_coef": 0.5210366062041293}, "score": 9.2265625, "budget_used": 143, "total_wallclock_time": -1060.6814186573029, "total_optimization_time": 0.06192803382873535}
