steps,returns
1000000,1175.2344
2000000,791.09375
3000000,363.75
4000000,154.29688
5000000,173.28125
6000000,190.9375
7000000,117.8125
8000000,304.84375
9000000,270.15625
10000000,250.78125
