steps,returns
1000000,219.14062
2000000,439.45312
3000000,379.10156
4000000,363.28125
5000000,562.5
6000000,516.7969
7000000,686.3281
8000000,907.03125
9000000,646.875
10000000,729.10156
