steps,returns
5000,9.359375
10000,10.4609375
15000,36.46875
20000,116.765625
25000,25.953125
30000,44.5
35000,53.320312
40000,189.13281
45000,178.73438
50000,136.79688
