steps,returns
1000000,-18.4375
2000000,-17.84375
3000000,-17.703125
4000000,-17.28125
5000000,-18.546875
6000000,-17.984375
7000000,-17.828125
8000000,-17.796875
9000000,-18.265625
10000000,-17.515625
