steps,returns
5000,24.039062
10000,47.953125
15000,21.328125
20000,32.4375
25000,25.882812
30000,57.234375
35000,175.11719
40000,123.03125
45000,116.375
50000,175.85938
