steps,returns
100000.0,-1.2744567
200000.0,28.461212
300000.0,-326.24155
400000.0,-393.64108
500000.0,-719.5146
600000.0,-856.69165
700000.0,-882.3098
800000.0,-699.6769
900000.0,-538.052
1000000.0,-419.29025
