steps,returns
1000000,75.3125
2000000,388.82812
3000000,323.28125
4000000,212.1875
5000000,1006.1719
6000000,347.8125
7000000,173.04688
8000000,1948.2812
9000000,2187.8125
10000000,2252.1875
