steps,returns
100000.0,783.4603
200000.0,594.99133
300000.0,585.8861
400000.0,520.2918
500000.0,593.6721
600000.0,610.43787
700000.0,604.0143
800000.0,599.3733
900000.0,553.7812
1000000.0,580.9879
