steps,returns
1000000,250.19531
2000000,766.7969
3000000,450.0
4000000,448.04688
5000000,675.78125
6000000,2588.6719
7000000,575.0
8000000,3065.625
9000000,4770.117
10000000,4784.1797
