steps,returns
100000.0,1515.355
200000.0,1344.5122
300000.0,1079.8773
400000.0,828.92505
500000.0,918.0585
600000.0,710.125
700000.0,673.90674
800000.0,648.967
900000.0,622.71735
1000000.0,597.1947
