steps,returns
1000000,-17.921875
2000000,-17.671875
3000000,-18.796875
4000000,-17.984375
5000000,-19.078125
6000000,-18.109375
7000000,-17.953125
8000000,-18.375
9000000,-18.140625
10000000,-17.171875
