steps,returns
10000,-274.72656
20000,-314.75
30000,-307.70312
40000,-310.77344
50000,-322.0
60000,-293.3125
70000,-325.90625
80000,-347.29688
90000,-347.14062
100000,-359.52344
