steps,returns
10000,445.28125
20000,442.5625
30000,455.04688
40000,500.0
50000,500.0
60000,256.5078
70000,466.01562
80000,233.9375
90000,500.0
100000,500.0
