steps,returns
1000000,-17.453125
2000000,-16.953125
3000000,-16.890625
4000000,-17.265625
5000000,-16.109375
6000000,-17.34375
7000000,-16.890625
8000000,-15.75
9000000,-16.53125
10000000,-16.25
