steps,returns
100000.0,1025.498
200000.0,1022.8939
300000.0,1014.5621
400000.0,999.96594
500000.0,979.15784
600000.0,951.1011
700000.0,908.53107
800000.0,856.41235
900000.0,772.31793
1000000.0,686.4691
