steps,returns
1000000,483.90625
2000000,97.5
3000000,42.65625
4000000,23.4375
5000000,16.09375
6000000,164.84375
7000000,57.65625
8000000,181.09375
9000000,227.5
10000000,261.09375
