steps,returns
5000,12.0546875
10000,9.34375
15000,23.867188
20000,9.328125
25000,104.5625
30000,14.359375
35000,120.1875
40000,122.9375
45000,98.671875
50000,94.83594
