steps,returns
5000,9.015625
10000,8.984375
15000,9.140625
20000,9.09375
25000,9.046875
30000,9.1015625
35000,9.1484375
40000,9.2421875
45000,9.3125
50000,9.2578125
