steps,returns
1000000,-18.28125
2000000,-18.140625
3000000,-18.09375
4000000,-18.0
5000000,-17.96875
6000000,-17.8125
7000000,-18.296875
8000000,-17.859375
9000000,-17.8125
10000000,-18.734375
