steps,returns
5000,28.554688
10000,27.703125
15000,28.359375
20000,28.976562
25000,30.3125
30000,31.75
35000,34.6875
40000,35.46875
45000,34.257812
50000,39.273438
