steps,returns
100000.0,-0.96432984
200000.0,0.16096525
300000.0,1.3945769
400000.0,12.369874
500000.0,867.5558
600000.0,41.346638
700000.0,22.272959
800000.0,97.604095
900000.0,28.309593
1000000.0,-64.366035
