steps,returns
100000.0,525.2556
200000.0,415.24506
300000.0,501.10687
400000.0,1001.96735
500000.0,461.642
600000.0,819.0932
700000.0,448.98126
800000.0,480.15192
900000.0,513.46313
1000000.0,767.25085
