steps,returns
100000.0,-144.78455
200000.0,-435.45322
300000.0,-154.44339
400000.0,-337.28998
500000.0,-569.2252
600000.0,-1495.6804
700000.0,-2275.5398
800000.0,-3699.783
900000.0,-5311.128
1000000.0,-7174.3633
