steps,returns
10000,78.64844
20000,90.66406
30000,76.421875
40000,92.203125
50000,80.40625
60000,90.83594
70000,91.50781
80000,91.625
90000,92.83594
100000,86.32031
