steps,returns
1000000,150.0
2000000,150.0
3000000,125.0
4000000,250.0
5000000,225.0
6000000,591.40625
7000000,752.9297
8000000,264.2578
9000000,497.46094
10000000,843.9453
