steps,returns
1000000,163.28125
2000000,265.78125
3000000,167.96875
4000000,33.90625
5000000,187.34375
6000000,28.75
7000000,28.4375
8000000,17.5
9000000,126.875
10000000,17.5
