steps,returns
1000000,17.34375
2000000,67.96875
3000000,17.96875
4000000,21.5625
5000000,16.09375
6000000,30.0
7000000,40.9375
8000000,340.23438
9000000,284.21875
10000000,1132.4219
