steps,returns
10000,111.0
20000,122.203125
30000,124.46875
40000,107.25
50000,79.42969
60000,63.257812
70000,73.17969
80000,81.0
90000,70.69531
100000,68.13281
