steps,returns
1000000,28.4375
2000000,41.40625
3000000,18.125
4000000,39.21875
5000000,16.40625
6000000,30.15625
7000000,29.375
8000000,28.28125
9000000,17.65625
10000000,51.40625
