steps,returns
1000000,51.71875
2000000,17.03125
3000000,28.125
4000000,27.8125
5000000,47.03125
6000000,31.40625
7000000,51.71875
8000000,17.1875
9000000,40.625
10000000,29.6875
