steps,returns
5000,22.890625
10000,244.60156
15000,48.773438
20000,87.40625
25000,114.92969
30000,109.16406
35000,101.109375
40000,93.19531
45000,96.78906
50000,96.22656
