steps,returns
5000,31.523438
10000,31.484375
15000,34.039062
20000,33.585938
25000,33.265625
30000,33.96875
35000,33.96875
40000,35.867188
45000,37.0
50000,41.15625
