steps,returns
1000000,-17.515625
2000000,-17.921875
3000000,-18.109375
4000000,-18.390625
5000000,-17.703125
6000000,-18.109375
7000000,-18.15625
8000000,-17.9375
9000000,-18.34375
10000000,-18.53125
