steps,returns
1000000,919.1406
2000000,757.4219
3000000,500.1953
4000000,841.7969
5000000,783.0078
6000000,722.65625
7000000,575.58594
8000000,518.75
9000000,608.39844
10000000,658.39844
