steps,returns
10000,-500.0
20000,-124.74219
30000,-500.0
40000,-108.57031
50000,-500.0
60000,-500.0
70000,-500.0
80000,-500.0
90000,-467.78906
100000,-500.0
