steps,returns
10000,54.304688
20000,34.226562
30000,32.351562
40000,77.96875
50000,121.5625
60000,129.39844
70000,130.5
80000,144.53906
90000,157.0
100000,178.83594
