steps,returns
1000000,-18.125
2000000,-18.3125
3000000,-17.734375
4000000,-17.828125
5000000,-18.15625
6000000,-18.15625
7000000,-17.796875
8000000,-17.765625
9000000,-18.140625
10000000,-18.015625
