steps,returns
5000,8.9453125
10000,9.015625
15000,9.296875
20000,9.4375
25000,9.453125
30000,9.3984375
35000,9.3984375
40000,9.4453125
45000,9.296875
50000,9.3671875
