steps,returns
1000000,-17.65625
2000000,-17.703125
3000000,-17.859375
4000000,-17.953125
5000000,-18.078125
6000000,-18.375
7000000,-18.125
8000000,-18.078125
9000000,-17.5625
10000000,-17.828125
