steps,returns
100000.0,854.6644
200000.0,839.8889
300000.0,900.88306
400000.0,863.9824
500000.0,840.6526
600000.0,807.5345
700000.0,724.2092
800000.0,724.9435
900000.0,715.45905
1000000.0,714.63904
