steps,returns
1000000,-17.890625
2000000,-17.796875
3000000,-18.015625
4000000,-18.375
5000000,-17.859375
6000000,-18.03125
7000000,-18.0
8000000,-18.171875
9000000,-17.734375
10000000,-18.34375
