steps,returns
100000.0,290.43292
200000.0,283.3396
300000.0,287.01968
400000.0,286.90707
500000.0,286.32483
600000.0,287.00903
700000.0,289.34042
800000.0,291.06317
900000.0,290.3919
1000000.0,288.2834
