steps,returns
100000.0,641.3494
200000.0,494.39886
300000.0,516.0259
400000.0,569.76624
500000.0,616.09717
600000.0,654.5608
700000.0,703.78516
800000.0,730.0143
900000.0,785.8367
1000000.0,857.19446
