steps,returns
5000,51.015625
10000,14.6640625
15000,19.1875
20000,78.875
25000,20.445312
30000,53.351562
35000,81.734375
40000,54.21875
45000,118.28125
50000,86.34375
