steps,returns
5000,9.5390625
10000,9.5234375
15000,9.578125
20000,9.40625
25000,9.4453125
30000,9.375
35000,9.53125
40000,9.3828125
45000,9.3671875
50000,9.3828125
