steps,returns
1000000,1668.3594
2000000,1832.0312
3000000,1544.6875
4000000,2195.5469
5000000,5.78125
6000000,2570.0
7000000,1725.7812
8000000,1966.5625
9000000,33.28125
10000000,2451.9531
