steps,returns
1000000,367.1875
2000000,437.5
3000000,292.1875
4000000,264.0625
5000000,344.92188
6000000,250.0
7000000,287.89062
8000000,279.10156
9000000,261.52344
10000000,246.875
