steps,returns
100000.0,-664.6133
200000.0,-647.2449
300000.0,-631.6322
400000.0,-624.46594
500000.0,-573.07056
600000.0,-602.9787
700000.0,-632.5001
800000.0,-658.4324
900000.0,-620.54456
1000000.0,-649.6366
