steps,returns
100000.0,249.59348
200000.0,225.42654
300000.0,763.1305
400000.0,861.4418
500000.0,899.421
600000.0,960.84784
700000.0,1044.9414
800000.0,1020.0142
900000.0,968.3231
1000000.0,927.0703
