steps,returns
5000,19.890625
10000,109.53906
15000,251.5
20000,107.828125
25000,162.21875
30000,500.0
35000,500.0
40000,246.33594
45000,500.0
50000,500.0
