steps,returns
100000.0,1850.9559
200000.0,1290.429
300000.0,1389.5131
400000.0,2101.4724
500000.0,2492.389
600000.0,1104.2213
700000.0,473.24768
800000.0,695.39636
900000.0,418.4425
1000000.0,542.18274
