steps,returns
10000,500.0
20000,500.0
30000,485.6875
40000,160.84375
50000,127.59375
60000,500.0
70000,388.47656
80000,269.0078
90000,170.91406
100000,500.0
