steps,returns
5000,14.203125
10000,156.78906
15000,118.72656
20000,19.398438
25000,134.26562
30000,127.265625
35000,94.33594
40000,120.52344
45000,107.61719
50000,110.33594
