steps,returns
1000000,-17.75
2000000,-18.328125
3000000,-18.1875
4000000,-18.09375
5000000,-18.265625
6000000,-17.5
7000000,-18.9375
8000000,-18.3125
9000000,-18.140625
10000000,-17.71875
