steps,returns
5000,99.390625
10000,129.75
15000,167.69531
20000,208.625
25000,239.90625
30000,287.8203
35000,343.9375
40000,417.15625
45000,475.95312
50000,496.1797
