steps,returns
100000.0,1014.6694
200000.0,1038.6475
300000.0,1011.53436
400000.0,981.41754
500000.0,936.60565
600000.0,813.91925
700000.0,656.2311
800000.0,571.1631
900000.0,475.77258
1000000.0,454.39508
