steps,returns
100000.0,1223.3145
200000.0,1340.9727
300000.0,1249.081
400000.0,-2.2453923
500000.0,1587.9436
600000.0,1590.0261
700000.0,75.90826
800000.0,2337.5557
900000.0,2310.8638
1000000.0,2252.897
