steps,returns
5000,32.71875
10000,32.960938
15000,35.125
20000,34.0625
25000,33.367188
30000,33.609375
35000,34.882812
40000,36.125
45000,36.523438
50000,38.210938
