steps,returns
10000,154.40625
20000,196.91406
30000,500.0
40000,500.0
50000,9.28125
60000,9.515625
70000,9.4296875
80000,9.4296875
90000,9.2421875
100000,9.375
