steps,returns
100000.0,365.29553
200000.0,386.43524
300000.0,929.3105
400000.0,979.78613
500000.0,968.8843
600000.0,889.4027
700000.0,786.5902
800000.0,1338.0488
900000.0,1130.6599
1000000.0,1089.6156
