steps,returns
5000,72.46094
10000,92.5625
15000,95.41406
20000,92.82031
25000,88.953125
30000,136.8125
35000,88.25781
40000,56.484375
45000,29.453125
50000,51.640625
