steps,returns
5000,8.9453125
10000,9.1875
15000,9.125
20000,9.25
25000,9.375
30000,9.3984375
35000,9.359375
40000,9.4375
45000,9.296875
50000,9.3671875
