steps,returns
5000,9.3203125
10000,9.4453125
15000,9.3515625
20000,9.3515625
25000,9.265625
30000,9.2421875
35000,9.296875
40000,9.296875
45000,9.3125
50000,9.3515625
