steps,returns
1000000,17.8125
2000000,37.8125
3000000,27.96875
4000000,27.65625
5000000,27.03125
6000000,16.40625
7000000,29.21875
8000000,48.28125
9000000,17.5
10000000,17.5
