steps,returns
100000.0,963.1613
200000.0,377.25986
300000.0,855.38574
400000.0,776.58093
500000.0,718.61426
600000.0,709.6561
700000.0,697.6974
800000.0,715.1761
900000.0,702.474
1000000.0,702.4153
