steps,returns
10000,-500.0
20000,-500.0
30000,-500.0
40000,-500.0
50000,-500.0
60000,-500.0
70000,-500.0
80000,-467.76562
90000,-496.35938
100000,-500.0
