steps,returns
100000.0,884.54443
200000.0,1325.9597
300000.0,949.7139
400000.0,808.72144
500000.0,968.06323
600000.0,1014.1532
700000.0,822.74
800000.0,1107.804
900000.0,938.92175
1000000.0,711.9685
