steps,returns
1000000,-18.4375
2000000,-17.65625
3000000,-18.015625
4000000,-17.953125
5000000,-17.984375
6000000,-18.078125
7000000,-18.90625
8000000,-17.890625
9000000,-18.0625
10000000,-17.625
