steps,returns
1000000,-1.34375
2000000,-1.328125
3000000,-1.328125
4000000,-1.640625
5000000,-1.28125
6000000,-1.421875
7000000,-1.390625
8000000,-1.34375
9000000,-1.34375
10000000,-1.40625
