steps,returns
10000,105.96094
20000,143.13281
30000,370.1953
40000,411.40625
50000,211.9375
60000,481.89844
70000,500.0
80000,317.52344
90000,500.0
100000,500.0
