steps,returns
5000,64.39844
10000,133.91406
15000,57.390625
20000,126.80469
25000,113.75781
30000,124.00781
35000,99.46875
40000,101.0
45000,95.21094
50000,91.94531
