steps,returns
1000000,88.28125
2000000,17.03125
3000000,16.5625
4000000,18.125
5000000,15.625
6000000,17.1875
7000000,17.5
8000000,17.1875
9000000,17.8125
10000000,49.375
