steps,returns
1000000,252.92969
2000000,225.0
3000000,150.0
4000000,266.01562
5000000,335.15625
6000000,200.0
7000000,338.67188
8000000,250.0
9000000,253.125
10000000,186.91406
