steps,returns
100000.0,974.1786
200000.0,752.2784
300000.0,420.6287
400000.0,336.34564
500000.0,293.9266
600000.0,255.85603
700000.0,214.93127
800000.0,191.27344
900000.0,178.56114
1000000.0,210.50986
