steps,returns
5000,72.97656
10000,80.6875
15000,77.875
20000,80.6875
25000,74.640625
30000,75.4375
35000,70.921875
40000,62.304688
45000,55.359375
50000,51.859375
