steps,returns
100000.0,253.29883
200000.0,179.83083
300000.0,737.8921
400000.0,671.3014
500000.0,770.84436
600000.0,740.70496
700000.0,731.1046
800000.0,833.46216
900000.0,993.92267
1000000.0,1394.2227
