steps,returns
10000,57.21875
20000,216.86719
30000,161.89844
40000,263.8203
50000,471.53125
60000,439.0547
70000,470.25
80000,431.48438
90000,399.67188
100000,419.60938
