steps,returns
100000.0,114.26985
200000.0,226.7833
300000.0,-863.14087
400000.0,-4976.1504
500000.0,-16106.934
600000.0,-56920.31
700000.0,-129797.516
800000.0,-357786.38
900000.0,-1068702.5
1000000.0,-2183853.5
