steps,returns
100000.0,339.80554
200000.0,780.33215
300000.0,811.53595
400000.0,806.29553
500000.0,774.1457
600000.0,757.325
700000.0,756.46216
800000.0,772.8011
900000.0,1155.0897
1000000.0,1154.0018
