steps,returns
100000.0,-0.8383069
200000.0,-455.14948
300000.0,-765.99634
400000.0,-2645.017
500000.0,-10805.842
600000.0,-29236.938
700000.0,-70242.445
800000.0,-187089.9
900000.0,-389418.25
1000000.0,-804201.9
