steps,returns
100000.0,647.2263
200000.0,533.7267
300000.0,524.2789
400000.0,478.74792
500000.0,460.96423
600000.0,491.87238
700000.0,512.84534
800000.0,510.839
900000.0,618.57336
1000000.0,703.9403
