steps,returns
1000000,1000.46875
2000000,1084.2188
3000000,623.4375
4000000,463.35938
5000000,733.9844
6000000,266.71875
7000000,632.8125
8000000,272.5
9000000,348.04688
10000000,533.3594
