steps,returns
100000.0,-0.63751847
200000.0,3.466562
300000.0,-121.168755
400000.0,-341.1413
500000.0,-433.70557
600000.0,-645.5247
700000.0,-764.21313
800000.0,-1981.3286
900000.0,-1817.7383
1000000.0,-1452.1906
