steps,returns
1000000,187.30469
2000000,465.625
3000000,780.27344
4000000,887.3047
5000000,494.72656
6000000,400.1953
7000000,864.4531
8000000,812.1094
9000000,543.75
10000000,738.6719
