steps,returns
1000000,125.0
2000000,254.6875
3000000,125.0
4000000,241.60156
5000000,524.21875
6000000,205.46875
7000000,238.86719
8000000,495.89844
9000000,318.35938
10000000,412.5
