steps,returns
1000000,28.59375
2000000,17.03125
3000000,28.125
4000000,27.8125
5000000,47.03125
6000000,31.40625
7000000,41.40625
8000000,51.875
9000000,17.8125
10000000,38.90625
