steps,returns
1000000,235.35156
2000000,172.46094
3000000,356.64062
4000000,362.5
5000000,193.94531
6000000,266.21094
7000000,208.59375
8000000,488.08594
9000000,125.0
10000000,150.0
