steps,returns
100000.0,574.26526
200000.0,963.369
300000.0,675.6078
400000.0,770.55457
500000.0,669.8499
600000.0,678.182
700000.0,967.88446
800000.0,1321.8727
900000.0,936.3805
1000000.0,958.70984
