steps,returns
100000.0,1155.2644
200000.0,1219.7068
300000.0,1187.6403
400000.0,1091.7683
500000.0,1101.9312
600000.0,215.27443
700000.0,857.0559
800000.0,813.0432
900000.0,693.9146
1000000.0,-362.22827
