steps,returns
1000000,147.8125
2000000,257.1875
3000000,177.5
4000000,113.75
5000000,117.5
6000000,115.3125
7000000,90.46875
8000000,104.53125
9000000,102.5
10000000,75.3125
