steps,returns
100000.0,51.75589
200000.0,-103.96271
300000.0,-313.42618
400000.0,-204.93594
500000.0,-252.49094
600000.0,-324.9085
700000.0,-671.7961
800000.0,-1107.3569
900000.0,-1538.7521
1000000.0,-2149.4373
