steps,returns
100000.0,897.00934
200000.0,1565.5206
300000.0,1155.3162
400000.0,1097.66
500000.0,982.2195
600000.0,777.1596
700000.0,766.3633
800000.0,795.55896
900000.0,827.3395
1000000.0,863.00977
