steps,returns
5000,16.148438
10000,48.460938
15000,85.03906
20000,272.3672
25000,220.96875
30000,105.375
35000,92.08594
40000,35.234375
45000,106.359375
50000,103.3125
