steps,returns
10000,191.63281
20000,155.875
30000,136.875
40000,146.5
50000,152.49219
60000,137.15625
70000,133.55469
80000,144.32812
90000,140.10156
100000,153.82031
