steps,returns
100000.0,7.9201555
200000.0,7.910202
300000.0,7.8890457
400000.0,7.8650694
500000.0,7.88344
600000.0,7.8607883
700000.0,7.917959
800000.0,7.856286
900000.0,7.9193215
1000000.0,7.881062
