steps,returns
100000.0,-2.3565836
200000.0,-347.42932
300000.0,-507.44016
400000.0,-1435.2816
500000.0,-998.9667
600000.0,-815.4868
700000.0,-733.3181
800000.0,-738.6052
900000.0,-880.92444
1000000.0,-866.0471
