steps,returns
10000,122.96094
20000,116.21094
30000,143.03125
40000,166.625
50000,204.07812
60000,199.33594
70000,221.71094
80000,256.0
90000,307.60156
100000,296.77344
