steps,returns
12000,-200.0
24000,-200.0
36000,-200.0
48000,-200.0
60000,-200.0
72000,-166.61719
84000,-200.0
96000,-200.0
108000,-166.6875
120000,-137.29688
