steps,returns
1000000,-17.375
2000000,-17.9375
3000000,-18.296875
4000000,-17.734375
5000000,-18.3125
6000000,-17.78125
7000000,-17.71875
8000000,-17.578125
9000000,-18.15625
10000000,-18.09375
