steps,returns
100000.0,577.3802
200000.0,806.74023
300000.0,893.46704
400000.0,989.81433
500000.0,902.57153
600000.0,838.4058
700000.0,813.7201
800000.0,764.68616
900000.0,773.02136
1000000.0,772.0175
