steps,returns
1000000,-18.21875
2000000,-18.15625
3000000,-18.265625
4000000,-17.796875
5000000,-17.609375
6000000,-17.984375
7000000,-17.8125
8000000,-18.25
9000000,-18.046875
10000000,-18.078125
