steps,returns
10000,192.78906
20000,455.33594
30000,395.5547
40000,361.9453
50000,468.3125
60000,333.2578
70000,377.1797
80000,500.0
90000,415.96875
100000,354.8047
