steps,returns
100000.0,748.85077
200000.0,699.7637
300000.0,480.23724
400000.0,480.8557
500000.0,500.0952
600000.0,632.1688
700000.0,621.3076
800000.0,803.281
900000.0,1112.574
1000000.0,1262.2903
