steps,returns
1000000,237.5
2000000,150.0
3000000,150.0
4000000,276.3672
5000000,416.79688
6000000,1015.03906
7000000,511.91406
8000000,624.8047
9000000,641.21094
10000000,732.03125
