steps,returns
1000000,-18.296875
2000000,-17.796875
3000000,-18.34375
4000000,-18.421875
5000000,-17.203125
6000000,-17.359375
7000000,-16.8125
8000000,-17.40625
9000000,-18.359375
10000000,-17.8125
