steps,returns
100000.0,948.38324
200000.0,660.6777
300000.0,340.8157
400000.0,126.507355
500000.0,-29.501774
600000.0,-235.93597
700000.0,-1118.5308
800000.0,-576.5213
900000.0,-1237.871
1000000.0,-1795.2131
