steps,returns
1000000,522.46094
2000000,572.2656
3000000,673.0469
4000000,610.15625
5000000,353.51562
6000000,565.2344
7000000,639.4531
8000000,730.8594
9000000,595.5078
10000000,724.21875
