steps,returns
5000,78.41406
10000,84.3125
15000,78.97656
20000,81.49219
25000,60.6875
30000,51.960938
35000,50.203125
40000,55.101562
45000,41.695312
50000,50.429688
