steps,returns
10000,114.859375
20000,87.55469
30000,110.07031
40000,222.28125
50000,372.66406
60000,442.64062
70000,446.71875
80000,422.20312
90000,454.67188
100000,454.60156
