steps,returns
1000000,150.0
2000000,150.0
3000000,275.0
4000000,150.0
5000000,150.0
6000000,150.0
7000000,275.0
8000000,204.88281
9000000,262.10938
10000000,300.0
