steps,returns
10000,242.67969
20000,167.20312
30000,226.32031
40000,500.0
50000,500.0
60000,411.66406
70000,500.0
80000,500.0
90000,500.0
100000,500.0
