steps,returns
10000,146.23438
20000,365.97656
30000,67.953125
40000,151.91406
50000,166.71094
60000,112.94531
70000,269.21875
80000,498.54688
90000,352.45312
100000,488.64844
