steps,returns
100000.0,840.7997
200000.0,660.0959
300000.0,619.4609
400000.0,617.0239
500000.0,611.67163
600000.0,604.662
700000.0,584.6885
800000.0,571.42053
900000.0,564.4107
1000000.0,548.7903
