steps,returns
1000000,830.0781
2000000,536.3281
3000000,474.60938
4000000,468.16406
5000000,893.75
6000000,2315.8203
7000000,1690.8203
8000000,2398.0469
9000000,2699.2188
10000000,3270.3125
