steps,returns
10000,418.8828
20000,500.0
30000,495.25
40000,200.82031
50000,270.90625
60000,487.5625
70000,494.35938
80000,500.0
90000,500.0
100000,90.75
