steps,returns
100000.0,394.30527
200000.0,794.22797
300000.0,571.93774
400000.0,504.91663
500000.0,443.1725
600000.0,410.07556
700000.0,381.73352
800000.0,356.75958
900000.0,322.51785
1000000.0,304.42996
