steps,returns
10000,317.78906
20000,419.16406
30000,164.32812
40000,457.21094
50000,500.0
60000,498.10156
70000,499.6875
80000,460.3203
90000,499.89844
100000,477.95312
