steps,returns
100000.0,1430.2993
200000.0,1424.6644
300000.0,1264.2709
400000.0,914.52563
500000.0,550.2434
600000.0,369.85626
700000.0,287.31055
800000.0,269.2928
900000.0,99.82494
1000000.0,126.20139
