steps,returns
5000,9.390625
10000,17.515625
15000,11.2734375
20000,57.0625
25000,155.46875
30000,77.52344
35000,131.46875
40000,89.796875
45000,74.77344
50000,100.92969
