steps,returns
5000,80.33594
10000,245.39062
15000,184.64062
20000,137.8125
25000,500.0
30000,500.0
35000,136.84375
40000,239.16406
45000,216.79688
50000,146.60938
