steps,returns
100000.0,877.02905
200000.0,1070.5065
300000.0,1268.1511
400000.0,1261.0425
500000.0,1170.554
600000.0,1229.7778
700000.0,1027.8865
800000.0,1070.1372
900000.0,620.47754
1000000.0,1175.5681
