steps,returns
100000.0,402.54132
200000.0,1245.4146
300000.0,1350.4991
400000.0,822.13074
500000.0,640.8511
600000.0,970.8809
700000.0,475.48505
800000.0,615.7949
900000.0,579.74866
1000000.0,652.9894
