steps,returns
100000.0,1015.7731
200000.0,971.97107
300000.0,805.17554
400000.0,617.8583
500000.0,337.78827
600000.0,-81.60182
700000.0,-720.3293
800000.0,-1112.3308
900000.0,-2194.9966
1000000.0,-3349.3188
