steps,returns
10000,142.04688
20000,187.51562
30000,452.5
40000,322.03125
50000,382.60938
60000,241.3125
70000,304.52344
80000,306.66406
90000,322.96875
100000,500.0
