steps,returns
1000000,-17.9375
2000000,-18.0625
3000000,-18.125
4000000,-17.53125
5000000,-17.53125
6000000,-18.015625
7000000,-17.640625
8000000,-17.34375
9000000,-17.359375
10000000,-17.796875
