steps,returns
10000,-479.58594
20000,-500.0
30000,-500.0
40000,-267.51562
50000,-480.6875
60000,-500.0
70000,-500.0
80000,-500.0
90000,-500.0
100000,-500.0
