steps,returns
10000,98.19531
20000,110.22656
30000,123.515625
40000,131.05469
50000,149.57031
60000,155.88281
70000,185.98438
80000,198.10938
90000,244.22656
100000,269.71094
