steps,returns
100000.0,31.169899
200000.0,28.442324
300000.0,26.372076
400000.0,24.606812
500000.0,23.552938
600000.0,22.822933
700000.0,22.477913
800000.0,22.028976
900000.0,21.840569
1000000.0,21.642563
