steps,returns
1000000,-18.28125
2000000,-17.625
3000000,-18.203125
4000000,-18.5
5000000,-18.046875
6000000,-17.859375
7000000,-18.09375
8000000,-17.9375
9000000,-17.296875
10000000,-17.9375
