steps,returns
5000,9.328125
10000,9.3359375
15000,12.8828125
20000,18.1875
25000,29.0625
30000,43.054688
35000,53.0
40000,63.820312
45000,81.5
50000,88.8125
