steps,returns
100000.0,749.08496
200000.0,832.87506
300000.0,842.32996
400000.0,797.3982
500000.0,769.7922
600000.0,789.24585
700000.0,841.0463
800000.0,930.78784
900000.0,979.41223
1000000.0,1052.3738
