steps,returns
100000.0,696.37067
200000.0,684.5102
300000.0,1297.2981
400000.0,1071.8967
500000.0,1086.7994
600000.0,1102.7279
700000.0,1059.3768
800000.0,962.79407
900000.0,1081.3386
1000000.0,1104.3396
