steps,returns
100000.0,224.03146
200000.0,206.94127
300000.0,211.12787
400000.0,208.52606
500000.0,212.15195
600000.0,271.81052
700000.0,293.50867
800000.0,317.4702
900000.0,257.39175
1000000.0,241.76755
