steps,returns
1000000,-17.96875
2000000,-17.3125
3000000,-17.96875
4000000,-18.09375
5000000,-17.703125
6000000,-17.84375
7000000,-18.5625
8000000,-17.796875
9000000,-17.65625
10000000,-17.1875
