steps,returns
1000000,-17.625
2000000,-17.6875
3000000,-18.390625
4000000,-18.625
5000000,-17.9375
6000000,-18.0625
7000000,-18.359375
8000000,-18.140625
9000000,-18.6875
10000000,-18.015625
