steps,returns
1000000,118.90625
2000000,530.0
3000000,244.84375
4000000,517.34375
5000000,1244.4531
6000000,1459.1406
7000000,1044.0625
8000000,2050.0781
9000000,1922.8906
10000000,2398.9844
