steps,returns
10000,123.484375
20000,118.40625
30000,131.8125
40000,166.64062
50000,174.25
60000,204.85938
70000,206.66406
80000,202.41406
90000,209.83594
100000,179.42969
