steps,returns
10000,308.21875
20000,500.0
30000,500.0
40000,500.0
50000,500.0
60000,500.0
70000,328.8672
80000,273.1797
90000,500.0
100000,229.24219
