steps,returns
100000.0,1012.54114
200000.0,1020.0379
300000.0,950.8782
400000.0,643.2637
500000.0,506.6144
600000.0,428.5614
700000.0,579.11926
800000.0,451.0982
900000.0,254.25089
1000000.0,116.059235
