steps,returns
1000000,-17.828125
2000000,-18.015625
3000000,-17.421875
4000000,-17.515625
5000000,-18.0
6000000,-17.90625
7000000,-17.375
8000000,-17.484375
9000000,-18.0
10000000,-18.0625
