steps,returns
10000,144.64062
20000,216.03906
30000,295.45312
40000,388.0625
50000,397.02344
60000,365.42188
70000,486.51562
80000,421.14062
90000,494.33594
100000,499.35938
