steps,returns
5000,57.945312
10000,47.0625
15000,62.132812
20000,166.70312
25000,365.47656
30000,96.02344
35000,107.703125
40000,500.0
45000,206.14062
50000,475.95312
