steps,returns
100000.0,5.3879843
200000.0,-76.16092
300000.0,-586.2292
400000.0,-808.3996
500000.0,-986.01685
600000.0,-1470.7231
700000.0,-1037.0365
800000.0,-878.84705
900000.0,-936.17786
1000000.0,-861.0619
