steps,returns
10000,258.28125
20000,215.72656
30000,500.0
40000,326.35156
50000,500.0
60000,500.0
70000,288.64062
80000,297.0547
90000,130.25781
100000,193.84375
