steps,returns
10000,101.96094
20000,277.28125
30000,486.47656
40000,367.9453
50000,387.67188
60000,354.78906
70000,316.5625
80000,500.0
90000,283.67188
100000,500.0
