steps,returns
1000000,362.3047
2000000,316.21094
3000000,401.7578
4000000,529.6875
5000000,799.8047
6000000,608.78906
7000000,817.5781
8000000,595.7031
9000000,588.47656
10000000,784.7656
