steps,returns
10000,-295.85938
20000,-310.25
30000,-303.65625
40000,-303.45312
50000,-303.39062
60000,-332.8125
70000,-333.85938
80000,-335.8125
90000,-346.35156
100000,-370.0
