steps,returns
5000,83.8125
10000,83.0
15000,82.46094
20000,78.61719
25000,68.34375
30000,57.6875
35000,54.15625
40000,50.828125
45000,52.546875
50000,43.40625
