steps,returns
100000.0,-16.363388
200000.0,-16.120243
300000.0,-15.911455
400000.0,-15.844619
500000.0,-15.89351
600000.0,
700000.0,
800000.0,
900000.0,
1000000.0,
