steps,returns
10000,-261.9922
20000,-500.0
30000,-500.0
40000,-500.0
50000,-468.32812
60000,-500.0
70000,-500.0
80000,-500.0
90000,-500.0
100000,-459.85156
