steps,returns
1000000,-17.578125
2000000,-17.78125
3000000,-18.109375
4000000,-17.640625
5000000,-17.796875
6000000,-18.203125
7000000,-17.4375
8000000,-17.828125
9000000,-18.4375
10000000,-17.734375
