steps,returns
1000000,150.0
2000000,125.0
3000000,376.3672
4000000,391.01562
5000000,433.39844
6000000,709.96094
7000000,562.5
8000000,529.2969
9000000,646.6797
10000000,638.08594
