steps,returns
10000,92.46094
20000,87.66406
30000,115.3125
40000,106.25781
50000,160.90625
60000,164.96094
70000,153.6875
80000,167.46094
90000,190.92969
100000,229.84375
