steps,returns
1000000,168.59375
2000000,49.84375
3000000,69.84375
4000000,130.625
5000000,17.65625
6000000,173.28125
7000000,80.0
8000000,154.21875
9000000,16.71875
10000000,193.90625
