steps,returns
100000.0,695.3544
200000.0,526.06445
300000.0,336.33215
400000.0,318.98834
500000.0,517.0371
600000.0,662.9341
700000.0,881.8429
800000.0,845.82825
900000.0,853.0963
1000000.0,862.76416
