steps,returns
1000000,-17.8125
2000000,-17.796875
3000000,-17.78125
4000000,-18.234375
5000000,-17.953125
6000000,-18.5625
7000000,-18.46875
8000000,-17.875
9000000,-18.09375
10000000,-18.234375
