steps,returns
100000.0,838.9926
200000.0,832.2632
300000.0,603.29364
400000.0,549.8997
500000.0,563.6152
600000.0,623.84143
700000.0,551.7208
800000.0,538.11145
900000.0,564.80475
1000000.0,570.33716
