steps,returns
100000.0,616.2377
200000.0,241.02908
300000.0,765.63916
400000.0,721.0143
500000.0,906.14636
600000.0,1108.3123
700000.0,1109.825
800000.0,1079.4944
900000.0,1134.2009
1000000.0,1212.2102
