steps,returns
1000000,-17.75
2000000,-17.90625
3000000,-18.25
4000000,-17.515625
5000000,-18.421875
6000000,-18.0625
7000000,-17.703125
8000000,-17.828125
9000000,-17.96875
10000000,-18.1875
