steps,returns
10000,-263.5078
20000,-270.8203
30000,-294.32812
40000,-285.17188
50000,-314.97656
60000,-318.42188
70000,-322.85938
80000,-323.8125
90000,-379.1328
100000,-393.03125
