steps,returns
100000.0,437.81317
200000.0,480.38773
300000.0,183.3263
400000.0,-308.3216
500000.0,-595.4791
600000.0,-1851.4806
700000.0,-3100.9539
800000.0,-6079.9014
900000.0,-11833.164
1000000.0,-12996.282
