steps,returns
1000000,475.0
2000000,580.46875
3000000,742.96875
4000000,1507.6172
5000000,3203.125
6000000,3003.3203
7000000,1120.8984
8000000,3181.0547
9000000,2322.6562
10000000,2060.9375
