steps,returns
1000000,-17.78125
2000000,-17.71875
3000000,-17.734375
4000000,-18.125
5000000,-18.265625
6000000,-18.15625
7000000,-17.59375
8000000,-18.40625
9000000,-18.5625
10000000,-18.390625
