steps,returns
1000000,528.3203
2000000,161.32812
3000000,266.01562
4000000,212.69531
5000000,125.0
6000000,125.0
7000000,294.53125
8000000,125.0
9000000,150.0
10000000,125.0
