steps,returns
100000.0,1016.9579
200000.0,975.3082
300000.0,894.732
400000.0,833.13495
500000.0,682.849
600000.0,663.20135
700000.0,595.49133
800000.0,476.66504
900000.0,386.91986
1000000.0,308.7595
