steps,returns
10000,126.28906
20000,78.90625
30000,115.08594
40000,151.4375
50000,136.5
60000,155.22656
70000,146.64844
80000,144.99219
90000,173.50781
100000,177.21094
