steps,returns
1000000,125.0
2000000,150.0
3000000,125.0
4000000,199.21875
5000000,195.3125
6000000,150.0
7000000,300.0
8000000,250.0
9000000,356.83594
10000000,338.67188
