steps,returns
1000000,-17.3125
2000000,-17.921875
3000000,-18.625
4000000,-18.234375
5000000,-17.796875
6000000,-17.84375
7000000,-18.125
8000000,-17.453125
9000000,-18.234375
10000000,-17.65625
