steps,returns
10000,280.9375
20000,354.45312
30000,305.04688
40000,205.82812
50000,394.34375
60000,229.625
70000,500.0
80000,446.9453
90000,491.9922
100000,498.85156
