steps,returns
5000,9.2734375
10000,15.7265625
15000,12.4609375
20000,19.023438
25000,29.164062
30000,75.234375
35000,61.84375
40000,93.83594
45000,86.71875
50000,194.45312
