steps,returns
10000,84.96094
20000,163.28125
30000,185.35156
40000,199.0625
50000,202.52344
60000,356.3203
70000,479.60156
80000,498.8125
90000,454.65625
100000,439.76562
