steps,returns
100000.0,12.73296
200000.0,12.07663
300000.0,12.335295
400000.0,12.782017
500000.0,12.413771
600000.0,12.297159
700000.0,12.864956
800000.0,12.54826
900000.0,11.930067
1000000.0,12.011721
