steps,returns
1000000,-18.09375
2000000,-18.125
3000000,-18.109375
4000000,-18.34375
5000000,-17.875
6000000,-17.953125
7000000,-18.265625
8000000,-17.984375
9000000,-17.90625
10000000,-17.53125
