steps,returns
100000.0,-1.0777664
200000.0,-156.49823
300000.0,-283.7967
400000.0,-255.9813
500000.0,-812.6789
600000.0,-397.87894
700000.0,-691.94214
800000.0,-450.29547
900000.0,-558.9663
1000000.0,-700.67487
