steps,returns
100000.0,1024.387
200000.0,1025.2386
300000.0,1026.6396
400000.0,1026.0812
500000.0,1028.1824
600000.0,1025.8213
700000.0,1019.6572
800000.0,1013.65344
900000.0,1005.37256
1000000.0,990.76794
