steps,returns
100000.0,1012.88306
200000.0,954.5486
300000.0,841.7629
400000.0,623.99536
500000.0,301.92886
600000.0,-128.94835
700000.0,-647.65485
800000.0,-1099.7435
900000.0,-2043.357
1000000.0,-3158.4927
