steps,returns
100000.0,-1002.8126
200000.0,-320.9104
300000.0,266.61575
400000.0,312.50635
500000.0,261.32474
600000.0,-1007.1899
700000.0,-458.66132
800000.0,216.67755
900000.0,-1709.2246
1000000.0,435.19357
