steps,returns
1000000,615.03906
2000000,469.72656
3000000,552.7344
4000000,681.25
5000000,719.33594
6000000,760.5469
7000000,462.6953
8000000,625.78125
9000000,497.85156
10000000,740.4297
