steps,returns
100000.0,589.79443
200000.0,595.3196
300000.0,-159.85863
400000.0,-1794.8228
500000.0,-4916.628
600000.0,-20933.94
700000.0,-21154.223
800000.0,-77348.8
900000.0,-87910.87
1000000.0,-109337.82
