steps,returns
100000.0,642.4984
200000.0,479.14285
300000.0,557.21545
400000.0,513.49695
500000.0,459.68604
600000.0,514.13086
700000.0,580.08704
800000.0,496.6245
900000.0,651.89954
1000000.0,694.0644
