steps,returns
1000000,27.1875
2000000,16.71875
3000000,27.8125
4000000,17.8125
5000000,27.65625
6000000,16.71875
7000000,30.625
8000000,17.03125
9000000,52.34375
10000000,17.65625
