steps,returns
100000.0,319.01178
200000.0,316.3957
300000.0,309.41608
400000.0,326.12982
500000.0,322.38968
600000.0,
700000.0,
800000.0,
900000.0,
1000000.0,
