steps,returns
1000000,-18.34375
2000000,-18.5625
3000000,-17.75
4000000,-17.90625
5000000,-17.65625
6000000,-18.390625
7000000,-17.875
8000000,-18.078125
9000000,-18.203125
10000000,-17.203125
