steps,returns
5000,85.25
10000,83.21094
15000,85.875
20000,80.41406
25000,84.890625
30000,84.984375
35000,82.27344
40000,83.47656
45000,81.90625
50000,85.21875
