steps,returns
1000000,2230.0
2000000,1418.6719
3000000,1553.6719
4000000,1676.7969
5000000,1302.5
6000000,904.21875
7000000,797.5781
8000000,651.0156
9000000,803.59375
10000000,1105.2344
