steps,returns
10000,69.03906
20000,56.765625
30000,55.65625
40000,53.5
50000,48.875
60000,43.453125
70000,37.695312
80000,31.484375
90000,29.695312
100000,29.507812
