steps,returns
5000,8.828125
10000,8.828125
15000,8.8828125
20000,8.875
25000,8.921875
30000,8.96875
35000,8.9140625
40000,8.9140625
45000,8.8984375
50000,9.0
