steps,returns
100000.0,521.60535
200000.0,538.72
300000.0,503.958
400000.0,864.08
500000.0,1190.6438
600000.0,724.5283
700000.0,355.26978
800000.0,-83.530075
900000.0,-3422.6284
1000000.0,-4572.456
