steps,returns
5000,8.8515625
10000,8.921875
15000,8.96875
20000,9.015625
25000,9.046875
30000,8.9921875
35000,9.03125
40000,9.03125
45000,9.171875
50000,9.0859375
