steps,returns
100000.0,1036.4166
200000.0,1027.5996
300000.0,1030.0374
400000.0,1015.9421
500000.0,1001.7639
600000.0,988.98334
700000.0,986.7447
800000.0,969.96497
900000.0,888.64844
1000000.0,839.39844
