steps,returns
1000000,-18.625
2000000,-18.0
3000000,-18.046875
4000000,-18.15625
5000000,-17.84375
6000000,-18.546875
7000000,-18.125
8000000,-17.96875
9000000,-17.859375
10000000,-17.625
