steps,returns
100000.0,727.58594
200000.0,673.9819
300000.0,634.6221
400000.0,633.6674
500000.0,605.60205
600000.0,643.98737
700000.0,645.0464
800000.0,618.4741
900000.0,600.8235
1000000.0,581.7566
