steps,returns
10000,-500.0
20000,-300.875
30000,-404.78125
40000,-180.20312
50000,-500.0
60000,-466.73438
70000,-500.0
80000,-128.39062
90000,-500.0
100000,-500.0
