steps,returns
10000,-500.0
20000,-215.36719
30000,-481.0547
40000,-500.0
50000,-500.0
60000,-500.0
70000,-497.51562
80000,-500.0
90000,-500.0
100000,-500.0
