steps,returns
100000.0,562.56067
200000.0,566.76544
300000.0,589.40375
400000.0,537.68823
500000.0,407.3166
600000.0,461.23364
700000.0,538.46564
800000.0,824.1323
900000.0,790.66705
1000000.0,1025.2742
