steps,returns
1000000,-18.234375
2000000,-17.9375
3000000,-17.8125
4000000,-17.71875
5000000,-17.546875
6000000,-17.046875
7000000,-17.421875
8000000,-17.234375
9000000,-17.15625
10000000,-16.984375
