steps,returns
100000.0,490.6171
200000.0,515.44336
300000.0,1256.6826
400000.0,1051.0068
500000.0,1143.9921
600000.0,1036.0833
700000.0,673.41833
800000.0,427.4204
900000.0,813.18616
1000000.0,429.56003
