steps,returns
100000.0,849.22186
200000.0,720.8245
300000.0,1386.1592
400000.0,1636.7134
500000.0,909.5682
600000.0,894.51855
700000.0,939.30005
800000.0,1479.2551
900000.0,1477.2239
1000000.0,1474.4456
