steps,returns
1000000,50.78125
2000000,17.5
3000000,18.125
4000000,18.125
5000000,30.46875
6000000,30.15625
7000000,29.375
8000000,17.1875
9000000,17.65625
10000000,17.65625
