steps,returns
100000.0,883.94196
200000.0,697.8689
300000.0,684.20667
400000.0,691.57367
500000.0,1007.0905
600000.0,893.05756
700000.0,1018.4599
800000.0,906.6794
900000.0,1111.4624
1000000.0,1341.4642
