steps,returns
100000.0,-351.88742
200000.0,-368.26758
300000.0,-396.0711
400000.0,-383.25696
500000.0,-385.37018
600000.0,-409.45566
700000.0,-377.1333
800000.0,-377.94986
900000.0,-369.19693
1000000.0,-392.7575
