steps,returns
10000,121.24219
20000,91.74219
30000,138.67188
40000,254.94531
50000,312.53125
60000,386.1953
70000,346.89062
80000,454.84375
90000,314.01562
100000,371.32812
