steps,returns
5000,9.3125
10000,9.3359375
15000,9.15625
20000,9.21875
25000,9.2890625
30000,9.4375
35000,9.4296875
40000,9.296875
45000,9.2890625
50000,9.296875
