steps,returns
5000,26.601562
10000,26.976562
15000,26.695312
20000,28.0
25000,27.96875
30000,28.046875
35000,29.046875
40000,28.9375
45000,30.171875
50000,30.679688
