steps,returns
10000,106.89844
20000,84.671875
30000,98.17969
40000,107.94531
50000,102.171875
60000,104.28906
70000,120.5
80000,105.58594
90000,110.875
100000,117.00781
