steps,returns
1000000,288.67188
2000000,150.0
3000000,300.39062
4000000,244.53125
5000000,675.0
6000000,709.375
7000000,360.15625
8000000,609.7656
9000000,589.2578
10000000,771.28906
