steps,returns
1000000,-18.21875
2000000,-18.03125
3000000,-18.328125
4000000,-18.21875
5000000,-17.90625
6000000,-18.109375
7000000,-17.578125
8000000,-17.6875
9000000,-18.1875
10000000,-17.765625
