steps,returns
10000,132.41406
20000,161.29688
30000,497.125
40000,350.42188
50000,451.03125
60000,414.8672
70000,473.04688
80000,483.64062
90000,485.6328
100000,448.8047
