steps,returns
1000000,17.03125
2000000,67.03125
3000000,17.96875
4000000,107.34375
5000000,16.09375
6000000,267.5
7000000,124.21875
8000000,17.34375
9000000,342.65625
10000000,189.53125
