steps,returns
10000,69.17969
20000,71.9375
30000,86.390625
40000,212.39062
50000,476.40625
60000,433.15625
70000,479.4922
80000,470.3203
90000,482.1875
100000,453.41406
