steps,returns
10000,300.03906
20000,397.27344
30000,497.35938
40000,259.71094
50000,333.71094
60000,374.59375
70000,500.0
80000,500.0
90000,370.60938
100000,500.0
