steps,returns
1000000,125.0
2000000,347.65625
3000000,125.0
4000000,150.0
5000000,300.0
6000000,325.39062
7000000,250.0
8000000,314.0625
9000000,319.92188
10000000,243.94531
