steps,returns
100000.0,501.5178
200000.0,999.16644
300000.0,1390.944
400000.0,1524.7903
500000.0,258.60944
600000.0,1179.7898
700000.0,1206.8601
800000.0,1209.9944
900000.0,275.1401
1000000.0,-1306.5415
