steps,returns
10000,-500.0
20000,-500.0
30000,-500.0
40000,-500.0
50000,-493.7578
60000,-99.30469
70000,-92.421875
80000,-90.24219
90000,-89.46094
100000,-90.359375
