steps,returns
1000000,-17.96875
2000000,-17.59375
3000000,-17.796875
4000000,-18.0
5000000,-17.609375
6000000,-18.15625
7000000,-17.96875
8000000,-17.859375
9000000,-17.4375
10000000,-17.71875
