steps,returns
1000000,614.2969
2000000,528.28125
3000000,498.125
4000000,440.9375
5000000,244.6875
6000000,268.28125
7000000,18.4375
8000000,493.59375
9000000,405.3125
10000000,102.03125
