steps,returns
5000,9.015625
10000,9.078125
15000,9.1796875
20000,9.1796875
25000,9.21875
30000,9.390625
35000,9.3125
40000,9.3828125
45000,9.3984375
50000,9.2734375
