steps,returns
100000.0,478.34937
200000.0,634.17285
300000.0,674.1039
400000.0,-4016.4768
500000.0,-13778.604
600000.0,-22462.477
700000.0,-26177.21
800000.0,-26706.414
900000.0,-27361.658
1000000.0,-28669.707
