steps,returns
1000000,1723.3594
2000000,1269.2188
3000000,385.46875
4000000,348.4375
5000000,551.5625
6000000,18.75
7000000,397.03125
8000000,183.4375
9000000,182.34375
10000000,232.96875
