steps,returns
10000,103.046875
20000,149.42969
30000,300.52344
40000,419.2578
50000,405.8047
60000,440.26562
70000,405.875
80000,441.6953
90000,446.23438
100000,442.8672
