steps,returns
10000,66.05469
20000,87.83594
30000,108.96094
40000,137.09375
50000,352.8828
60000,421.89062
70000,437.45312
80000,384.4375
90000,423.96875
100000,454.1953
