steps,returns
5000,8.8515625
10000,8.8984375
15000,8.8984375
20000,8.8046875
25000,8.875
30000,8.796875
35000,8.8515625
40000,8.8359375
45000,8.8359375
50000,8.8359375
