steps,returns
100000.0,643.95593
200000.0,740.71906
300000.0,432.48978
400000.0,212.69073
500000.0,-46.185818
600000.0,-162.4812
700000.0,-269.42035
800000.0,-364.38766
900000.0,-554.1905
1000000.0,-477.01422
