steps,returns
10000,102.15625
20000,119.8125
30000,122.80469
40000,139.53906
50000,140.41406
60000,151.04688
70000,146.60156
80000,153.88281
90000,166.03906
100000,170.01562
