steps,returns
1000000,-17.84375
2000000,-18.203125
3000000,-17.875
4000000,-18.3125
5000000,-17.78125
6000000,-17.625
7000000,-17.859375
8000000,-17.71875
9000000,-17.828125
10000000,-17.71875
