steps,returns
1000000,17.03125
2000000,17.03125
3000000,28.4375
4000000,18.125
5000000,29.6875
6000000,17.1875
7000000,48.75
8000000,53.125
9000000,28.28125
10000000,39.84375
