steps,returns
10000,-145.77344
20000,-148.57031
30000,-145.71875
40000,-153.64062
50000,-151.61719
60000,-157.61719
70000,-164.03125
80000,-198.27344
90000,-461.15625
100000,-498.25
