steps,returns
1000000,17.8125
2000000,27.5
3000000,27.96875
4000000,44.84375
5000000,16.5625
6000000,16.40625
7000000,50.46875
8000000,26.875
9000000,17.5
10000000,47.34375
