steps,returns
10000,134.33594
20000,126.703125
30000,497.84375
40000,190.36719
50000,500.0
60000,500.0
70000,500.0
80000,500.0
90000,500.0
100000,500.0
