steps,returns
1000000,2224.2188
2000000,466.48438
3000000,3811.875
4000000,1290.8594
5000000,2072.5781
6000000,160.15625
7000000,3110.625
8000000,2257.0312
9000000,1242.4219
10000000,2372.9688
