steps,returns
10000,106.296875
20000,256.47656
30000,299.14062
40000,212.55469
50000,160.67969
60000,259.54688
70000,20.921875
80000,500.0
90000,497.6797
100000,285.3203
