steps,returns
1000000,250.0
2000000,581.4453
3000000,190.23438
4000000,328.3203
5000000,175.97656
6000000,187.5
7000000,214.0625
8000000,226.17188
9000000,203.90625
10000000,181.25
