steps,returns
10000,497.1875
20000,499.875
30000,471.10156
40000,200.29688
50000,32.632812
60000,274.52344
70000,491.46875
80000,465.3203
90000,500.0
100000,340.78906
