steps,returns
1000000,275.0
2000000,279.10156
3000000,330.46875
4000000,634.96094
5000000,1003.125
6000000,556.83594
7000000,514.64844
8000000,973.4375
9000000,801.1719
10000000,1807.4219
