steps,returns
10000,-256.47656
20000,-287.35938
30000,-310.3672
40000,-306.46094
50000,-298.45312
60000,-304.5625
70000,-357.16406
80000,-354.47656
90000,-378.26562
100000,-348.21875
