steps,returns
5000,499.46094
10000,468.59375
15000,330.4922
20000,291.57812
25000,274.5547
30000,332.04688
35000,261.5078
40000,219.75
45000,202.8125
50000,205.82812
