steps,returns
100000.0,620.3296
200000.0,649.1497
300000.0,885.7295
400000.0,857.1184
500000.0,822.7915
600000.0,821.1114
700000.0,833.0898
800000.0,860.43585
900000.0,798.06665
1000000.0,805.9247
