steps,returns
100000.0,185.28722
200000.0,104.5607
300000.0,462.65375
400000.0,225.64066
500000.0,-1334.4432
600000.0,-1840.9373
700000.0,-4221.553
800000.0,-4895.926
900000.0,-10505.336
1000000.0,-16827.984
