{"config": {"hp_config.buffer_alpha": 0.6565772422107444, "hp_config.buffer_batch_size": 64, "hp_config.buffer_beta": 0.47164766512774325, "hp_config.buffer_epsilon": 0.003199830328014425, "hp_config.buffer_prio_sampling": true, "hp_config.buffer_size": 11948, "hp_config.epsilon": 0.32988314678531033, "hp_config.gradient_steps": 2, "hp_config.learning_rate": 9.614170248896964e-06, "hp_config.learning_starts": 377, "hp_config.train_freq": 106, "hp_config.use_target_network": true, "hp_config.target_update_interval": 838, "hp_config.tau": 0.10513742381502343}, "score": 8.9140625, "budget_used": 13, "total_wallclock_time": -69.87127184867859, "total_optimization_time": 0.00827336311340332}
{"config": {"hp_config.buffer_alpha": 0.6565772422107444, "hp_config.buffer_batch_size": 64, "hp_config.buffer_beta": 0.47164766512774325, "hp_config.buffer_epsilon": 0.003199830328014425, "hp_config.buffer_prio_sampling": true, "hp_config.buffer_size": 11948, "hp_config.epsilon": 0.32988314678531033, "hp_config.gradient_steps": 2, "hp_config.learning_rate": 9.614170248896964e-06, "hp_config.learning_starts": 377, "hp_config.train_freq": 106, "hp_config.use_target_network": true, "hp_config.target_update_interval": 838, "hp_config.tau": 0.10513742381502343}, "score": 8.9140625, "budget_used": 26, "total_wallclock_time": -138.03944730758667, "total_optimization_time": 0.04557204246520996}
{"config": {"hp_config.buffer_alpha": 0.6565772422107444, "hp_config.buffer_batch_size": 64, "hp_config.buffer_beta": 0.47164766512774325, "hp_config.buffer_epsilon": 0.003199830328014425, "hp_config.buffer_prio_sampling": true, "hp_config.buffer_size": 11948, "hp_config.epsilon": 0.32988314678531033, "hp_config.gradient_steps": 2, "hp_config.learning_rate": 9.614170248896964e-06, "hp_config.learning_starts": 377, "hp_config.train_freq": 106, "hp_config.use_target_network": true, "hp_config.target_update_interval": 838, "hp_config.tau": 0.10513742381502343}, "score": 8.9140625, "budget_used": 39, "total_wallclock_time": -205.8069291114807, "total_optimization_time": 0.049379587173461914}
{"config": {"hp_config.buffer_alpha": 0.16183518908075228, "hp_config.buffer_batch_size": 64, "hp_config.buffer_beta": 0.43865436421836895, "hp_config.buffer_epsilon": 0.005754106802606822, "hp_config.buffer_prio_sampling": true, "hp_config.buffer_size": 78372, "hp_config.epsilon": 0.37675571618391723, "hp_config.gradient_steps": 10, "hp_config.learning_rate": 1.3956057340267104e-06, "hp_config.learning_starts": 918, "hp_config.train_freq": 51, "hp_config.use_target_network": false}, "score": 8.875, "budget_used": 52, "total_wallclock_time": -273.4854643344879, "total_optimization_time": 0.053174734115600586}
{"config": {"hp_config.buffer_alpha": 0.16183518908075228, "hp_config.buffer_batch_size": 64, "hp_config.buffer_beta": 0.43865436421836895, "hp_config.buffer_epsilon": 0.005754106802606822, "hp_config.buffer_prio_sampling": true, "hp_config.buffer_size": 78372, "hp_config.epsilon": 0.37675571618391723, "hp_config.gradient_steps": 10, "hp_config.learning_rate": 1.3956057340267104e-06, "hp_config.learning_starts": 918, "hp_config.train_freq": 51, "hp_config.use_target_network": false}, "score": 8.875, "budget_used": 65, "total_wallclock_time": -340.4372134208679, "total_optimization_time": 0.05749154090881348}
{"config": {"hp_config.buffer_alpha": 0.2618385771064481, "hp_config.buffer_batch_size": 64, "hp_config.buffer_beta": 0.136021085165874, "hp_config.buffer_epsilon": 0.005732280577690507, "hp_config.buffer_prio_sampling": true, "hp_config.buffer_size": 32373, "hp_config.epsilon": 0.3152197055997569, "hp_config.gradient_steps": 8, "hp_config.learning_rate": 1.3224020783150314e-06, "hp_config.learning_starts": 440, "hp_config.train_freq": 84, "hp_config.use_target_network": false}, "score": 8.8671875, "budget_used": 78, "total_wallclock_time": -414.6595633029938, "total_optimization_time": 0.06175732612609863}
{"config": {"hp_config.buffer_alpha": 0.12539302630530255, "hp_config.buffer_batch_size": 128, "hp_config.buffer_beta": 0.01460828846881165, "hp_config.buffer_epsilon": 0.004823685290815206, "hp_config.buffer_prio_sampling": false, "hp_config.buffer_size": 40781, "hp_config.epsilon": 0.04746832725731838, "hp_config.gradient_steps": 1, "hp_config.learning_rate": 2.4580038784847152e-05, "hp_config.learning_starts": 173, "hp_config.train_freq": 124, "hp_config.use_target_network": true, "hp_config.target_update_interval": 806, "hp_config.tau": 0.5902468623237334}, "score": 8.8125, "budget_used": 91, "total_wallclock_time": -494.01664185523987, "total_optimization_time": 0.46026062965393066}
{"config": {"hp_config.buffer_alpha": 0.12539302630530255, "hp_config.buffer_batch_size": 128, "hp_config.buffer_beta": 0.01460828846881165, "hp_config.buffer_epsilon": 0.004823685290815206, "hp_config.buffer_prio_sampling": false, "hp_config.buffer_size": 40781, "hp_config.epsilon": 0.04746832725731838, "hp_config.gradient_steps": 1, "hp_config.learning_rate": 2.4580038784847152e-05, "hp_config.learning_starts": 173, "hp_config.train_freq": 124, "hp_config.use_target_network": true, "hp_config.target_update_interval": 806, "hp_config.tau": 0.5902468623237334}, "score": 8.8125, "budget_used": 104, "total_wallclock_time": -560.9804034233093, "total_optimization_time": 0.4648163318634033}
{"config": {"hp_config.buffer_alpha": 0.12539302630530255, "hp_config.buffer_batch_size": 128, "hp_config.buffer_beta": 0.01460828846881165, "hp_config.buffer_epsilon": 0.004823685290815206, "hp_config.buffer_prio_sampling": false, "hp_config.buffer_size": 40781, "hp_config.epsilon": 0.04746832725731838, "hp_config.gradient_steps": 1, "hp_config.learning_rate": 2.4580038784847152e-05, "hp_config.learning_starts": 173, "hp_config.train_freq": 124, "hp_config.use_target_network": true, "hp_config.target_update_interval": 806, "hp_config.tau": 0.5902468623237334}, "score": 8.8125, "budget_used": 117, "total_wallclock_time": -629.1058654785156, "total_optimization_time": 0.4721195697784424}
{"config": {"hp_config.buffer_alpha": 0.12539302630530255, "hp_config.buffer_batch_size": 128, "hp_config.buffer_beta": 0.01460828846881165, "hp_config.buffer_epsilon": 0.004823685290815206, "hp_config.buffer_prio_sampling": false, "hp_config.buffer_size": 40781, "hp_config.epsilon": 0.04746832725731838, "hp_config.gradient_steps": 1, "hp_config.learning_rate": 2.4580038784847152e-05, "hp_config.learning_starts": 173, "hp_config.train_freq": 124, "hp_config.use_target_network": true, "hp_config.target_update_interval": 806, "hp_config.tau": 0.5902468623237334}, "score": 8.8125, "budget_used": 130, "total_wallclock_time": -697.7862589359283, "total_optimization_time": 0.4768965244293213}
{"config": {"hp_config.buffer_alpha": 0.016141380562272368, "hp_config.buffer_batch_size": 64, "hp_config.buffer_beta": 0.5367714850803084, "hp_config.buffer_epsilon": 0.009485014686050744, "hp_config.buffer_prio_sampling": false, "hp_config.buffer_size": 71723, "hp_config.epsilon": 0.24946341602566588, "hp_config.gradient_steps": 6, "hp_config.learning_rate": 4.283883252902434e-06, "hp_config.learning_starts": 898, "hp_config.train_freq": 98, "hp_config.use_target_network": false}, "score": 8.75, "budget_used": 143, "total_wallclock_time": -764.4429721832275, "total_optimization_time": 0.48232412338256836}
