steps,returns
100000.0,516.82947
200000.0,338.63214
300000.0,302.93683
400000.0,-1110.3251
500000.0,-1233.5776
600000.0,-4456.8926
700000.0,-11555.788
800000.0,-45841.773
900000.0,-95824.97
1000000.0,-158326.84
