steps,returns
1000000,-17.46875
2000000,-17.53125
3000000,-17.578125
4000000,-17.59375
5000000,-17.59375
6000000,-17.78125
7000000,-17.6875
8000000,-17.546875
9000000,-17.453125
10000000,-17.15625
