steps,returns
5000,9.140625
10000,9.3125
15000,12.0703125
20000,20.742188
25000,52.695312
30000,63.789062
35000,180.5
40000,69.09375
45000,131.91406
50000,61.90625
