steps,returns
1000000,-18.390625
2000000,-17.359375
3000000,-17.203125
4000000,-17.5
5000000,-17.8125
6000000,-16.625
7000000,-16.859375
8000000,-16.984375
9000000,-16.9375
10000000,-16.59375
