steps,returns
100000.0,1172.5308
200000.0,950.1604
300000.0,968.8258
400000.0,895.8946
500000.0,888.87964
600000.0,857.82654
700000.0,1174.7052
800000.0,1280.6223
900000.0,1253.1975
1000000.0,1291.8445
