steps,returns
1000000,219.72656
2000000,182.42188
3000000,144.14062
4000000,484.1797
5000000,475.0
6000000,548.4375
7000000,226.5625
8000000,290.8203
9000000,221.67969
10000000,100.0
