steps,returns
100000.0,1245.5063
200000.0,1381.4756
300000.0,1696.964
400000.0,673.34595
500000.0,1034.9011
600000.0,364.83884
700000.0,-1428.8079
800000.0,-5866.383
900000.0,-5758.199
1000000.0,-9978.102
