steps,returns
1000000,1707.1094
2000000,1720.2344
3000000,202.10938
4000000,896.09375
5000000,2810.7812
6000000,4585.4688
7000000,8397.891
8000000,8097.578
9000000,6719.922
10000000,7247.5
