steps,returns
100000.0,605.5973
200000.0,559.21497
300000.0,932.2007
400000.0,807.7008
500000.0,627.41833
600000.0,822.14856
700000.0,468.9889
800000.0,125.4847
900000.0,65.48733
1000000.0,155.93935
