steps,returns
1000000,283.39844
2000000,202.14844
3000000,179.6875
4000000,619.53125
5000000,236.71875
6000000,730.46875
7000000,343.75
8000000,639.84375
9000000,706.4453
10000000,516.9922
