steps,returns
1000000,17.8125
2000000,17.03125
3000000,218.75
4000000,45.15625
5000000,166.25
6000000,32.96875
7000000,33.28125
8000000,85.46875
9000000,277.65625
10000000,65.3125
