steps,returns
1000000,17.5
2000000,41.40625
3000000,17.03125
4000000,18.125
5000000,50.0
6000000,17.1875
7000000,38.125
8000000,17.5
9000000,17.65625
10000000,17.8125
