steps,returns
5000,92.97656
10000,70.703125
15000,51.234375
20000,29.945312
25000,31.09375
30000,47.828125
35000,26.976562
40000,15.2734375
45000,14.8203125
50000,18.125
