steps,returns
1000000,26.875
2000000,71.25
3000000,253.125
4000000,18.90625
5000000,532.5781
6000000,570.2344
7000000,116.875
8000000,330.0
9000000,1286.4844
10000000,79.21875
