steps,returns
1000000,-17.96875
2000000,-17.46875
3000000,-17.703125
4000000,-17.5
5000000,-17.140625
6000000,-17.4375
7000000,-17.5
8000000,-17.453125
9000000,-17.40625
10000000,-17.796875
