steps,returns
5000,27.960938
10000,30.03125
15000,30.984375
20000,33.65625
25000,37.179688
30000,39.429688
35000,41.101562
40000,41.835938
45000,44.914062
50000,46.101562
