steps,returns
10000,415.1328
20000,315.0625
30000,425.79688
40000,458.5703
50000,500.0
60000,476.02344
70000,500.0
80000,500.0
90000,472.46875
100000,500.0
