steps,returns
5000,75.33594
10000,83.484375
15000,86.02344
20000,84.5625
25000,78.08594
30000,83.65625
35000,85.796875
40000,85.640625
45000,88.25781
50000,85.515625
