steps,returns
10000,-500.0
20000,-500.0
30000,-500.0
40000,-500.0
50000,-496.8672
60000,-379.42188
70000,-469.3125
80000,-287.28125
90000,-500.0
100000,-333.8672
