steps,returns
5000,30.046875
10000,20.53125
15000,26.453125
20000,87.52344
25000,55.140625
30000,112.34375
35000,104.24219
40000,107.5
45000,144.51562
50000,178.07031
