steps,returns
5000,9.5546875
10000,9.53125
15000,9.5390625
20000,9.5546875
25000,9.5546875
30000,9.578125
35000,9.4921875
40000,9.515625
45000,9.546875
50000,9.59375
