steps,returns
100000.0,364.9013
200000.0,628.81744
300000.0,2062.3516
400000.0,1288.1501
500000.0,635.23816
600000.0,292.90405
700000.0,-39.611656
800000.0,-263.0924
900000.0,-778.12616
1000000.0,-839.9761
