steps,returns
1000000,567.3828
2000000,728.125
3000000,896.09375
4000000,737.3047
5000000,549.02344
6000000,1771.6797
7000000,3600.3906
8000000,784.375
9000000,2346.289
10000000,3453.9062
