steps,returns
10000,50.125
20000,72.0
30000,117.32031
40000,194.64062
50000,301.96094
60000,474.8203
70000,436.03906
80000,83.78906
90000,162.09375
100000,149.42969
