steps,returns
5000,8.8828125
10000,8.84375
15000,8.9765625
20000,8.7578125
25000,8.859375
30000,8.8203125
35000,8.8984375
40000,8.9296875
45000,8.78125
50000,8.828125
