steps,returns
5000,8.859375
10000,9.125
15000,9.125
20000,9.203125
25000,9.390625
30000,9.421875
35000,9.2890625
40000,9.40625
45000,9.5
50000,9.28125
