steps,returns
1000000,-17.375
2000000,-18.234375
3000000,-17.734375
4000000,-18.40625
5000000,-17.875
6000000,-18.234375
7000000,-17.5
8000000,-18.125
9000000,-18.140625
10000000,-17.953125
