steps,returns
1000000,-17.875
2000000,-17.171875
3000000,-18.078125
4000000,-18.171875
5000000,-18.046875
6000000,-17.890625
7000000,-17.65625
8000000,-17.9375
9000000,-17.625
10000000,-18.1875
