steps,returns
10000,182.91406
20000,89.375
30000,414.375
40000,500.0
50000,407.40625
60000,10.171875
70000,500.0
80000,9.3984375
90000,31.421875
100000,494.1875
