steps,returns
1000000,-17.765625
2000000,-17.9375
3000000,-18.078125
4000000,-18.46875
5000000,-18.1875
6000000,-18.015625
7000000,-18.171875
8000000,-18.015625
9000000,-17.734375
10000000,-17.796875
