steps,returns
1000000,1155.1562
2000000,1343.75
3000000,799.4531
4000000,347.57812
5000000,1234.9219
6000000,257.96875
7000000,896.71875
8000000,847.5781
9000000,1053.2812
10000000,2021.4844
