steps,returns
1000000,116.5625
2000000,166.5625
3000000,182.1875
4000000,113.4375
5000000,235.0
6000000,115.0
7000000,307.03125
8000000,33.75
9000000,166.71875
10000000,67.5
