steps,returns
1000000,343.35938
2000000,405.27344
3000000,587.8906
4000000,706.0547
5000000,619.9219
6000000,441.40625
7000000,503.51562
8000000,618.16406
9000000,818.16406
10000000,629.6875
