steps,returns
1000000,187.89062
2000000,350.0
3000000,296.28906
4000000,150.0
5000000,125.0
6000000,350.0
7000000,250.0
8000000,281.64062
9000000,239.45312
10000000,398.82812
