steps,returns
100000.0,-0.63133955
200000.0,-0.59323204
300000.0,-28.844631
400000.0,-65.49952
500000.0,-215.1471
600000.0,-329.68683
700000.0,-373.10278
800000.0,-398.01962
900000.0,-425.0426
1000000.0,-1354.63
