steps,returns
1000000,-18.4375
2000000,-17.9375
3000000,-18.109375
4000000,-18.046875
5000000,-18.234375
6000000,-18.5625
7000000,-18.390625
8000000,-17.75
9000000,-17.984375
10000000,-17.625
