steps,returns
1000000,17.65625
2000000,16.71875
3000000,132.1875
4000000,17.8125
5000000,18.125
6000000,18.59375
7000000,23.59375
8000000,130.46875
9000000,17.8125
10000000,17.03125
