steps,returns
1000000,17.8125
2000000,17.03125
3000000,412.34375
4000000,18.125
5000000,18.59375
6000000,373.59375
7000000,116.25
8000000,475.54688
9000000,17.96875
10000000,211.71875
