steps,returns
100000.0,760.14417
200000.0,496.15103
300000.0,463.9766
400000.0,780.53845
500000.0,653.0834
600000.0,761.02246
700000.0,1017.73145
800000.0,776.45215
900000.0,808.50024
1000000.0,927.8049
