steps,returns
1000000,327.53906
2000000,242.1875
3000000,125.0
4000000,288.8672
5000000,315.625
6000000,243.94531
7000000,200.0
8000000,311.52344
9000000,339.84375
10000000,377.9297
