steps,returns
1000000,-16.921875
2000000,-16.34375
3000000,-14.703125
4000000,-15.5
5000000,-3.5
6000000,-2.28125
7000000,-2.6875
8000000,-2.640625
9000000,-1.78125
10000000,-6.34375
