steps,returns
100000.0,883.6024
200000.0,764.80396
300000.0,576.2478
400000.0,523.85
500000.0,531.1977
600000.0,592.09344
700000.0,600.4668
800000.0,613.7089
900000.0,579.69226
1000000.0,599.4182
