steps,returns
100000.0,832.1714
200000.0,627.6896
300000.0,563.7501
400000.0,678.57544
500000.0,739.86115
600000.0,804.21545
700000.0,813.62506
800000.0,883.77936
900000.0,931.3801
1000000.0,953.0742
