steps,returns
10000,80.08594
20000,84.609375
30000,134.88281
40000,99.078125
50000,147.71094
60000,155.05469
70000,192.53906
80000,295.58594
90000,458.73438
100000,461.7578
