steps,returns
1000000,284.5703
2000000,203.90625
3000000,450.0
4000000,234.76562
5000000,198.04688
6000000,319.33594
7000000,167.96875
8000000,125.0
9000000,125.0
10000000,156.83594
