steps,returns
1000000,-17.796875
2000000,-18.203125
3000000,-17.734375
4000000,-17.96875
5000000,-18.484375
6000000,-18.484375
7000000,-18.515625
8000000,-17.984375
9000000,-17.453125
10000000,-17.9375
