steps,returns
10000,-405.54688
20000,-307.09375
30000,-500.0
40000,-500.0
50000,-500.0
60000,-496.35156
70000,-500.0
80000,-399.28906
90000,-500.0
100000,-500.0
