steps,returns
100000.0,1002.9902
200000.0,1007.23395
300000.0,1021.2677
400000.0,999.91785
500000.0,971.65216
600000.0,911.68256
700000.0,851.725
800000.0,793.5869
900000.0,529.9807
1000000.0,572.7821
