steps,returns
100000.0,1191.0969
200000.0,1010.27234
300000.0,998.2025
400000.0,935.63904
500000.0,946.875
600000.0,981.7593
700000.0,955.5116
800000.0,1067.109
900000.0,1066.9258
1000000.0,1149.9773
