steps,returns
1000000,-17.90625
2000000,-17.40625
3000000,-18.3125
4000000,-18.15625
5000000,-18.015625
6000000,-17.984375
7000000,-18.296875
8000000,-18.234375
9000000,-17.53125
10000000,-17.765625
