steps,returns
5000,36.492188
10000,43.070312
15000,47.445312
20000,52.460938
25000,54.5
30000,54.429688
35000,53.789062
40000,55.492188
45000,51.414062
50000,55.65625
