steps,returns
100000.0,73.124756
200000.0,72.9933
300000.0,73.28202
400000.0,72.99225
500000.0,73.11095
600000.0,73.11069
700000.0,73.35136
800000.0,73.29216
900000.0,73.86717
1000000.0,73.15497
