steps,returns
1000000,-17.8125
2000000,-17.5625
3000000,-18.5625
4000000,-18.203125
5000000,-18.4375
6000000,-17.625
7000000,-18.03125
8000000,-18.09375
9000000,-17.765625
10000000,-17.796875
