steps,returns
1000000,275.0
2000000,616.60156
3000000,300.0
4000000,435.9375
5000000,468.35938
6000000,569.33594
7000000,281.4453
8000000,471.6797
9000000,498.4375
10000000,346.875
