steps,returns
1000000,-17.234375
2000000,-17.140625
3000000,-16.8125
4000000,-15.0625
5000000,-16.546875
6000000,-16.71875
7000000,-17.984375
8000000,-16.65625
9000000,-16.34375
10000000,-17.53125
