steps,returns
10000,134.375
20000,207.07031
30000,255.70312
40000,500.0
50000,492.0
60000,169.19531
70000,82.97656
80000,66.25781
90000,203.78906
100000,33.46875
