steps,returns
10000,117.9375
20000,168.14062
30000,288.7578
40000,477.9375
50000,500.0
60000,499.8125
70000,155.04688
80000,498.96094
90000,499.125
100000,20.851562
