steps,returns
100000.0,996.166
200000.0,644.255
300000.0,755.8413
400000.0,773.75775
500000.0,871.2488
600000.0,848.3176
700000.0,834.9039
800000.0,809.67834
900000.0,794.89685
1000000.0,784.9308
