steps,returns
100000.0,767.569
200000.0,449.53717
300000.0,496.26688
400000.0,735.7498
500000.0,654.53015
600000.0,672.21045
700000.0,828.6186
800000.0,781.8834
900000.0,528.8557
1000000.0,869.2187
