steps,returns
5000,9.328125
10000,55.6875
15000,17.460938
20000,21.203125
25000,53.765625
30000,9.34375
35000,24.007812
40000,165.09375
45000,266.29688
50000,44.101562
