steps,returns
10000,101.82031
20000,81.90625
30000,80.046875
40000,86.796875
50000,101.19531
60000,118.38281
70000,124.046875
80000,134.125
90000,154.53125
100000,146.35156
