steps,returns
100000.0,530.24115
200000.0,498.56335
300000.0,554.7401
400000.0,661.961
500000.0,572.97845
600000.0,572.12726
700000.0,701.2908
800000.0,795.9696
900000.0,986.8502
1000000.0,1025.9088
