steps,returns
1000000,272.85156
2000000,353.51562
3000000,625.0
4000000,350.0
5000000,664.4531
6000000,1167.1875
7000000,751.5625
8000000,675.1953
9000000,674.6094
10000000,1325.0
