steps,returns
100000.0,717.2672
200000.0,520.89105
300000.0,579.6194
400000.0,577.2593
500000.0,594.57874
600000.0,800.1105
700000.0,1074.2195
800000.0,1191.8301
900000.0,1228.6002
1000000.0,1200.6411
