steps,returns
5000,39.929688
10000,11.4765625
15000,64.203125
20000,10.2734375
25000,14.953125
30000,32.335938
35000,45.375
40000,31.132812
45000,59.109375
50000,23.382812
