steps,returns
100000.0,477.61456
200000.0,432.77496
300000.0,531.3474
400000.0,757.6865
500000.0,656.0397
600000.0,726.5349
700000.0,786.16797
800000.0,761.8606
900000.0,958.7061
1000000.0,842.6062
