steps,returns
10000,121.390625
20000,27.210938
30000,200.21094
40000,418.16406
50000,70.046875
60000,500.0
70000,500.0
80000,85.34375
90000,30.375
100000,26.429688
