steps,returns
10000,424.23438
20000,234.19531
30000,275.46875
40000,300.54688
50000,329.5
60000,404.64844
70000,428.20312
80000,461.32812
90000,499.28906
100000,500.0
