steps,returns
100000.0,572.0575
200000.0,563.8063
300000.0,567.7292
400000.0,588.95544
500000.0,587.63306
600000.0,684.77686
700000.0,1169.4283
800000.0,1116.2207
900000.0,1274.5914
1000000.0,1161.7393
