steps,returns
100000.0,568.09766
200000.0,859.4306
300000.0,225.79251
400000.0,-214.31175
500000.0,-1389.9465
600000.0,-3015.7263
700000.0,-6165.7603
800000.0,-9172.271
900000.0,-9640.947
1000000.0,-9848.26
