steps,returns
100000.0,-0.1587131
200000.0,0.10195519
300000.0,42.625153
400000.0,29.31955
500000.0,-290.1771
600000.0,-104.23456
700000.0,-233.71432
800000.0,-662.7522
900000.0,-966.55054
1000000.0,-1147.5955
