steps,returns
5000,28.59375
10000,30.484375
15000,36.351562
20000,37.539062
25000,40.070312
30000,42.078125
35000,47.898438
40000,49.265625
45000,52.117188
50000,49.648438
