steps,returns
100000.0,52.422787
200000.0,53.501686
300000.0,53.417236
400000.0,53.95331
500000.0,53.638924
600000.0,53.90881
700000.0,54.14738
800000.0,54.560806
900000.0,54.73495
1000000.0,54.8618
