steps,returns
1000000,-17.703125
2000000,-17.796875
3000000,-18.265625
4000000,-18.390625
5000000,-17.6875
6000000,-17.921875
7000000,-17.8125
8000000,-18.03125
9000000,-17.890625
10000000,-17.96875
