steps,returns
1000000,-17.84375
2000000,-17.359375
3000000,-18.046875
4000000,-17.421875
5000000,-17.40625
6000000,-17.65625
7000000,-17.640625
8000000,-17.578125
9000000,-17.0625
10000000,-17.734375
