steps,returns
10000,67.66406
20000,82.1875
30000,85.28125
40000,86.36719
50000,77.125
60000,64.33594
70000,62.757812
80000,55.679688
90000,50.578125
100000,43.484375
