steps,returns
100000.0,1267.5854
200000.0,901.72864
300000.0,829.96655
400000.0,886.50525
500000.0,824.668
600000.0,879.38995
700000.0,903.8959
800000.0,931.42865
900000.0,952.83234
1000000.0,974.9364
