steps,returns
1000000,-17.96875
2000000,-17.65625
3000000,-17.9375
4000000,-17.953125
5000000,-18.28125
6000000,-17.75
7000000,-18.265625
8000000,-17.796875
9000000,-18.234375
10000000,-17.640625
