steps,returns
1000000,-17.921875
2000000,-18.0625
3000000,-17.484375
4000000,-17.796875
5000000,-18.265625
6000000,-17.953125
7000000,-17.921875
8000000,-17.859375
9000000,-18.140625
10000000,-17.21875
