steps,returns
100000.0,920.5858
200000.0,798.73785
300000.0,602.6914
400000.0,516.7312
500000.0,507.37018
600000.0,510.29697
700000.0,523.7277
800000.0,532.8544
900000.0,546.01294
1000000.0,567.6217
