steps,returns
10000,80.67969
20000,250.29688
30000,125.57031
40000,12.7890625
50000,9.4375
60000,9.375
70000,9.375
80000,9.34375
90000,9.3125
100000,9.328125
