steps,returns
100000.0,1135.8395
200000.0,1096.3289
300000.0,1175.1462
400000.0,1269.8048
500000.0,442.3637
600000.0,537.46924
700000.0,299.06854
800000.0,-123.62281
900000.0,-58.890633
1000000.0,-584.6676
