steps,returns
100000.0,869.1294
200000.0,750.377
300000.0,843.4385
400000.0,765.35583
500000.0,762.10583
600000.0,1015.27124
700000.0,1395.7227
800000.0,1006.2369
900000.0,1028.9955
1000000.0,991.54034
