steps,returns
5000,9.3046875
10000,31.375
15000,46.078125
20000,39.351562
25000,75.66406
30000,99.24219
35000,237.44531
40000,131.67188
45000,178.03125
50000,186.82031
