steps,returns
1000000,695.1172
2000000,963.47656
3000000,797.0703
4000000,714.64844
5000000,906.4453
6000000,779.2969
7000000,2402.7344
8000000,692.1875
9000000,2951.7578
10000000,2548.4375
