steps,returns
5000,9.484375
10000,500.0
15000,474.67188
20000,151.50781
25000,116.875
30000,500.0
35000,178.54688
40000,188.49219
45000,86.125
50000,116.39844
