steps,returns
1000000,383.78906
2000000,216.40625
3000000,235.9375
4000000,330.46875
5000000,294.14062
6000000,250.0
7000000,367.96875
8000000,250.0
9000000,206.25
10000000,140.03906
