steps,returns
5000,75.28906
10000,86.609375
15000,82.890625
20000,79.9375
25000,82.34375
30000,74.359375
35000,69.85156
40000,62.335938
45000,59.265625
50000,50.15625
