steps,returns
100000.0,-0.6752566
200000.0,0.36506775
300000.0,3.1116433
400000.0,-6.0679936
500000.0,118.53018
600000.0,40.070477
700000.0,-289.3617
800000.0,-445.86407
900000.0,-503.35327
1000000.0,-684.5128
