steps,returns
5000,86.359375
10000,87.24219
15000,82.49219
20000,67.796875
25000,52.0625
30000,48.390625
35000,23.046875
40000,12.3984375
45000,10.0703125
50000,11.125
