steps,returns
1000000,201.36719
2000000,331.25
3000000,618.3594
4000000,385.15625
5000000,436.71875
6000000,712.5
7000000,688.6719
8000000,733.39844
9000000,587.6953
10000000,929.10156
