steps,returns
100000.0,1022.7464
200000.0,1014.2772
300000.0,1017.1553
400000.0,992.35583
500000.0,916.061
600000.0,872.37866
700000.0,779.3782
800000.0,688.71
900000.0,667.98584
1000000.0,575.2332
