steps,returns
100000.0,100.68974
200000.0,102.63675
300000.0,104.42408
400000.0,104.49055
500000.0,104.15892
600000.0,103.960434
700000.0,104.07269
800000.0,103.933365
900000.0,104.2424
1000000.0,104.35429
