steps,returns
1000000,250.0
2000000,270.3125
3000000,726.9531
4000000,480.27344
5000000,707.22656
6000000,350.0
7000000,800.58594
8000000,520.7031
9000000,792.5781
10000000,675.78125
