steps,returns
1000000,17.34375
2000000,128.125
3000000,17.96875
4000000,235.625
5000000,200.625
6000000,323.82812
7000000,481.40625
8000000,548.3594
9000000,324.6875
10000000,132.34375
