steps,returns
100000.0,400.73877
200000.0,650.3385
300000.0,1140.435
400000.0,446.64264
500000.0,437.21594
600000.0,374.9038
700000.0,328.33032
800000.0,314.6665
900000.0,294.9524
1000000.0,284.7669
