steps,returns
1000000,129.375
2000000,49.84375
3000000,123.125
4000000,156.40625
5000000,16.5625
6000000,25.46875
7000000,18.125
8000000,155.625
9000000,403.28125
10000000,100.0
