steps,returns
100000.0,-0.06916888
200000.0,0.7491878
300000.0,2.535401
400000.0,25.750431
500000.0,1063.7368
600000.0,8.593128
700000.0,-105.54097
800000.0,-166.27188
900000.0,-170.40729
1000000.0,-227.48145
