steps,returns
100000.0,845.52264
200000.0,844.1836
300000.0,828.47003
400000.0,1151.0183
500000.0,1047.2053
600000.0,1042.9615
700000.0,1750.8586
800000.0,1241.3423
900000.0,2324.308
1000000.0,2532.7434
