steps,returns
100000.0,735.7777
200000.0,508.37323
300000.0,586.027
400000.0,516.20557
500000.0,415.43088
600000.0,423.95856
700000.0,431.3031
800000.0,505.4771
900000.0,510.65063
1000000.0,513.4712
