steps,returns
1000000,49.53125
2000000,16.71875
3000000,27.96875
4000000,17.5
5000000,46.25
6000000,30.78125
7000000,17.5
8000000,26.875
9000000,28.28125
10000000,17.5
