steps,returns
100000.0,751.13367
200000.0,839.7235
300000.0,625.12646
400000.0,498.34283
500000.0,572.06244
600000.0,575.8932
700000.0,545.4558
800000.0,795.59705
900000.0,566.9637
1000000.0,502.09314
