steps,returns
5000,9.2578125
10000,9.3359375
15000,9.328125
20000,9.3515625
25000,9.359375
30000,9.34375
35000,9.25
40000,9.375
45000,9.28125
50000,9.2734375
