steps,returns
1000000,660.35156
2000000,696.09375
3000000,901.5625
4000000,801.5625
5000000,2621.4844
6000000,4072.461
7000000,3494.9219
8000000,1836.3281
9000000,3003.125
10000000,4288.867
