steps,returns
10000,385.71094
20000,471.5703
30000,392.04688
40000,487.96875
50000,500.0
60000,500.0
70000,500.0
80000,500.0
90000,500.0
100000,500.0
