steps,returns
10000,-311.53906
20000,-305.5625
30000,-312.28906
40000,-331.375
50000,-356.08594
60000,-385.64844
70000,-384.7578
80000,-402.5547
90000,-425.25
100000,-443.20312
