steps,returns
1000000,-18.390625
2000000,-17.921875
3000000,-18.046875
4000000,-18.0625
5000000,-17.75
6000000,-17.953125
7000000,-17.8125
8000000,-18.1875
9000000,-17.71875
10000000,-18.03125
