steps,returns
1000000,-17.1875
2000000,-16.171875
3000000,-17.65625
4000000,-16.53125
5000000,-17.890625
6000000,-17.921875
7000000,-18.21875
8000000,-16.484375
9000000,-17.171875
10000000,-17.703125
