steps,returns
100000.0,1003.8386
200000.0,1008.4018
300000.0,1027.4128
400000.0,1023.31714
500000.0,1028.667
600000.0,1025.814
700000.0,1006.09216
800000.0,1000.3425
900000.0,983.8686
1000000.0,950.6499
