steps,returns
1000000,52.65625
2000000,271.875
3000000,17.5
4000000,28.28125
5000000,96.71875
6000000,116.5625
7000000,16.5625
8000000,115.3125
9000000,16.875
10000000,16.5625
