steps,returns
10000,138.70312
20000,137.90625
30000,499.10156
40000,500.0
50000,433.98438
60000,368.625
70000,500.0
80000,500.0
90000,500.0
100000,500.0
