steps,returns
1000000,332.8125
2000000,231.64062
3000000,343.75
4000000,254.6875
5000000,505.46875
6000000,77.734375
7000000,254.49219
8000000,288.67188
9000000,240.23438
10000000,235.54688
