steps,returns
5000,9.1328125
10000,40.5
15000,227.50781
20000,209.98438
25000,124.42969
30000,110.65625
35000,500.0
40000,93.15625
45000,359.46094
50000,92.72656
