steps,returns
100000.0,722.1134
200000.0,939.90283
300000.0,903.2794
400000.0,1078.214
500000.0,989.09796
600000.0,948.2334
700000.0,950.49744
800000.0,924.2696
900000.0,1157.6208
1000000.0,1180.7423
