steps,returns
100000.0,1284.0774
200000.0,1351.4746
300000.0,1348.1006
400000.0,899.7173
500000.0,841.9381
600000.0,862.0099
700000.0,853.1146
800000.0,863.4906
900000.0,890.21844
1000000.0,885.67676
