steps,returns
5000,9.2734375
10000,9.8203125
15000,15.703125
20000,9.34375
25000,16.90625
30000,15.6875
35000,151.59375
40000,163.20312
45000,168.82031
50000,174.64844
