steps,returns
100000.0,1330.882
200000.0,1328.437
300000.0,1418.1212
400000.0,1333.0707
500000.0,1123.949
600000.0,1063.97
700000.0,354.0379
800000.0,863.87195
900000.0,854.6465
1000000.0,447.74274
