steps,returns
5000,9.28125
10000,9.3671875
15000,9.21875
20000,9.4609375
25000,9.375
30000,9.34375
35000,9.3671875
40000,9.4765625
45000,9.453125
50000,9.1796875
