steps,returns
1000000,-18.15625
2000000,-18.28125
3000000,-17.6875
4000000,-18.0
5000000,-18.21875
6000000,-17.53125
7000000,-17.65625
8000000,-18.21875
9000000,-17.984375
10000000,-17.765625
