steps,returns
5000,53.335938
10000,40.632812
15000,37.054688
20000,26.023438
25000,35.171875
30000,37.773438
35000,12.03125
40000,74.71875
45000,25.851562
50000,69.296875
