steps,returns
1000000,151.25
2000000,219.0625
3000000,124.0625
4000000,75.9375
5000000,64.21875
6000000,114.375
7000000,188.28125
8000000,279.375
9000000,442.42188
10000000,177.03125
