steps,returns
10000,152.54688
20000,132.03906
30000,115.19531
40000,132.82031
50000,164.17969
60000,141.26562
70000,118.33594
80000,126.78125
90000,112.171875
100000,131.35938
