steps,returns
100000.0,265.6416
200000.0,392.12036
300000.0,472.36353
400000.0,90.73558
500000.0,-1892.2711
600000.0,-19973.996
700000.0,-99279.17
800000.0,-371226.88
900000.0,-297869.22
1000000.0,-94795.8
