steps,returns
100000.0,428.41534
200000.0,507.1298
300000.0,712.04297
400000.0,978.6609
500000.0,1085.6941
600000.0,977.97003
700000.0,395.97864
800000.0,519.7562
900000.0,-5002.077
1000000.0,-46668.305
