steps,returns
100000.0,1022.03674
200000.0,962.9302
300000.0,881.21185
400000.0,788.6452
500000.0,727.5883
600000.0,681.0175
700000.0,645.7456
800000.0,638.4825
900000.0,647.4329
1000000.0,614.1165
