steps,returns
100000.0,1023.953
200000.0,1012.791
300000.0,1009.26337
400000.0,980.217
500000.0,925.4487
600000.0,843.31726
700000.0,806.36584
800000.0,675.1618
900000.0,480.52216
1000000.0,372.85028
