steps,returns
10000,-146.10156
20000,-147.35156
30000,-149.69531
40000,-152.02344
50000,-150.71094
60000,-147.57031
70000,-152.09375
80000,-147.54688
90000,-148.84375
100000,-149.46094
