steps,returns
1000000,236.32812
2000000,262.5
3000000,189.84375
4000000,323.82812
5000000,200.58594
6000000,203.51562
7000000,855.46875
8000000,340.8203
9000000,605.0781
10000000,355.46875
