steps,returns
10000,421.8828
20000,199.73438
30000,499.90625
40000,499.9375
50000,500.0
60000,498.3828
70000,500.0
80000,500.0
90000,500.0
100000,500.0
