steps,returns
5000,9.1796875
10000,9.1484375
15000,9.0703125
20000,9.1015625
25000,9.0625
30000,8.96875
35000,9.09375
40000,9.125
45000,9.1171875
50000,9.015625
