steps,returns
1000000,-18.453125
2000000,-18.171875
3000000,-17.484375
4000000,-17.734375
5000000,-18.09375
6000000,-18.625
7000000,-17.65625
8000000,-18.125
9000000,-17.53125
10000000,-18.390625
