steps,returns
1000000,17.03125
2000000,17.03125
3000000,40.9375
4000000,18.125
5000000,29.6875
6000000,29.6875
7000000,17.1875
8000000,17.65625
9000000,41.25
10000000,17.8125
