steps,returns
1000000,-18.09375
2000000,-16.90625
3000000,-18.09375
4000000,-17.515625
5000000,-17.046875
6000000,-17.265625
7000000,-17.28125
8000000,-16.890625
9000000,-17.421875
10000000,-17.546875
