steps,returns
100000.0,673.29834
200000.0,675.09375
300000.0,648.1512
400000.0,628.44714
500000.0,642.7439
600000.0,629.91876
700000.0,588.83984
800000.0,586.49243
900000.0,567.3632
1000000.0,547.99756
