steps,returns
10000,381.51562
20000,115.75781
30000,33.8125
40000,79.046875
50000,123.25781
60000,9.4921875
70000,224.25781
80000,500.0
90000,194.625
100000,154.95312
