steps,returns
10000,99.47656
20000,95.484375
30000,87.6875
40000,103.19531
50000,96.83594
60000,110.828125
70000,116.10156
80000,108.4375
90000,118.40625
100000,117.53906
