steps,returns
1000000,285.54688
2000000,143.35938
3000000,306.4453
4000000,301.7578
5000000,436.1328
6000000,286.1328
7000000,292.3828
8000000,651.7578
9000000,230.85938
10000000,461.91406
