steps,returns
100000.0,-1.6263202
200000.0,-1.3710237
300000.0,-1.8599887
400000.0,-2.3265734
500000.0,-3.081091
600000.0,-1.0295776
700000.0,63.815575
800000.0,163.30093
900000.0,-32.218353
1000000.0,-350.9634
