steps,returns
1000000,512.8906
2000000,602.9297
3000000,769.53125
4000000,807.8125
5000000,1778.125
6000000,2218.3594
7000000,2624.2188
8000000,988.08594
9000000,1796.2891
10000000,4009.1797
