steps,returns
1000000,-17.78125
2000000,-18.390625
3000000,-18.203125
4000000,-17.734375
5000000,-17.859375
6000000,-17.703125
7000000,-17.9375
8000000,-17.40625
9000000,-18.375
10000000,-17.90625
