steps,returns
10000,87.17969
20000,100.5
30000,120.53125
40000,138.35938
50000,166.45312
60000,198.3125
70000,213.94531
80000,254.32812
90000,296.64844
100000,338.35938
