steps,returns
100000.0,1105.3865
200000.0,10.791534
300000.0,11.211652
400000.0,11.318785
500000.0,11.229177
600000.0,11.193604
700000.0,11.159872
800000.0,11.046541
900000.0,11.051824
1000000.0,10.923981
