steps,returns
100000.0,54.97507
200000.0,-4.6389275
300000.0,-176.41208
400000.0,-851.67395
500000.0,-1592.3572
600000.0,-1163.227
700000.0,-1585.4182
800000.0,-3004.8477
900000.0,-2264.9165
1000000.0,-1700.331
