steps,returns
1000000,394.33594
2000000,250.0
3000000,504.29688
4000000,310.9375
5000000,125.0
6000000,374.60938
7000000,458.59375
8000000,125.0
9000000,125.0
10000000,358.59375
