steps,returns
10000,374.42188
20000,500.0
30000,500.0
40000,107.328125
50000,500.0
60000,123.72656
70000,493.75
80000,500.0
90000,500.0
100000,500.0
