steps,returns
10000,63.757812
20000,67.82031
30000,70.53125
40000,70.80469
50000,75.86719
60000,78.4375
70000,74.328125
80000,79.890625
90000,86.0
100000,99.47656
