steps,returns
5000,85.375
10000,87.3125
15000,84.671875
20000,90.4375
25000,88.30469
30000,83.27344
35000,84.140625
40000,80.07031
45000,83.203125
50000,75.96094
