steps,returns
5000,9.40625
10000,74.390625
15000,206.8125
20000,162.375
25000,122.61719
30000,193.04688
35000,115.265625
40000,155.60156
45000,170.67188
50000,486.1328
