steps,returns
1000000,-18.0
2000000,-17.96875
3000000,-18.140625
4000000,-17.5625
5000000,-18.15625
6000000,-17.75
7000000,-17.875
8000000,-17.4375
9000000,-17.515625
10000000,-17.4375
