steps,returns
1000000,-17.921875
2000000,-17.46875
3000000,-17.78125
4000000,-18.0
5000000,-18.078125
6000000,-18.265625
7000000,-17.65625
8000000,-18.0
9000000,-17.375
10000000,-17.890625
