steps,returns
1000000,1387.7344
2000000,2382.1875
3000000,581.40625
4000000,645.78125
5000000,3035.2344
6000000,779.375
7000000,1999.2969
8000000,3170.3906
9000000,1733.2031
10000000,0.0
