steps,returns
100000.0,687.99365
200000.0,603.5857
300000.0,542.76514
400000.0,534.5111
500000.0,489.2898
600000.0,512.8793
700000.0,503.8504
800000.0,472.73828
900000.0,472.82764
1000000.0,487.529
