steps,returns
100000.0,854.8108
200000.0,551.99207
300000.0,550.9349
400000.0,587.53186
500000.0,580.9153
600000.0,730.0736
700000.0,823.58325
800000.0,630.7589
900000.0,887.20654
1000000.0,1057.6138
