steps,returns
100000.0,46.16023
200000.0,154.0542
300000.0,75.33958
400000.0,544.1352
500000.0,1083.1377
600000.0,1263.3079
700000.0,1284.7726
800000.0,1320.9062
900000.0,1365.4313
1000000.0,1910.4232
