steps,returns
5000,11.90625
10000,41.46875
15000,234.39844
20000,189.40625
25000,253.08594
30000,253.13281
35000,128.55469
40000,123.703125
45000,132.50781
50000,140.95312
