steps,returns
10000,-500.0
20000,-500.0
30000,-131.10156
40000,-113.33594
50000,-187.58594
60000,-148.28906
70000,-449.2422
80000,-499.23438
90000,-152.86719
100000,-148.27344
