steps,returns
10000,127.46094
20000,126.265625
30000,137.21094
40000,205.20312
50000,158.3125
60000,159.52344
70000,173.10156
80000,156.61719
90000,135.95312
100000,146.22656
