steps,returns
100000.0,584.35815
200000.0,1000.58826
300000.0,811.50397
400000.0,930.2261
500000.0,867.48816
600000.0,855.59174
700000.0,847.0405
800000.0,842.313
900000.0,834.0404
1000000.0,821.21375
