steps,returns
1000000,-17.28125
2000000,-18.46875
3000000,-18.125
4000000,-18.03125
5000000,-18.109375
6000000,-17.40625
7000000,-17.875
8000000,-18.109375
9000000,-17.328125
10000000,-18.015625
