steps,returns
10000,383.14844
20000,192.01562
30000,167.39844
40000,161.04688
50000,138.36719
60000,138.82031
70000,155.61719
80000,487.5547
90000,500.0
100000,500.0
