steps,returns
1000000,-17.671875
2000000,-17.671875
3000000,-17.859375
4000000,-17.453125
5000000,-17.734375
6000000,-17.734375
7000000,-18.0625
8000000,-17.390625
9000000,-18.3125
10000000,-17.90625
