steps,returns
5000,54.242188
10000,59.75
15000,65.74219
20000,65.64844
25000,67.27344
30000,62.757812
35000,67.265625
40000,64.53125
45000,63.414062
50000,58.65625
