steps,returns
100000.0,553.4589
200000.0,488.75342
300000.0,-35.353878
400000.0,-1002.1401
500000.0,-3936.8428
600000.0,-2883.942
700000.0,-9015.415
800000.0,-8892.719
900000.0,-10439.287
1000000.0,-25954.904
