steps,returns
1000000,495.46875
2000000,278.125
3000000,200.625
4000000,23.75
5000000,320.46875
6000000,134.53125
7000000,329.60938
8000000,122.96875
9000000,161.09375
10000000,176.25
