steps,returns
5000,28.90625
10000,9.515625
15000,53.023438
20000,53.328125
25000,18.453125
30000,71.015625
35000,64.58594
40000,78.84375
45000,101.359375
50000,53.601562
