{"config": {"hp_config.clip_eps": 0.0690914756743069, "hp_config.ent_coef": 0.09829118084002675, "hp_config.gae_lambda": 0.8737081616151268, "hp_config.learning_rate": 0.012734038226347204, "hp_config.max_grad_norm": 0.09710127579306127, "hp_config.minibatch_size": 512, "hp_config.normalize_advantage": true, "hp_config.vf_clip_eps": 0.4882297325066979, "hp_config.vf_coef": 0.4686512016477016}, "score": 0.0, "budget_used": 13, "total_wallclock_time": -3733.03094625473, "total_optimization_time": 0.007081508636474609}
{"config": {"hp_config.clip_eps": 0.15597249773980093, "hp_config.ent_coef": 0.19911053110804594, "hp_config.gae_lambda": 0.841947765420127, "hp_config.learning_rate": 8.530314227918123e-06, "hp_config.max_grad_norm": 0.9443723899839336, "hp_config.minibatch_size": 512, "hp_config.normalize_advantage": true, "hp_config.vf_clip_eps": 0.11370731398666162, "hp_config.vf_coef": 0.25435648177039294}, "score": -19031.25, "budget_used": 26, "total_wallclock_time": -8539.207336425781, "total_optimization_time": 0.5006461143493652}
{"config": {"hp_config.clip_eps": 0.34849862086249367, "hp_config.ent_coef": 0.3893476979705517, "hp_config.gae_lambda": 0.9554037716135657, "hp_config.learning_rate": 1.982041856987241e-05, "hp_config.max_grad_norm": 0.37381313793256143, "hp_config.minibatch_size": 256, "hp_config.normalize_advantage": true, "hp_config.vf_clip_eps": 0.18542639960894436, "hp_config.vf_coef": 0.19705428018563964}, "score": -27296.875, "budget_used": 39, "total_wallclock_time": -11817.38481259346, "total_optimization_time": 0.6637046337127686}
{"config": {"hp_config.clip_eps": 0.34849862086249367, "hp_config.ent_coef": 0.3893476979705517, "hp_config.gae_lambda": 0.9554037716135657, "hp_config.learning_rate": 1.982041856987241e-05, "hp_config.max_grad_norm": 0.37381313793256143, "hp_config.minibatch_size": 256, "hp_config.normalize_advantage": true, "hp_config.vf_clip_eps": 0.18542639960894436, "hp_config.vf_coef": 0.19705428018563964}, "score": -27296.875, "budget_used": 52, "total_wallclock_time": -15493.534897565842, "total_optimization_time": 0.7569162845611572}
{"config": {"hp_config.clip_eps": 0.34849862086249367, "hp_config.ent_coef": 0.3893476979705517, "hp_config.gae_lambda": 0.9554037716135657, "hp_config.learning_rate": 1.982041856987241e-05, "hp_config.max_grad_norm": 0.37381313793256143, "hp_config.minibatch_size": 256, "hp_config.normalize_advantage": true, "hp_config.vf_clip_eps": 0.18542639960894436, "hp_config.vf_coef": 0.19705428018563964}, "score": -27296.875, "budget_used": 65, "total_wallclock_time": -24941.503756523132, "total_optimization_time": 1.0016491413116455}
{"config": {"hp_config.clip_eps": 0.34849862086249367, "hp_config.ent_coef": 0.3893476979705517, "hp_config.gae_lambda": 0.9554037716135657, "hp_config.learning_rate": 1.982041856987241e-05, "hp_config.max_grad_norm": 0.37381313793256143, "hp_config.minibatch_size": 256, "hp_config.normalize_advantage": true, "hp_config.vf_clip_eps": 0.18542639960894436, "hp_config.vf_coef": 0.19705428018563964}, "score": -27296.875, "budget_used": 78, "total_wallclock_time": -33600.69487595558, "total_optimization_time": 1.1956610679626465}
{"config": {"hp_config.clip_eps": 0.34849862086249367, "hp_config.ent_coef": 0.3893476979705517, "hp_config.gae_lambda": 0.9554037716135657, "hp_config.learning_rate": 1.982041856987241e-05, "hp_config.max_grad_norm": 0.37381313793256143, "hp_config.minibatch_size": 256, "hp_config.normalize_advantage": true, "hp_config.vf_clip_eps": 0.18542639960894436, "hp_config.vf_coef": 0.19705428018563964}, "score": -27296.875, "budget_used": 91, "total_wallclock_time": -37841.78589677811, "total_optimization_time": 1.3885226249694824}
{"config": {"hp_config.clip_eps": 0.34849862086249367, "hp_config.ent_coef": 0.3893476979705517, "hp_config.gae_lambda": 0.9554037716135657, "hp_config.learning_rate": 1.982041856987241e-05, "hp_config.max_grad_norm": 0.37381313793256143, "hp_config.minibatch_size": 256, "hp_config.normalize_advantage": true, "hp_config.vf_clip_eps": 0.18542639960894436, "hp_config.vf_coef": 0.19705428018563964}, "score": -27296.875, "budget_used": 104, "total_wallclock_time": -41157.506403684616, "total_optimization_time": 1.581557035446167}
{"config": {"hp_config.clip_eps": 0.34849862086249367, "hp_config.ent_coef": 0.3893476979705517, "hp_config.gae_lambda": 0.9554037716135657, "hp_config.learning_rate": 1.982041856987241e-05, "hp_config.max_grad_norm": 0.37381313793256143, "hp_config.minibatch_size": 256, "hp_config.normalize_advantage": true, "hp_config.vf_clip_eps": 0.18542639960894436, "hp_config.vf_coef": 0.19705428018563964}, "score": -27296.875, "budget_used": 117, "total_wallclock_time": -44892.707709789276, "total_optimization_time": 1.8282315731048584}
{"config": {"hp_config.clip_eps": 0.34849862086249367, "hp_config.ent_coef": 0.3893476979705517, "hp_config.gae_lambda": 0.9554037716135657, "hp_config.learning_rate": 1.982041856987241e-05, "hp_config.max_grad_norm": 0.37381313793256143, "hp_config.minibatch_size": 256, "hp_config.normalize_advantage": true, "hp_config.vf_clip_eps": 0.18542639960894436, "hp_config.vf_coef": 0.19705428018563964}, "score": -27296.875, "budget_used": 130, "total_wallclock_time": -50490.529507398605, "total_optimization_time": 3.039112091064453}
{"config": {"hp_config.clip_eps": 0.34849862086249367, "hp_config.ent_coef": 0.3893476979705517, "hp_config.gae_lambda": 0.9554037716135657, "hp_config.learning_rate": 1.982041856987241e-05, "hp_config.max_grad_norm": 0.37381313793256143, "hp_config.minibatch_size": 256, "hp_config.normalize_advantage": true, "hp_config.vf_clip_eps": 0.18542639960894436, "hp_config.vf_coef": 0.19705428018563964}, "score": -27296.875, "budget_used": 143, "total_wallclock_time": -54151.742259025574, "total_optimization_time": 3.2497589588165283}
