steps,returns
10000,50.15625
20000,34.726562
30000,32.671875
40000,104.34375
50000,130.42969
60000,143.42969
70000,133.20312
80000,145.59375
90000,137.57031
100000,139.64844
