steps,returns
10000,93.09375
20000,232.05469
30000,420.1953
40000,370.77344
50000,365.15625
60000,470.29688
70000,476.3125
80000,447.3047
90000,460.58594
100000,396.58594
