steps,returns
1000000,640.625
2000000,556.4453
3000000,720.3125
4000000,509.5703
5000000,709.96094
6000000,853.125
7000000,649.41406
8000000,684.375
9000000,751.5625
10000000,552.7344
