steps,returns
5000,93.05469
10000,77.875
15000,52.21875
20000,23.648438
25000,12.828125
30000,12.640625
35000,35.023438
40000,15.5
45000,9.3046875
50000,10.9765625
