steps,returns
100000.0,650.95544
200000.0,-96.176895
300000.0,-1586.696
400000.0,-2773.6333
500000.0,-6044.404
600000.0,-13606.33
700000.0,-26393.812
800000.0,-39097.586
900000.0,-59834.19
1000000.0,-83714.65
