steps,returns
5000,49.328125
10000,102.38281
15000,118.55469
20000,154.17188
25000,137.35156
30000,161.4375
35000,199.96875
40000,500.0
45000,271.46875
50000,252.5
