steps,returns
100000.0,873.9866
200000.0,211.09866
300000.0,694.5595
400000.0,700.225
500000.0,693.0437
600000.0,688.50037
700000.0,682.17096
800000.0,683.9335
900000.0,689.98047
1000000.0,688.1874
