steps,returns
5000,111.125
10000,184.94531
15000,286.8672
20000,356.16406
25000,434.52344
30000,496.4453
35000,500.0
40000,500.0
45000,500.0
50000,499.6328
