steps,returns
5000,9.4140625
10000,9.4140625
15000,9.4375
20000,9.3203125
25000,9.34375
30000,9.359375
35000,9.3671875
40000,9.2421875
45000,9.3203125
50000,9.2265625
