steps,returns
10000,134.16406
20000,138.5625
30000,127.60156
40000,133.19531
50000,146.85156
60000,142.74219
70000,149.89062
80000,170.03906
90000,166.13281
100000,180.75781
