steps,returns
10000,348.82812
20000,79.80469
30000,175.47656
40000,112.91406
50000,39.726562
60000,50.78125
70000,128.32812
80000,115.515625
90000,174.03906
100000,66.83594
