steps,returns
100000.0,994.2794
200000.0,935.9254
300000.0,780.36316
400000.0,742.8558
500000.0,609.0884
600000.0,349.3798
700000.0,302.92993
800000.0,-98.942535
900000.0,-149.8617
1000000.0,197.6221
