steps,returns
100000.0,124.217705
200000.0,366.72256
300000.0,236.70245
400000.0,194.74112
500000.0,179.59747
600000.0,358.15317
700000.0,436.38812
800000.0,696.6445
900000.0,688.76
1000000.0,689.3886
