steps,returns
10000,75.3125
20000,66.82031
30000,136.78125
40000,150.78125
50000,264.8828
60000,418.46875
70000,408.25
80000,406.57812
90000,401.53906
100000,449.82812
