steps,returns
1000000,-17.59375
2000000,-17.796875
3000000,-17.859375
4000000,-17.453125
5000000,-17.65625
6000000,-17.515625
7000000,-17.78125
8000000,-18.15625
9000000,-17.59375
10000000,-18.03125
