steps,returns
5000,90.875
10000,83.8125
15000,76.09375
20000,78.25781
25000,74.0
30000,62.789062
35000,53.28125
40000,48.828125
45000,48.164062
50000,48.015625
