steps,returns
100000.0,264.24432
200000.0,283.31448
300000.0,285.42737
400000.0,
500000.0,
600000.0,
700000.0,
800000.0,
900000.0,
1000000.0,
