steps,returns
100000.0,-3.0242698
200000.0,-431.25256
300000.0,-899.9359
400000.0,-1734.971
500000.0,-2712.7354
600000.0,-4654.0576
700000.0,-10381.352
800000.0,-18020.13
900000.0,-28538.627
1000000.0,-33246.1
