steps,returns
1000000,-17.78125
2000000,-17.890625
3000000,-17.453125
4000000,-17.765625
5000000,-17.859375
6000000,-17.0
7000000,-17.28125
8000000,-16.203125
9000000,-16.71875
10000000,-16.546875
