steps,returns
1000000,150.0
2000000,150.0
3000000,250.0
4000000,200.0
5000000,287.6953
6000000,285.54688
7000000,175.0
8000000,649.6094
9000000,300.0
10000000,750.78125
