steps,returns
100000.0,803.99036
200000.0,437.01352
300000.0,773.24744
400000.0,851.48785
500000.0,733.1867
600000.0,701.40466
700000.0,712.6812
800000.0,690.6145
900000.0,692.2031
1000000.0,690.5926
