steps,returns
10000,271.2422
20000,400.71094
30000,473.02344
40000,500.0
50000,500.0
60000,500.0
70000,500.0
80000,500.0
90000,500.0
100000,500.0
