steps,returns
1000000,-18.265625
2000000,-18.140625
3000000,-18.09375
4000000,-18.5
5000000,-18.296875
6000000,-17.890625
7000000,-18.40625
8000000,-17.484375
9000000,-17.65625
10000000,-18.03125
