steps,returns
1000000,352.14844
2000000,525.97656
3000000,747.85156
4000000,620.3125
5000000,636.71875
6000000,747.0703
7000000,862.3047
8000000,900.78125
9000000,1789.8438
10000000,3753.711
