steps,returns
1000000,98.90625
2000000,381.48438
3000000,465.9375
4000000,134.0625
5000000,260.46875
6000000,149.53125
7000000,69.6875
8000000,180.3125
9000000,200.78125
10000000,60.78125
