steps,returns
100000.0,-779.29755
200000.0,-782.03204
300000.0,-785.4028
400000.0,-762.4425
500000.0,-730.1333
600000.0,-659.7569
700000.0,-662.71545
800000.0,-640.8827
900000.0,-643.8269
1000000.0,-645.49243
