steps,returns
100000.0,76.47238
200000.0,331.4471
300000.0,877.4822
400000.0,1626.8497
500000.0,2105.1785
600000.0,2120.9219
700000.0,1742.1641
800000.0,1504.4794
900000.0,973.25616
1000000.0,-47.26246
