steps,returns
10000,-500.0
20000,-269.53906
30000,-500.0
40000,-487.78906
50000,-500.0
60000,-500.0
70000,-500.0
80000,-290.60156
90000,-489.83594
100000,-500.0
