steps,returns
1000000,-18.28125
2000000,-18.375
3000000,-17.515625
4000000,-18.0625
5000000,-18.125
6000000,-17.328125
7000000,-17.34375
8000000,-17.171875
9000000,-16.34375
10000000,-16.953125
