steps,returns
100000.0,664.85736
200000.0,681.9431
300000.0,727.63885
400000.0,810.64386
500000.0,1129.5469
600000.0,1089.3408
700000.0,1283.9484
800000.0,1122.7708
900000.0,1148.8173
1000000.0,1352.1151
