steps,returns
5000,8.9375
10000,9.046875
15000,9.1171875
20000,9.046875
25000,9.1875
30000,9.34375
35000,9.34375
40000,9.4296875
45000,9.4296875
50000,9.3828125
