steps,returns
100000.0,1023.03845
200000.0,1020.3669
300000.0,1023.71594
400000.0,1017.4717
500000.0,1008.9039
600000.0,997.67957
700000.0,976.66815
800000.0,951.70447
900000.0,912.7455
1000000.0,875.71277
