steps,returns
5000,9.2890625
10000,9.4296875
15000,9.359375
20000,94.33594
25000,29.4375
30000,26.984375
35000,22.140625
40000,31.796875
45000,184.33594
50000,23.585938
