steps,returns
10000,500.0
20000,132.65625
30000,353.125
40000,500.0
50000,25.015625
60000,146.25
70000,500.0
80000,450.60156
90000,99.5625
100000,500.0
