steps,returns
1000000,578.71094
2000000,801.7578
3000000,776.5625
4000000,794.53125
5000000,755.8594
6000000,710.9375
7000000,721.875
8000000,781.83594
9000000,547.65625
10000000,891.9922
