steps,returns
1000000,-17.734375
2000000,-16.640625
3000000,-17.6875
4000000,-17.40625
5000000,-15.53125
6000000,-17.21875
7000000,-17.625
8000000,-17.65625
9000000,-17.703125
10000000,-16.90625
