steps,returns
100000.0,574.0998
200000.0,929.4098
300000.0,851.89197
400000.0,847.86395
500000.0,838.1995
600000.0,831.7409
700000.0,865.7997
800000.0,690.4205
900000.0,1286.0166
1000000.0,593.25964
