steps,returns
1000000,134.53125
2000000,807.8906
3000000,95.78125
4000000,219.6875
5000000,157.65625
6000000,50.46875
7000000,148.125
8000000,68.125
9000000,18.125
10000000,93.90625
