steps,returns
100000.0,-0.5558014
200000.0,0.39121136
300000.0,1.6655121
400000.0,3.7901251
500000.0,10.190382
600000.0,646.4295
700000.0,193.82182
800000.0,8.674324
900000.0,10.176648
1000000.0,-9.822754
