steps,returns
100000.0,0.78673685
200000.0,-152.56305
300000.0,-357.7538
400000.0,-573.6073
500000.0,-2108.1667
600000.0,-2933.6816
700000.0,-3447.753
800000.0,-3682.1035
900000.0,-4444.0596
1000000.0,-4297.096
