steps,returns
100000.0,929.5493
200000.0,684.6997
300000.0,135.08176
400000.0,-425.97876
500000.0,-1097.8187
600000.0,-1610.358
700000.0,-1959.7294
800000.0,-3288.9067
900000.0,-4332.377
1000000.0,-4502.6045
