steps,returns
5000,82.41406
10000,83.21875
15000,82.92969
20000,83.02344
25000,82.875
30000,82.234375
35000,85.421875
40000,86.625
45000,83.921875
50000,84.8125
