steps,returns
100000.0,741.341
200000.0,833.12445
300000.0,848.74475
400000.0,884.55896
500000.0,852.1231
600000.0,864.6161
700000.0,1107.8949
800000.0,729.0039
900000.0,-280.20877
1000000.0,-1924.8027
