steps,returns
1000000,150.0
2000000,125.0
3000000,150.0
4000000,150.0
5000000,275.0
6000000,238.08594
7000000,250.0
8000000,316.79688
9000000,125.0
10000000,250.0
