steps,returns
5000,12.1953125
10000,132.80469
15000,186.07031
20000,255.75781
25000,127.97656
30000,120.359375
35000,308.20312
40000,194.45312
45000,149.41406
50000,133.95312
