steps,returns
5000,85.53906
10000,47.984375
15000,25.835938
20000,51.632812
25000,16.679688
30000,23.039062
35000,110.1875
40000,150.85938
45000,203.32031
50000,263.79688
