steps,returns
1000000,17.8125
2000000,16.71875
3000000,16.875
4000000,17.5
5000000,25.46875
6000000,16.40625
7000000,19.53125
8000000,17.34375
9000000,18.90625
10000000,132.8125
