steps,returns
10000,401.39844
20000,500.0
30000,500.0
40000,127.63281
50000,155.125
60000,432.71094
70000,63.320312
80000,90.08594
90000,221.48438
100000,394.9375
