steps,returns
1000000,-18.0
2000000,-17.828125
3000000,-18.046875
4000000,-18.265625
5000000,-18.859375
6000000,-18.1875
7000000,-17.765625
8000000,-17.65625
9000000,-17.703125
10000000,-17.890625
