steps,returns
100000.0,65.28401
200000.0,109.02135
300000.0,128.49234
400000.0,137.35713
500000.0,144.74875
600000.0,161.28323
700000.0,164.96481
800000.0,175.9355
900000.0,176.57315
1000000.0,187.78212
