steps,returns
100000.0,343.05975
200000.0,644.5386
300000.0,872.15784
400000.0,1006.82684
500000.0,1080.5062
600000.0,871.1064
700000.0,683.32733
800000.0,393.5999
900000.0,-31.485123
1000000.0,134.77484
