steps,returns
100000.0,17.430807
200000.0,90.52922
300000.0,-376.27124
400000.0,-223.44537
500000.0,-1066.521
600000.0,-1177.565
700000.0,-1932.3857
800000.0,-1863.7068
900000.0,-1341.1024
1000000.0,-980.9438
