steps,returns
100000.0,594.5383
200000.0,532.44446
300000.0,593.7902
400000.0,744.01953
500000.0,638.2029
600000.0,620.3474
700000.0,612.87354
800000.0,645.09564
900000.0,667.5761
1000000.0,882.1559
