steps,returns
1000000,-18.015625
2000000,-17.796875
3000000,-17.609375
4000000,-17.625
5000000,-17.34375
6000000,-17.15625
7000000,-17.109375
8000000,-17.34375
9000000,-18.203125
10000000,-17.203125
