steps,returns
10000,362.92188
20000,184.04688
30000,156.60156
40000,500.0
50000,500.0
60000,500.0
70000,185.57812
80000,227.5
90000,500.0
100000,500.0
