steps,returns
100000.0,1016.35596
200000.0,1018.77515
300000.0,1028.3059
400000.0,1028.4763
500000.0,1022.1682
600000.0,1021.4699
700000.0,1019.5584
800000.0,1016.6063
900000.0,1014.2951
1000000.0,1012.4475
