steps,returns
100000.0,-1.641815
200000.0,-309.6839
300000.0,-343.79492
400000.0,-1108.5643
500000.0,-835.8733
600000.0,-1057.5415
700000.0,-778.30927
800000.0,-607.6577
900000.0,-426.1916
1000000.0,-722.2674
