steps,returns
100000.0,948.83624
200000.0,1094.812
300000.0,838.97925
400000.0,757.18427
500000.0,743.6159
600000.0,710.96936
700000.0,614.5714
800000.0,590.0966
900000.0,597.6429
1000000.0,540.6158
