steps,returns
1000000,450.58594
2000000,903.71094
3000000,787.1094
4000000,803.5156
5000000,710.5469
6000000,1778.7109
7000000,1813.0859
8000000,694.1406
9000000,4123.828
10000000,4284.375
