steps,returns
100000.0,814.73425
200000.0,842.8124
300000.0,816.3037
400000.0,787.77625
500000.0,779.3359
600000.0,762.8701
700000.0,817.8297
800000.0,734.5131
900000.0,803.4387
1000000.0,874.9846
