steps,returns
100000.0,263.49805
200000.0,812.36536
300000.0,776.89246
400000.0,813.85144
500000.0,912.0219
600000.0,964.8915
700000.0,1211.6289
800000.0,1058.7949
900000.0,1007.18567
1000000.0,989.8684
