steps,returns
1000000,-17.765625
2000000,-17.328125
3000000,-18.375
4000000,-18.109375
5000000,-17.8125
6000000,-18.15625
7000000,-17.890625
8000000,-18.21875
9000000,-18.078125
10000000,-18.015625
