steps,returns
1000000,260.15625
2000000,280.07812
3000000,125.0
4000000,252.34375
5000000,414.0625
6000000,281.25
7000000,592.96875
8000000,346.48438
9000000,364.2578
10000000,475.39062
