steps,returns
10000,-500.0
20000,-312.1875
30000,-500.0
40000,-500.0
50000,-500.0
60000,-306.0
70000,-295.66406
80000,-95.58594
90000,-93.375
100000,-84.578125
