steps,returns
1000000,-17.890625
2000000,-17.515625
3000000,-15.859375
4000000,-16.890625
5000000,-17.3125
6000000,-17.359375
7000000,-17.09375
8000000,-17.125
9000000,-17.140625
10000000,-17.421875
