steps,returns
10000,153.42969
20000,94.96875
30000,500.0
40000,500.0
50000,500.0
60000,500.0
70000,500.0
80000,500.0
90000,470.83594
100000,500.0
