steps,returns
100000.0,485.68793
200000.0,19.676132
300000.0,-1329.5343
400000.0,-2346.54
500000.0,-2899.8975
600000.0,-2821.8708
700000.0,-3104.4023
800000.0,-2848.2651
900000.0,-3015.1047
1000000.0,-2952.6423
