steps,returns
5000,15.296875
10000,268.34375
15000,273.6797
20000,249.27344
25000,276.375
30000,357.09375
35000,216.26562
40000,152.96875
45000,198.28906
50000,310.79688
