steps,returns
1000000,-18.203125
2000000,-18.234375
3000000,-17.84375
4000000,-18.21875
5000000,-17.671875
6000000,-17.65625
7000000,-18.03125
8000000,-18.1875
9000000,-18.3125
10000000,-18.109375
