steps,returns
5000,9.3984375
10000,9.3515625
15000,49.8125
20000,23.210938
25000,93.328125
30000,20.835938
35000,169.97656
40000,144.28906
45000,122.27344
50000,161.17188
