steps,returns
10000,98.15625
20000,472.58594
30000,345.95312
40000,490.4922
50000,487.3203
60000,397.66406
70000,498.78906
80000,324.5
90000,483.6797
100000,469.5703
