steps,returns
1000000,-17.5
2000000,-17.703125
3000000,-17.84375
4000000,-17.296875
5000000,-17.21875
6000000,-17.78125
7000000,-17.90625
8000000,-17.890625
9000000,-17.375
10000000,-17.515625
