steps,returns
100000.0,-24.289417
200000.0,-24.7167
300000.0,-24.496716
400000.0,-24.82598
500000.0,-24.628208
600000.0,-24.6495
700000.0,-24.693115
800000.0,-24.580746
900000.0,-24.593002
1000000.0,-24.65739
