steps,returns
1000000,125.0
2000000,194.53125
3000000,250.0
4000000,292.96875
5000000,534.5703
6000000,604.2969
7000000,741.9922
8000000,919.53125
9000000,789.64844
10000000,752.14844
