steps,returns
100000.0,1373.5459
200000.0,854.45984
300000.0,1209.0426
400000.0,739.60596
500000.0,995.3695
600000.0,749.6846
700000.0,1149.0875
800000.0,1498.1345
900000.0,1468.9332
1000000.0,829.7323
