steps,returns
5000,80.69531
10000,92.44531
15000,85.25
20000,92.46094
25000,84.14844
30000,90.25
35000,96.53906
40000,94.078125
45000,86.63281
50000,95.88281
