steps,returns
1000000,-17.796875
2000000,-17.359375
3000000,-17.3125
4000000,-17.484375
5000000,-17.28125
6000000,-17.296875
7000000,-17.5
8000000,-16.640625
9000000,-16.953125
10000000,-16.96875
