steps,returns
10000,93.88281
20000,110.88281
30000,126.92969
40000,130.36719
50000,124.359375
60000,155.36719
70000,164.24219
80000,175.75781
90000,200.65625
100000,196.47656
