steps,returns
1000000,28.4375
2000000,17.5
3000000,28.90625
4000000,18.125
5000000,16.40625
6000000,49.84375
7000000,38.28125
8000000,39.6875
9000000,17.65625
10000000,17.65625
