steps,returns
1000000,-18.171875
2000000,-17.953125
3000000,-18.21875
4000000,-18.0625
5000000,-17.84375
6000000,-17.875
7000000,-18.34375
8000000,-17.421875
9000000,-17.9375
10000000,-17.859375
