steps,returns
10000,244.82031
20000,482.10156
30000,499.85938
40000,480.91406
50000,349.91406
60000,500.0
70000,160.94531
80000,178.70312
90000,496.5
100000,272.83594
