steps,returns
100000.0,809.7214
200000.0,218.79703
300000.0,-59.525944
400000.0,-299.02438
500000.0,-1133.0496
600000.0,-2204.773
700000.0,-8920.147
800000.0,-17397.043
900000.0,-31202.494
1000000.0,-93590.01
