steps,returns
1000000,75.9375
2000000,28.90625
3000000,354.6875
4000000,66.40625
5000000,30.0
6000000,672.7344
7000000,564.2969
8000000,537.03125
9000000,1049.7656
10000000,1207.1875
