steps,returns
10000,276.21875
20000,368.57812
30000,215.64844
40000,175.60156
50000,257.48438
60000,384.40625
70000,176.02344
80000,425.1953
90000,164.28906
100000,495.85938
