steps,returns
5000,50.257812
10000,54.570312
15000,55.65625
20000,59.34375
25000,60.398438
30000,62.46875
35000,60.78125
40000,63.984375
45000,59.671875
50000,56.382812
