steps,returns
10000,216.07812
20000,403.70312
30000,242.94531
40000,475.97656
50000,234.92188
60000,463.75
70000,473.08594
80000,418.2578
90000,443.6172
100000,483.27344
