steps,returns
1000000,-17.875
2000000,-17.453125
3000000,-18.5
4000000,-17.9375
5000000,-18.328125
6000000,-18.5625
7000000,-18.390625
8000000,-18.0
9000000,-17.546875
10000000,-18.015625
