steps,returns
5000,46.773438
10000,48.679688
15000,17.09375
20000,57.867188
25000,155.44531
30000,121.36719
35000,150.99219
40000,123.75
45000,415.28125
50000,156.0625
