steps,returns
100000.0,-632.6189
200000.0,-535.62146
300000.0,-565.84454
400000.0,-561.5319
500000.0,-559.72974
600000.0,-564.62366
700000.0,-600.0563
800000.0,-561.362
900000.0,-588.9153
1000000.0,-612.6371
