steps,returns
10000,500.0
20000,474.64844
30000,387.35156
40000,264.64844
50000,500.0
60000,500.0
70000,500.0
80000,500.0
90000,500.0
100000,500.0
