steps,returns
10000,101.25
20000,113.8125
30000,119.33594
40000,114.953125
50000,132.77344
60000,131.94531
70000,130.20312
80000,142.22656
90000,156.38281
100000,147.07812
