steps,returns
100000.0,75.86403
200000.0,64.663445
300000.0,66.93794
400000.0,65.49948
500000.0,68.448944
600000.0,66.8871
700000.0,66.16481
800000.0,68.42559
900000.0,66.24739
1000000.0,66.231094
