steps,returns
1000000,125.0
2000000,586.1328
3000000,727.9297
4000000,486.91406
5000000,319.72656
6000000,755.66406
7000000,900.0
8000000,524.6094
9000000,656.6406
10000000,913.08594
