steps,returns
100000.0,130.46255
200000.0,131.59372
300000.0,131.97455
400000.0,131.87881
500000.0,131.9611
600000.0,132.06155
700000.0,132.04646
800000.0,132.09837
900000.0,131.97675
1000000.0,131.9411
