steps,returns
10000,116.13281
20000,111.88281
30000,117.32031
40000,109.109375
50000,113.91406
60000,115.35156
70000,119.69531
80000,121.40625
90000,114.328125
100000,110.13281
