steps,returns
100000.0,330.62302
200000.0,314.5579
300000.0,310.35822
400000.0,306.91858
500000.0,305.58163
600000.0,305.97742
700000.0,305.53333
800000.0,306.11597
900000.0,306.44177
1000000.0,307.3628
