steps,returns
5000,9.6484375
10000,214.11719
15000,178.92969
20000,143.61719
25000,30.21875
30000,500.0
35000,120.875
40000,131.625
45000,117.140625
50000,440.65625
