steps,returns
100000.0,577.7418
200000.0,674.70483
300000.0,643.7827
400000.0,522.8955
500000.0,517.87866
600000.0,457.9686
700000.0,480.02103
800000.0,467.51166
900000.0,563.71594
1000000.0,541.7576
