steps,returns
1000000,125.0
2000000,150.0
3000000,266.60156
4000000,281.4453
5000000,225.0
6000000,304.6875
7000000,433.78906
8000000,815.03906
9000000,428.71094
10000000,684.7656
