steps,returns
1000000,40.78125
2000000,48.75
3000000,17.5
4000000,17.96875
5000000,42.96875
6000000,49.21875
7000000,16.875
8000000,17.65625
9000000,17.65625
10000000,29.0625
