steps,returns
1000000,1303.5156
2000000,716.09375
3000000,523.2031
4000000,344.84375
5000000,325.78125
6000000,170.78125
7000000,141.40625
8000000,67.96875
9000000,134.84375
10000000,231.71875
