steps,returns
5000,12.28125
10000,62.429688
15000,81.375
20000,22.507812
25000,65.8125
30000,222.5
35000,164.96875
40000,192.65625
45000,352.40625
50000,148.34375
