steps,returns
1000000,189.0625
2000000,125.0
3000000,183.59375
4000000,200.0
5000000,309.375
6000000,125.0
7000000,328.90625
8000000,353.125
9000000,140.23438
10000000,221.09375
