steps,returns
100000.0,721.74335
200000.0,578.2962
300000.0,552.428
400000.0,508.81653
500000.0,648.6924
600000.0,741.2888
700000.0,891.4375
800000.0,870.8843
900000.0,851.0385
1000000.0,814.3761
