steps,returns
1000000,2146.7188
2000000,1361.4062
3000000,1117.5781
4000000,382.10938
5000000,132.73438
6000000,1848.75
7000000,1377.6562
8000000,0.0
9000000,1662.9688
10000000,1885.0
