steps,returns
100000.0,898.54645
200000.0,831.2384
300000.0,777.76465
400000.0,786.9691
500000.0,1043.195
600000.0,1100.3826
700000.0,1123.5178
800000.0,1075.4463
900000.0,1083.509
1000000.0,1599.5057
