steps,returns
1000000,-17.859375
2000000,-17.65625
3000000,-18.078125
4000000,-17.703125
5000000,-16.84375
6000000,-18.421875
7000000,-17.609375
8000000,-17.71875
9000000,-17.765625
10000000,-18.5625
