steps,returns
10000,63.445312
20000,109.25781
30000,216.82031
40000,492.8828
50000,324.04688
60000,202.57812
70000,446.59375
80000,495.57812
90000,440.71094
100000,472.0
