steps,returns
5000,84.66406
10000,331.0
15000,351.42188
20000,333.03906
25000,261.375
30000,486.125
35000,163.24219
40000,500.0
45000,500.0
50000,500.0
