steps,returns
10000,97.125
20000,128.44531
30000,111.16406
40000,145.92188
50000,133.34375
60000,147.28906
70000,154.98438
80000,158.10938
90000,160.42969
100000,170.34375
