steps,returns
10000,58.539062
20000,66.703125
30000,354.03125
40000,79.453125
50000,488.60156
60000,130.71875
70000,494.89062
80000,500.0
90000,495.8125
100000,114.42969
