steps,returns
1000000,-18.640625
2000000,-17.96875
3000000,-18.546875
4000000,-18.296875
5000000,-17.953125
6000000,-17.765625
7000000,-18.25
8000000,-17.84375
9000000,-17.125
10000000,-17.78125
