steps,returns
100000,-200.0
200000,-200.0
300000,-200.0
400000,-200.0
500000,-151.39844
600000,-200.0
700000,-197.125
800000,-197.28906
900000,-200.0
1000000,-200.0
