steps,returns
10000,63.296875
20000,30.546875
30000,32.0
40000,112.9375
50000,155.35938
60000,170.89062
70000,163.59375
80000,257.5547
90000,194.05469
100000,182.48438
