steps,returns
100000.0,57.723408
200000.0,57.746674
300000.0,58.1075
400000.0,58.043724
500000.0,57.935154
600000.0,57.676674
700000.0,57.62184
800000.0,57.62138
900000.0,57.635647
1000000.0,57.462334
