steps,returns
100000,-200.0
200000,-200.0
300000,-200.0
400000,-200.0
500000,-200.0
600000,-175.10938
700000,-132.28125
800000,-115.28125
900000,-102.71094
1000000,-111.82031
