steps,returns
5000,58.695312
10000,40.460938
15000,15.953125
20000,11.953125
25000,20.039062
30000,25.875
35000,60.742188
40000,16.070312
45000,9.359375
50000,15.1640625
