steps,returns
1000000,627.7344
2000000,631.25
3000000,787.8906
4000000,852.34375
5000000,787.8906
6000000,944.53125
7000000,715.4297
8000000,799.8047
9000000,1850.5859
10000000,801.7578
