steps,returns
1000000,39.21875
2000000,17.65625
3000000,28.90625
4000000,18.4375
5000000,16.5625
6000000,17.96875
7000000,29.53125
8000000,17.34375
9000000,28.90625
10000000,17.34375
