steps,returns
10000,71.27344
20000,116.359375
30000,152.5
40000,178.26562
50000,225.26562
60000,237.10938
70000,262.98438
80000,325.07812
90000,296.75
100000,389.52344
