steps,returns
100000.0,1417.8971
200000.0,726.6124
300000.0,991.8421
400000.0,854.41016
500000.0,856.8242
600000.0,735.11755
700000.0,745.1051
800000.0,823.904
900000.0,781.7684
1000000.0,720.08777
