steps,returns
1000000,-17.828125
2000000,-17.65625
3000000,-17.90625
4000000,-17.703125
5000000,-17.6875
6000000,-17.25
7000000,-16.953125
8000000,-16.96875
9000000,-17.1875
10000000,-16.609375
