steps,returns
1000000,38.75
2000000,27.96875
3000000,51.25
4000000,46.40625
5000000,46.71875
6000000,30.46875
7000000,17.5
8000000,39.21875
9000000,17.34375
10000000,17.65625
