steps,returns
100000.0,687.6694
200000.0,708.18256
300000.0,706.0545
400000.0,632.9088
500000.0,598.058
600000.0,602.1281
700000.0,562.3163
800000.0,531.96875
900000.0,529.145
1000000.0,539.1169
