steps,returns
100000.0,591.68286
200000.0,-117.127075
300000.0,-1555.8798
400000.0,-3762.5269
500000.0,-5241.4395
600000.0,-6170.365
700000.0,-6287.6836
800000.0,-6508.0215
900000.0,-6513.2617
1000000.0,-6395.618
