steps,returns
5000,9.359375
10000,19.46875
15000,67.58594
20000,78.96875
25000,150.84375
30000,29.242188
35000,92.02344
40000,41.015625
45000,110.578125
50000,364.64844
