steps,returns
100000.0,-0.7148159
200000.0,0.073847145
300000.0,0.99616
400000.0,4.951844
500000.0,827.37915
600000.0,42.20031
700000.0,39.288406
800000.0,-24.352032
900000.0,-175.21698
1000000.0,-228.05344
