steps,returns
1000000,961.3281
2000000,869.6094
3000000,1342.9688
4000000,388.98438
5000000,927.2656
6000000,478.82812
7000000,701.7969
8000000,597.2656
9000000,138.28125
10000000,715.8594
