steps,returns
10000,-343.29688
20000,-500.0
30000,-500.0
40000,-500.0
50000,-500.0
60000,-500.0
70000,-500.0
80000,-500.0
90000,-422.90625
100000,-496.1797
