steps,returns
100000.0,652.64453
200000.0,651.50073
300000.0,616.86414
400000.0,504.02582
500000.0,543.5025
600000.0,602.1809
700000.0,573.28577
800000.0,544.3751
900000.0,503.347
1000000.0,495.0802
