steps,returns
100000.0,-1.7687042
200000.0,1.3529142
300000.0,0.16232893
400000.0,-0.33294523
500000.0,0.8688242
600000.0,0.6067116
700000.0,0.11760685
800000.0,0.252133
900000.0,0.8640764
1000000.0,0.69656664
