steps,returns
10000,14.2421875
20000,86.03906
30000,21.960938
40000,416.2422
50000,94.11719
60000,180.46094
70000,148.0
80000,207.23438
90000,125.74219
100000,282.10938
