steps,returns
100000.0,811.9742
200000.0,998.9374
300000.0,959.20374
400000.0,975.9266
500000.0,298.53528
600000.0,305.19
700000.0,1019.1473
800000.0,1036.2596
900000.0,1049.858
1000000.0,1614.731
