steps,returns
100000.0,321.0039
200000.0,857.20966
300000.0,845.9678
400000.0,816.278
500000.0,781.06696
600000.0,744.8087
700000.0,735.14404
800000.0,731.2595
900000.0,800.71136
1000000.0,1113.1147
