steps,returns
5000,64.734375
10000,70.15625
15000,67.28125
20000,69.234375
25000,71.90625
30000,69.66406
35000,77.484375
40000,70.703125
45000,72.33594
50000,74.11719
