steps,returns
100000.0,-9.843536
200000.0,-168.23091
300000.0,-731.79694
400000.0,-1613.9835
500000.0,-1988.5992
600000.0,-2172.4863
700000.0,-2754.327
800000.0,-3038.4119
900000.0,-1939.9579
1000000.0,-2130.7432
