steps,returns
10000,-287.85156
20000,-280.6172
30000,-316.8047
40000,-326.41406
50000,-327.03906
60000,-328.14062
70000,-354.8125
80000,-385.27344
90000,-387.85156
100000,-408.66406
