steps,returns
100000.0,-0.36046058
200000.0,-0.07182509
300000.0,1.2189592
400000.0,3.943343
500000.0,54.699814
600000.0,747.8144
700000.0,64.76563
800000.0,50.346077
900000.0,38.738777
1000000.0,-4.3623023
