steps,returns
10000,-499.64844
20000,-497.67188
30000,-407.17188
40000,-500.0
50000,-500.0
60000,-500.0
70000,-500.0
80000,-500.0
90000,-500.0
100000,-500.0
