steps,returns
1000000,28.4375
2000000,17.5
3000000,48.75
4000000,49.21875
5000000,54.0625
6000000,17.96875
7000000,17.8125
8000000,28.28125
9000000,17.65625
10000000,17.65625
