steps,returns
100000.0,-974.0151
200000.0,-269.59433
300000.0,-89.92684
400000.0,-733.2732
500000.0,333.56155
600000.0,362.99774
700000.0,581.92053
800000.0,734.04297
900000.0,771.81104
1000000.0,545.23975
