steps,returns
5000,8.9765625
10000,8.96875
15000,8.9296875
20000,9.0390625
25000,9.1015625
30000,9.0390625
35000,9.0625
40000,9.1015625
45000,9.3046875
50000,9.2890625
