steps,returns
100000.0,538.723
200000.0,698.69806
300000.0,626.9585
400000.0,536.8435
500000.0,614.64355
600000.0,615.0582
700000.0,770.9918
800000.0,823.6331
900000.0,835.8319
1000000.0,992.8694
