steps,returns
5000,56.929688
10000,40.5
15000,41.78125
20000,20.148438
25000,15.046875
30000,10.765625
35000,9.375
40000,9.34375
45000,10.1171875
50000,11.078125
