steps,returns
1000000,-16.96875
2000000,-17.140625
3000000,-17.21875
4000000,-16.421875
5000000,-17.109375
6000000,-16.8125
7000000,-16.171875
8000000,-16.203125
9000000,-16.234375
10000000,-16.359375
