steps,returns
5000,12.4296875
10000,9.265625
15000,24.789062
20000,32.507812
25000,127.85156
30000,226.39844
35000,130.02344
40000,131.75781
45000,26.5
50000,104.1875
