steps,returns
5000,9.7109375
10000,9.4765625
15000,9.4453125
20000,9.5234375
25000,9.578125
30000,9.4375
35000,9.609375
40000,9.5546875
45000,9.59375
50000,9.5625
