steps,returns
1000000,27.96875
2000000,50.625
3000000,28.28125
4000000,28.4375
5000000,15.625
6000000,17.1875
7000000,29.53125
8000000,17.5
9000000,28.125
10000000,50.15625
