steps,returns
100000.0,680.25037
200000.0,602.95996
300000.0,683.453
400000.0,1008.1419
500000.0,1161.0322
600000.0,1030.6885
700000.0,1144.0254
800000.0,1312.8135
900000.0,1167.5266
1000000.0,488.60703
