steps,returns
5000,10.2734375
10000,22.539062
15000,31.523438
20000,25.070312
25000,109.234375
30000,134.1875
35000,116.890625
40000,89.8125
45000,121.21875
50000,89.55469
