steps,returns
1000000,190.3125
2000000,16.875
3000000,35.0
4000000,326.875
5000000,29.0625
6000000,740.3125
7000000,738.9844
8000000,384.21875
9000000,108.90625
10000000,1366.25
