steps,returns
1000000,-17.78125
2000000,-17.84375
3000000,-18.71875
4000000,-17.65625
5000000,-17.578125
6000000,-17.875
7000000,-18.09375
8000000,-17.296875
9000000,-17.890625
10000000,-18.109375
