steps,returns
100000.0,636.4978
200000.0,566.6708
300000.0,425.403
400000.0,368.20508
500000.0,339.74152
600000.0,321.92642
700000.0,309.7983
800000.0,302.109
900000.0,296.10333
1000000.0,291.30844
