steps,returns
10000,99.234375
20000,347.25
30000,430.53125
40000,150.41406
50000,500.0
60000,500.0
70000,500.0
80000,339.9375
90000,500.0
100000,500.0
