steps,returns
100000.0,826.81885
200000.0,752.3148
300000.0,749.74036
400000.0,823.7644
500000.0,708.16016
600000.0,767.10535
700000.0,719.90924
800000.0,638.0932
900000.0,600.46924
1000000.0,810.16864
