steps,returns
1000000,-17.65625
2000000,-18.015625
3000000,-18.109375
4000000,-17.21875
5000000,-17.21875
6000000,-17.109375
7000000,-16.9375
8000000,-16.875
9000000,-16.734375
10000000,-16.171875
