steps,returns
10000,-496.53125
20000,-500.0
30000,-500.0
40000,-497.3672
50000,-500.0
60000,-500.0
70000,-500.0
80000,-500.0
90000,-99.171875
100000,-500.0
