steps,returns
5000,93.41406
10000,100.515625
15000,111.140625
20000,98.71094
25000,131.35938
30000,51.3125
35000,87.03906
40000,94.13281
45000,91.53906
50000,94.21875
