steps,returns
100000.0,-495.32205
200000.0,-487.9018
300000.0,-496.25006
400000.0,-509.53793
500000.0,-474.4942
600000.0,-501.97778
700000.0,-497.81094
800000.0,-489.95013
900000.0,-505.168
1000000.0,-501.46082
