steps,returns
5000,9.3046875
10000,9.1953125
15000,9.40625
20000,9.359375
25000,9.3359375
30000,9.328125
35000,9.3125
40000,9.3671875
45000,9.3671875
50000,9.34375
