steps,returns
10000,167.3125
20000,186.21875
30000,170.97656
40000,210.25781
50000,212.72656
60000,206.79688
70000,250.375
80000,295.4453
90000,342.84375
100000,377.0078
