steps,returns
5000,9.0703125
10000,9.3125
15000,9.2421875
20000,9.4140625
25000,9.3515625
30000,9.265625
35000,9.28125
40000,9.390625
45000,10.046875
50000,10.78125
