steps,returns
1000000,-18.234375
2000000,-18.09375
3000000,-16.96875
4000000,-18.359375
5000000,-18.34375
6000000,-18.21875
7000000,-18.421875
8000000,-18.078125
9000000,-18.203125
10000000,-18.40625
