steps,returns
1000000,699.02344
2000000,178.71094
3000000,810.9375
4000000,2596.0938
5000000,2340.625
6000000,2270.3125
7000000,1421.2891
8000000,4024.2188
9000000,4429.1016
10000000,1575.3906
