steps,returns
5000,87.63281
10000,78.07031
15000,83.67969
20000,86.82031
25000,88.38281
30000,81.96094
35000,82.88281
40000,84.453125
45000,86.86719
50000,83.25
