steps,returns
100000.0,59.828114
200000.0,-176.39377
300000.0,-285.52335
400000.0,-432.42493
500000.0,-160.42223
600000.0,-227.07602
700000.0,-308.1877
800000.0,-402.8308
900000.0,-499.7047
1000000.0,-616.9315
