steps,returns
100000.0,383.57507
200000.0,629.9833
300000.0,865.95123
400000.0,849.4272
500000.0,808.7605
600000.0,867.706
700000.0,922.09265
800000.0,1087.1527
900000.0,1011.88696
1000000.0,1067.357
