steps,returns
100000.0,1024.8121
200000.0,1019.2317
300000.0,1022.86255
400000.0,1020.7479
500000.0,1006.3405
600000.0,1002.0867
700000.0,1000.7357
800000.0,993.37695
900000.0,971.6812
1000000.0,951.27966
