steps,returns
10000,-500.0
20000,-408.6172
30000,-498.52344
40000,-500.0
50000,-500.0
60000,-500.0
70000,-500.0
80000,-481.78906
90000,-497.96875
100000,-500.0
