steps,returns
1000000,445.46875
2000000,465.78125
3000000,357.96875
4000000,933.4375
5000000,175.625
6000000,1062.7344
7000000,946.875
8000000,134.0625
9000000,1638.4375
10000000,3559.375
