steps,returns
5000,9.46875
10000,9.5234375
15000,9.5390625
20000,9.375
25000,9.5078125
30000,9.4609375
35000,9.359375
40000,9.3125
45000,9.328125
50000,9.3828125
