steps,returns
100000.0,-52.316086
200000.0,-406.98053
300000.0,172.94296
400000.0,-333.41278
500000.0,-693.6575
600000.0,-1881.3242
700000.0,-2263.5808
800000.0,-2525.4995
900000.0,-4663.613
1000000.0,-7734.64
