steps,returns
100000.0,986.73047
200000.0,840.1498
300000.0,588.0177
400000.0,448.4595
500000.0,181.86484
600000.0,-134.47852
700000.0,158.69226
800000.0,-456.82294
900000.0,-623.6035
1000000.0,-598.7009
