steps,returns
5000,25.96875
10000,30.210938
15000,32.40625
20000,34.679688
25000,38.828125
30000,42.890625
35000,42.703125
40000,43.601562
45000,42.460938
50000,42.632812
