steps,returns
100000.0,-0.644194
200000.0,0.06808761
300000.0,-3.8630996
400000.0,70.06236
500000.0,-147.14435
600000.0,-238.64578
700000.0,-259.7397
800000.0,-275.74466
900000.0,-487.3855
1000000.0,-535.4352
