steps,returns
10000,-500.0
20000,-500.0
30000,-500.0
40000,-216.3125
50000,-225.03125
60000,-340.15625
70000,-500.0
80000,-500.0
90000,-500.0
100000,-500.0
