steps,returns
1000000,-18.015625
2000000,-17.828125
3000000,-17.984375
4000000,-17.859375
5000000,-17.578125
6000000,-18.0
7000000,-17.4375
8000000,-18.1875
9000000,-18.140625
10000000,-18.484375
