steps,returns
1000000,230.27344
2000000,296.875
3000000,375.0
4000000,363.08594
5000000,438.47656
6000000,234.76562
7000000,399.8047
8000000,150.0
9000000,314.0625
10000000,175.0
