steps,returns
100000.0,861.36145
200000.0,796.3215
300000.0,1026.5217
400000.0,1017.41626
500000.0,758.7931
600000.0,689.38055
700000.0,678.0648
800000.0,688.6842
900000.0,683.75934
1000000.0,690.1865
