steps,returns
10000,187.63281
20000,162.98438
30000,461.45312
40000,208.49219
50000,413.1797
60000,500.0
70000,66.609375
80000,500.0
90000,500.0
100000,497.8047
