{"config": {"hp_config.clip_eps": 0.38907837547492524, "hp_config.ent_coef": 0.4350060741234096, "hp_config.gae_lambda": 0.9956258066123296, "hp_config.learning_rate": 0.00990359384128113, "hp_config.max_grad_norm": 0.46147936225293185, "hp_config.minibatch_size": 512, "hp_config.normalize_advantage": true, "hp_config.vf_clip_eps": 0.3199605106637619, "hp_config.vf_coef": 0.1433532874090464}, "score": 0.0, "budget_used": 128, "total_wallclock_time": -5505.863641500473, "total_optimization_time": 0.011000394821166992}
