steps,returns
100000.0,351.5804
200000.0,237.89334
300000.0,777.5884
400000.0,850.76685
500000.0,1092.4233
600000.0,1152.2964
700000.0,1154.1824
800000.0,1157.145
900000.0,1175.4304
1000000.0,1111.4524
