steps,returns
100000.0,426.6838
200000.0,517.70294
300000.0,640.88873
400000.0,894.7107
500000.0,961.09534
600000.0,879.02026
700000.0,625.8191
800000.0,-438.80106
900000.0,-1005.7024
1000000.0,-1748.4705
