steps,returns
100000.0,995.2634
200000.0,792.50305
300000.0,635.5183
400000.0,783.91125
500000.0,242.03822
600000.0,364.3112
700000.0,854.8267
800000.0,1162.99
900000.0,1633.9089
1000000.0,1801.322
