steps,returns
10000,-309.78125
20000,-316.78906
30000,-303.51562
40000,-307.3672
50000,-331.89062
60000,-311.9375
70000,-325.0078
80000,-311.04688
90000,-327.10156
100000,-346.41406
