steps,returns
1000000,-18.0
2000000,-18.03125
3000000,-17.265625
4000000,-17.71875
5000000,-18.15625
6000000,-18.5
7000000,-17.421875
8000000,-17.484375
9000000,-17.40625
10000000,-17.46875
