steps,returns
100000.0,1077.7773
200000.0,1412.0664
300000.0,758.99426
400000.0,892.9927
500000.0,910.9321
600000.0,960.1211
700000.0,857.9396
800000.0,689.0176
900000.0,644.42224
1000000.0,719.4448
