steps,returns
100000.0,1018.3343
200000.0,1019.6891
300000.0,1022.2551
400000.0,1019.9008
500000.0,1014.89966
600000.0,1046.123
700000.0,1059.7885
800000.0,1019.619
900000.0,1013.87646
1000000.0,1016.776
