steps,returns
100000.0,1007.27966
200000.0,1023.84204
300000.0,1027.3818
400000.0,1029.2827
500000.0,1023.3854
600000.0,1024.9604
700000.0,1019.7638
800000.0,1014.26825
900000.0,1001.63513
1000000.0,985.93634
