steps,returns
100000.0,391.84772
200000.0,-157.76035
300000.0,-1433.5586
400000.0,-6689.084
500000.0,-21371.424
600000.0,-44887.023
700000.0,-89295.95
800000.0,-191286.7
900000.0,-365309.7
1000000.0,-446373.9
