steps,returns
100000.0,914.0913
200000.0,501.07617
300000.0,5.2571006
400000.0,-273.36176
500000.0,-158.41237
600000.0,-822.5224
700000.0,-1063.9263
800000.0,-2327.3308
900000.0,-2831.9949
1000000.0,-6844.132
