steps,returns
1000000,-17.984375
2000000,-17.21875
3000000,-17.796875
4000000,-18.40625
5000000,-18.0625
6000000,-17.5625
7000000,-18.234375
8000000,-17.984375
9000000,-18.375
10000000,-17.84375
