steps,returns
100000.0,8.556213
200000.0,23.697113
300000.0,-103.686066
400000.0,-699.1395
500000.0,-472.31003
600000.0,-1253.7063
700000.0,-1614.7129
800000.0,-1731.3391
900000.0,-1784.7849
1000000.0,-1469.53
