steps,returns
100000.0,-744.2663
200000.0,429.14368
300000.0,-87.70055
400000.0,-645.6227
500000.0,-1096.0986
600000.0,-1172.2686
700000.0,-1443.593
800000.0,169.12193
900000.0,436.87524
1000000.0,433.7871
