steps,returns
100000.0,158.01834
200000.0,90.70481
300000.0,-241.2117
400000.0,-352.61108
500000.0,-513.04785
600000.0,-1116.9822
700000.0,-1393.6909
800000.0,-1682.0579
900000.0,-1777.9473
1000000.0,-2156.9324
