steps,returns
5000,9.390625
10000,9.34375
15000,9.46875
20000,10.8515625
25000,18.40625
30000,10.7734375
35000,36.929688
40000,69.75781
45000,81.625
50000,68.96094
