steps,returns
100000.0,903.1811
200000.0,895.5703
300000.0,922.47107
400000.0,1013.9769
500000.0,930.5193
600000.0,873.3037
700000.0,772.6543
800000.0,53.83687
900000.0,468.7943
1000000.0,747.3777
