steps,returns
100000.0,-1.4936938
200000.0,-1.3062474
300000.0,-1.55196
400000.0,-1.478347
500000.0,-1.7520049
600000.0,-2.606114
700000.0,0.48116824
800000.0,-13.014329
900000.0,72.57266
1000000.0,141.37985
