steps,returns
100000.0,560.985
200000.0,566.51196
300000.0,554.54724
400000.0,602.064
500000.0,670.76794
600000.0,768.44635
700000.0,892.5799
800000.0,920.11255
900000.0,904.95715
1000000.0,887.7281
