steps,returns
100000.0,1049.9946
200000.0,1050.1091
300000.0,406.66452
400000.0,1049.5211
500000.0,1020.15686
600000.0,1236.1189
700000.0,1176.0703
800000.0,-51.37805
900000.0,-2374.775
1000000.0,-10670.022
