steps,returns
10000,379.04688
20000,472.45312
30000,420.71094
40000,499.89062
50000,394.7422
60000,369.03125
70000,496.33594
80000,299.47656
90000,500.0
100000,500.0
