steps,returns
5000,31.148438
10000,36.226562
15000,38.726562
20000,43.367188
25000,48.578125
30000,48.445312
35000,52.242188
40000,50.625
45000,49.1875
50000,53.46875
