steps,returns
5000,44.632812
10000,49.078125
15000,52.664062
20000,58.289062
25000,58.539062
30000,64.17969
35000,65.796875
40000,72.02344
45000,65.71094
50000,72.15625
