steps,returns
1000000,-17.515625
2000000,-18.234375
3000000,-17.890625
4000000,-18.03125
5000000,-17.375
6000000,-18.203125
7000000,-17.921875
8000000,-18.28125
9000000,-18.171875
10000000,-17.96875
