steps,returns
100000.0,621.0414
200000.0,373.6487
300000.0,144.96803
400000.0,-224.64958
500000.0,-485.01025
600000.0,-718.0105
700000.0,-1158.3926
800000.0,-1740.6045
900000.0,-2429.724
1000000.0,-4320.714
