steps,returns
1000000,-1.875
2000000,-1.328125
3000000,-1.3125
4000000,-1.3125
5000000,-1.125
6000000,-1.296875
7000000,-1.3125
8000000,-1.296875
9000000,-1.1875
10000000,-1.421875
