{"config": {"hp_config.clip_eps": 0.15928447622566183, "hp_config.ent_coef": 0.33370518998184084, "hp_config.gae_lambda": 0.826346392694638, "hp_config.learning_rate": 0.00381624299908997, "hp_config.max_grad_norm": 0.2894060929472011, "hp_config.minibatch_size": 128, "hp_config.normalize_advantage": false, "hp_config.vf_clip_eps": 0.010053773093746776, "hp_config.vf_coef": 0.8289400292173631}, "score": 0.0, "budget_used": 128, "total_wallclock_time": -5936.877642631531, "total_optimization_time": 0.010783672332763672}
