steps,returns
1000000,301.25
2000000,17.65625
3000000,99.375
4000000,319.45312
5000000,143.59375
6000000,1090.4688
7000000,815.8594
8000000,2281.3281
9000000,2094.4531
10000000,3175.7031
