steps,returns
5000,19.59375
10000,18.734375
15000,136.74219
20000,153.82812
25000,137.875
30000,148.84375
35000,155.38281
40000,126.0625
45000,137.28125
50000,118.921875
