steps,returns
5000,267.6328
10000,495.04688
15000,498.34375
20000,451.84375
25000,446.46875
30000,431.27344
35000,420.89844
40000,462.6797
45000,448.97656
50000,464.23438
