steps,returns
100000.0,1133.4498
200000.0,847.0659
300000.0,498.9992
400000.0,502.20767
500000.0,873.44165
600000.0,825.73
700000.0,32.620117
800000.0,930.1236
900000.0,1063.4268
1000000.0,999.69293
