steps,returns
1000000,40.15625
2000000,17.5
3000000,48.75
4000000,18.125
5000000,30.46875
6000000,30.15625
7000000,38.28125
8000000,17.1875
9000000,28.75
10000000,17.65625
