steps,returns
100000.0,714.6953
200000.0,612.8053
300000.0,607.06274
400000.0,589.53156
500000.0,599.4918
600000.0,641.71936
700000.0,617.37415
800000.0,599.7014
900000.0,589.8417
1000000.0,590.8754
