steps,returns
10000,90.89844
20000,156.08594
30000,141.42188
40000,101.796875
50000,73.69531
60000,83.50781
70000,80.41406
80000,74.80469
90000,74.60156
100000,72.67969
