steps,returns
100000.0,292.1607
200000.0,289.9644
300000.0,273.95514
400000.0,287.44623
500000.0,279.95767
600000.0,292.34088
700000.0,285.97314
800000.0,296.24194
900000.0,281.92618
1000000.0,323.06628
