steps,returns
100000.0,1020.88116
200000.0,1034.1577
300000.0,1022.2649
400000.0,1018.326
500000.0,1012.5497
600000.0,1000.9485
700000.0,996.8556
800000.0,980.82434
900000.0,974.71063
1000000.0,950.7239
