steps,returns
100000.0,855.27136
200000.0,652.6384
300000.0,488.18408
400000.0,631.17474
500000.0,744.1452
600000.0,827.97644
700000.0,908.50745
800000.0,954.26605
900000.0,1006.7564
1000000.0,1041.9025
