steps,returns
1000000,-17.921875
2000000,-18.046875
3000000,-17.96875
4000000,-17.890625
5000000,-18.21875
6000000,-17.78125
7000000,-18.359375
8000000,-17.78125
9000000,-17.609375
10000000,-17.921875
