steps,returns
100000.0,1035.6923
200000.0,1025.9246
300000.0,1027.047
400000.0,1023.32227
500000.0,1014.5023
600000.0,1014.3291
700000.0,1010.17413
800000.0,1009.18317
900000.0,1005.5003
1000000.0,1001.1038
