steps,returns
1000000,-17.703125
2000000,-17.96875
3000000,-17.765625
4000000,-18.0
5000000,-18.40625
6000000,-18.140625
7000000,-18.296875
8000000,-18.046875
9000000,-17.875
10000000,-18.0625
