steps,returns
10000,130.89062
20000,497.14062
30000,498.95312
40000,447.3672
50000,223.94531
60000,500.0
70000,89.91406
80000,228.67969
90000,500.0
100000,500.0
