steps,returns
5000,59.96875
10000,60.945312
15000,62.007812
20000,55.671875
25000,47.164062
30000,42.414062
35000,34.398438
40000,18.601562
45000,14.5234375
50000,15.0546875
