steps,returns
10000,448.39062
20000,201.23438
30000,266.2422
40000,499.46094
50000,436.28125
60000,217.5625
70000,499.1953
80000,500.0
90000,500.0
100000,499.85156
