steps,returns
1000000,77.8125
2000000,460.3125
3000000,109.84375
4000000,432.96875
5000000,333.4375
6000000,600.7031
7000000,92.65625
8000000,570.9375
9000000,1687.9688
10000000,1324.1406
