steps,returns
10000,197.13281
20000,468.39844
30000,500.0
40000,213.14062
50000,500.0
60000,341.6875
70000,500.0
80000,500.0
90000,491.25
100000,500.0
