steps,returns
100000.0,231.58742
200000.0,233.56403
300000.0,230.99149
400000.0,227.4111
500000.0,214.34303
600000.0,
700000.0,
800000.0,
900000.0,
1000000.0,
