steps,returns
100000.0,306.21155
200000.0,613.93115
300000.0,188.3653
400000.0,-60.3356
500000.0,-503.48758
600000.0,-1107.4845
700000.0,-3818.495
800000.0,-4354.298
900000.0,-6404.6704
1000000.0,-6805.3237
