steps,returns
10000,452.96875
20000,183.46094
30000,493.53125
40000,151.64062
50000,500.0
60000,481.90625
70000,279.51562
80000,250.39844
90000,500.0
100000,500.0
