steps,returns
100000.0,0.3927012
200000.0,1.4044621
300000.0,3.8643289
400000.0,42.50077
500000.0,731.75073
600000.0,1119.0533
700000.0,190.60226
800000.0,-6.922304
900000.0,-29.863232
1000000.0,-35.929813
