steps,returns
100000.0,868.7468
200000.0,1005.1978
300000.0,959.6848
400000.0,902.33997
500000.0,900.91925
600000.0,871.0703
700000.0,869.8982
800000.0,875.12463
900000.0,922.5951
1000000.0,1055.4062
