steps,returns
100000.0,1020.71765
200000.0,616.5332
300000.0,737.4911
400000.0,635.25616
500000.0,817.53217
600000.0,905.83923
700000.0,1104.5061
800000.0,1129.592
900000.0,793.22266
1000000.0,1382.4316
