steps,returns
100000.0,-3.641901
200000.0,-558.46704
300000.0,-748.8972
400000.0,-2265.233
500000.0,-2802.2166
600000.0,-2237.979
700000.0,-3520.5798
800000.0,-4896.0264
900000.0,-6130.9697
1000000.0,-9087.652
