steps,returns
100000.0,979.19055
200000.0,1013.87195
300000.0,830.83307
400000.0,853.5796
500000.0,1072.0491
600000.0,1032.8564
700000.0,1113.5206
800000.0,772.40875
900000.0,-12696.047
1000000.0,-77042.42
