steps,returns
5000,94.57031
10000,45.414062
15000,12.4921875
20000,25.476562
25000,32.570312
30000,12.3671875
35000,84.61719
40000,81.453125
45000,113.97656
50000,109.8125
