steps,returns
1000000,150.0
2000000,0.0
3000000,530.66406
4000000,430.66406
5000000,1102.1484
6000000,828.5156
7000000,3421.6797
8000000,799.6094
9000000,789.64844
10000000,793.75
