steps,returns
10000,407.8672
20000,500.0
30000,415.59375
40000,342.54688
50000,500.0
60000,500.0
70000,500.0
80000,500.0
90000,500.0
100000,500.0
