steps,returns
5000,9.25
10000,9.4140625
15000,9.3828125
20000,9.390625
25000,9.4609375
30000,9.2578125
35000,9.34375
40000,9.2265625
45000,9.28125
50000,9.34375
