steps,returns
5000,9.34375
10000,9.3828125
15000,9.28125
20000,9.34375
25000,9.28125
30000,9.390625
35000,9.2734375
40000,9.375
45000,9.2421875
50000,9.3828125
