steps,returns
5000,50.109375
10000,42.6875
15000,13.9765625
20000,21.195312
25000,18.734375
30000,17.820312
35000,42.257812
40000,143.78906
45000,127.84375
50000,114.4375
