steps,returns
1000000,17.03125
2000000,99.21875
3000000,149.6875
4000000,142.03125
5000000,28.59375
6000000,689.375
7000000,770.8594
8000000,49.0625
9000000,896.25
10000000,1542.8906
