steps,returns
10000,-452.9375
20000,-430.23438
30000,-414.96094
40000,-402.03125
50000,-376.91406
60000,-328.71094
70000,-217.36719
80000,-142.46875
90000,-125.984375
100000,-144.35156
