steps,returns
10000,311.58594
20000,325.5078
30000,252.13281
40000,500.0
50000,500.0
60000,500.0
70000,500.0
80000,500.0
90000,500.0
100000,500.0
