steps,returns
5000,500.0
10000,307.72656
15000,150.61719
20000,75.421875
25000,31.132812
30000,11.046875
35000,9.3203125
40000,13.953125
45000,21.65625
50000,34.179688
