steps,returns
10000,361.6172
20000,246.53906
30000,38.71875
40000,30.226562
50000,57.507812
60000,29.546875
70000,35.328125
80000,9.2578125
90000,87.50781
100000,98.47656
