steps,returns
5000,9.453125
10000,9.640625
15000,13.4296875
20000,30.3125
25000,12.890625
30000,35.710938
35000,34.84375
40000,82.875
45000,52.242188
50000,47.070312
