steps,returns
100000.0,1023.8419
200000.0,1014.44025
300000.0,1013.51733
400000.0,1003.4999
500000.0,991.1513
600000.0,978.05743
700000.0,969.19824
800000.0,935.6443
900000.0,896.8714
1000000.0,844.1024
