steps,returns
5000,78.9375
10000,89.578125
15000,95.33594
20000,114.08594
25000,122.27344
30000,135.86719
35000,150.60156
40000,161.28906
45000,177.1875
50000,184.09375
