steps,returns
100000.0,656.3844
200000.0,618.42236
300000.0,610.9154
400000.0,563.69995
500000.0,564.9148
600000.0,630.8793
700000.0,973.7549
800000.0,1015.7726
900000.0,1025.6326
1000000.0,1096.4705
