steps,returns
1000000,231.875
2000000,17.5
3000000,96.875
4000000,385.15625
5000000,68.4375
6000000,380.3125
7000000,18.4375
8000000,524.84375
9000000,1229.6875
10000000,429.0625
