steps,returns
1000000,1049.2188
2000000,1052.8125
3000000,903.2031
4000000,960.3125
5000000,1097.7344
6000000,304.21875
7000000,152.5
8000000,141.40625
9000000,239.53125
10000000,113.4375
