steps,returns
100000.0,522.9024
200000.0,558.0703
300000.0,567.3119
400000.0,569.30884
500000.0,579.18256
600000.0,619.2311
700000.0,693.05835
800000.0,1097.8691
900000.0,1247.784
1000000.0,1458.1367
