steps,returns
100000.0,-0.36193508
200000.0,0.21350992
300000.0,0.9673661
400000.0,3.0374832
500000.0,43.560642
600000.0,796.236
700000.0,126.29434
800000.0,55.596977
900000.0,31.494026
1000000.0,-24.291393
