steps,returns
1000000,583.0469
2000000,636.40625
3000000,1475.2344
4000000,589.53125
5000000,4468.9062
6000000,3776.3281
7000000,2712.4219
8000000,1244.4531
9000000,2729.6875
10000000,3319.2188
