steps,returns
100000.0,-830.64636
200000.0,-717.44775
300000.0,-716.8157
400000.0,-722.3487
500000.0,-718.5304
600000.0,-759.9011
700000.0,-766.2776
800000.0,-763.17566
900000.0,-762.7141
1000000.0,-758.3744
