steps,returns
100000.0,638.26666
200000.0,638.51526
300000.0,676.5047
400000.0,721.48865
500000.0,821.8419
600000.0,916.69214
700000.0,905.0912
800000.0,1168.0945
900000.0,1208.1067
1000000.0,1094.292
