steps,returns
1000000,-18.1875
2000000,-18.21875
3000000,-18.1875
4000000,-17.609375
5000000,-17.796875
6000000,-18.25
7000000,-18.109375
8000000,-17.625
9000000,-17.546875
10000000,-17.734375
