steps,returns
100000.0,907.89734
200000.0,823.0984
300000.0,971.5889
400000.0,797.0155
500000.0,820.80225
600000.0,809.3721
700000.0,906.5714
800000.0,960.1492
900000.0,693.8605
1000000.0,758.1635
