steps,returns
100000.0,-1569.1833
200000.0,-688.89996
300000.0,-651.87354
400000.0,-587.9233
500000.0,-1011.5853
600000.0,-2131.0654
700000.0,-3329.5662
800000.0,-4155.025
900000.0,-6720.4097
1000000.0,-10631.3125
