steps,returns
100000.0,688.14246
200000.0,675.6247
300000.0,667.7147
400000.0,693.09265
500000.0,646.95514
600000.0,606.7783
700000.0,598.5264
800000.0,617.56323
900000.0,631.5509
1000000.0,700.8214
