steps,returns
1000000,-17.171875
2000000,-18.046875
3000000,-17.609375
4000000,-17.46875
5000000,-18.28125
6000000,-18.1875
7000000,-17.875
8000000,-18.25
9000000,-17.75
10000000,-17.828125
