steps,returns
10000,89.03906
20000,191.375
30000,238.04688
40000,342.5625
50000,373.98438
60000,398.25
70000,468.53906
80000,442.1797
90000,413.22656
100000,486.4453
