steps,returns
1000000,262.5
2000000,125.0
3000000,250.0
4000000,150.0
5000000,366.21094
6000000,739.2578
7000000,486.71875
8000000,500.78125
9000000,761.52344
10000000,660.5469
