steps,returns
10000,144.23438
20000,260.33594
30000,357.28906
40000,259.53906
50000,334.91406
60000,418.08594
70000,399.46094
80000,477.71875
90000,499.84375
100000,496.16406
