steps,returns
1000000,-18.09375
2000000,-16.875
3000000,-18.0625
4000000,-18.046875
5000000,-17.328125
6000000,-18.265625
7000000,-18.265625
8000000,-16.71875
9000000,-17.375
10000000,-17.921875
