steps,returns
100000.0,622.5867
200000.0,523.3596
300000.0,512.69073
400000.0,492.94232
500000.0,620.5707
600000.0,714.4136
700000.0,572.0495
800000.0,635.5958
900000.0,368.70724
1000000.0,123.48451
