steps,returns
5000,8.90625
10000,8.9921875
15000,9.0390625
20000,9.0390625
25000,9.0625
30000,9.1484375
35000,9.234375
40000,9.4609375
45000,9.25
50000,9.390625
