steps,returns
1000000,-18.140625
2000000,-17.546875
3000000,-18.390625
4000000,-18.03125
5000000,-17.78125
6000000,-18.234375
7000000,-17.859375
8000000,-17.59375
9000000,-17.828125
10000000,-18.1875
