steps,returns
10000,342.03906
20000,476.5547
30000,422.45312
40000,495.42188
50000,500.0
60000,368.22656
70000,193.02344
80000,472.35938
90000,500.0
100000,500.0
