steps,returns
100000.0,1063.6389
200000.0,870.464
300000.0,668.91833
400000.0,733.37225
500000.0,453.24103
600000.0,451.74332
700000.0,352.33505
800000.0,379.40433
900000.0,279.73145
1000000.0,993.70154
