steps,returns
5000,8.765625
10000,8.859375
15000,9.0390625
20000,9.0703125
25000,9.140625
30000,9.1015625
35000,9.1015625
40000,9.0703125
45000,9.234375
50000,9.2109375
