steps,returns
1000000,-17.96875
2000000,-17.984375
3000000,-17.609375
4000000,-18.34375
5000000,-17.703125
6000000,-18.203125
7000000,-17.75
8000000,-17.984375
9000000,-17.5625
10000000,-17.96875
