steps,returns
1000000,609.96094
2000000,371.6797
3000000,384.1797
4000000,325.97656
5000000,102.34375
6000000,238.86719
7000000,328.125
8000000,350.0
9000000,125.0
10000000,155.85938
