steps,returns
100000.0,0.6169972
200000.0,-142.8349
300000.0,-469.37732
400000.0,-1451.3469
500000.0,-2004.4712
600000.0,-2571.4224
700000.0,-3141.4888
800000.0,-2911.58
900000.0,-4059.7053
1000000.0,-4597.5215
