steps,returns
1000000,-17.53125
2000000,-18.046875
3000000,-18.03125
4000000,-18.15625
5000000,-18.40625
6000000,-17.96875
7000000,-17.34375
8000000,-18.078125
9000000,-18.34375
10000000,-17.875
