steps,returns
100000.0,129.70337
200000.0,123.02867
300000.0,124.86679
400000.0,119.94517
500000.0,122.61528
600000.0,122.34592
700000.0,121.45907
800000.0,122.58775
900000.0,124.0408
1000000.0,123.364456
