steps,returns
1000000,-18.1875
2000000,-17.765625
3000000,-18.203125
4000000,-17.859375
5000000,-17.46875
6000000,-17.828125
7000000,-17.703125
8000000,-17.375
9000000,-17.484375
10000000,-17.21875
