steps,returns
5000,9.328125
10000,9.4296875
15000,17.289062
20000,23.875
25000,119.96094
30000,15.25
35000,436.70312
40000,69.375
45000,326.47656
50000,172.125
