steps,returns
1000000,-17.359375
2000000,-17.515625
3000000,-17.375
4000000,-18.109375
5000000,-18.125
6000000,-17.953125
7000000,-17.765625
8000000,-17.859375
9000000,-17.78125
10000000,-17.640625
