steps,returns
10000,249.30469
20000,187.54688
30000,476.75
40000,453.6953
50000,499.4922
60000,500.0
70000,497.9453
80000,500.0
90000,500.0
100000,491.0625
