steps,returns
100000.0,462.50192
200000.0,464.89703
300000.0,464.91412
400000.0,479.09705
500000.0,513.478
600000.0,518.3148
700000.0,565.02014
800000.0,574.51404
900000.0,660.56
1000000.0,580.92017
