steps,returns
100000.0,954.9905
200000.0,912.87427
300000.0,827.5762
400000.0,718.65234
500000.0,699.58044
600000.0,687.1013
700000.0,1350.798
800000.0,2870.1138
900000.0,2262.2998
1000000.0,1554.4285
