steps,returns
100000.0,2.7787256
200000.0,2.915299
300000.0,2.9743886
400000.0,2.7539153
500000.0,2.804029
600000.0,2.8413315
700000.0,2.7930999
800000.0,2.8260021
900000.0,2.9499369
1000000.0,2.8845613
