steps,returns
100000.0,1006.05554
200000.0,1024.7041
300000.0,1025.9957
400000.0,1022.33936
500000.0,1022.8368
600000.0,1022.62616
700000.0,1020.0559
800000.0,1020.266
900000.0,1017.1108
1000000.0,1015.43396
