steps,returns
100000.0,1011.02356
200000.0,899.7879
300000.0,809.52655
400000.0,748.95905
500000.0,887.4085
600000.0,712.01
700000.0,632.03845
800000.0,819.1376
900000.0,612.9375
1000000.0,1061.177
