steps,returns
1000000,-17.625
2000000,-17.578125
3000000,-17.46875
4000000,-17.75
5000000,-17.96875
6000000,-17.890625
7000000,-18.046875
8000000,-17.875
9000000,-17.15625
10000000,-18.296875
