steps,returns
100000.0,341.4181
200000.0,225.80533
300000.0,671.63196
400000.0,748.4514
500000.0,726.19055
600000.0,728.5615
700000.0,721.36755
800000.0,707.565
900000.0,702.33655
1000000.0,696.2898
