steps,returns
100000.0,932.45667
200000.0,892.90045
300000.0,960.4844
400000.0,1006.16864
500000.0,1032.1277
600000.0,908.8342
700000.0,859.2484
800000.0,820.9352
900000.0,814.8358
1000000.0,762.154
