steps,returns
100000.0,603.0565
200000.0,388.5018
300000.0,385.27115
400000.0,781.59265
500000.0,476.8954
600000.0,728.078
700000.0,592.75854
800000.0,543.3423
900000.0,1000.9515
1000000.0,650.8744
