steps,returns
100000.0,-334.39618
200000.0,-341.2651
300000.0,-349.427
400000.0,-338.82867
500000.0,-332.66592
600000.0,-330.48373
700000.0,-336.90808
800000.0,-342.9519
900000.0,-341.56238
1000000.0,-351.94678
