steps,returns
100000.0,886.8824
200000.0,745.29956
300000.0,684.7219
400000.0,685.9203
500000.0,1177.5774
600000.0,1253.2189
700000.0,2102.3152
800000.0,3022.541
900000.0,675.85876
1000000.0,1224.7583
