steps,returns
10000,143.63281
20000,500.0
30000,479.64062
40000,332.1328
50000,500.0
60000,500.0
70000,500.0
80000,500.0
90000,500.0
100000,500.0
