steps,returns
10000,-150.17188
20000,-146.03125
30000,-148.47656
40000,-152.61719
50000,-170.42188
60000,-327.8672
70000,-500.0
80000,-500.0
90000,-500.0
100000,-500.0
