steps,returns
1000000,-17.15625
2000000,-17.921875
3000000,-16.71875
4000000,-16.765625
5000000,-17.234375
6000000,-17.953125
7000000,-16.125
8000000,-16.1875
9000000,-17.09375
10000000,-16.453125
