steps,returns
1000000,231.25
2000000,150.0
3000000,229.49219
4000000,266.9922
5000000,300.0
6000000,350.0
7000000,349.60938
8000000,243.75
9000000,296.875
10000000,248.82812
