steps,returns
100000.0,659.6756
200000.0,678.10144
300000.0,646.5748
400000.0,657.2861
500000.0,755.6527
600000.0,627.3076
700000.0,138.66335
800000.0,-443.00067
900000.0,-2408.9146
1000000.0,-4015.04
