steps,returns
10000,382.14062
20000,425.4453
30000,424.28906
40000,430.60938
50000,443.01562
60000,421.89844
70000,433.85938
80000,500.0
90000,500.0
100000,483.98438
