steps,returns
100000.0,1144.8462
200000.0,1061.8787
300000.0,1019.48706
400000.0,964.79346
500000.0,1050.0325
600000.0,1015.78284
700000.0,988.7364
800000.0,1157.3057
900000.0,1292.8812
1000000.0,1525.0581
