steps,returns
100000.0,118.2038
200000.0,-117.67366
300000.0,-46.797943
400000.0,37.9602
500000.0,-21.69476
600000.0,-318.36298
700000.0,-392.81573
800000.0,-33.15924
900000.0,184.86542
1000000.0,44.74886
