steps,returns
100000.0,66.284424
200000.0,62.362514
300000.0,61.523933
400000.0,61.389275
500000.0,60.895584
600000.0,60.105347
700000.0,59.255375
800000.0,58.659546
900000.0,58.82676
1000000.0,58.638836
