steps,returns
5000,9.3125
10000,14.9609375
15000,25.5
20000,57.101562
25000,222.61719
30000,197.22656
35000,171.75
40000,351.78125
45000,128.78906
50000,300.84375
