steps,returns
10000,-452.76562
20000,-398.98438
30000,-98.9375
40000,-500.0
50000,-500.0
60000,-500.0
70000,-500.0
80000,-500.0
90000,-500.0
100000,-500.0
