steps,returns
1000000,125.0
2000000,377.73438
3000000,468.75
4000000,478.51562
5000000,349.21875
6000000,670.5078
7000000,757.4219
8000000,518.75
9000000,775.78125
10000000,880.8594
