steps,returns
100000.0,-283.33478
200000.0,-260.948
300000.0,-252.5059
400000.0,-252.93243
500000.0,-270.4167
600000.0,-265.1874
700000.0,-253.50894
800000.0,-263.4046
900000.0,-256.6278
1000000.0,-260.92612
