steps,returns
10000,135.00781
20000,92.015625
30000,336.14844
40000,499.39062
50000,21.757812
60000,166.99219
70000,110.96875
80000,164.5
90000,131.83594
100000,472.23438
