steps,returns
1000000,426.40625
2000000,340.70312
3000000,474.375
4000000,975.46875
5000000,2228.9062
6000000,2701.0156
7000000,2500.625
8000000,4707.9688
9000000,4654.922
10000000,5056.0938
