steps,returns
100000.0,13.54653
200000.0,13.983999
300000.0,14.34741
400000.0,14.549343
500000.0,14.8686905
600000.0,14.702436
700000.0,14.586568
800000.0,14.233956
900000.0,14.583545
1000000.0,14.638723
