steps,returns
100000.0,591.29047
200000.0,619.2814
300000.0,662.03
400000.0,872.5747
500000.0,978.17053
600000.0,633.5187
700000.0,467.21637
800000.0,224.72362
900000.0,-455.43445
1000000.0,-3230.064
