steps,returns
5000,51.390625
10000,29.914062
15000,73.078125
20000,58.53125
25000,118.5
30000,490.64844
35000,394.375
40000,140.11719
45000,208.32031
50000,147.36719
