steps,returns
10000,156.48438
20000,294.14062
30000,248.49219
40000,251.44531
50000,500.0
60000,500.0
70000,180.11719
80000,125.77344
90000,500.0
100000,123.3125
