steps,returns
10000,-485.71094
20000,-106.734375
30000,-255.46094
40000,-500.0
50000,-500.0
60000,-500.0
70000,-500.0
80000,-500.0
90000,-500.0
100000,-500.0
