steps,returns
100000.0,924.8211
200000.0,699.49725
300000.0,400.38367
400000.0,-16.604948
500000.0,-437.9306
600000.0,-1236.359
700000.0,-2228.6177
800000.0,-3220.477
900000.0,-4331.4224
1000000.0,-5029.214
