steps,returns
10000,-500.0
20000,-500.0
30000,-444.72656
40000,-432.64062
50000,-500.0
60000,-500.0
70000,-500.0
80000,-500.0
90000,-500.0
100000,-500.0
