steps,returns
100000.0,914.12646
200000.0,1074.3112
300000.0,1022.4171
400000.0,288.81622
500000.0,-675.0404
600000.0,-948.43524
700000.0,-815.65393
800000.0,-655.49274
900000.0,-522.6496
1000000.0,-425.19666
