steps,returns
100000.0,-0.5660142
200000.0,-0.5668928
300000.0,-0.5371518
400000.0,-1.0815558
500000.0,-1.8113172
600000.0,1.8881017
700000.0,50.667538
800000.0,161.70108
900000.0,41.639313
1000000.0,-269.45517
