steps,returns
100000.0,240.51471
200000.0,231.55988
300000.0,453.29816
400000.0,530.4783
500000.0,694.0471
600000.0,686.3699
700000.0,686.5295
800000.0,703.8003
900000.0,800.0774
1000000.0,746.9141
