{"config": {"hp_config.clip_eps": 0.38907837547492524, "hp_config.ent_coef": 0.4350060741234096, "hp_config.gae_lambda": 0.9956258066123296, "hp_config.learning_rate": 0.00990359384128113, "hp_config.max_grad_norm": 0.46147936225293185, "hp_config.minibatch_size": 512, "hp_config.normalize_advantage": true, "hp_config.vf_clip_eps": 0.3199605106637619, "hp_config.vf_coef": 0.1433532874090464}, "score": 26.4296875, "budget_used": 13, "total_wallclock_time": -98.86977076530457, "total_optimization_time": 0.007361650466918945}
{"config": {"hp_config.clip_eps": 0.4030969945230429, "hp_config.ent_coef": 0.35194429177018316, "hp_config.gae_lambda": 0.820035354773729, "hp_config.learning_rate": 0.03957428423834935, "hp_config.max_grad_norm": 0.7142412995491114, "hp_config.minibatch_size": 512, "hp_config.normalize_advantage": true, "hp_config.vf_clip_eps": 0.4340630286841071, "hp_config.vf_coef": 0.16249293467637482}, "score": 9.2890625, "budget_used": 26, "total_wallclock_time": -195.2884783744812, "total_optimization_time": 0.04391002655029297}
{"config": {"hp_config.clip_eps": 0.4030969945230429, "hp_config.ent_coef": 0.35194429177018316, "hp_config.gae_lambda": 0.820035354773729, "hp_config.learning_rate": 0.03957428423834935, "hp_config.max_grad_norm": 0.7142412995491114, "hp_config.minibatch_size": 512, "hp_config.normalize_advantage": true, "hp_config.vf_clip_eps": 0.4340630286841071, "hp_config.vf_coef": 0.16249293467637482}, "score": 9.2890625, "budget_used": 39, "total_wallclock_time": -292.1167483329773, "total_optimization_time": 0.04617667198181152}
{"config": {"hp_config.clip_eps": 0.4030969945230429, "hp_config.ent_coef": 0.35194429177018316, "hp_config.gae_lambda": 0.820035354773729, "hp_config.learning_rate": 0.03957428423834935, "hp_config.max_grad_norm": 0.7142412995491114, "hp_config.minibatch_size": 512, "hp_config.normalize_advantage": true, "hp_config.vf_clip_eps": 0.4340630286841071, "hp_config.vf_coef": 0.16249293467637482}, "score": 9.2890625, "budget_used": 52, "total_wallclock_time": -390.12674927711487, "total_optimization_time": 0.049247026443481445}
{"config": {"hp_config.clip_eps": 0.4030969945230429, "hp_config.ent_coef": 0.35194429177018316, "hp_config.gae_lambda": 0.820035354773729, "hp_config.learning_rate": 0.03957428423834935, "hp_config.max_grad_norm": 0.7142412995491114, "hp_config.minibatch_size": 512, "hp_config.normalize_advantage": true, "hp_config.vf_clip_eps": 0.4340630286841071, "hp_config.vf_coef": 0.16249293467637482}, "score": 9.2890625, "budget_used": 65, "total_wallclock_time": -485.39202523231506, "total_optimization_time": 0.12510466575622559}
{"config": {"hp_config.clip_eps": 0.4030969945230429, "hp_config.ent_coef": 0.35194429177018316, "hp_config.gae_lambda": 0.820035354773729, "hp_config.learning_rate": 0.03957428423834935, "hp_config.max_grad_norm": 0.7142412995491114, "hp_config.minibatch_size": 512, "hp_config.normalize_advantage": true, "hp_config.vf_clip_eps": 0.4340630286841071, "hp_config.vf_coef": 0.16249293467637482}, "score": 9.2890625, "budget_used": 78, "total_wallclock_time": -580.475672006607, "total_optimization_time": 0.12820649147033691}
{"config": {"hp_config.clip_eps": 0.4030969945230429, "hp_config.ent_coef": 0.35194429177018316, "hp_config.gae_lambda": 0.820035354773729, "hp_config.learning_rate": 0.03957428423834935, "hp_config.max_grad_norm": 0.7142412995491114, "hp_config.minibatch_size": 512, "hp_config.normalize_advantage": true, "hp_config.vf_clip_eps": 0.4340630286841071, "hp_config.vf_coef": 0.16249293467637482}, "score": 9.2890625, "budget_used": 91, "total_wallclock_time": -676.1000547409058, "total_optimization_time": 0.13177204132080078}
{"config": {"hp_config.clip_eps": 0.4030969945230429, "hp_config.ent_coef": 0.35194429177018316, "hp_config.gae_lambda": 0.820035354773729, "hp_config.learning_rate": 0.03957428423834935, "hp_config.max_grad_norm": 0.7142412995491114, "hp_config.minibatch_size": 512, "hp_config.normalize_advantage": true, "hp_config.vf_clip_eps": 0.4340630286841071, "hp_config.vf_coef": 0.16249293467637482}, "score": 9.2890625, "budget_used": 104, "total_wallclock_time": -772.8898344039917, "total_optimization_time": 0.13604044914245605}
{"config": {"hp_config.clip_eps": 0.4030969945230429, "hp_config.ent_coef": 0.35194429177018316, "hp_config.gae_lambda": 0.820035354773729, "hp_config.learning_rate": 0.03957428423834935, "hp_config.max_grad_norm": 0.7142412995491114, "hp_config.minibatch_size": 512, "hp_config.normalize_advantage": true, "hp_config.vf_clip_eps": 0.4340630286841071, "hp_config.vf_coef": 0.16249293467637482}, "score": 9.2890625, "budget_used": 117, "total_wallclock_time": -874.4350018501282, "total_optimization_time": 0.13950800895690918}
{"config": {"hp_config.clip_eps": 0.4030969945230429, "hp_config.ent_coef": 0.35194429177018316, "hp_config.gae_lambda": 0.820035354773729, "hp_config.learning_rate": 0.03957428423834935, "hp_config.max_grad_norm": 0.7142412995491114, "hp_config.minibatch_size": 512, "hp_config.normalize_advantage": true, "hp_config.vf_clip_eps": 0.4340630286841071, "hp_config.vf_coef": 0.16249293467637482}, "score": 9.2890625, "budget_used": 130, "total_wallclock_time": -970.1363570690155, "total_optimization_time": 0.14310526847839355}
{"config": {"hp_config.clip_eps": 0.4030969945230429, "hp_config.ent_coef": 0.35194429177018316, "hp_config.gae_lambda": 0.820035354773729, "hp_config.learning_rate": 0.03957428423834935, "hp_config.max_grad_norm": 0.7142412995491114, "hp_config.minibatch_size": 512, "hp_config.normalize_advantage": true, "hp_config.vf_clip_eps": 0.4340630286841071, "hp_config.vf_coef": 0.16249293467637482}, "score": 9.2890625, "budget_used": 143, "total_wallclock_time": -1068.2423872947693, "total_optimization_time": 0.14650225639343262}
