steps,returns
1000000,-18.046875
2000000,-18.03125
3000000,-17.96875
4000000,-17.890625
5000000,-17.734375
6000000,-17.375
7000000,-16.890625
8000000,-16.5
9000000,-15.828125
10000000,-16.21875
