steps,returns
100000.0,1028.3397
200000.0,1020.4418
300000.0,1009.44086
400000.0,980.9639
500000.0,960.4105
600000.0,923.8209
700000.0,877.1642
800000.0,818.10516
900000.0,754.4994
1000000.0,600.083
