steps,returns
5000,9.46875
10000,15.8515625
15000,13.8671875
20000,134.58594
25000,174.88281
30000,103.75
35000,147.89062
40000,76.46094
45000,406.97656
50000,117.72656
