steps,returns
1000000,150.0
2000000,150.0
3000000,282.03125
4000000,350.0
5000000,125.0
6000000,303.90625
7000000,210.9375
8000000,337.10938
9000000,494.33594
10000000,533.0078
