steps,returns
5000,8.7890625
10000,8.8671875
15000,8.984375
20000,9.0859375
25000,9.0859375
30000,9.390625
35000,9.328125
40000,9.28125
45000,9.421875
50000,9.3828125
