steps,returns
5000,9.03125
10000,9.1015625
15000,9.2265625
20000,9.3515625
25000,9.2578125
30000,9.296875
35000,9.3203125
40000,9.390625
45000,9.3984375
50000,9.328125
