steps,returns
10000,77.390625
20000,230.97656
30000,118.4375
40000,481.95312
50000,151.77344
60000,154.78906
70000,438.40625
80000,67.49219
90000,246.25
100000,106.859375
