steps,returns
1000000,125.0
2000000,325.0
3000000,208.59375
4000000,167.1875
5000000,230.07812
6000000,178.125
7000000,260.9375
8000000,125.0
9000000,202.34375
10000000,269.14062
