steps,returns
5000,9.3984375
10000,15.765625
15000,37.296875
20000,25.59375
25000,89.75
30000,60.296875
35000,113.10156
40000,124.47656
45000,116.4375
50000,176.33594
