steps,returns
1000000,-18.15625
2000000,-18.078125
3000000,-18.015625
4000000,-18.0
5000000,-17.78125
6000000,-17.578125
7000000,-17.484375
8000000,-17.78125
9000000,-17.703125
10000000,-17.953125
