steps,returns
1000000,28.59375
2000000,28.28125
3000000,16.5625
4000000,43.75
5000000,15.625
6000000,54.375
7000000,41.40625
8000000,27.8125
9000000,17.8125
10000000,49.375
