steps,returns
1000000,-18.15625
2000000,-18.140625
3000000,-18.3125
4000000,-17.875
5000000,-18.015625
6000000,-18.1875
7000000,-17.84375
8000000,-17.625
9000000,-17.71875
10000000,-18.046875
