steps,returns
100000.0,552.7203
200000.0,-247.78195
300000.0,-552.4054
400000.0,-292.2919
500000.0,-263.3096
600000.0,-269.66617
700000.0,-560.4662
800000.0,-631.9828
900000.0,-476.826
1000000.0,-586.1015
