steps,returns
100000.0,1160.0687
200000.0,795.65955
300000.0,833.0565
400000.0,807.3778
500000.0,805.55164
600000.0,1076.1382
700000.0,1098.6345
800000.0,1010.8159
900000.0,838.21844
1000000.0,962.48364
