steps,returns
10000,339.1328
20000,208.625
30000,289.7422
40000,310.54688
50000,397.73438
60000,425.57812
70000,493.09375
80000,500.0
90000,500.0
100000,500.0
