steps,returns
5000,8.84375
10000,8.9453125
15000,8.90625
20000,8.8828125
25000,9.0390625
30000,8.9921875
35000,9.1953125
40000,9.28125
45000,9.234375
50000,9.1953125
