steps,returns
100000.0,15.524896
200000.0,15.506112
300000.0,15.482193
400000.0,15.439249
500000.0,15.426438
600000.0,15.447725
700000.0,15.432674
800000.0,15.380413
900000.0,15.400663
1000000.0,15.35722
