steps,returns
1000000,-18.109375
2000000,-17.46875
3000000,-17.8125
4000000,-17.734375
5000000,-17.6875
6000000,-18.09375
7000000,-18.078125
8000000,-18.234375
9000000,-17.796875
10000000,-18.390625
