steps,returns
100000.0,324.76752
200000.0,211.96518
300000.0,394.2304
400000.0,518.6226
500000.0,592.60315
600000.0,660.86
700000.0,705.92706
800000.0,728.75256
900000.0,757.1356
1000000.0,764.41785
