steps,returns
1000000,-17.703125
2000000,-18.53125
3000000,-17.515625
4000000,-17.609375
5000000,-18.390625
6000000,-17.921875
7000000,-18.078125
8000000,-18.5625
9000000,-18.421875
10000000,-18.1875
