steps,returns
1000000,-17.65625
2000000,-18.34375
3000000,-17.890625
4000000,-17.625
5000000,-17.453125
6000000,-17.921875
7000000,-18.0
8000000,-18.34375
9000000,-18.28125
10000000,-17.71875
