steps,returns
100000.0,588.493
200000.0,605.754
300000.0,527.8363
400000.0,511.9484
500000.0,493.81744
600000.0,499.81055
700000.0,484.05524
800000.0,535.3683
900000.0,1027.6836
1000000.0,1100.1399
