steps,returns
100000.0,272.37494
200000.0,537.59686
300000.0,587.35364
400000.0,989.48474
500000.0,1189.089
600000.0,644.4939
700000.0,880.48755
800000.0,-77.70839
900000.0,-2722.7974
1000000.0,-6835.0146
