steps,returns
100000.0,1009.62854
200000.0,939.57117
300000.0,793.1777
400000.0,750.47095
500000.0,524.39636
600000.0,333.179
700000.0,438.0432
800000.0,456.46527
900000.0,287.30157
1000000.0,258.17523
