steps,returns
100000.0,509.0572
200000.0,986.41003
300000.0,846.295
400000.0,822.22095
500000.0,650.82166
600000.0,788.33673
700000.0,770.89636
800000.0,797.9399
900000.0,661.1144
1000000.0,710.73
