steps,returns
100000.0,571.5896
200000.0,646.27625
300000.0,614.558
400000.0,590.9633
500000.0,571.7344
600000.0,584.9146
700000.0,620.4684
800000.0,641.07117
900000.0,856.07605
1000000.0,999.9542
