steps,returns
1000000,554.4922
2000000,681.25
3000000,505.85938
4000000,892.3828
5000000,683.78906
6000000,492.57812
7000000,754.6875
8000000,1389.0625
9000000,713.47656
10000000,866.40625
