steps,returns
1000000,45.625
2000000,17.03125
3000000,41.71875
4000000,766.71875
5000000,531.9531
6000000,1718.4375
7000000,1874.4531
8000000,111.40625
9000000,2938.2031
10000000,3038.0469
