steps,returns
1000000,150.0
2000000,514.4531
3000000,338.8672
4000000,256.64062
5000000,493.16406
6000000,485.9375
7000000,615.2344
8000000,710.7422
9000000,746.875
10000000,966.9922
