steps,returns
10000,102.234375
20000,153.25
30000,302.5703
40000,397.0
50000,290.1953
60000,434.17188
70000,438.6953
80000,446.10938
90000,500.0
100000,451.60156
