steps,returns
100000.0,1036.7263
200000.0,723.69006
300000.0,1330.2473
400000.0,1283.3491
500000.0,1175.775
600000.0,1169.1405
700000.0,1049.1348
800000.0,728.6654
900000.0,600.5058
1000000.0,413.35318
