steps,returns
5000,8.9296875
10000,8.90625
15000,9.1328125
20000,9.2265625
25000,9.3203125
30000,9.3671875
35000,9.28125
40000,9.28125
45000,9.2890625
50000,9.421875
