steps,returns
100000.0,-2.2082646
200000.0,34.570877
300000.0,-259.59232
400000.0,-244.52554
500000.0,-283.0351
600000.0,-1619.8038
700000.0,-1926.2367
800000.0,-2289.078
900000.0,-2982.3318
1000000.0,-3007.044
