steps,returns
10000,73.61719
20000,69.00781
30000,74.86719
40000,71.57031
50000,75.82031
60000,72.859375
70000,66.21094
80000,66.78125
90000,64.47656
100000,68.64844
