steps,returns
100000.0,376.80484
200000.0,373.86893
300000.0,385.1659
400000.0,
500000.0,
600000.0,
700000.0,
800000.0,
900000.0,
1000000.0,
