steps,returns
10000,157.44531
20000,136.25
30000,151.375
40000,271.17188
50000,477.47656
60000,493.70312
70000,500.0
80000,500.0
90000,368.6328
100000,498.58594
