steps,returns
1000000,-18.1875
2000000,-17.828125
3000000,-17.96875
4000000,-18.28125
5000000,-18.171875
6000000,-18.5625
7000000,-17.890625
8000000,-17.9375
9000000,-18.234375
10000000,-17.796875
