steps,returns
1000000,-16.8125
2000000,-17.28125
3000000,-14.828125
4000000,-16.1875
5000000,-13.859375
6000000,-15.4375
7000000,-14.296875
8000000,-15.375
9000000,-13.546875
10000000,-4.46875
