steps,returns
1000000,125.0
2000000,297.65625
3000000,464.64844
4000000,841.40625
5000000,475.0
6000000,926.7578
7000000,519.1406
8000000,732.6172
9000000,678.5156
10000000,1018.75
