steps,returns
10000,305.28906
20000,497.57812
30000,500.0
40000,150.72656
50000,434.47656
60000,499.125
70000,432.41406
80000,261.10938
90000,251.57812
100000,110.234375
