steps,returns
5000,8.8125
10000,8.859375
15000,8.84375
20000,8.9140625
25000,8.9296875
30000,8.7734375
35000,8.8046875
40000,8.8671875
45000,8.796875
50000,8.796875
