steps,returns
1000000,29.0625
2000000,199.84375
3000000,301.95312
4000000,406.32812
5000000,583.125
6000000,1786.25
7000000,2377.8125
8000000,1532.8125
9000000,1520.7031
10000000,2550.2344
