steps,returns
5000,36.625
10000,499.4375
15000,225.5625
20000,500.0
25000,148.28125
30000,141.39844
35000,114.609375
40000,94.39844
45000,108.55469
50000,96.86719
