steps,returns
100000.0,-901.62585
200000.0,-657.91614
300000.0,231.3016
400000.0,-218.61838
500000.0,387.75003
600000.0,-1373.938
700000.0,-1620.9376
800000.0,-530.0099
900000.0,-1763.7025
1000000.0,-2126.076
