steps,returns
10000,56.867188
20000,80.42969
30000,106.484375
40000,159.53906
50000,350.71875
60000,491.3125
70000,500.0
80000,499.625
90000,381.5625
100000,496.73438
