steps,returns
1000000,281.64062
2000000,192.38281
3000000,150.0
4000000,94.53125
5000000,189.84375
6000000,60.15625
7000000,499.60938
8000000,185.35156
9000000,314.2578
10000000,138.47656
