steps,returns
1000000,160.625
2000000,162.96875
3000000,157.5
4000000,128.125
5000000,145.15625
6000000,22.96875
7000000,476.71875
8000000,252.1875
9000000,1869.7656
10000000,1736.25
