steps,returns
10000,-495.9453
20000,-500.0
30000,-500.0
40000,-500.0
50000,-500.0
60000,-500.0
70000,-500.0
80000,-497.64062
90000,-170.28125
100000,-485.96875
