steps,returns
100000.0,1023.2092
200000.0,1024.0476
300000.0,1025.1758
400000.0,1023.0348
500000.0,1019.03705
600000.0,1012.264
700000.0,1010.20734
800000.0,1007.7048
900000.0,1002.32117
1000000.0,1001.10724
