steps,returns
10000,78.09375
20000,85.359375
30000,100.64844
40000,117.34375
50000,124.19531
60000,149.78906
70000,138.59375
80000,183.98438
90000,191.71094
100000,219.80469
