steps,returns
100000.0,1026.7844
200000.0,1029.4436
300000.0,1028.3381
400000.0,1019.89404
500000.0,1012.28845
600000.0,998.6514
700000.0,974.0039
800000.0,932.211
900000.0,890.36115
1000000.0,843.2201
