steps,returns
1000000,50.78125
2000000,17.03125
3000000,17.34375
4000000,36.71875
5000000,51.40625
6000000,17.1875
7000000,17.1875
8000000,53.125
9000000,28.28125
10000000,50.3125
