steps,returns
10000,-126.859375
20000,-500.0
30000,-500.0
40000,-498.53906
50000,-500.0
60000,-500.0
70000,-500.0
80000,-500.0
90000,-500.0
100000,-500.0
