steps,returns
1000000,135.9375
2000000,17.03125
3000000,392.96875
4000000,424.21875
5000000,177.5
6000000,976.0156
7000000,1142.9688
8000000,192.8125
9000000,1424.6875
10000000,1179.9219
