steps,returns
1000000,-18.3125
2000000,-17.953125
3000000,-17.96875
4000000,-17.9375
5000000,-17.1875
6000000,-17.734375
7000000,-17.78125
8000000,-17.9375
9000000,-17.8125
10000000,-18.734375
