steps,returns
10000,88.828125
20000,90.22656
30000,98.6875
40000,118.42969
50000,157.64062
60000,183.71094
70000,187.39844
80000,198.875
90000,189.0625
100000,193.82812
