steps,returns
5000,9.3046875
10000,9.28125
15000,9.3515625
20000,9.3125
25000,10.09375
30000,11.7109375
35000,14.625
40000,22.976562
45000,39.0625
50000,67.86719
