steps,returns
10000,134.04688
20000,150.67188
30000,193.9375
40000,250.69531
50000,259.4453
60000,330.10938
70000,357.10938
80000,421.85938
90000,455.2422
100000,444.78906
