steps,returns
1000000,17.65625
2000000,28.125
3000000,16.71875
4000000,42.5
5000000,27.8125
6000000,16.71875
7000000,17.5
8000000,17.03125
9000000,17.03125
10000000,17.65625
