steps,returns
100000.0,665.563
200000.0,774.26715
300000.0,522.31177
400000.0,467.20767
500000.0,440.91522
600000.0,436.44495
700000.0,464.19748
800000.0,493.7049
900000.0,528.7061
1000000.0,476.25897
