steps,returns
100000.0,39.139996
200000.0,39.574146
300000.0,39.695908
400000.0,39.99334
500000.0,39.76779
600000.0,39.735962
700000.0,39.511192
800000.0,39.60168
900000.0,39.81235
1000000.0,39.881912
