steps,returns
100000.0,528.20557
200000.0,564.2863
300000.0,560.675
400000.0,561.9381
500000.0,588.11816
600000.0,573.24365
700000.0,634.051
800000.0,891.75867
900000.0,1187.6653
1000000.0,1464.2207
