steps,returns
100000.0,-33.367268
200000.0,-37.121853
300000.0,-36.15493
400000.0,-35.956257
500000.0,-33.661324
600000.0,-38.808266
700000.0,-35.79888
800000.0,-36.760223
900000.0,-39.125786
1000000.0,-33.9223
