steps,returns
10000,464.3203
20000,408.08594
30000,438.1172
40000,500.0
50000,259.45312
60000,500.0
70000,116.74219
80000,500.0
90000,500.0
100000,500.0
