steps,returns
10000,37.25
20000,494.8828
30000,157.60938
40000,495.16406
50000,487.8047
60000,500.0
70000,363.1172
80000,9.34375
90000,9.484375
100000,9.28125
