steps,returns
10000,493.4375
20000,500.0
30000,401.125
40000,497.78125
50000,500.0
60000,272.4297
70000,390.4922
80000,125.171875
90000,500.0
100000,500.0
