steps,returns
1000000,-17.859375
2000000,-17.75
3000000,-17.484375
4000000,-17.6875
5000000,-16.484375
6000000,-17.3125
7000000,-17.03125
8000000,-17.0625
9000000,-15.984375
10000000,-16.625
