steps,returns
100000,-200.0
200000,-200.0
300000,-200.0
400000,-200.0
500000,-200.0
600000,-187.35156
700000,-153.48438
800000,-147.04688
900000,-171.58594
1000000,-164.29688
