steps,returns
1000000,125.625
2000000,191.09375
3000000,117.03125
4000000,86.5625
5000000,391.48438
6000000,1192.0312
7000000,1412.9688
8000000,1572.1094
9000000,1452.5
10000000,2758.2031
