steps,returns
12000,-200.0
24000,-200.0
36000,-200.0
48000,-200.0
60000,-162.58594
72000,-126.96094
84000,-193.14844
96000,-198.27344
108000,-182.65625
120000,-130.32812
