steps,returns
100000.0,706.03467
200000.0,763.5891
300000.0,708.3872
400000.0,539.20483
500000.0,476.98328
600000.0,498.031
700000.0,553.6803
800000.0,518.1926
900000.0,521.23804
1000000.0,659.51587
