steps,returns
1000000,125.0
2000000,366.9922
3000000,420.3125
4000000,425.0
5000000,731.0547
6000000,736.71875
7000000,784.7656
8000000,817.96875
9000000,3071.0938
10000000,4040.625
