steps,returns
100000.0,-1.3783126
200000.0,-1.4914825
300000.0,-2.4279852
400000.0,-9.477488
500000.0,-22.56894
600000.0,28.491268
700000.0,72.37613
800000.0,-203.28802
900000.0,-155.99004
1000000.0,-242.30203
