steps,returns
10000,98.17969
20000,315.4297
30000,319.27344
40000,444.35156
50000,444.375
60000,469.8203
70000,426.97656
80000,476.95312
90000,353.28125
100000,480.45312
