steps,returns
1000000,361.71875
2000000,399.21875
3000000,517.5781
4000000,255.66406
5000000,651.5625
6000000,437.3047
7000000,557.22656
8000000,570.3125
9000000,675.78125
10000000,652.9297
