steps,returns
100000.0,710.2749
200000.0,1143.7273
300000.0,1069.4344
400000.0,1000.3844
500000.0,903.6008
600000.0,849.20154
700000.0,883.60864
800000.0,926.9272
900000.0,966.73615
1000000.0,993.4309
