steps,returns
100000.0,559.7406
200000.0,591.03015
300000.0,745.1153
400000.0,773.1566
500000.0,938.96326
600000.0,865.8684
700000.0,864.71436
800000.0,859.41345
900000.0,874.76917
1000000.0,872.7464
