steps,returns
5000,67.828125
10000,67.02344
15000,72.421875
20000,73.67969
25000,64.96094
30000,70.13281
35000,75.3125
40000,71.71875
45000,73.92969
50000,71.859375
