steps,returns
100000.0,490.94705
200000.0,435.62866
300000.0,657.2744
400000.0,718.80566
500000.0,654.1127
600000.0,598.0349
700000.0,427.72656
800000.0,-151.04561
900000.0,-1535.556
1000000.0,-4580.656
