steps,returns
1000000,349.8047
2000000,239.25781
3000000,329.8828
4000000,178.71094
5000000,150.0
6000000,150.0
7000000,219.72656
8000000,250.0
9000000,224.80469
10000000,250.0
