steps,returns
10000,274.89062
20000,358.4922
30000,500.0
40000,500.0
50000,500.0
60000,500.0
70000,500.0
80000,500.0
90000,500.0
100000,156.10156
