steps,returns
1000000,1841.0938
2000000,1520.7031
3000000,16.40625
4000000,0.0
5000000,0.0
6000000,0.0
7000000,138.90625
8000000,699.2969
9000000,2570.0
10000000,1580.2344
