steps,returns
1000000,-18.28125
2000000,-17.75
3000000,-17.84375
4000000,-17.890625
5000000,-18.140625
6000000,-18.140625
7000000,-17.796875
8000000,-17.84375
9000000,-17.90625
10000000,-18.140625
