steps,returns
100000.0,831.4064
200000.0,796.9979
300000.0,781.0719
400000.0,651.91
500000.0,611.3568
600000.0,601.12354
700000.0,571.8244
800000.0,565.0017
900000.0,558.33453
1000000.0,552.06104
