steps,returns
5000,84.875
10000,81.99219
15000,82.46094
20000,85.22656
25000,77.10156
30000,87.9375
35000,85.08594
40000,83.61719
45000,83.19531
50000,76.52344
