steps,returns
100000.0,1160.3381
200000.0,945.36633
300000.0,775.89294
400000.0,742.0298
500000.0,2199.5645
600000.0,2263.913
700000.0,1552.8445
800000.0,1512.1224
900000.0,1430.8612
1000000.0,1126.1772
