steps,returns
5000,9.0390625
10000,8.9765625
15000,9.140625
20000,9.09375
25000,9.0546875
30000,9.1640625
35000,9.15625
40000,9.0234375
45000,9.078125
50000,8.96875
