steps,returns
1000000,-18.03125
2000000,-18.359375
3000000,-17.8125
4000000,-18.046875
5000000,-18.296875
6000000,-18.21875
7000000,-17.984375
8000000,-17.78125
9000000,-18.015625
10000000,-17.984375
