steps,returns
10000,85.22656
20000,98.953125
30000,107.00781
40000,106.359375
50000,126.25781
60000,132.625
70000,123.86719
80000,138.33594
90000,136.13281
100000,138.13281
