steps,returns
10000,65.69531
20000,105.125
30000,191.86719
40000,327.32812
50000,499.84375
60000,331.67188
70000,448.65625
80000,429.02344
90000,479.71094
100000,330.17188
