steps,returns
1000000,266.79688
2000000,281.25
3000000,279.29688
4000000,337.5
5000000,604.6875
6000000,630.8594
7000000,454.4922
8000000,623.8281
9000000,651.9531
10000000,650.0
