steps,returns
5000,27.5
10000,27.679688
15000,27.773438
20000,27.25
25000,27.601562
30000,27.414062
35000,27.570312
40000,28.828125
45000,28.273438
50000,29.351562
