steps,returns
100000.0,661.5592
200000.0,734.89655
300000.0,666.9517
400000.0,504.3504
500000.0,214.07983
600000.0,294.5229
700000.0,158.52016
800000.0,-154.97595
900000.0,-449.58698
1000000.0,-1060.864
