steps,returns
100000.0,241.02719
200000.0,622.1609
300000.0,487.11813
400000.0,-8575.12
500000.0,-27631.709
600000.0,-41987.54
700000.0,-44685.348
800000.0,-44032.99
900000.0,-41329.86
1000000.0,-39232.22
