steps,returns
5000,9.5
10000,9.2578125
15000,9.359375
20000,9.3828125
25000,11.8125
30000,15.7890625
35000,23.578125
40000,40.78125
45000,52.320312
50000,92.8125
