steps,returns
5000,80.50781
10000,81.0
15000,77.65625
20000,79.109375
25000,77.234375
30000,58.5
35000,49.796875
40000,43.773438
45000,34.554688
50000,20.398438
