steps,returns
10000,492.82812
20000,445.5703
30000,321.90625
40000,114.84375
50000,74.203125
60000,62.789062
70000,46.242188
80000,144.5
90000,114.36719
100000,31.585938
