steps,returns
100000.0,-284.88666
200000.0,-1427.009
300000.0,-761.3211
400000.0,-453.31192
500000.0,-915.18744
600000.0,-47.139282
700000.0,142.56656
800000.0,-1193.2194
900000.0,-204.23434
1000000.0,-184.20834
