steps,returns
1000000,-18.046875
2000000,-17.875
3000000,-17.984375
4000000,-18.046875
5000000,-18.203125
6000000,-18.109375
7000000,-18.21875
8000000,-18.109375
9000000,-18.09375
10000000,-17.53125
