steps,returns
100000.0,246.75677
200000.0,253.97725
300000.0,255.89111
400000.0,256.05438
500000.0,254.49628
600000.0,255.58775
700000.0,252.6228
800000.0,252.86871
900000.0,251.96808
1000000.0,252.47545
