steps,returns
1000000,-18.1875
2000000,-17.453125
3000000,-17.9375
4000000,-18.203125
5000000,-17.921875
6000000,-17.890625
7000000,-17.71875
8000000,-18.328125
9000000,-18.453125
10000000,-18.109375
