steps,returns
100000.0,542.3793
200000.0,143.4811
300000.0,111.78995
400000.0,98.202286
500000.0,89.97372
600000.0,86.3076
700000.0,84.760895
800000.0,83.71409
900000.0,82.989
1000000.0,82.40784
