steps,returns
10000,90.171875
20000,179.22656
30000,291.47656
40000,111.84375
50000,9.3046875
60000,9.3828125
70000,9.40625
80000,9.25
90000,9.3671875
100000,9.2890625
