steps,returns
10000,99.75
20000,86.21094
30000,95.78125
40000,500.0
50000,70.75
60000,367.875
70000,34.273438
80000,353.64062
90000,395.72656
100000,479.85938
