steps,returns
100000.0,1057.7502
200000.0,841.65076
300000.0,405.02344
400000.0,388.35376
500000.0,440.1622
600000.0,434.51065
700000.0,562.58954
800000.0,955.67395
900000.0,994.8203
1000000.0,984.6173
