steps,returns
100000.0,473.74335
200000.0,407.77405
300000.0,407.1258
400000.0,369.73444
500000.0,391.45486
600000.0,467.01398
700000.0,416.82803
800000.0,585.3133
900000.0,454.66553
1000000.0,873.5925
