steps,returns
10000,217.08594
20000,433.1328
30000,500.0
40000,349.1875
50000,500.0
60000,500.0
70000,432.3125
80000,284.0625
90000,154.78906
100000,500.0
