steps,returns
1000000,-18.140625
2000000,-17.765625
3000000,-17.90625
4000000,-17.84375
5000000,-18.1875
6000000,-18.140625
7000000,-17.859375
8000000,-18.34375
9000000,-17.4375
10000000,-18.234375
