steps,returns
10000,197.20312
20000,326.9453
30000,327.375
40000,79.25781
50000,9.2578125
60000,9.46875
70000,9.2890625
80000,9.265625
90000,9.40625
100000,9.2421875
