steps,returns
1000000,74.21875
2000000,17.65625
3000000,638.59375
4000000,30.78125
5000000,121.875
6000000,1449.0625
7000000,936.40625
8000000,409.0625
9000000,159.53125
10000000,2543.4375
