steps,returns
100000.0,394.50458
200000.0,396.52142
300000.0,385.61703
400000.0,520.6157
500000.0,646.7654
600000.0,855.7074
700000.0,405.06067
800000.0,465.20245
900000.0,565.1953
1000000.0,572.7257
