steps,returns
100000,-200.0
200000,-200.0
300000,-200.0
400000,-200.0
500000,-200.0
600000,-200.0
700000,-134.75
800000,-143.17188
900000,-116.00781
1000000,-127.640625
