steps,returns
5000,9.3828125
10000,9.3046875
15000,9.4453125
20000,9.4140625
25000,9.375
30000,9.328125
35000,9.328125
40000,9.28125
45000,9.265625
50000,9.3671875
