steps,returns
1000000,-18.03125
2000000,-17.4375
3000000,-17.90625
4000000,-17.921875
5000000,-17.765625
6000000,-18.125
7000000,-17.90625
8000000,-18.265625
9000000,-18.453125
10000000,-17.71875
