steps,returns
10000,61.484375
20000,63.757812
30000,67.44531
40000,67.03906
50000,74.90625
60000,67.578125
70000,71.96094
80000,79.015625
90000,87.16406
100000,88.46094
