steps,returns
100000.0,1017.3447
200000.0,951.9561
300000.0,759.9805
400000.0,526.838
500000.0,347.49478
600000.0,59.86239
700000.0,94.29018
800000.0,72.80335
900000.0,44.24929
1000000.0,-36.622208
