steps,returns
5000,9.3203125
10000,15.96875
15000,99.36719
20000,77.765625
25000,178.22656
30000,134.49219
35000,153.23438
40000,157.9375
45000,134.16406
50000,240.67969
