steps,returns
1000000,-18.234375
2000000,-17.484375
3000000,-17.890625
4000000,-18.453125
5000000,-17.65625
6000000,-17.421875
7000000,-17.84375
8000000,-17.78125
9000000,-18.140625
10000000,-18.0625
