steps,returns
100000.0,340.58902
200000.0,337.86945
300000.0,339.1612
400000.0,341.85336
500000.0,337.84326
600000.0,336.0207
700000.0,339.05408
800000.0,340.87476
900000.0,337.03253
1000000.0,336.20117
