steps,returns
10000,81.296875
20000,99.46094
30000,103.96875
40000,98.69531
50000,103.171875
60000,103.8125
70000,115.67969
80000,102.72656
90000,113.171875
100000,108.796875
