steps,returns
100000.0,-1.4288049
200000.0,-1.5800161
300000.0,-7.4255276
400000.0,53.14746
500000.0,-26.565714
600000.0,-109.75868
700000.0,-192.8594
800000.0,-302.07526
900000.0,-348.05872
1000000.0,-1077.8982
