steps,returns
100000.0,1023.6128
200000.0,1025.259
300000.0,1028.3583
400000.0,1027.2804
500000.0,1024.7782
600000.0,1025.2136
700000.0,1019.13586
800000.0,1012.97534
900000.0,1003.0835
1000000.0,990.3844
