steps,returns
10000,-282.42188
20000,-308.03906
30000,-361.28125
40000,-450.8047
50000,-500.0
60000,-500.0
70000,-500.0
80000,-500.0
90000,-500.0
100000,-494.29688
