steps,returns
1000000,-17.953125
2000000,-18.234375
3000000,-17.671875
4000000,-18.53125
5000000,-17.640625
6000000,-17.90625
7000000,-17.796875
8000000,-17.1875
9000000,-17.53125
10000000,-18.4375
