steps,returns
5000,9.3671875
10000,9.171875
15000,9.296875
20000,9.2421875
25000,9.328125
30000,9.2890625
35000,9.359375
40000,9.390625
45000,9.2890625
50000,9.3046875
