steps,returns
10000,389.2578
20000,218.39062
30000,128.05469
40000,36.953125
50000,145.32812
60000,53.226562
70000,65.14844
80000,9.34375
90000,28.914062
100000,469.39844
