steps,returns
10000,-500.0
20000,-498.78125
30000,-500.0
40000,-176.58594
50000,-138.98438
60000,-500.0
70000,-500.0
80000,-500.0
90000,-500.0
100000,-500.0
