steps,returns
1000000,150.0
2000000,125.0
3000000,250.0
4000000,125.0
5000000,268.75
6000000,250.0
7000000,295.3125
8000000,200.0
9000000,262.89062
10000000,271.09375
