steps,returns
5000,32.171875
10000,35.476562
15000,40.4375
20000,44.296875
25000,49.382812
30000,48.625
35000,50.929688
40000,50.523438
45000,53.765625
50000,51.734375
