steps,returns
1000000,-18.140625
2000000,-17.6875
3000000,-18.265625
4000000,-17.765625
5000000,-18.03125
6000000,-18.0
7000000,-17.96875
8000000,-17.796875
9000000,-17.390625
10000000,-18.265625
