steps,returns
1000000,-17.34375
2000000,-17.703125
3000000,-18.0
4000000,-17.875
5000000,-18.515625
6000000,-17.65625
7000000,-17.96875
8000000,-18.21875
9000000,-18.421875
10000000,-17.8125
