steps,returns
10000,222.65625
20000,496.25
30000,426.91406
40000,176.09375
50000,500.0
60000,500.0
70000,500.0
80000,237.125
90000,459.22656
100000,392.3125
