steps,returns
5000,9.296875
10000,9.3671875
15000,9.3125
20000,9.375
25000,9.25
30000,9.25
35000,9.2890625
40000,9.3515625
45000,9.34375
50000,9.3984375
