steps,returns
10000,119.46875
20000,88.421875
30000,83.35156
40000,77.28906
50000,78.94531
60000,67.67969
70000,55.914062
80000,50.210938
90000,43.671875
100000,36.992188
