steps,returns
5000,76.22656
10000,47.359375
15000,44.148438
20000,45.859375
25000,24.171875
30000,45.296875
35000,35.640625
40000,58.921875
45000,135.79688
50000,164.76562
