steps,returns
100000.0,673.9697
200000.0,631.2396
300000.0,641.2471
400000.0,614.0675
500000.0,716.63196
600000.0,843.2581
700000.0,882.32526
800000.0,869.27954
900000.0,867.1843
1000000.0,851.67456
