steps,returns
1000000,105.15625
2000000,300.9375
3000000,52.8125
4000000,38.75
5000000,315.0
6000000,348.90625
7000000,965.7031
8000000,668.28125
9000000,812.4219
10000000,27.8125
