steps,returns
100000.0,1028.5703
200000.0,1022.9092
300000.0,1024.1431
400000.0,1007.6763
500000.0,987.4669
600000.0,962.65106
700000.0,890.13965
800000.0,806.43
900000.0,697.5598
1000000.0,509.68274
