steps,returns
10000,309.09375
20000,334.76562
30000,489.14062
40000,9.234375
50000,9.3671875
60000,9.4140625
70000,9.4140625
80000,9.3828125
90000,9.3828125
100000,9.3203125
