steps,returns
1000000,-18.140625
2000000,-18.34375
3000000,-17.265625
4000000,-18.0
5000000,-17.8125
6000000,-17.8125
7000000,-18.53125
8000000,-17.75
9000000,-17.890625
10000000,-17.625
