steps,returns
1000000,-17.765625
2000000,-18.234375
3000000,-17.765625
4000000,-17.828125
5000000,-18.125
6000000,-18.296875
7000000,-18.09375
8000000,-17.5625
9000000,-17.5625
10000000,-17.875
