steps,returns
1000000,150.0
2000000,256.25
3000000,287.6953
4000000,250.0
5000000,269.14062
6000000,300.1953
7000000,318.9453
8000000,269.92188
9000000,392.57812
10000000,235.54688
