{"config": {"hp_config.clip_eps": 0.48838054409516857, "hp_config.ent_coef": 0.302422759872523, "hp_config.gae_lambda": 0.9477787895217205, "hp_config.learning_rate": 1.5701421102720535e-06, "hp_config.max_grad_norm": 0.2828069625764096, "hp_config.minibatch_size": 32, "hp_config.normalize_advantage": true, "hp_config.vf_clip_eps": 0.05936385947712203, "hp_config.vf_coef": 0.317983179393976}, "score": 207.60585021972656, "budget_used": 13, "total_wallclock_time": -181.51917266845703, "total_optimization_time": 0.005534648895263672}
{"config": {"hp_config.clip_eps": 0.4030969945230429, "hp_config.ent_coef": 0.35194429177018316, "hp_config.gae_lambda": 0.820035354773729, "hp_config.learning_rate": 0.03957428423834935, "hp_config.max_grad_norm": 0.7142412995491114, "hp_config.minibatch_size": 128, "hp_config.normalize_advantage": true, "hp_config.vf_clip_eps": 0.4340630286841071, "hp_config.vf_coef": 0.16249293467637482}, "score": NaN, "budget_used": 26, "total_wallclock_time": -324.5123703479767, "total_optimization_time": 0.06114053726196289}
{"config": {"hp_config.clip_eps": 0.4030969945230429, "hp_config.ent_coef": 0.35194429177018316, "hp_config.gae_lambda": 0.820035354773729, "hp_config.learning_rate": 0.03957428423834935, "hp_config.max_grad_norm": 0.7142412995491114, "hp_config.minibatch_size": 128, "hp_config.normalize_advantage": true, "hp_config.vf_clip_eps": 0.4340630286841071, "hp_config.vf_coef": 0.16249293467637482}, "score": NaN, "budget_used": 39, "total_wallclock_time": -491.3352720737457, "total_optimization_time": 0.08318591117858887}
{"config": {"hp_config.clip_eps": 0.4030969945230429, "hp_config.ent_coef": 0.35194429177018316, "hp_config.gae_lambda": 0.820035354773729, "hp_config.learning_rate": 0.03957428423834935, "hp_config.max_grad_norm": 0.7142412995491114, "hp_config.minibatch_size": 128, "hp_config.normalize_advantage": true, "hp_config.vf_clip_eps": 0.4340630286841071, "hp_config.vf_coef": 0.16249293467637482}, "score": NaN, "budget_used": 52, "total_wallclock_time": -679.2361154556274, "total_optimization_time": 0.13736653327941895}
{"config": {"hp_config.clip_eps": 0.4030969945230429, "hp_config.ent_coef": 0.35194429177018316, "hp_config.gae_lambda": 0.820035354773729, "hp_config.learning_rate": 0.03957428423834935, "hp_config.max_grad_norm": 0.7142412995491114, "hp_config.minibatch_size": 128, "hp_config.normalize_advantage": true, "hp_config.vf_clip_eps": 0.4340630286841071, "hp_config.vf_coef": 0.16249293467637482}, "score": NaN, "budget_used": 65, "total_wallclock_time": -821.0492298603058, "total_optimization_time": 0.14835524559020996}
{"config": {"hp_config.clip_eps": 0.4030969945230429, "hp_config.ent_coef": 0.35194429177018316, "hp_config.gae_lambda": 0.820035354773729, "hp_config.learning_rate": 0.03957428423834935, "hp_config.max_grad_norm": 0.7142412995491114, "hp_config.minibatch_size": 128, "hp_config.normalize_advantage": true, "hp_config.vf_clip_eps": 0.4340630286841071, "hp_config.vf_coef": 0.16249293467637482}, "score": NaN, "budget_used": 78, "total_wallclock_time": -991.274355173111, "total_optimization_time": 0.20555496215820312}
{"config": {"hp_config.clip_eps": 0.4030969945230429, "hp_config.ent_coef": 0.35194429177018316, "hp_config.gae_lambda": 0.820035354773729, "hp_config.learning_rate": 0.03957428423834935, "hp_config.max_grad_norm": 0.7142412995491114, "hp_config.minibatch_size": 128, "hp_config.normalize_advantage": true, "hp_config.vf_clip_eps": 0.4340630286841071, "hp_config.vf_coef": 0.16249293467637482}, "score": NaN, "budget_used": 91, "total_wallclock_time": -1150.923879623413, "total_optimization_time": 0.209669828414917}
{"config": {"hp_config.clip_eps": 0.4030969945230429, "hp_config.ent_coef": 0.35194429177018316, "hp_config.gae_lambda": 0.820035354773729, "hp_config.learning_rate": 0.03957428423834935, "hp_config.max_grad_norm": 0.7142412995491114, "hp_config.minibatch_size": 128, "hp_config.normalize_advantage": true, "hp_config.vf_clip_eps": 0.4340630286841071, "hp_config.vf_coef": 0.16249293467637482}, "score": NaN, "budget_used": 104, "total_wallclock_time": -1297.709260225296, "total_optimization_time": 0.2678408622741699}
{"config": {"hp_config.clip_eps": 0.4030969945230429, "hp_config.ent_coef": 0.35194429177018316, "hp_config.gae_lambda": 0.820035354773729, "hp_config.learning_rate": 0.03957428423834935, "hp_config.max_grad_norm": 0.7142412995491114, "hp_config.minibatch_size": 128, "hp_config.normalize_advantage": true, "hp_config.vf_clip_eps": 0.4340630286841071, "hp_config.vf_coef": 0.16249293467637482}, "score": NaN, "budget_used": 117, "total_wallclock_time": -1442.9101507663727, "total_optimization_time": 0.29314637184143066}
{"config": {"hp_config.clip_eps": 0.4030969945230429, "hp_config.ent_coef": 0.35194429177018316, "hp_config.gae_lambda": 0.820035354773729, "hp_config.learning_rate": 0.03957428423834935, "hp_config.max_grad_norm": 0.7142412995491114, "hp_config.minibatch_size": 128, "hp_config.normalize_advantage": true, "hp_config.vf_clip_eps": 0.4340630286841071, "hp_config.vf_coef": 0.16249293467637482}, "score": NaN, "budget_used": 130, "total_wallclock_time": -1588.8017423152924, "total_optimization_time": 0.2963869571685791}
{"config": {"hp_config.clip_eps": 0.4030969945230429, "hp_config.ent_coef": 0.35194429177018316, "hp_config.gae_lambda": 0.820035354773729, "hp_config.learning_rate": 0.03957428423834935, "hp_config.max_grad_norm": 0.7142412995491114, "hp_config.minibatch_size": 128, "hp_config.normalize_advantage": true, "hp_config.vf_clip_eps": 0.4340630286841071, "hp_config.vf_coef": 0.16249293467637482}, "score": NaN, "budget_used": 143, "total_wallclock_time": -1728.4092161655426, "total_optimization_time": 0.2996962070465088}
