steps,returns
100000.0,208.59145
200000.0,845.8191
300000.0,689.80927
400000.0,719.27136
500000.0,672.209
600000.0,692.6422
700000.0,688.16785
800000.0,687.20776
900000.0,1197.0701
1000000.0,1729.575
