steps,returns
1000000,-18.265625
2000000,-17.984375
3000000,-17.65625
4000000,-18.0
5000000,-17.53125
6000000,-17.671875
7000000,-17.453125
8000000,-17.140625
9000000,-17.359375
10000000,-18.046875
