steps,returns
100000.0,902.4885
200000.0,783.99133
300000.0,1092.8293
400000.0,899.73083
500000.0,879.0802
600000.0,854.7394
700000.0,867.3777
800000.0,872.1885
900000.0,862.5947
1000000.0,883.4873
