steps,returns
1000000,-18.203125
2000000,-17.765625
3000000,-18.71875
4000000,-18.171875
5000000,-17.65625
6000000,-18.109375
7000000,-18.296875
8000000,-17.625
9000000,-18.5
10000000,-17.96875
