steps,returns
1000000,150.0
2000000,250.0
3000000,274.21875
4000000,150.0
5000000,250.0
6000000,250.0
7000000,688.6719
8000000,666.7969
9000000,475.78125
10000000,625.97656
