steps,returns
1000000,-18.40625
2000000,-17.515625
3000000,-18.34375
4000000,-17.859375
5000000,-17.84375
6000000,-18.046875
7000000,-18.4375
8000000,-17.796875
9000000,-17.890625
10000000,-18.171875
