steps,returns
100000.0,1017.9879
200000.0,930.8202
300000.0,724.9794
400000.0,655.1222
500000.0,574.85394
600000.0,384.33484
700000.0,357.6792
800000.0,335.68503
900000.0,270.64218
1000000.0,289.99496
