steps,returns
1000000,-17.890625
2000000,-17.25
3000000,-17.75
4000000,-17.03125
5000000,-17.03125
6000000,-17.390625
7000000,-17.078125
8000000,-17.3125
9000000,-17.46875
10000000,-17.140625
