steps,returns
5000,9.171875
10000,9.125
15000,9.3984375
20000,9.4296875
25000,9.46875
30000,9.375
35000,9.3515625
40000,9.3984375
45000,9.328125
50000,9.390625
