steps,returns
1000000,17.1875
2000000,50.78125
3000000,18.125
4000000,18.125
5000000,16.40625
6000000,17.96875
7000000,17.8125
8000000,618.28125
9000000,141.25
10000000,188.28125
