steps,returns
1000000,284.76562
2000000,257.6172
3000000,169.53125
4000000,238.28125
5000000,132.42188
6000000,225.39062
7000000,389.84375
8000000,578.3203
9000000,149.21875
10000000,473.82812
