steps,returns
1000000,-17.796875
2000000,-17.078125
3000000,-17.546875
4000000,-18.375
5000000,-17.734375
6000000,-18.328125
7000000,-17.96875
8000000,-18.5
9000000,-17.578125
10000000,-18.140625
