steps,returns
100000.0,4.876361
200000.0,4.627035
300000.0,4.8401775
400000.0,4.939251
500000.0,4.769066
600000.0,4.842705
700000.0,4.8688726
800000.0,4.857465
900000.0,4.876831
1000000.0,4.9071703
