steps,returns
10000,190.03125
20000,488.59375
30000,463.39062
40000,444.71094
50000,386.47656
60000,222.53906
70000,475.29688
80000,271.4453
90000,499.7578
100000,488.5703
