steps,returns
5000,19.695312
10000,196.82812
15000,239.40625
20000,236.89062
25000,181.78125
30000,171.85156
35000,356.92188
40000,495.1875
45000,130.19531
50000,189.66406
