steps,returns
100000.0,916.57
200000.0,693.19965
300000.0,625.4298
400000.0,738.38837
500000.0,131.67383
600000.0,116.508125
700000.0,78.82589
800000.0,234.71104
900000.0,626.18494
1000000.0,1173.3945
