steps,returns
1000000,27.1875
2000000,16.71875
3000000,16.71875
4000000,17.8125
5000000,17.1875
6000000,43.75
7000000,30.625
8000000,48.59375
9000000,17.34375
10000000,17.65625
