steps,returns
10000,273.5625
20000,493.10938
30000,98.578125
40000,49.695312
50000,82.84375
60000,135.67188
70000,76.953125
80000,280.0703
90000,217.38281
100000,477.03906
