steps,returns
1000000,280.9375
2000000,211.875
3000000,523.4375
4000000,642.96875
5000000,393.4375
6000000,623.75
7000000,129.53125
8000000,312.34375
9000000,388.28125
10000000,41.5625
