steps,returns
1000000,150.0
2000000,125.0
3000000,150.0
4000000,268.75
5000000,125.0
6000000,264.0625
7000000,223.4375
8000000,244.33594
9000000,288.28125
10000000,300.0
