steps,returns
5000,26.765625
10000,26.851562
15000,26.867188
20000,27.09375
25000,28.242188
30000,27.359375
35000,27.609375
40000,27.414062
45000,28.507812
50000,28.132812
