steps,returns
100000.0,873.9282
200000.0,683.8899
300000.0,633.1207
400000.0,564.5237
500000.0,549.28296
600000.0,531.8009
700000.0,520.46533
800000.0,560.8513
900000.0,597.28015
1000000.0,592.17017
