steps,returns
100000.0,951.36786
200000.0,688.97473
300000.0,741.8984
400000.0,622.3247
500000.0,605.603
600000.0,634.5864
700000.0,709.26917
800000.0,722.59033
900000.0,724.05273
1000000.0,782.47363
