steps,returns
5000,306.25
10000,291.0078
15000,169.44531
20000,127.78906
25000,69.72656
30000,40.75
35000,20.632812
40000,12.625
45000,11.640625
50000,21.898438
