steps,returns
5000,8.859375
10000,8.8359375
15000,8.875
20000,8.6171875
25000,8.8359375
30000,8.7109375
35000,8.7109375
40000,8.859375
45000,8.796875
50000,8.828125
