steps,returns
100000.0,1123.8667
200000.0,975.5164
300000.0,1015.0466
400000.0,711.09753
500000.0,231.5515
600000.0,214.66452
700000.0,295.2253
800000.0,395.51004
900000.0,510.89365
1000000.0,611.34607
