steps,returns
1000000,50.78125
2000000,114.6875
3000000,17.34375
4000000,51.09375
5000000,45.3125
6000000,17.1875
7000000,17.1875
8000000,17.65625
9000000,72.8125
10000000,17.8125
