steps,returns
100000.0,680.6
200000.0,458.10583
300000.0,508.59076
400000.0,676.0735
500000.0,422.71234
600000.0,333.92487
700000.0,565.5862
800000.0,490.41437
900000.0,394.1884
1000000.0,516.5495
