steps,returns
1000000,-17.734375
2000000,-18.375
3000000,-18.203125
4000000,-17.9375
5000000,-17.84375
6000000,-18.109375
7000000,-18.296875
8000000,-18.0625
9000000,-17.765625
10000000,-17.390625
