steps,returns
1000000,-16.546875
2000000,-15.671875
3000000,-16.109375
4000000,-15.8125
5000000,-13.53125
6000000,-13.90625
7000000,-14.03125
8000000,-13.984375
9000000,-1.578125
10000000,-2.15625
