steps,returns
1000000,150.0
2000000,125.0
3000000,225.0
4000000,433.39844
5000000,418.16406
6000000,256.83594
7000000,641.9922
8000000,632.8125
9000000,769.9219
10000000,705.27344
