steps,returns
100000.0,102.54608
200000.0,97.74342
300000.0,99.78862
400000.0,102.138855
500000.0,103.804855
600000.0,104.74896
700000.0,105.49284
800000.0,104.45734
900000.0,105.09341
1000000.0,103.971596
