steps,returns
100000.0,1030.196
200000.0,1006.40967
300000.0,968.36707
400000.0,863.3378
500000.0,684.6233
600000.0,599.6802
700000.0,587.18604
800000.0,630.3745
900000.0,455.98444
1000000.0,532.683
