steps,returns
100000.0,531.02576
200000.0,506.18732
300000.0,480.6848
400000.0,501.09012
500000.0,538.96783
600000.0,543.6248
700000.0,562.43036
800000.0,606.64575
900000.0,687.0398
1000000.0,951.26245
