steps,returns
1000000,-18.328125
2000000,-17.515625
3000000,-16.71875
4000000,-17.96875
5000000,-17.828125
6000000,-16.921875
7000000,-17.234375
8000000,-17.40625
9000000,-17.078125
10000000,-16.90625
