{"config": {"hp_config.clip_eps": 0.10443837804741735, "hp_config.ent_coef": 0.08065475894249813, "hp_config.gae_lambda": 0.9305563542605332, "hp_config.learning_rate": 1.846962223200756e-05, "hp_config.max_grad_norm": 0.4663107728563063, "hp_config.minibatch_size": 32, "hp_config.normalize_advantage": true, "hp_config.vf_clip_eps": 0.05518757058215257, "hp_config.vf_coef": 0.6563295894652734}, "score": -1115.94970703125, "budget_used": 13, "total_wallclock_time": -397.3660469055176, "total_optimization_time": 0.0012772083282470703}
{"config": {"hp_config.clip_eps": 0.22684842227802265, "hp_config.ent_coef": 0.2682896055543611, "hp_config.gae_lambda": 0.9792445914787644, "hp_config.learning_rate": 0.08947356400945196, "hp_config.max_grad_norm": 0.21689698439847394, "hp_config.minibatch_size": 64, "hp_config.normalize_advantage": true, "hp_config.vf_clip_eps": 0.01032549973286434, "hp_config.vf_coef": 0.7583786538361414}, "score": NaN, "budget_used": 26, "total_wallclock_time": -743.433895111084, "total_optimization_time": 0.6499392986297607}
{"config": {"hp_config.clip_eps": 0.22684842227802265, "hp_config.ent_coef": 0.2682896055543611, "hp_config.gae_lambda": 0.9792445914787644, "hp_config.learning_rate": 0.08947356400945196, "hp_config.max_grad_norm": 0.21689698439847394, "hp_config.minibatch_size": 64, "hp_config.normalize_advantage": true, "hp_config.vf_clip_eps": 0.01032549973286434, "hp_config.vf_coef": 0.7583786538361414}, "score": NaN, "budget_used": 39, "total_wallclock_time": -1064.8339109420776, "total_optimization_time": 0.691349983215332}
{"config": {"hp_config.clip_eps": 0.22684842227802265, "hp_config.ent_coef": 0.2682896055543611, "hp_config.gae_lambda": 0.9792445914787644, "hp_config.learning_rate": 0.08947356400945196, "hp_config.max_grad_norm": 0.21689698439847394, "hp_config.minibatch_size": 64, "hp_config.normalize_advantage": true, "hp_config.vf_clip_eps": 0.01032549973286434, "hp_config.vf_coef": 0.7583786538361414}, "score": NaN, "budget_used": 52, "total_wallclock_time": -1421.7971723079681, "total_optimization_time": 0.7271773815155029}
{"config": {"hp_config.clip_eps": 0.22684842227802265, "hp_config.ent_coef": 0.2682896055543611, "hp_config.gae_lambda": 0.9792445914787644, "hp_config.learning_rate": 0.08947356400945196, "hp_config.max_grad_norm": 0.21689698439847394, "hp_config.minibatch_size": 64, "hp_config.normalize_advantage": true, "hp_config.vf_clip_eps": 0.01032549973286434, "hp_config.vf_coef": 0.7583786538361414}, "score": NaN, "budget_used": 65, "total_wallclock_time": -1755.0160925388336, "total_optimization_time": 0.7630338668823242}
{"config": {"hp_config.clip_eps": 0.22684842227802265, "hp_config.ent_coef": 0.2682896055543611, "hp_config.gae_lambda": 0.9792445914787644, "hp_config.learning_rate": 0.08947356400945196, "hp_config.max_grad_norm": 0.21689698439847394, "hp_config.minibatch_size": 64, "hp_config.normalize_advantage": true, "hp_config.vf_clip_eps": 0.01032549973286434, "hp_config.vf_coef": 0.7583786538361414}, "score": NaN, "budget_used": 78, "total_wallclock_time": -2072.767343044281, "total_optimization_time": 1.0262622833251953}
{"config": {"hp_config.clip_eps": 0.22684842227802265, "hp_config.ent_coef": 0.2682896055543611, "hp_config.gae_lambda": 0.9792445914787644, "hp_config.learning_rate": 0.08947356400945196, "hp_config.max_grad_norm": 0.21689698439847394, "hp_config.minibatch_size": 64, "hp_config.normalize_advantage": true, "hp_config.vf_clip_eps": 0.01032549973286434, "hp_config.vf_coef": 0.7583786538361414}, "score": NaN, "budget_used": 91, "total_wallclock_time": -2386.456226825714, "total_optimization_time": 1.0775604248046875}
{"config": {"hp_config.clip_eps": 0.22684842227802265, "hp_config.ent_coef": 0.2682896055543611, "hp_config.gae_lambda": 0.9792445914787644, "hp_config.learning_rate": 0.08947356400945196, "hp_config.max_grad_norm": 0.21689698439847394, "hp_config.minibatch_size": 64, "hp_config.normalize_advantage": true, "hp_config.vf_clip_eps": 0.01032549973286434, "hp_config.vf_coef": 0.7583786538361414}, "score": NaN, "budget_used": 104, "total_wallclock_time": -2714.0432708263397, "total_optimization_time": 1.1217870712280273}
{"config": {"hp_config.clip_eps": 0.22684842227802265, "hp_config.ent_coef": 0.2682896055543611, "hp_config.gae_lambda": 0.9792445914787644, "hp_config.learning_rate": 0.08947356400945196, "hp_config.max_grad_norm": 0.21689698439847394, "hp_config.minibatch_size": 64, "hp_config.normalize_advantage": true, "hp_config.vf_clip_eps": 0.01032549973286434, "hp_config.vf_coef": 0.7583786538361414}, "score": NaN, "budget_used": 117, "total_wallclock_time": -3047.6893117427826, "total_optimization_time": 1.1827666759490967}
{"config": {"hp_config.clip_eps": 0.22684842227802265, "hp_config.ent_coef": 0.2682896055543611, "hp_config.gae_lambda": 0.9792445914787644, "hp_config.learning_rate": 0.08947356400945196, "hp_config.max_grad_norm": 0.21689698439847394, "hp_config.minibatch_size": 64, "hp_config.normalize_advantage": true, "hp_config.vf_clip_eps": 0.01032549973286434, "hp_config.vf_coef": 0.7583786538361414}, "score": NaN, "budget_used": 130, "total_wallclock_time": -3375.0880410671234, "total_optimization_time": 1.2063589096069336}
{"config": {"hp_config.clip_eps": 0.22684842227802265, "hp_config.ent_coef": 0.2682896055543611, "hp_config.gae_lambda": 0.9792445914787644, "hp_config.learning_rate": 0.08947356400945196, "hp_config.max_grad_norm": 0.21689698439847394, "hp_config.minibatch_size": 64, "hp_config.normalize_advantage": true, "hp_config.vf_clip_eps": 0.01032549973286434, "hp_config.vf_coef": 0.7583786538361414}, "score": NaN, "budget_used": 143, "total_wallclock_time": -3695.3102419376373, "total_optimization_time": 1.2453112602233887}
