steps,returns
1000000,-18.015625
2000000,-17.8125
3000000,-17.515625
4000000,-17.90625
5000000,-18.0625
6000000,-17.484375
7000000,-18.359375
8000000,-17.375
9000000,-17.8125
10000000,-17.953125
