steps,returns
10000,233.375
20000,444.76562
30000,244.07031
40000,500.0
50000,157.99219
60000,500.0
70000,50.671875
80000,395.3828
90000,85.30469
100000,500.0
