steps,returns
5000,34.898438
10000,37.007812
15000,106.84375
20000,113.0
25000,91.53906
30000,500.0
35000,500.0
40000,145.97656
45000,485.33594
50000,485.2578
