steps,returns
100000.0,1052.1775
200000.0,888.8627
300000.0,819.7219
400000.0,769.3194
500000.0,751.33105
600000.0,717.69604
700000.0,787.15173
800000.0,857.8102
900000.0,922.5655
1000000.0,1130.1199
