steps,returns
10000,89.71875
20000,79.265625
30000,76.44531
40000,78.953125
50000,96.77344
60000,99.71875
70000,114.953125
80000,115.47656
90000,140.4375
100000,133.3125
