steps,returns
100000.0,405.11017
200000.0,348.86288
300000.0,68.06751
400000.0,-290.10956
500000.0,-1347.5984
600000.0,-1159.5613
700000.0,-1482.6779
800000.0,-2780.0127
900000.0,-3022.5112
1000000.0,-4831.129
