steps,returns
10000,-500.0
20000,-500.0
30000,-500.0
40000,-500.0
50000,-100.71094
60000,-94.140625
70000,-92.046875
80000,-364.375
90000,-82.11719
100000,-88.61719
