steps,returns
10000,113.5
20000,111.3125
30000,127.24219
40000,129.42188
50000,135.51562
60000,149.96094
70000,164.375
80000,212.32031
90000,206.0625
100000,206.03125
