steps,returns
5000,9.4375
10000,9.390625
15000,9.2578125
20000,9.7421875
25000,11.5859375
30000,14.1484375
35000,18.304688
40000,27.375
45000,43.578125
50000,129.35156
