steps,returns
1000000,-17.421875
2000000,-17.84375
3000000,-18.0
4000000,-18.390625
5000000,-17.4375
6000000,-17.921875
7000000,-17.921875
8000000,-17.859375
9000000,-18.28125
10000000,-18.140625
