steps,returns
1000000,255.78125
2000000,17.65625
3000000,85.3125
4000000,209.84375
5000000,158.90625
6000000,416.25
7000000,203.28125
8000000,458.75
9000000,56.875
10000000,80.0
