steps,returns
1000000,-18.09375
2000000,-18.375
3000000,-18.328125
4000000,-18.46875
5000000,-17.34375
6000000,-18.265625
7000000,-18.34375
8000000,-17.546875
9000000,-17.6875
10000000,-17.625
