steps,returns
1000000,-17.5625
2000000,-18.359375
3000000,-18.671875
4000000,-17.96875
5000000,-18.53125
6000000,-17.359375
7000000,-18.046875
8000000,-18.296875
9000000,-18.484375
10000000,-18.0
