steps,returns
10000,78.828125
20000,111.57031
30000,99.71094
40000,117.13281
50000,116.109375
60000,124.25
70000,125.703125
80000,122.34375
90000,128.83594
100000,122.19531
