steps,returns
1000000,17.8125
2000000,16.71875
3000000,30.625
4000000,29.84375
5000000,632.8906
6000000,458.20312
7000000,32.03125
8000000,137.5
9000000,23.59375
10000000,968.28125
