steps,returns
100000.0,462.03488
200000.0,975.40186
300000.0,-7213.255
400000.0,-56023.562
500000.0,-76244.64
600000.0,-62627.51
700000.0,-57984.004
800000.0,-51353.277
900000.0,-43758.36
1000000.0,-42509.105
