steps,returns
1000000,251.95312
2000000,150.0
3000000,240.23438
4000000,213.47656
5000000,250.0
6000000,204.6875
7000000,282.22656
8000000,254.6875
9000000,321.875
10000000,282.42188
