steps,returns
100000.0,697.2508
200000.0,666.1857
300000.0,514.4319
400000.0,567.81964
500000.0,514.01056
600000.0,508.05188
700000.0,542.9468
800000.0,522.16016
900000.0,669.78125
1000000.0,662.3325
