steps,returns
10000,59.789062
20000,52.703125
30000,33.640625
40000,43.09375
50000,134.90625
60000,171.83594
70000,191.14844
80000,179.01562
90000,462.32812
100000,480.4375
