steps,returns
1000000,263.47656
2000000,835.7422
3000000,889.0625
4000000,589.84375
5000000,791.0156
6000000,2836.3281
7000000,4328.9062
8000000,3066.9922
9000000,4102.3438
10000000,3298.4375
