steps,returns
100000.0,652.67474
200000.0,590.8972
300000.0,613.0116
400000.0,681.4309
500000.0,785.61597
600000.0,940.2563
700000.0,922.92255
800000.0,906.938
900000.0,899.4271
1000000.0,890.0767
