steps,returns
5000,8.9765625
10000,9.0703125
15000,9.09375
20000,8.9921875
25000,9.0546875
30000,9.0703125
35000,9.0859375
40000,9.125
45000,9.0546875
50000,9.09375
