steps,returns
1000000,17.8125
2000000,178.4375
3000000,183.75
4000000,513.28125
5000000,141.25
6000000,210.0
7000000,293.67188
8000000,1113.3594
9000000,165.46875
10000000,1493.75
