steps,returns
1000000,-18.078125
2000000,-17.90625
3000000,-17.8125
4000000,-18.171875
5000000,-17.84375
6000000,-17.9375
7000000,-18.359375
8000000,-17.890625
9000000,-18.265625
10000000,-17.796875
