steps,returns
100000.0,1115.5282
200000.0,959.31134
300000.0,860.5869
400000.0,854.15283
500000.0,1203.447
600000.0,1147.822
700000.0,1132.9307
800000.0,1150.3447
900000.0,1127.3906
1000000.0,1123.1017
