steps,returns
5000,17.390625
10000,15.859375
15000,13.8828125
20000,13.1875
25000,12.4140625
30000,11.84375
35000,9.9453125
40000,9.109375
45000,8.7890625
50000,8.8984375
