steps,returns
10000,320.1797
20000,313.47656
30000,302.03906
40000,434.83594
50000,500.0
60000,500.0
70000,337.3672
80000,469.8203
90000,500.0
100000,500.0
