steps,returns
1000000,791.60156
2000000,808.0078
3000000,880.0781
4000000,915.2344
5000000,827.34375
6000000,1807.2266
7000000,2433.789
8000000,948.4375
9000000,960.35156
10000000,2010.3516
