steps,returns
10000,-343.41406
20000,-373.04688
30000,-416.89062
40000,-463.5078
50000,-500.0
60000,-500.0
70000,-500.0
80000,-366.5078
90000,-481.8203
100000,-500.0
