steps,returns
10000,71.234375
20000,84.03906
30000,99.203125
40000,106.984375
50000,105.99219
60000,118.296875
70000,122.67969
80000,124.13281
90000,117.50781
100000,117.88281
