steps,returns
100000.0,991.28467
200000.0,936.6667
300000.0,773.001
400000.0,185.07335
500000.0,-277.86853
600000.0,-963.54767
700000.0,-2610.8247
800000.0,-3741.2983
900000.0,-6764.8477
1000000.0,-10424.971
