steps,returns
1000000,-17.9375
2000000,-18.0625
3000000,-18.109375
4000000,-18.125
5000000,-17.890625
6000000,-17.609375
7000000,-17.84375
8000000,-17.84375
9000000,-17.5
10000000,-17.734375
