steps,returns
100000.0,1018.5473
200000.0,441.42905
300000.0,433.4394
400000.0,-322.19867
500000.0,-3230.776
600000.0,-5322.604
700000.0,-15323.002
800000.0,-23623.645
900000.0,-25687.387
1000000.0,-27941.04
