steps,returns
100000.0,403.63818
200000.0,451.51462
300000.0,591.0507
400000.0,485.27332
500000.0,467.7306
600000.0,566.1985
700000.0,991.3671
800000.0,946.15735
900000.0,1043.0647
1000000.0,1080.1516
