steps,returns
1000000,17.65625
2000000,16.71875
3000000,24.6875
4000000,17.8125
5000000,92.65625
6000000,16.71875
7000000,20.15625
8000000,113.90625
9000000,17.96875
10000000,450.54688
