steps,returns
100000.0,-648.91736
200000.0,-867.98865
300000.0,-2405.457
400000.0,-1634.4569
500000.0,-3457.131
600000.0,-2826.4573
700000.0,-6147.178
800000.0,-8536.198
900000.0,-19697.219
1000000.0,-33228.89
