steps,returns
1000000,17.1875
2000000,27.96875
3000000,28.90625
4000000,39.21875
5000000,16.40625
6000000,30.15625
7000000,17.8125
8000000,28.28125
9000000,17.65625
10000000,51.40625
