steps,returns
5000,189.08594
10000,433.04688
15000,499.6953
20000,500.0
25000,500.0
30000,500.0
35000,497.66406
40000,498.8828
45000,493.08594
50000,498.92188
