steps,returns
100000.0,555.2312
200000.0,508.84317
300000.0,730.78217
400000.0,936.9398
500000.0,931.69574
600000.0,881.48206
700000.0,1451.2026
800000.0,1050.9849
900000.0,806.6049
1000000.0,1031.4664
