steps,returns
10000,159.89062
20000,494.39062
30000,411.75
40000,482.53125
50000,488.83594
60000,449.89062
70000,343.70312
80000,500.0
90000,500.0
100000,197.5625
