steps,returns
1000000,-18.40625
2000000,-17.78125
3000000,-18.375
4000000,-18.25
5000000,-17.390625
6000000,-17.828125
7000000,-18.546875
8000000,-17.609375
9000000,-17.546875
10000000,-18.78125
