steps,returns
12000,-200.0
24000,-200.0
36000,-200.0
48000,-200.0
60000,-200.0
72000,-200.0
84000,-174.70312
96000,-135.33594
108000,-200.0
120000,-200.0
