steps,returns
100000.0,890.8594
200000.0,780.4103
300000.0,686.8345
400000.0,815.4993
500000.0,882.7886
600000.0,877.014
700000.0,883.14996
800000.0,853.73956
900000.0,827.7999
1000000.0,838.6754
