steps,returns
100000.0,963.58435
200000.0,759.8715
300000.0,831.2171
400000.0,690.78723
500000.0,665.02924
600000.0,597.95135
700000.0,575.63306
800000.0,627.8059
900000.0,647.59247
1000000.0,737.5425
