steps,returns
100000.0,1008.4317
200000.0,921.892
300000.0,914.1365
400000.0,924.1399
500000.0,752.2815
600000.0,632.6355
700000.0,574.50903
800000.0,567.6526
900000.0,577.795
1000000.0,599.55585
