steps,returns
100000.0,-1.0580727
200000.0,-0.047407284
300000.0,1.1818979
400000.0,8.969166
500000.0,958.32245
600000.0,48.18983
700000.0,43.314045
800000.0,64.52344
900000.0,6.094734
1000000.0,-56.977436
