steps,returns
1000000,556.40625
2000000,285.46875
3000000,1486.3281
4000000,2832.8906
5000000,2665.3906
6000000,4403.5156
7000000,4854.5312
8000000,5132.1875
9000000,4853.2812
10000000,4781.4844
