steps,returns
100000.0,296.7445
200000.0,198.03046
300000.0,321.91797
400000.0,501.83832
500000.0,678.49585
600000.0,682.5216
700000.0,678.9486
800000.0,681.9238
900000.0,684.41547
1000000.0,682.12366
