steps,returns
10000,-421.85156
20000,-459.57812
30000,-379.58594
40000,-302.7578
50000,-204.52344
60000,-258.3203
70000,-290.28906
80000,-294.04688
90000,-500.0
100000,-500.0
