steps,returns
1000000,17.8125
2000000,47.8125
3000000,27.96875
4000000,27.65625
5000000,16.5625
6000000,30.78125
7000000,50.46875
8000000,16.71875
9000000,51.71875
10000000,47.34375
