steps,returns
1000000,-17.5625
2000000,-18.1875
3000000,-18.09375
4000000,-17.453125
5000000,-17.984375
6000000,-17.671875
7000000,-17.53125
8000000,-17.90625
9000000,-17.875
10000000,-18.140625
