steps,returns
5000,65.33594
10000,59.789062
15000,57.476562
20000,51.078125
25000,44.375
30000,41.257812
35000,39.101562
40000,33.304688
45000,20.054688
50000,20.742188
