steps,returns
5000,9.09375
10000,9.0234375
15000,9.1640625
20000,9.0234375
25000,8.953125
30000,9.046875
35000,9.03125
40000,9.03125
45000,8.96875
50000,9.0234375
