steps,returns
1000000,-18.109375
2000000,-17.65625
3000000,-18.109375
4000000,-17.828125
5000000,-18.203125
6000000,-18.203125
7000000,-17.875
8000000,-17.328125
9000000,-17.34375
10000000,-17.921875
