steps,returns
1000000,-18.25
2000000,-17.671875
3000000,-17.453125
4000000,-18.03125
5000000,-17.875
6000000,-18.015625
7000000,-17.828125
8000000,-17.546875
9000000,-17.9375
10000000,-17.09375
