steps,returns
100000.0,730.52386
200000.0,587.9435
300000.0,798.45276
400000.0,1044.8722
500000.0,990.9641
600000.0,964.85376
700000.0,1062.7944
800000.0,897.7716
900000.0,927.3185
1000000.0,1161.2888
