steps,returns
10000,198.76562
20000,205.25781
30000,248.00781
40000,342.17188
50000,363.9453
60000,468.3672
70000,483.54688
80000,477.85156
90000,480.02344
100000,500.0
