steps,returns
100000.0,6.0318985
200000.0,6.473381
300000.0,5.6242447
400000.0,5.415236
500000.0,5.441732
600000.0,5.7188244
700000.0,6.303297
800000.0,4.903013
900000.0,5.2910213
1000000.0,5.62939
