steps,returns
100000.0,1019.3705
200000.0,1025.8198
300000.0,1030.0454
400000.0,1025.9741
500000.0,1020.3906
600000.0,1014.4647
700000.0,1012.57214
800000.0,1004.30493
900000.0,995.8473
1000000.0,988.5599
