steps,returns
5000,9.1640625
10000,9.2734375
15000,9.2421875
20000,9.453125
25000,9.2265625
30000,12.890625
35000,12.6875
40000,17.75
45000,21.789062
50000,31.976562
