steps,returns
5000,17.273438
10000,15.2265625
15000,14.359375
20000,12.6875
25000,10.8984375
30000,9.9921875
35000,8.890625
40000,8.921875
45000,8.796875
50000,8.8828125
