steps,returns
5000,9.03125
10000,9.1015625
15000,9.015625
20000,9.109375
25000,9.0390625
30000,9.109375
35000,9.046875
40000,9.0
45000,9.046875
50000,9.1796875
