steps,returns
5000,120.82031
10000,22.234375
15000,127.546875
20000,132.44531
25000,110.9375
30000,101.10156
35000,75.171875
40000,87.99219
45000,97.0
50000,96.421875
