steps,returns
10000,194.82812
20000,300.14062
30000,216.60938
40000,365.32812
50000,469.7422
60000,493.0625
70000,489.875
80000,322.48438
90000,497.10938
100000,493.1172
