steps,returns
1000000,-17.859375
2000000,-18.078125
3000000,-17.8125
4000000,-17.8125
5000000,-17.96875
6000000,-17.96875
7000000,-18.65625
8000000,-17.59375
9000000,-18.8125
10000000,-18.328125
