steps,returns
100000.0,944.996
200000.0,895.36194
300000.0,858.2128
400000.0,872.69165
500000.0,860.20056
600000.0,860.334
700000.0,860.2431
800000.0,853.7799
900000.0,858.7076
1000000.0,859.5143
