steps,returns
1000000,200.78125
2000000,250.0
3000000,312.10938
4000000,302.9297
5000000,467.1875
6000000,601.9531
7000000,619.72656
8000000,639.64844
9000000,735.9375
10000000,755.8594
