steps,returns
10000,490.75
20000,479.04688
30000,381.73438
40000,132.0625
50000,317.97656
60000,171.74219
70000,41.742188
80000,263.97656
90000,167.375
100000,422.26562
