steps,returns
10000,270.35938
20000,189.85156
30000,482.77344
40000,208.02344
50000,500.0
60000,500.0
70000,500.0
80000,500.0
90000,500.0
100000,32.804688
