steps,returns
5000,50.570312
10000,62.84375
15000,138.74219
20000,448.16406
25000,136.23438
30000,46.742188
35000,142.02344
40000,307.21094
45000,95.359375
50000,143.08594
