steps,returns
10000,500.0
20000,490.89844
30000,309.89062
40000,470.7578
50000,192.46094
60000,500.0
70000,444.22656
80000,500.0
90000,500.0
100000,500.0
