steps,returns
1000000,322.85156
2000000,175.0
3000000,392.96875
4000000,578.125
5000000,98.828125
6000000,411.32812
7000000,210.54688
8000000,400.97656
9000000,232.03125
10000000,298.82812
