steps,returns
5000,82.30469
10000,86.71875
15000,86.21094
20000,85.46875
25000,85.60156
30000,86.890625
35000,93.39844
40000,81.171875
45000,87.921875
50000,87.4375
