steps,returns
5000,9.859375
10000,134.47656
15000,118.96875
20000,285.9375
25000,119.40625
30000,98.28125
35000,102.86719
40000,118.91406
45000,14.1484375
50000,18.195312
