steps,returns
1000000,-17.625
2000000,-17.9375
3000000,-18.03125
4000000,-17.984375
5000000,-17.71875
6000000,-17.6875
7000000,-17.5
8000000,-18.1875
9000000,-18.390625
10000000,-18.09375
