steps,returns
100000.0,911.27155
200000.0,673.6732
300000.0,563.76965
400000.0,527.1418
500000.0,508.5943
600000.0,529.04736
700000.0,462.91803
800000.0,471.17792
900000.0,478.08148
1000000.0,484.76212
