steps,returns
1000000,195.9375
2000000,61.09375
3000000,292.96875
4000000,275.0
5000000,471.64062
6000000,340.625
7000000,137.34375
8000000,2538.5156
9000000,2716.0938
10000000,859.84375
