steps,returns
1000000,992.65625
2000000,982.65625
3000000,915.3125
4000000,1252.5781
5000000,2136.7969
6000000,2734.2188
7000000,1029.9219
8000000,5612.3438
9000000,3026.875
10000000,143.125
