steps,returns
1000000,-18.265625
2000000,-18.265625
3000000,-18.234375
4000000,-18.40625
5000000,-18.515625
6000000,-18.125
7000000,-18.109375
8000000,-17.96875
9000000,-18.671875
10000000,-18.5625
