steps,returns
1000000,600.0
2000000,863.47656
3000000,710.15625
4000000,723.6328
5000000,598.4375
6000000,1480.4688
7000000,3080.4688
8000000,2295.7031
9000000,2044.7266
10000000,2842.5781
