steps,returns
1000000,-17.875
2000000,-17.515625
3000000,-15.90625
4000000,-16.5625
5000000,-15.9375
6000000,-15.953125
7000000,-15.828125
8000000,-15.640625
9000000,-16.875
10000000,-16.03125
