{"config": {"hp_config.clip_eps": 0.48838054409516857, "hp_config.ent_coef": 0.302422759872523, "hp_config.gae_lambda": 0.9477787895217205, "hp_config.learning_rate": 1.5701421102720535e-06, "hp_config.max_grad_norm": 0.2828069625764096, "hp_config.minibatch_size": 32, "hp_config.normalize_advantage": true, "hp_config.vf_clip_eps": 0.05936385947712203, "hp_config.vf_coef": 0.317983179393976}, "score": -553.9701538085938, "budget_used": 13, "total_wallclock_time": -399.40542221069336, "total_optimization_time": 0.005509853363037109}
{"config": {"hp_config.clip_eps": 0.16000857541123392, "hp_config.ent_coef": 0.19173194708594898, "hp_config.gae_lambda": 0.9176045909993658, "hp_config.learning_rate": 0.014296913058545252, "hp_config.max_grad_norm": 0.6289818435911487, "hp_config.minibatch_size": 128, "hp_config.normalize_advantage": true, "hp_config.vf_clip_eps": 0.39902341695628185, "hp_config.vf_coef": 0.1856359443059522}, "score": NaN, "budget_used": 26, "total_wallclock_time": -710.4783492088318, "total_optimization_time": 0.05589175224304199}
{"config": {"hp_config.clip_eps": 0.16000857541123392, "hp_config.ent_coef": 0.19173194708594898, "hp_config.gae_lambda": 0.9176045909993658, "hp_config.learning_rate": 0.014296913058545252, "hp_config.max_grad_norm": 0.6289818435911487, "hp_config.minibatch_size": 128, "hp_config.normalize_advantage": true, "hp_config.vf_clip_eps": 0.39902341695628185, "hp_config.vf_coef": 0.1856359443059522}, "score": NaN, "budget_used": 39, "total_wallclock_time": -1024.6999487876892, "total_optimization_time": 0.18106412887573242}
{"config": {"hp_config.clip_eps": 0.16000857541123392, "hp_config.ent_coef": 0.19173194708594898, "hp_config.gae_lambda": 0.9176045909993658, "hp_config.learning_rate": 0.014296913058545252, "hp_config.max_grad_norm": 0.6289818435911487, "hp_config.minibatch_size": 128, "hp_config.normalize_advantage": true, "hp_config.vf_clip_eps": 0.39902341695628185, "hp_config.vf_coef": 0.1856359443059522}, "score": NaN, "budget_used": 52, "total_wallclock_time": -1355.7575442790985, "total_optimization_time": 0.24671196937561035}
{"config": {"hp_config.clip_eps": 0.16000857541123392, "hp_config.ent_coef": 0.19173194708594898, "hp_config.gae_lambda": 0.9176045909993658, "hp_config.learning_rate": 0.014296913058545252, "hp_config.max_grad_norm": 0.6289818435911487, "hp_config.minibatch_size": 128, "hp_config.normalize_advantage": true, "hp_config.vf_clip_eps": 0.39902341695628185, "hp_config.vf_coef": 0.1856359443059522}, "score": NaN, "budget_used": 65, "total_wallclock_time": -1687.9358124732971, "total_optimization_time": 0.28967714309692383}
{"config": {"hp_config.clip_eps": 0.16000857541123392, "hp_config.ent_coef": 0.19173194708594898, "hp_config.gae_lambda": 0.9176045909993658, "hp_config.learning_rate": 0.014296913058545252, "hp_config.max_grad_norm": 0.6289818435911487, "hp_config.minibatch_size": 128, "hp_config.normalize_advantage": true, "hp_config.vf_clip_eps": 0.39902341695628185, "hp_config.vf_coef": 0.1856359443059522}, "score": NaN, "budget_used": 78, "total_wallclock_time": -2000.9679923057556, "total_optimization_time": 0.3625025749206543}
{"config": {"hp_config.clip_eps": 0.16000857541123392, "hp_config.ent_coef": 0.19173194708594898, "hp_config.gae_lambda": 0.9176045909993658, "hp_config.learning_rate": 0.014296913058545252, "hp_config.max_grad_norm": 0.6289818435911487, "hp_config.minibatch_size": 128, "hp_config.normalize_advantage": true, "hp_config.vf_clip_eps": 0.39902341695628185, "hp_config.vf_coef": 0.1856359443059522}, "score": NaN, "budget_used": 91, "total_wallclock_time": -2302.8268525600433, "total_optimization_time": 0.4743788242340088}
{"config": {"hp_config.clip_eps": 0.16000857541123392, "hp_config.ent_coef": 0.19173194708594898, "hp_config.gae_lambda": 0.9176045909993658, "hp_config.learning_rate": 0.014296913058545252, "hp_config.max_grad_norm": 0.6289818435911487, "hp_config.minibatch_size": 128, "hp_config.normalize_advantage": true, "hp_config.vf_clip_eps": 0.39902341695628185, "hp_config.vf_coef": 0.1856359443059522}, "score": NaN, "budget_used": 104, "total_wallclock_time": -2636.835444688797, "total_optimization_time": 0.4972820281982422}
{"config": {"hp_config.clip_eps": 0.16000857541123392, "hp_config.ent_coef": 0.19173194708594898, "hp_config.gae_lambda": 0.9176045909993658, "hp_config.learning_rate": 0.014296913058545252, "hp_config.max_grad_norm": 0.6289818435911487, "hp_config.minibatch_size": 128, "hp_config.normalize_advantage": true, "hp_config.vf_clip_eps": 0.39902341695628185, "hp_config.vf_coef": 0.1856359443059522}, "score": NaN, "budget_used": 117, "total_wallclock_time": -3011.403681755066, "total_optimization_time": 0.5949993133544922}
{"config": {"hp_config.clip_eps": 0.16000857541123392, "hp_config.ent_coef": 0.19173194708594898, "hp_config.gae_lambda": 0.9176045909993658, "hp_config.learning_rate": 0.014296913058545252, "hp_config.max_grad_norm": 0.6289818435911487, "hp_config.minibatch_size": 128, "hp_config.normalize_advantage": true, "hp_config.vf_clip_eps": 0.39902341695628185, "hp_config.vf_coef": 0.1856359443059522}, "score": NaN, "budget_used": 130, "total_wallclock_time": -3330.917690038681, "total_optimization_time": 0.6427516937255859}
{"config": {"hp_config.clip_eps": 0.16000857541123392, "hp_config.ent_coef": 0.19173194708594898, "hp_config.gae_lambda": 0.9176045909993658, "hp_config.learning_rate": 0.014296913058545252, "hp_config.max_grad_norm": 0.6289818435911487, "hp_config.minibatch_size": 128, "hp_config.normalize_advantage": true, "hp_config.vf_clip_eps": 0.39902341695628185, "hp_config.vf_coef": 0.1856359443059522}, "score": NaN, "budget_used": 143, "total_wallclock_time": -3655.269031047821, "total_optimization_time": 0.6892998218536377}
