steps,returns
5000,9.1171875
10000,9.015625
15000,9.0546875
20000,9.0078125
25000,8.9765625
30000,9.0625
35000,9.046875
40000,9.0234375
45000,9.0
50000,9.015625
