steps,returns
10000,500.0
20000,500.0
30000,425.32812
40000,57.765625
50000,317.5
60000,461.03125
70000,62.476562
80000,134.01562
90000,481.85156
100000,500.0
