steps,returns
1000000,-18.078125
2000000,-18.1875
3000000,-18.40625
4000000,-18.578125
5000000,-19.0625
6000000,-18.421875
7000000,-17.984375
8000000,-18.125
9000000,-18.484375
10000000,-17.734375
