steps,returns
10000,92.83594
20000,79.921875
30000,75.24219
40000,84.42969
50000,101.32031
60000,118.015625
70000,127.53906
80000,130.14844
90000,165.32812
100000,171.26562
