steps,returns
10000,-147.89062
20000,-145.11719
30000,-148.82812
40000,-147.13281
50000,-150.24219
60000,-148.53906
70000,-147.85938
80000,-156.875
90000,-159.85938
100000,-176.9375
