steps,returns
10000,68.55469
20000,78.89844
30000,88.38281
40000,99.859375
50000,99.765625
60000,90.58594
70000,89.203125
80000,88.40625
90000,92.80469
100000,102.1875
