steps,returns
5000,48.953125
10000,14.8359375
15000,9.3671875
20000,10.125
25000,15.328125
30000,26.726562
35000,39.265625
40000,56.929688
45000,218.9375
50000,115.72656
