steps,returns
10000,95.60156
20000,102.64844
30000,121.77344
40000,117.28125
50000,134.19531
60000,121.33594
70000,151.59375
80000,148.07031
90000,143.50781
100000,158.95312
