steps,returns
1000000,-18.0625
2000000,-18.375
3000000,-18.359375
4000000,-18.0
5000000,-17.5625
6000000,-18.28125
7000000,-17.828125
8000000,-18.1875
9000000,-17.4375
10000000,-17.953125
