steps,returns
1000000,275.0
2000000,726.1719
3000000,712.8906
4000000,680.27344
5000000,699.02344
6000000,482.6172
7000000,941.60156
8000000,740.8203
9000000,968.3594
10000000,2376.9531
