steps,returns
10000,88.07031
20000,98.99219
30000,104.38281
40000,106.0625
50000,109.71094
60000,119.703125
70000,123.74219
80000,129.52344
90000,139.46094
100000,134.57812
