steps,returns
100000.0,627.15857
200000.0,0.37062517
300000.0,3.2591681
400000.0,45.540585
500000.0,77.400665
600000.0,72.78454
700000.0,58.17695
800000.0,90.09419
900000.0,84.01554
1000000.0,86.215515
