steps,returns
10000,124.84375
20000,103.71094
30000,108.3125
40000,90.828125
50000,101.609375
60000,135.46094
70000,163.57812
80000,182.8125
90000,212.26562
100000,257.0625
