steps,returns
1000000,-17.40625
2000000,-18.15625
3000000,-18.328125
4000000,-17.71875
5000000,-18.3125
6000000,-18.234375
7000000,-18.03125
8000000,-18.0
9000000,-17.859375
10000000,-17.828125
