steps,returns
1000000,17.03125
2000000,17.03125
3000000,17.34375
4000000,18.125
5000000,19.53125
6000000,77.03125
7000000,93.125
8000000,18.4375
9000000,18.125
10000000,112.34375
