steps,returns
1000000,285.54688
2000000,183.98438
3000000,237.10938
4000000,200.19531
5000000,612.5
6000000,652.53906
7000000,423.04688
8000000,365.625
9000000,619.33594
10000000,535.9375
