steps,returns
10000,9.359375
20000,9.375
30000,9.421875
40000,9.3828125
50000,9.4140625
60000,9.4921875
70000,9.25
80000,9.3984375
90000,9.3125
100000,9.34375
