steps,returns
100000.0,-82.26825
200000.0,-545.41327
300000.0,43.597733
400000.0,-758.7502
500000.0,-1103.1226
600000.0,-1374.9446
700000.0,-2210.0156
800000.0,-3435.4067
900000.0,-4808.547
1000000.0,-5912.217
