steps,returns
1000000,267.1875
2000000,460.3125
3000000,444.14062
4000000,87.34375
5000000,3242.0312
6000000,1711.4844
7000000,4515.4688
8000000,778.59375
9000000,4667.9688
10000000,3899.0625
