steps,returns
100000.0,-98.32281
200000.0,-309.68103
300000.0,-20.3101
400000.0,-464.984
500000.0,-827.0476
600000.0,-1685.4126
700000.0,-2368.3115
800000.0,-4020.1384
900000.0,-5172.1924
1000000.0,-6716.5
