steps,returns
100000.0,707.4452
200000.0,837.00824
300000.0,776.8257
400000.0,608.87036
500000.0,935.1647
600000.0,1081.6489
700000.0,-7226.951
800000.0,-103091.414
900000.0,-632591.6
1000000.0,-952312.75
