steps,returns
100000.0,643.1798
200000.0,550.28467
300000.0,487.65393
400000.0,472.2132
500000.0,467.57037
600000.0,474.87326
700000.0,504.08588
800000.0,505.7417
900000.0,509.02042
1000000.0,523.9465
