steps,returns
1000000,150.0
2000000,504.10156
3000000,439.45312
4000000,638.6719
5000000,976.5625
6000000,507.42188
7000000,688.47656
8000000,707.8125
9000000,432.03125
10000000,685.9375
