{"config": {"hp_config.clip_eps": 0.2744067519636624, "hp_config.ent_coef": 0.35759468318620974, "hp_config.gae_lambda": 0.9204923988767216, "hp_config.learning_rate": 0.0005301709347576831, "hp_config.max_grad_norm": 0.4236547993389047, "hp_config.minibatch_size": 256, "hp_config.normalize_advantage": true, "hp_config.vf_clip_eps": 0.4458865003910399, "hp_config.vf_coef": 0.9636627605010293}, "score": -200.0, "budget_used": 13, "total_wallclock_time": -150.49630522727966, "total_optimization_time": 0.007836580276489258}
{"config": {"hp_config.clip_eps": 0.2744067519636624, "hp_config.ent_coef": 0.35759468318620974, "hp_config.gae_lambda": 0.9204923988767216, "hp_config.learning_rate": 0.0005301709347576831, "hp_config.max_grad_norm": 0.4236547993389047, "hp_config.minibatch_size": 256, "hp_config.normalize_advantage": true, "hp_config.vf_clip_eps": 0.4458865003910399, "hp_config.vf_coef": 0.9636627605010293}, "score": -200.0, "budget_used": 26, "total_wallclock_time": -294.94179224967957, "total_optimization_time": 0.0454103946685791}
{"config": {"hp_config.clip_eps": 0.2744067519636624, "hp_config.ent_coef": 0.35759468318620974, "hp_config.gae_lambda": 0.9204923988767216, "hp_config.learning_rate": 0.0005301709347576831, "hp_config.max_grad_norm": 0.4236547993389047, "hp_config.minibatch_size": 256, "hp_config.normalize_advantage": true, "hp_config.vf_clip_eps": 0.4458865003910399, "hp_config.vf_coef": 0.9636627605010293}, "score": -200.0, "budget_used": 39, "total_wallclock_time": -443.76530933380127, "total_optimization_time": 0.04809904098510742}
{"config": {"hp_config.clip_eps": 0.2744067519636624, "hp_config.ent_coef": 0.35759468318620974, "hp_config.gae_lambda": 0.9204923988767216, "hp_config.learning_rate": 0.0005301709347576831, "hp_config.max_grad_norm": 0.4236547993389047, "hp_config.minibatch_size": 256, "hp_config.normalize_advantage": true, "hp_config.vf_clip_eps": 0.4458865003910399, "hp_config.vf_coef": 0.9636627605010293}, "score": -200.0, "budget_used": 52, "total_wallclock_time": -594.8604533672333, "total_optimization_time": 0.05150580406188965}
{"config": {"hp_config.clip_eps": 0.2744067519636624, "hp_config.ent_coef": 0.35759468318620974, "hp_config.gae_lambda": 0.9204923988767216, "hp_config.learning_rate": 0.0005301709347576831, "hp_config.max_grad_norm": 0.4236547993389047, "hp_config.minibatch_size": 256, "hp_config.normalize_advantage": true, "hp_config.vf_clip_eps": 0.4458865003910399, "hp_config.vf_coef": 0.9636627605010293}, "score": -200.0, "budget_used": 65, "total_wallclock_time": -742.923567533493, "total_optimization_time": 0.06080746650695801}
{"config": {"hp_config.clip_eps": 0.2744067519636624, "hp_config.ent_coef": 0.35759468318620974, "hp_config.gae_lambda": 0.9204923988767216, "hp_config.learning_rate": 0.0005301709347576831, "hp_config.max_grad_norm": 0.4236547993389047, "hp_config.minibatch_size": 256, "hp_config.normalize_advantage": true, "hp_config.vf_clip_eps": 0.4458865003910399, "hp_config.vf_coef": 0.9636627605010293}, "score": -200.0, "budget_used": 78, "total_wallclock_time": -891.221095085144, "total_optimization_time": 0.06705951690673828}
{"config": {"hp_config.clip_eps": 0.2744067519636624, "hp_config.ent_coef": 0.35759468318620974, "hp_config.gae_lambda": 0.9204923988767216, "hp_config.learning_rate": 0.0005301709347576831, "hp_config.max_grad_norm": 0.4236547993389047, "hp_config.minibatch_size": 256, "hp_config.normalize_advantage": true, "hp_config.vf_clip_eps": 0.4458865003910399, "hp_config.vf_coef": 0.9636627605010293}, "score": -200.0, "budget_used": 91, "total_wallclock_time": -1038.134305715561, "total_optimization_time": 0.07559609413146973}
{"config": {"hp_config.clip_eps": 0.2744067519636624, "hp_config.ent_coef": 0.35759468318620974, "hp_config.gae_lambda": 0.9204923988767216, "hp_config.learning_rate": 0.0005301709347576831, "hp_config.max_grad_norm": 0.4236547993389047, "hp_config.minibatch_size": 256, "hp_config.normalize_advantage": true, "hp_config.vf_clip_eps": 0.4458865003910399, "hp_config.vf_coef": 0.9636627605010293}, "score": -200.0, "budget_used": 104, "total_wallclock_time": -1185.5254366397858, "total_optimization_time": 0.08235573768615723}
{"config": {"hp_config.clip_eps": 0.2744067519636624, "hp_config.ent_coef": 0.35759468318620974, "hp_config.gae_lambda": 0.9204923988767216, "hp_config.learning_rate": 0.0005301709347576831, "hp_config.max_grad_norm": 0.4236547993389047, "hp_config.minibatch_size": 256, "hp_config.normalize_advantage": true, "hp_config.vf_clip_eps": 0.4458865003910399, "hp_config.vf_coef": 0.9636627605010293}, "score": -200.0, "budget_used": 117, "total_wallclock_time": -1337.0632104873657, "total_optimization_time": 0.08559370040893555}
{"config": {"hp_config.clip_eps": 0.2744067519636624, "hp_config.ent_coef": 0.35759468318620974, "hp_config.gae_lambda": 0.9204923988767216, "hp_config.learning_rate": 0.0005301709347576831, "hp_config.max_grad_norm": 0.4236547993389047, "hp_config.minibatch_size": 256, "hp_config.normalize_advantage": true, "hp_config.vf_clip_eps": 0.4458865003910399, "hp_config.vf_coef": 0.9636627605010293}, "score": -200.0, "budget_used": 130, "total_wallclock_time": -1484.9758787155151, "total_optimization_time": 0.0994408130645752}
{"config": {"hp_config.clip_eps": 0.2744067519636624, "hp_config.ent_coef": 0.35759468318620974, "hp_config.gae_lambda": 0.9204923988767216, "hp_config.learning_rate": 0.0005301709347576831, "hp_config.max_grad_norm": 0.4236547993389047, "hp_config.minibatch_size": 256, "hp_config.normalize_advantage": true, "hp_config.vf_clip_eps": 0.4458865003910399, "hp_config.vf_coef": 0.9636627605010293}, "score": -200.0, "budget_used": 143, "total_wallclock_time": -1632.396014213562, "total_optimization_time": 0.10244584083557129}
