steps,returns
100000.0,-0.9103487
200000.0,-0.9897446
300000.0,15.947225
400000.0,155.78256
500000.0,-216.08841
600000.0,-181.13687
700000.0,-228.08734
800000.0,-589.44354
900000.0,-669.6261
1000000.0,-502.7143
