steps,returns
1000000,-17.6875
2000000,-17.984375
3000000,-17.953125
4000000,-17.875
5000000,-18.171875
6000000,-17.796875
7000000,-17.4375
8000000,-17.875
9000000,-18.203125
10000000,-17.734375
