steps,returns
1000000,51.09375
2000000,17.5
3000000,580.5469
4000000,23.59375
5000000,16.71875
6000000,430.0
7000000,75.46875
8000000,30.3125
9000000,32.65625
10000000,1488.9062
