steps,returns
10000,-500.0
20000,-500.0
30000,-500.0
40000,-350.10156
50000,-170.89844
60000,-500.0
70000,-500.0
80000,-500.0
90000,-500.0
100000,-500.0
