steps,returns
1000000,880.78125
2000000,1083.5156
3000000,940.2344
4000000,861.09375
5000000,462.89062
6000000,125.46875
7000000,802.34375
8000000,16.875
9000000,216.71875
10000000,47.1875
