steps,returns
10000,128.78906
20000,500.0
30000,500.0
40000,9.3515625
50000,9.2734375
60000,9.3515625
70000,9.2890625
80000,9.2578125
90000,9.359375
100000,9.453125
