steps,returns
1000000,354.6875
2000000,1054.2969
3000000,890.03906
4000000,1652.5391
5000000,811.52344
6000000,718.16406
7000000,1586.7188
8000000,549.8047
9000000,1887.8906
10000000,3580.8594
