steps,returns
1000000,-18.375
2000000,-17.84375
3000000,-17.984375
4000000,-17.578125
5000000,-18.015625
6000000,-18.71875
7000000,-17.59375
8000000,-17.765625
9000000,-17.75
10000000,-18.75
