steps,returns
1000000,-18.40625
2000000,-18.109375
3000000,-18.5625
4000000,-17.796875
5000000,-18.3125
6000000,-17.40625
7000000,-17.921875
8000000,-17.921875
9000000,-17.6875
10000000,-17.984375
