steps,returns
100000.0,1003.5907
200000.0,894.616
300000.0,679.6832
400000.0,333.84363
500000.0,84.46561
600000.0,-487.5351
700000.0,-987.889
800000.0,-1245.7405
900000.0,-1753.1187
1000000.0,-3255.0332
