steps,returns
1000000,188.86719
2000000,519.53125
3000000,503.125
4000000,579.2969
5000000,729.2969
6000000,778.90625
7000000,646.09375
8000000,762.5
9000000,736.71875
10000000,593.5547
