steps,returns
100000.0,804.03284
200000.0,494.2912
300000.0,572.35754
400000.0,453.8321
500000.0,447.1966
600000.0,481.95294
700000.0,557.7886
800000.0,802.17395
900000.0,1321.5524
1000000.0,1264.1465
