steps,returns
100000.0,1023.09033
200000.0,1021.14197
300000.0,1022.2252
400000.0,1020.0259
500000.0,1016.22125
600000.0,1017.6444
700000.0,1014.8815
800000.0,1016.1549
900000.0,1009.8811
1000000.0,1002.52264
