steps,returns
10000,-500.0
20000,-500.0
30000,-296.35938
40000,-124.13281
50000,-111.24219
60000,-228.02344
70000,-500.0
80000,-105.36719
90000,-147.92969
100000,-500.0
