steps,returns
1000000,-17.625
2000000,-17.90625
3000000,-18.09375
4000000,-17.9375
5000000,-18.0
6000000,-18.3125
7000000,-17.3125
8000000,-17.65625
9000000,-17.9375
10000000,-17.609375
