steps,returns
1000000,-18.03125
2000000,-18.109375
3000000,-18.28125
4000000,-18.28125
5000000,-17.703125
6000000,-18.171875
7000000,-18.109375
8000000,-17.796875
9000000,-17.578125
10000000,-18.15625
