steps,returns
10000,9.34375
20000,9.25
30000,9.3046875
40000,9.3359375
50000,9.4375
60000,9.375
70000,9.375
80000,9.34375
90000,9.3125
100000,9.328125
