steps,returns
1000000,-18.265625
2000000,-17.203125
3000000,-18.5
4000000,-17.5625
5000000,-17.53125
6000000,-17.9375
7000000,-18.1875
8000000,-18.0625
9000000,-18.28125
10000000,-17.890625
