steps,returns
1000000,-18.046875
2000000,-17.359375
3000000,-18.5
4000000,-17.8125
5000000,-17.625
6000000,-18.15625
7000000,-17.859375
8000000,-18.09375
9000000,-17.96875
10000000,-17.734375
