steps,returns
10000,220.02344
20000,206.48438
30000,471.64062
40000,370.08594
50000,487.90625
60000,256.6953
70000,472.8125
80000,500.0
90000,500.0
100000,500.0
