steps,returns
100000.0,870.8685
200000.0,1040.1527
300000.0,493.92273
400000.0,-28.54973
500000.0,424.86496
600000.0,216.48424
700000.0,37.910942
800000.0,35.77635
900000.0,68.060524
1000000.0,49.594616
