steps,returns
10000,-421.39062
20000,-393.4375
30000,-353.5625
40000,-346.2578
50000,-347.1328
60000,-210.58594
70000,-151.77344
80000,-127.13281
90000,-162.78125
100000,-204.23438
