steps,returns
1000000,-18.25
2000000,-17.609375
3000000,-18.1875
4000000,-18.109375
5000000,-17.859375
6000000,-17.6875
7000000,-17.90625
8000000,-17.5
9000000,-17.765625
10000000,-17.453125
