steps,returns
1000000,-17.984375
2000000,-18.03125
3000000,-17.921875
4000000,-18.5625
5000000,-18.25
6000000,-18.0
7000000,-18.3125
8000000,-18.15625
9000000,-18.21875
10000000,-18.171875
