steps,returns
100000.0,411.80566
200000.0,203.95253
300000.0,449.27167
400000.0,525.4346
500000.0,674.29553
600000.0,675.49884
700000.0,684.2766
800000.0,683.3711
900000.0,686.7626
1000000.0,685.49927
