steps,returns
100000.0,-0.47416255
200000.0,1.1661831
300000.0,375.19647
400000.0,-5.213431
500000.0,11.535174
600000.0,-41.009857
700000.0,105.34996
800000.0,-150.35614
900000.0,-241.33124
1000000.0,-201.48607
