steps,returns
100000.0,638.5333
200000.0,346.00848
300000.0,328.53284
400000.0,304.23874
500000.0,301.8541
600000.0,295.8969
700000.0,290.88303
800000.0,289.69342
900000.0,293.43512
1000000.0,289.51172
