steps,returns
1000000,-17.703125
2000000,-17.625
3000000,-17.46875
4000000,-18.15625
5000000,-18.234375
6000000,-18.296875
7000000,-18.9375
8000000,-17.703125
9000000,-17.734375
10000000,-17.703125
