steps,returns
5000,111.58594
10000,130.41406
15000,104.546875
20000,135.70312
25000,337.45312
30000,113.53125
35000,132.14844
40000,109.359375
45000,23.820312
50000,68.67969
