steps,returns
10000,197.1875
20000,318.4453
30000,498.84375
40000,489.70312
50000,317.75
60000,500.0
70000,500.0
80000,500.0
90000,500.0
100000,500.0
