steps,returns
100000.0,-0.43126273
200000.0,-0.4279501
300000.0,-0.85947084
400000.0,0.044905752
500000.0,-12.067267
600000.0,60.911797
700000.0,153.97694
800000.0,52.293434
900000.0,-234.70204
1000000.0,-106.01567
