steps,returns
100000.0,836.0791
200000.0,370.21274
300000.0,478.74963
400000.0,600.0563
500000.0,712.28064
600000.0,754.1188
700000.0,752.8865
800000.0,749.5054
900000.0,745.55084
1000000.0,739.75635
