steps,returns
1000000,1042.8906
2000000,917.2656
3000000,729.7656
4000000,189.6875
5000000,282.34375
6000000,675.3125
7000000,357.10938
8000000,517.7344
9000000,1407.9688
10000000,877.34375
