steps,returns
100000,-200.0
200000,-200.0
300000,-200.0
400000,-197.07812
500000,-155.00781
600000,-160.1875
700000,-113.41406
800000,-116.4375
900000,-127.96875
1000000,-124.10156
