steps,returns
1000000,17.8125
2000000,38.75
3000000,16.5625
4000000,18.125
5000000,47.03125
6000000,17.1875
7000000,51.71875
8000000,17.1875
9000000,17.8125
10000000,17.34375
