steps,returns
5000,15.9140625
10000,111.296875
15000,165.22656
20000,372.84375
25000,121.125
30000,219.64062
35000,124.109375
40000,169.17969
45000,125.890625
50000,145.44531
