steps,returns
10000,-500.0
20000,-500.0
30000,-500.0
40000,-500.0
50000,-500.0
60000,-500.0
70000,-495.32812
80000,-500.0
90000,-205.74219
100000,-350.5625
