steps,returns
100000.0,894.9837
200000.0,935.15027
300000.0,1002.99146
400000.0,1074.7855
500000.0,1224.2996
600000.0,1090.5837
700000.0,874.1349
800000.0,368.99695
900000.0,1113.6698
1000000.0,862.28973
