steps,returns
1000000,-17.796875
2000000,-17.828125
3000000,-17.625
4000000,-17.546875
5000000,-16.765625
6000000,-17.46875
7000000,-16.984375
8000000,-17.40625
9000000,-17.125
10000000,-17.015625
