steps,returns
5000,8.9921875
10000,9.046875
15000,9.3203125
20000,9.28125
25000,9.28125
30000,9.3515625
35000,9.3046875
40000,9.4921875
45000,9.390625
50000,9.28125
