steps,returns
5000,13.2265625
10000,58.015625
15000,151.07031
20000,36.625
25000,14.78125
30000,15.6328125
35000,135.40625
40000,116.42969
45000,179.14062
50000,144.14844
