steps,returns
1000000,-18.0
2000000,-17.890625
3000000,-18.21875
4000000,-17.984375
5000000,-18.40625
6000000,-18.109375
7000000,-18.34375
8000000,-17.453125
9000000,-18.015625
10000000,-17.828125
