steps,returns
100000.0,666.5513
200000.0,690.6209
300000.0,722.7525
400000.0,726.8257
500000.0,735.00073
600000.0,743.7429
700000.0,744.3771
800000.0,746.04816
900000.0,748.2921
1000000.0,748.3413
