steps,returns
5000,9.265625
10000,9.3046875
15000,10.2265625
20000,16.46875
25000,26.867188
30000,61.195312
35000,100.53125
40000,127.21875
45000,51.820312
50000,37.476562
