steps,returns
100000.0,418.50473
200000.0,258.70856
300000.0,869.39575
400000.0,805.0242
500000.0,779.26245
600000.0,755.6389
700000.0,738.9341
800000.0,731.4002
900000.0,725.6559
1000000.0,722.99744
