steps,returns
100000.0,590.0665
200000.0,587.7964
300000.0,582.15894
400000.0,558.7758
500000.0,664.0619
600000.0,793.09454
700000.0,836.511
800000.0,-381.2025
900000.0,-1540.2566
1000000.0,-2762.2705
