steps,returns
5000,59.242188
10000,61.445312
15000,63.734375
20000,53.804688
25000,46.6875
30000,44.78125
35000,38.070312
40000,20.984375
45000,13.546875
50000,9.34375
