steps,returns
10000,131.42969
20000,407.01562
30000,447.07812
40000,497.6875
50000,191.17969
60000,376.26562
70000,416.6797
80000,211.90625
90000,90.58594
100000,146.82812
