steps,returns
1000000,-18.046875
2000000,-17.75
3000000,-18.0625
4000000,-18.359375
5000000,-17.703125
6000000,-18.25
7000000,-18.0
8000000,-18.265625
9000000,-18.203125
10000000,-17.921875
