steps,returns
100000.0,854.6471
200000.0,847.69714
300000.0,850.26733
400000.0,785.2406
500000.0,665.53174
600000.0,849.2022
700000.0,810.25616
800000.0,845.90393
900000.0,861.9657
1000000.0,836.6559
