steps,returns
10000,68.546875
20000,65.59375
30000,117.30469
40000,147.42969
50000,241.45312
60000,154.07031
70000,158.20312
80000,145.29688
90000,153.625
100000,201.64844
