steps,returns
100000.0,473.5514
200000.0,413.87064
300000.0,587.6372
400000.0,781.0171
500000.0,581.5767
600000.0,607.01624
700000.0,599.85114
800000.0,663.4042
900000.0,847.9142
1000000.0,854.6009
