steps,returns
1000000,150.0
2000000,125.0
3000000,290.23438
4000000,244.33594
5000000,330.07812
6000000,506.25
7000000,715.2344
8000000,545.89844
9000000,570.3125
10000000,413.08594
