steps,returns
1000000,-17.890625
2000000,-17.96875
3000000,-17.90625
4000000,-18.296875
5000000,-17.59375
6000000,-18.15625
7000000,-17.53125
8000000,-17.640625
9000000,-18.515625
10000000,-17.671875
