steps,returns
5000,69.046875
10000,67.14844
15000,67.89844
20000,69.953125
25000,69.19531
30000,70.90625
35000,70.578125
40000,72.25781
45000,69.609375
50000,71.63281
