steps,returns
100000.0,903.40344
200000.0,516.3448
300000.0,516.68976
400000.0,500.4927
500000.0,668.00696
600000.0,828.3688
700000.0,988.45435
800000.0,1115.9858
900000.0,1007.53143
1000000.0,636.6516
