steps,returns
1000000,-17.78125
2000000,-18.03125
3000000,-17.515625
4000000,-17.375
5000000,-17.046875
6000000,-17.046875
7000000,-17.234375
8000000,-17.484375
9000000,-17.203125
10000000,-17.484375
