steps,returns
1000000,-18.109375
2000000,-17.875
3000000,-17.96875
4000000,-18.296875
5000000,-17.984375
6000000,-18.0625
7000000,-17.984375
8000000,-18.125
9000000,-18.25
10000000,-17.390625
