steps,returns
100000.0,1001.96045
200000.0,963.78296
300000.0,796.7776
400000.0,725.7911
500000.0,395.409
600000.0,-311.63892
700000.0,-1369.2036
800000.0,-1317.126
900000.0,-2323.9143
1000000.0,-3105.293
