steps,returns
5000,9.3203125
10000,10.0703125
15000,235.05469
20000,219.82812
25000,153.57031
30000,101.0
35000,191.5625
40000,35.320312
45000,91.11719
50000,17.101562
