steps,returns
10000,128.85156
20000,169.92188
30000,202.47656
40000,495.22656
50000,499.8672
60000,495.17188
70000,314.96875
80000,500.0
90000,500.0
100000,500.0
