steps,returns
10000,149.0625
20000,147.77344
30000,133.42188
40000,136.45312
50000,140.0625
60000,128.57031
70000,109.78125
80000,128.34375
90000,120.77344
100000,136.52344
