steps,returns
100000.0,196.44662
200000.0,262.0452
300000.0,394.16315
400000.0,1049.7273
500000.0,1725.2987
600000.0,1126.8518
700000.0,1503.2285
800000.0,1276.2583
900000.0,738.5222
1000000.0,-115.011444
