steps,returns
1000000,-17.296875
2000000,-17.46875
3000000,-18.3125
4000000,-17.5
5000000,-17.484375
6000000,-17.71875
7000000,-18.046875
8000000,-17.515625
9000000,-17.53125
10000000,-17.4375
