steps,returns
1000000,491.64062
2000000,192.8125
3000000,507.34375
4000000,253.90625
5000000,287.03125
6000000,383.20312
7000000,23.125
8000000,39.84375
9000000,132.5
10000000,208.90625
