steps,returns
1000000,-17.796875
2000000,-17.546875
3000000,-18.03125
4000000,-18.015625
5000000,-17.609375
6000000,-18.25
7000000,-18.390625
8000000,-17.90625
9000000,-18.21875
10000000,-18.359375
