steps,returns
1000000,-18.046875
2000000,-16.9375
3000000,-17.203125
4000000,-16.3125
5000000,-16.0625
6000000,-16.015625
7000000,-15.34375
8000000,-16.375
9000000,-15.09375
10000000,-14.84375
