steps,returns
5000,103.65625
10000,199.39844
15000,86.05469
20000,110.9375
25000,132.19531
30000,24.710938
35000,95.140625
40000,103.71094
45000,105.578125
50000,106.66406
