steps,returns
1000000,-17.53125
2000000,-16.90625
3000000,-17.0
4000000,-17.640625
5000000,-17.625
6000000,-17.984375
7000000,-17.828125
8000000,-18.3125
9000000,-16.671875
10000000,-18.5
