steps,returns
100000.0,54.842762
200000.0,46.91198
300000.0,46.583946
400000.0,50.765373
500000.0,49.924477
600000.0,47.130783
700000.0,50.765553
800000.0,46.716053
900000.0,44.478813
1000000.0,44.853577
