steps,returns
100000.0,585.94635
200000.0,526.10986
300000.0,475.62524
400000.0,456.57535
500000.0,467.14362
600000.0,463.06638
700000.0,472.87494
800000.0,476.1069
900000.0,478.57904
1000000.0,472.79468
