steps,returns
1000000,211.32812
2000000,328.3203
3000000,699.8047
4000000,668.5547
5000000,848.6328
6000000,740.2344
7000000,486.1328
8000000,780.27344
9000000,725.58594
10000000,639.4531
