steps,returns
10000,104.71094
20000,101.24219
30000,95.15625
40000,100.05469
50000,102.05469
60000,105.19531
70000,98.921875
80000,109.90625
90000,101.046875
100000,102.171875
