steps,returns
1000000,830.8594
2000000,27.65625
3000000,17.65625
4000000,29.0625
5000000,16.71875
6000000,17.1875
7000000,17.1875
8000000,17.34375
9000000,51.71875
10000000,17.5
