steps,returns
1000000,250.0
2000000,234.375
3000000,189.0625
4000000,0.0
5000000,282.03125
6000000,20.507812
7000000,50.0
8000000,250.0
9000000,220.50781
10000000,243.35938
