steps,returns
5000,9.3515625
10000,9.40625
15000,9.3359375
20000,9.3203125
25000,9.1953125
30000,9.3203125
35000,9.34375
40000,9.3515625
45000,9.34375
50000,9.25
