steps,returns
10000,-458.57812
20000,-348.03125
30000,-500.0
40000,-500.0
50000,-500.0
60000,-500.0
70000,-500.0
80000,-500.0
90000,-158.21094
100000,-500.0
