steps,returns
100000.0,118.81326
200000.0,133.6178
300000.0,143.25357
400000.0,137.70285
500000.0,139.92224
600000.0,137.0607
700000.0,134.23329
800000.0,128.11667
900000.0,131.27289
1000000.0,134.62717
