steps,returns
100000.0,16.632244
200000.0,16.493923
300000.0,16.414
400000.0,16.486753
500000.0,16.444149
600000.0,16.528172
700000.0,16.470772
800000.0,16.475685
900000.0,16.508049
1000000.0,16.444046
