steps,returns
100000.0,-0.3986705
200000.0,1.762637
300000.0,24.807457
400000.0,-244.3786
500000.0,-408.1068
600000.0,-543.7432
700000.0,-601.62354
800000.0,-559.46234
900000.0,-1067.289
1000000.0,-1319.3909
