steps,returns
10000,344.92188
20000,497.66406
30000,499.28125
40000,268.39844
50000,258.52344
60000,178.39062
70000,500.0
80000,500.0
90000,470.15625
100000,500.0
