steps,returns
100000.0,-13.121582
200000.0,-71.01076
300000.0,-317.0943
400000.0,-404.64996
500000.0,-1122.1941
600000.0,-620.32776
700000.0,-2411.3743
800000.0,-2764.5928
900000.0,-2734.7617
1000000.0,-2880.6223
