steps,returns
100000.0,556.5331
200000.0,323.1505
300000.0,358.41888
400000.0,464.7458
500000.0,499.7614
600000.0,520.8855
700000.0,532.0567
800000.0,52.467728
900000.0,138.04605
1000000.0,-10.798986
