steps,returns
100000.0,703.58997
200000.0,-332.06973
300000.0,-6336.4946
400000.0,-272621.06
500000.0,-923820.25
600000.0,-1884797.8
700000.0,-4350816.5
800000.0,-4395305.5
900000.0,-1828323.8
1000000.0,-1649093.2
