steps,returns
10000,190.17188
20000,207.75781
30000,213.74219
40000,233.17188
50000,396.6797
60000,500.0
70000,500.0
80000,500.0
90000,500.0
100000,404.35938
