steps,returns
1000000,-17.984375
2000000,-17.625
3000000,-17.421875
4000000,-17.796875
5000000,-18.09375
6000000,-17.859375
7000000,-18.0625
8000000,-17.171875
9000000,-17.859375
10000000,-17.78125
