steps,returns
1000000,275.0
2000000,574.41406
3000000,665.4297
4000000,588.28125
5000000,497.46094
6000000,419.33594
7000000,632.03125
8000000,741.7969
9000000,430.07812
10000000,734.7656
