steps,returns
100000.0,72.914185
200000.0,-96.33834
300000.0,-315.88968
400000.0,-452.58038
500000.0,-210.56557
600000.0,-459.4182
700000.0,-729.6398
800000.0,-1165.5115
900000.0,-1575.7084
1000000.0,-2230.616
