steps,returns
1000000,28.90625
2000000,43.28125
3000000,28.90625
4000000,29.21875
5000000,30.78125
6000000,17.96875
7000000,17.8125
8000000,39.53125
9000000,52.34375
10000000,17.34375
