steps,returns
1000000,31.171875
2000000,0.0
3000000,28.59375
4000000,0.0
5000000,1190.0
6000000,2570.0
7000000,2570.0
8000000,0.0
9000000,1190.0
10000000,0.0
