steps,returns
10000,103.83594
20000,134.5
30000,145.10938
40000,146.39062
50000,128.1875
60000,166.1875
70000,172.55469
80000,164.35156
90000,159.25
100000,149.32031
