steps,returns
100000.0,959.0666
200000.0,908.24066
300000.0,830.0807
400000.0,771.06885
500000.0,734.157
600000.0,696.1504
700000.0,629.93774
800000.0,600.28174
900000.0,572.35583
1000000.0,565.27563
