steps,returns
5000,46.265625
10000,164.17969
15000,122.28125
20000,91.21875
25000,99.86719
30000,92.02344
35000,102.625
40000,103.921875
45000,91.42969
50000,54.179688
