steps,returns
100000.0,1184.5444
200000.0,1290.9197
300000.0,1253.5635
400000.0,1192.4165
500000.0,325.0848
600000.0,1231.7593
700000.0,267.83685
800000.0,6.474155
900000.0,946.5064
1000000.0,708.95166
