steps,returns
5000,41.945312
10000,98.796875
15000,79.328125
20000,119.41406
25000,32.992188
30000,102.734375
35000,500.0
40000,103.609375
45000,500.0
50000,102.74219
