steps,returns
100000.0,715.73236
200000.0,675.89124
300000.0,606.8224
400000.0,-131.55365
500000.0,-1958.2135
600000.0,-2798.4275
700000.0,-5566.458
800000.0,-5933.667
900000.0,-8920.761
1000000.0,-12797.09
