steps,returns
100000.0,908.0665
200000.0,865.86926
300000.0,796.96216
400000.0,1026.4236
500000.0,1107.0457
600000.0,1153.133
700000.0,1118.9392
800000.0,1155.3439
900000.0,1154.3802
1000000.0,1122.0574
