steps,returns
100000.0,-0.7100504
200000.0,-1.0125912
300000.0,-9.029621
400000.0,58.70576
500000.0,-79.81586
600000.0,-158.624
700000.0,-202.5065
800000.0,-325.141
900000.0,-627.7259
1000000.0,-550.8987
