steps,returns
100000.0,-365.35205
200000.0,-395.31183
300000.0,-1393.8108
400000.0,-3823.1792
500000.0,-5843.706
600000.0,-14086.525
700000.0,-23817.045
800000.0,-37706.17
900000.0,-33418.15
1000000.0,-55548.848
