steps,returns
100000.0,379.79828
200000.0,229.05704
300000.0,199.0444
400000.0,488.0561
500000.0,691.36316
600000.0,686.59485
700000.0,680.66016
800000.0,680.13574
900000.0,684.85876
1000000.0,685.5603
