steps,returns
5000,37.046875
10000,15.140625
15000,28.515625
20000,89.02344
25000,106.27344
30000,171.44531
35000,161.61719
40000,118.99219
45000,165.10938
50000,134.75
