steps,returns
10000,491.53906
20000,436.33594
30000,500.0
40000,500.0
50000,500.0
60000,500.0
70000,496.14844
80000,500.0
90000,500.0
100000,500.0
