steps,returns
1000000,17.8125
2000000,48.28125
3000000,16.5625
4000000,76.09375
5000000,40.0
6000000,141.40625
7000000,17.34375
8000000,17.1875
9000000,31.40625
10000000,53.59375
