steps,returns
100000.0,331.07288
200000.0,332.8554
300000.0,335.954
400000.0,336.76617
500000.0,337.732
600000.0,
700000.0,
800000.0,
900000.0,
1000000.0,
