steps,returns
5000,27.585938
10000,27.0
15000,28.257812
20000,27.40625
25000,27.5
30000,29.359375
35000,29.09375
40000,30.195312
45000,30.664062
50000,31.148438
