steps,returns
10000,-459.72656
20000,-477.1328
30000,-482.83594
40000,-339.32812
50000,-389.48438
60000,-400.7422
70000,-445.1875
80000,-413.60156
90000,-385.1797
100000,-380.625
