steps,returns
100000.0,679.54755
200000.0,1200.3909
300000.0,1059.5342
400000.0,1227.9539
500000.0,908.9498
600000.0,753.25354
700000.0,72.70366
800000.0,-1003.47125
900000.0,-4570.0195
1000000.0,-8655.072
