steps,returns
1000000,274.8047
2000000,150.0
3000000,125.0
4000000,277.53906
5000000,125.0
6000000,133.20312
7000000,137.30469
8000000,150.0
9000000,150.0
10000000,150.0
