steps,returns
5000,8.8203125
10000,8.875
15000,8.8125
20000,8.8125
25000,8.8125
30000,8.8515625
35000,8.8359375
40000,8.828125
45000,8.8203125
50000,8.8671875
