steps,returns
1000000,1131.7969
2000000,235.78125
3000000,87.96875
4000000,240.0
5000000,389.84375
6000000,185.78125
7000000,164.6875
8000000,1319.375
9000000,2232.1875
10000000,3409.375
