steps,returns
1000000,995.2344
2000000,57.578125
3000000,0.0
4000000,329.45312
5000000,156.09375
6000000,1335.0781
7000000,1191.25
8000000,1144.1406
9000000,2355.625
10000000,959.375
