steps,returns
1000000,-17.78125
2000000,-18.03125
3000000,-17.640625
4000000,-17.8125
5000000,-18.265625
6000000,-17.90625
7000000,-18.15625
8000000,-17.890625
9000000,-17.953125
10000000,-17.5625
