steps,returns
10000,98.15625
20000,100.171875
30000,101.671875
40000,113.10156
50000,110.6875
60000,114.15625
70000,110.859375
80000,115.25781
90000,120.96875
100000,122.52344
