steps,returns
100000.0,826.3877
200000.0,797.3357
300000.0,830.01074
400000.0,785.25836
500000.0,758.5278
600000.0,645.755
700000.0,608.6864
800000.0,757.4571
900000.0,765.5117
1000000.0,786.26056
