steps,returns
10000,314.4453
20000,420.66406
30000,345.95312
40000,452.07812
50000,346.15625
60000,500.0
70000,310.29688
80000,500.0
90000,500.0
100000,329.02344
