steps,returns
5000,9.234375
10000,9.375
15000,9.390625
20000,9.40625
25000,9.3671875
30000,9.34375
35000,9.3671875
40000,9.4296875
45000,9.3984375
50000,9.5078125
