steps,returns
5000,169.96875
10000,263.28125
15000,398.5547
20000,497.45312
25000,499.7422
30000,493.64844
35000,466.375
40000,420.6172
45000,404.875
50000,375.83594
