steps,returns
100000.0,453.18427
200000.0,457.02686
300000.0,418.3888
400000.0,494.64215
500000.0,364.87665
600000.0,745.77625
700000.0,644.3683
800000.0,703.22797
900000.0,706.5879
1000000.0,721.603
