steps,returns
5000,9.296875
10000,16.3125
15000,148.65625
20000,28.164062
25000,239.25
30000,194.67188
35000,307.79688
40000,160.83594
45000,207.5
50000,196.83594
