steps,returns
10000,289.875
20000,273.71875
30000,386.64844
40000,442.53906
50000,482.85938
60000,499.23438
70000,500.0
80000,500.0
90000,500.0
100000,500.0
