steps,returns
5000,138.91406
10000,205.58594
15000,303.90625
20000,388.1875
25000,489.82812
30000,500.0
35000,500.0
40000,500.0
45000,500.0
50000,493.85156
