steps,returns
10000,494.1953
20000,317.54688
30000,142.69531
40000,500.0
50000,500.0
60000,500.0
70000,500.0
80000,500.0
90000,500.0
100000,500.0
