steps,returns
100000.0,1564.2463
200000.0,852.1898
300000.0,718.75995
400000.0,720.3376
500000.0,740.662
600000.0,701.55273
700000.0,694.4449
800000.0,643.83905
900000.0,696.178
1000000.0,666.31836
