steps,returns
1000000,-17.8125
2000000,-17.421875
3000000,-17.59375
4000000,-17.4375
5000000,-17.265625
6000000,-17.34375
7000000,-17.609375
8000000,-14.875
9000000,-16.625
10000000,-15.890625
