steps,returns
5000,85.22656
10000,86.41406
15000,86.34375
20000,77.52344
25000,68.22656
30000,60.171875
35000,55.804688
40000,49.171875
45000,53.53125
50000,47.578125
