steps,returns
100000.0,246.25543
200000.0,301.71188
300000.0,481.27002
400000.0,687.2003
500000.0,1003.5748
600000.0,1123.4736
700000.0,1279.0657
800000.0,911.75354
900000.0,895.98865
1000000.0,857.1856
