steps,returns
10000,248.33594
20000,347.10938
30000,422.21094
40000,155.15625
50000,475.26562
60000,475.53906
70000,444.8047
80000,453.7578
90000,494.6875
100000,497.08594
