steps,returns
100000.0,356.36075
200000.0,800.3828
300000.0,850.93555
400000.0,939.8082
500000.0,1199.176
600000.0,1182.4644
700000.0,1410.3009
800000.0,1451.0728
900000.0,1511.7529
1000000.0,1371.8855
