steps,returns
5000,9.21875
10000,9.3515625
15000,9.21875
20000,9.2734375
25000,9.1484375
30000,9.3203125
35000,9.2890625
40000,9.203125
45000,9.3984375
50000,9.265625
