steps,returns
10000,75.28906
20000,103.609375
30000,104.8125
40000,102.265625
50000,102.109375
60000,111.015625
70000,106.0625
80000,113.59375
90000,111.52344
100000,118.57031
