steps,returns
100000.0,520.56165
200000.0,98.22812
300000.0,920.968
400000.0,1215.9897
500000.0,1515.2759
600000.0,1556.4614
700000.0,1569.4502
800000.0,1288.9634
900000.0,717.75446
1000000.0,-471.53677
