steps,returns
10000,358.1797
20000,289.0078
30000,62.390625
40000,500.0
50000,494.54688
60000,500.0
70000,411.4453
80000,441.64062
90000,171.625
100000,500.0
