steps,returns
5000,19.671875
10000,73.515625
15000,105.86719
20000,260.0
25000,152.88281
30000,106.02344
35000,113.390625
40000,132.41406
45000,136.9375
50000,229.48438
