steps,returns
1000000,669.0625
2000000,127.5
3000000,227.34375
4000000,0.0
5000000,0.0
6000000,2061.6406
7000000,924.9219
8000000,2421.6406
9000000,1594.0625
10000000,181.09375
