steps,returns
100000.0,421.18954
200000.0,561.34766
300000.0,1095.1412
400000.0,963.0989
500000.0,1063.1489
600000.0,489.361
700000.0,341.20285
800000.0,43.88091
900000.0,-461.2993
1000000.0,-591.26697
