steps,returns
1000000,296.875
2000000,163.4375
3000000,115.0
4000000,18.28125
5000000,76.5625
6000000,81.09375
7000000,18.28125
8000000,119.6875
9000000,400.625
10000000,416.25
