steps,returns
10000,69.625
20000,44.4375
30000,28.382812
40000,36.71875
50000,128.5625
60000,150.85156
70000,178.64844
80000,362.29688
90000,337.07812
100000,385.8047
