steps,returns
5000,81.671875
10000,82.6875
15000,80.71094
20000,74.046875
25000,64.234375
30000,55.382812
35000,48.757812
40000,49.0
45000,42.835938
50000,30.648438
