steps,returns
100000,-200.0
200000,-185.48438
300000,-200.0
400000,-200.0
500000,-200.0
600000,-200.0
700000,-192.44531
800000,-144.25781
900000,-200.0
1000000,-200.0
