steps,returns
1000000,17.03125
2000000,64.375
3000000,343.4375
4000000,216.875
5000000,18.125
6000000,125.0
7000000,16.5625
8000000,213.4375
9000000,376.09375
10000000,26.875
