steps,returns
100000.0,-1.0156903
200000.0,0.36730963
300000.0,18.479
400000.0,4.00989
500000.0,109.9439
600000.0,-113.33026
700000.0,-368.71686
800000.0,-218.5159
900000.0,-683.5737
1000000.0,-709.6417
