steps,returns
1000000,17.03125
2000000,17.03125
3000000,83.28125
4000000,148.4375
5000000,157.1875
6000000,120.3125
7000000,38.75
8000000,510.9375
9000000,426.875
10000000,20.78125
