steps,returns
10000,80.578125
20000,95.84375
30000,270.90625
40000,359.51562
50000,481.1875
60000,452.03125
70000,444.21094
80000,434.7578
90000,451.9453
100000,415.46875
