steps,returns
1000000,-18.09375
2000000,-17.65625
3000000,-18.046875
4000000,-17.84375
5000000,-17.96875
6000000,-18.0
7000000,-18.359375
8000000,-17.796875
9000000,-18.140625
10000000,-18.1875
