steps,returns
100000.0,207.10431
200000.0,902.8798
300000.0,1088.0566
400000.0,995.58044
500000.0,964.7043
600000.0,913.1925
700000.0,895.8264
800000.0,900.1354
900000.0,900.24133
1000000.0,897.9335
