steps,returns
1000000,-17.171875
2000000,-17.359375
3000000,-16.21875
4000000,-15.671875
5000000,-15.046875
6000000,-15.796875
7000000,-15.125
8000000,-14.734375
9000000,-14.671875
10000000,-14.390625
