steps,returns
10000,133.61719
20000,110.27344
30000,222.55469
40000,392.20312
50000,400.70312
60000,374.97656
70000,436.97656
80000,337.1797
90000,419.0625
100000,453.84375
