steps,returns
5000,195.77344
10000,377.20312
15000,500.0
20000,497.8125
25000,452.9922
30000,332.0547
35000,231.04688
40000,208.98438
45000,197.64844
50000,189.90625
