steps,returns
1000000,117.96875
2000000,615.0781
3000000,284.0625
4000000,901.40625
5000000,1461.6406
6000000,1599.8438
7000000,1622.4219
8000000,1783.75
9000000,1717.3438
10000000,302.26562
