steps,returns
10000,345.96875
20000,359.33594
30000,378.875
40000,440.85156
50000,489.75
60000,500.0
70000,500.0
80000,500.0
90000,500.0
100000,500.0
