steps,returns
1000000,1172.3438
2000000,1172.6562
3000000,1035.4688
4000000,413.59375
5000000,1333.0469
6000000,573.6719
7000000,225.78125
8000000,382.1875
9000000,420.78125
10000000,467.34375
