steps,returns
1000000,162.96875
2000000,239.53125
3000000,462.03125
4000000,402.1875
5000000,582.65625
6000000,339.375
7000000,299.375
8000000,438.125
9000000,927.7344
10000000,926.7969
