steps,returns
10000,52.421875
20000,51.734375
30000,43.046875
40000,194.47656
50000,199.0
60000,209.08594
70000,245.76562
80000,424.375
90000,448.03906
100000,469.8047
