steps,returns
100000.0,766.25024
200000.0,711.16174
300000.0,739.2408
400000.0,564.42084
500000.0,717.7622
600000.0,661.6117
700000.0,814.7969
800000.0,801.01495
900000.0,1073.5248
1000000.0,1096.8948
