steps,returns
10000,75.05469
20000,276.57812
30000,58.890625
40000,9.359375
50000,9.34375
60000,9.3671875
70000,9.421875
80000,9.34375
90000,9.34375
100000,9.2890625
