steps,returns
10000,80.03125
20000,9.3359375
30000,9.2890625
40000,9.3515625
50000,9.2578125
60000,9.3984375
70000,9.234375
80000,9.3671875
90000,9.3046875
100000,9.40625
