steps,returns
100000.0,-0.75838566
200000.0,0.03515447
300000.0,1.1921839
400000.0,4.616291
500000.0,277.03073
600000.0,5.6681204
700000.0,24.165627
800000.0,114.74544
900000.0,87.22157
1000000.0,99.48621
