steps,returns
100000.0,235.44641
200000.0,383.8077
300000.0,373.4628
400000.0,352.81866
500000.0,292.42477
600000.0,272.41357
700000.0,210.39456
800000.0,178.60193
900000.0,121.36002
1000000.0,102.36809
