steps,returns
100000.0,889.92316
200000.0,707.9564
300000.0,544.7897
400000.0,50.584335
500000.0,-1112.7275
600000.0,-1643.5186
700000.0,-2922.2544
800000.0,-2875.7747
900000.0,-5230.7266
1000000.0,-5462.376
