steps,returns
5000,8.9921875
10000,9.203125
15000,8.9765625
20000,8.953125
25000,9.09375
30000,9.0625
35000,9.15625
40000,9.03125
45000,9.0234375
50000,9.0234375
