steps,returns
5000,86.89844
10000,88.27344
15000,89.30469
20000,87.99219
25000,83.1875
30000,83.390625
35000,83.234375
40000,79.67969
45000,84.96875
50000,94.16406
