steps,returns
10000,123.28906
20000,80.83594
30000,73.703125
40000,150.45312
50000,156.8125
60000,253.42969
70000,430.39844
80000,406.5703
90000,449.67188
100000,455.76562
