steps,returns
10000,500.0
20000,294.97656
30000,338.9297
40000,147.97656
50000,324.3828
60000,500.0
70000,137.78125
80000,500.0
90000,500.0
100000,500.0
