steps,returns
5000,20.546875
10000,12.3671875
15000,23.3125
20000,56.460938
25000,169.19531
30000,119.86719
35000,123.953125
40000,144.28906
45000,110.09375
50000,187.44531
