steps,returns
1000000,125.0
2000000,550.97656
3000000,464.0625
4000000,669.9219
5000000,936.3281
6000000,726.9531
7000000,714.0625
8000000,885.7422
9000000,650.78125
10000000,894.9219
