steps,returns
10000,-304.21875
20000,-296.20312
30000,-308.7578
40000,-315.3203
50000,-349.3672
60000,-335.5547
70000,-399.1797
80000,-388.6172
90000,-370.42188
100000,-427.66406
