steps,returns
100000.0,1019.3164
200000.0,966.1051
300000.0,855.1897
400000.0,764.6919
500000.0,704.7201
600000.0,633.9093
700000.0,558.49304
800000.0,459.43738
900000.0,381.44647
1000000.0,320.77307
