steps,returns
100000.0,1003.93774
200000.0,1011.7222
300000.0,1031.666
400000.0,1028.3953
500000.0,1028.9932
600000.0,1030.1553
700000.0,1027.8467
800000.0,1016.6846
900000.0,1015.77386
1000000.0,1005.8511
