steps,returns
1000000,2770.0
2000000,345.39062
3000000,2228.9844
4000000,2630.0
5000000,1190.0
6000000,175.85938
7000000,2432.9688
8000000,2430.1562
9000000,1291.7969
10000000,1680.4688
