steps,returns
100000.0,1150.4644
200000.0,1031.9174
300000.0,998.8633
400000.0,982.85724
500000.0,976.72723
600000.0,976.03796
700000.0,970.5482
800000.0,961.9674
900000.0,959.9764
1000000.0,957.2717
