steps,returns
5000,8.9453125
10000,9.0078125
15000,8.984375
20000,8.9296875
25000,9.234375
30000,9.203125
35000,9.25
40000,9.4140625
45000,9.2734375
50000,9.3203125
