steps,returns
1000000,-17.6875
2000000,-18.234375
3000000,-17.765625
4000000,-18.203125
5000000,-17.84375
6000000,-17.734375
7000000,-17.9375
8000000,-18.640625
9000000,-18.15625
10000000,-18.046875
