steps,returns
5000,9.3671875
10000,26.34375
15000,13.453125
20000,10.96875
25000,157.25
30000,59.59375
35000,51.148438
40000,83.9375
45000,114.53906
50000,84.09375
