steps,returns
100000.0,17.312958
200000.0,84.29346
300000.0,-273.1371
400000.0,-472.81763
500000.0,-616.754
600000.0,-885.75964
700000.0,-1310.0786
800000.0,-1390.6973
900000.0,-1021.056
1000000.0,-941.5949
