steps,returns
100000.0,-1.4479252
200000.0,-1.2413981
300000.0,-1.5260948
400000.0,-1.8765376
500000.0,-3.7127433
600000.0,-1.1022018
700000.0,68.84003
800000.0,120.41599
900000.0,-127.794586
1000000.0,-442.49915
