steps,returns
1000000,-17.265625
2000000,-17.484375
3000000,-16.546875
4000000,-16.828125
5000000,-17.03125
6000000,-16.90625
7000000,-17.8125
8000000,-18.171875
9000000,-17.359375
10000000,-17.359375
