steps,returns
1000000,-18.765625
2000000,-18.09375
3000000,-18.296875
4000000,-18.078125
5000000,-17.734375
6000000,-18.140625
7000000,-18.046875
8000000,-18.25
9000000,-17.3125
10000000,-17.8125
