steps,returns
1000000,493.35938
2000000,719.53125
3000000,2984.961
4000000,1237.3047
5000000,4281.0547
6000000,4238.086
7000000,5236.5234
8000000,7684.1797
9000000,8433.008
10000000,11263.672
