steps,returns
100000.0,802.4916
200000.0,853.3799
300000.0,851.8865
400000.0,902.33154
500000.0,1115.7351
600000.0,866.99036
700000.0,-12646.559
800000.0,-295356.38
900000.0,-796298.8
1000000.0,-963674.56
