steps,returns
1000000,-17.390625
2000000,-18.015625
3000000,-18.375
4000000,-18.75
5000000,-17.953125
6000000,-18.03125
7000000,-17.65625
8000000,-17.90625
9000000,-17.90625
10000000,-17.921875
