steps,returns
100000.0,-646.9789
200000.0,-604.61646
300000.0,-578.64954
400000.0,-573.0226
500000.0,-570.8712
600000.0,-595.7554
700000.0,-573.84045
800000.0,-568.99054
900000.0,-568.71436
1000000.0,-584.65643
