steps,returns
1000000,661.52344
2000000,723.6328
3000000,602.9297
4000000,850.0
5000000,792.96875
6000000,810.9375
7000000,2207.6172
8000000,910.7422
9000000,2260.5469
10000000,2120.1172
