steps,returns
1000000,705.8594
2000000,603.90625
3000000,704.4922
4000000,564.2578
5000000,969.72656
6000000,1304.8828
7000000,600.1953
8000000,680.46875
9000000,672.0703
10000000,672.2656
