steps,returns
5000,27.617188
10000,27.320312
15000,26.695312
20000,27.125
25000,28.125
30000,26.671875
35000,27.898438
40000,27.75
45000,27.382812
50000,26.984375
