steps,returns
100000.0,1025.025
200000.0,1010.165
300000.0,994.0764
400000.0,943.4081
500000.0,813.6599
600000.0,612.5985
700000.0,396.82513
800000.0,67.93871
900000.0,-219.14845
1000000.0,-715.0832
