steps,returns
10000,499.0078
20000,499.6172
30000,22.171875
40000,500.0
50000,58.5625
60000,458.02344
70000,492.98438
80000,500.0
90000,500.0
100000,97.453125
