steps,returns
1000000,209.21875
2000000,111.09375
3000000,135.46875
4000000,22.5
5000000,29.6875
6000000,211.5625
7000000,42.5
8000000,105.78125
9000000,16.5625
10000000,204.53125
