steps,returns
100000.0,-109.19081
200000.0,-710.82654
300000.0,-941.407
400000.0,-981.8241
500000.0,-1669.4236
600000.0,-3538.0408
700000.0,-5942.2803
800000.0,-9097.434
900000.0,-13660.053
1000000.0,-21233.547
