steps,returns
100000.0,479.33942
200000.0,484.85028
300000.0,536.7046
400000.0,622.2141
500000.0,678.6709
600000.0,585.66003
700000.0,614.97327
800000.0,608.2374
900000.0,593.1366
1000000.0,721.3211
