steps,returns
100000.0,133.62228
200000.0,-307.40662
300000.0,-314.82776
400000.0,-467.19077
500000.0,-1038.1348
600000.0,-2104.1555
700000.0,-2239.56
800000.0,-1768.1205
900000.0,-1202.1759
1000000.0,-1281.5297
