steps,returns
1000000,233.20312
2000000,270.5078
3000000,375.39062
4000000,528.3203
5000000,729.2969
6000000,831.0547
7000000,853.125
8000000,958.78906
9000000,727.14844
10000000,802.34375
