steps,returns
10000,497.83594
20000,498.14062
30000,500.0
40000,500.0
50000,41.992188
60000,284.10938
70000,213.26562
80000,123.953125
90000,9.703125
100000,9.296875
