steps,returns
100000.0,1026.9785
200000.0,1026.1635
300000.0,1018.8413
400000.0,997.01
500000.0,977.5614
600000.0,943.5293
700000.0,890.14526
800000.0,820.98035
900000.0,756.8373
1000000.0,677.23694
