steps,returns
100000.0,-1.3998252
200000.0,-0.04558351
300000.0,0.09426026
400000.0,-0.07352167
500000.0,0.25557768
600000.0,
700000.0,
800000.0,
900000.0,
1000000.0,
