steps,returns
1000000,150.0
2000000,356.64062
3000000,490.8203
4000000,574.02344
5000000,677.7344
6000000,1010.15625
7000000,757.8125
8000000,513.08594
9000000,625.97656
10000000,500.0
