steps,returns
5000,23.78125
10000,15.359375
15000,59.460938
20000,165.42969
25000,211.55469
30000,199.46094
35000,301.91406
40000,354.71094
45000,180.6875
50000,141.36719
