steps,returns
100000.0,-825.4234
200000.0,-667.523
300000.0,-459.46448
400000.0,-295.03113
500000.0,-103.31084
600000.0,3.8289185
700000.0,-71.05544
800000.0,-93.31973
900000.0,-104.75694
1000000.0,-136.1144
