steps,returns
5000,56.03125
10000,29.242188
15000,19.101562
20000,34.90625
25000,44.390625
30000,34.851562
35000,35.070312
40000,35.734375
45000,42.273438
50000,41.140625
