steps,returns
100000.0,-349.8653
200000.0,-113.01388
300000.0,132.6543
400000.0,278.06326
500000.0,334.3354
600000.0,382.64972
700000.0,407.8127
800000.0,416.54852
900000.0,437.05856
1000000.0,445.06927
