steps,returns
1000000,18.28125
2000000,136.09375
3000000,287.5
4000000,307.5
5000000,491.25
6000000,197.34375
7000000,40.3125
8000000,19.84375
9000000,188.59375
10000000,98.59375
