steps,returns
100000.0,-624.05286
200000.0,-607.21
300000.0,-598.5952
400000.0,-604.89374
500000.0,-606.3798
600000.0,-573.7245
700000.0,-615.82764
800000.0,-594.34546
900000.0,-569.89026
1000000.0,-604.8773
