steps,returns
10000,283.33594
20000,403.48438
30000,338.85938
40000,405.4297
50000,402.04688
60000,409.9453
70000,495.85938
80000,499.64062
90000,500.0
100000,500.0
