steps,returns
100000.0,1000.7473
200000.0,680.7074
300000.0,884.9202
400000.0,693.62006
500000.0,633.0029
600000.0,127.48016
700000.0,1210.4851
800000.0,1273.3354
900000.0,51.26977
1000000.0,-273.58078
