steps,returns
5000,16.335938
10000,15.9921875
15000,13.578125
20000,13.0390625
25000,10.671875
30000,9.75
35000,9.0
40000,8.7890625
45000,8.953125
50000,8.984375
