steps,returns
100000.0,1091.5984
200000.0,1136.5764
300000.0,1071.6012
400000.0,834.29596
500000.0,744.9629
600000.0,723.73846
700000.0,580.5919
800000.0,662.399
900000.0,816.9002
1000000.0,880.57605
