steps,returns
100000.0,582.8854
200000.0,674.21326
300000.0,740.67114
400000.0,905.65796
500000.0,756.24133
600000.0,1023.4572
700000.0,891.57434
800000.0,1103.3109
900000.0,1137.3531
1000000.0,1133.3612
