steps,returns
5000,62.820312
10000,67.19531
15000,68.75
20000,62.945312
25000,68.39844
30000,65.36719
35000,58.546875
40000,63.796875
45000,61.429688
50000,62.835938
