steps,returns
100000.0,557.10077
200000.0,533.99677
300000.0,544.10956
400000.0,519.68835
500000.0,517.8326
600000.0,512.63306
700000.0,504.14642
800000.0,503.2608
900000.0,496.00507
1000000.0,530.15125
