steps,returns
100000.0,-49.55616
200000.0,-369.3548
300000.0,-939.85724
400000.0,-1422.6719
500000.0,-2470.8176
600000.0,-4533.6973
700000.0,-8841.907
800000.0,-13230.922
900000.0,-18160.693
1000000.0,-26022.307
