steps,returns
10000,337.90625
20000,481.8125
30000,85.47656
40000,23.109375
50000,500.0
60000,500.0
70000,187.78125
80000,9.34375
90000,500.0
100000,500.0
