steps,returns
1000000,17.65625
2000000,49.375
3000000,28.125
4000000,27.03125
5000000,15.78125
6000000,31.5625
7000000,17.5
8000000,27.65625
9000000,27.96875
10000000,17.65625
