steps,returns
100000.0,850.0696
200000.0,857.2107
300000.0,704.25684
400000.0,695.2411
500000.0,704.39355
600000.0,1402.7362
700000.0,1115.8645
800000.0,1451.7418
900000.0,1455.4983
1000000.0,1463.4543
