steps,returns
1000000,350.0
2000000,166.99219
3000000,150.0
4000000,150.0
5000000,231.05469
6000000,129.49219
7000000,125.0
8000000,150.0
9000000,150.0
10000000,174.60938
