steps,returns
5000,9.3046875
10000,12.78125
15000,14.765625
20000,66.30469
25000,181.28906
30000,161.38281
35000,115.25781
40000,69.65625
45000,114.34375
50000,142.84375
