steps,returns
1000000,150.0
2000000,150.0
3000000,255.46875
4000000,261.91406
5000000,306.25
6000000,303.90625
7000000,324.41406
8000000,681.25
9000000,494.14062
10000000,367.77344
