steps,returns
10000,352.6328
20000,383.28906
30000,378.02344
40000,435.3672
50000,499.75
60000,495.89844
70000,286.3047
80000,211.42969
90000,500.0
100000,499.91406
