steps,returns
100000.0,662.2767
200000.0,731.4445
300000.0,736.6699
400000.0,651.89655
500000.0,653.7495
600000.0,604.99915
700000.0,538.542
800000.0,514.3783
900000.0,492.9958
1000000.0,504.12164
