steps,returns
10000,92.53906
20000,500.0
30000,90.21875
40000,73.90625
50000,292.6875
60000,319.21875
70000,81.859375
80000,146.71094
90000,500.0
100000,83.67969
