steps,returns
1000000,-17.984375
2000000,-18.578125
3000000,-17.5625
4000000,-17.9375
5000000,-17.875
6000000,-17.921875
7000000,-18.109375
8000000,-17.78125
9000000,-18.046875
10000000,-17.8125
