{"config": {"hp_config.buffer_alpha": 0.029001266326240192, "hp_config.buffer_batch_size": 64, "hp_config.buffer_beta": 0.6635718021177582, "hp_config.buffer_epsilon": 0.003610698464893997, "hp_config.buffer_prio_sampling": false, "hp_config.buffer_size": 43462, "hp_config.epsilon": 0.07205966179011286, "hp_config.gradient_steps": 3, "hp_config.learning_rate": 0.0007076598458663513, "hp_config.learning_starts": 605, "hp_config.train_freq": 74, "hp_config.use_target_network": false}, "score": 9.328125, "budget_used": 13, "total_wallclock_time": -69.97104001045227, "total_optimization_time": 0.008400678634643555}
{"config": {"hp_config.buffer_alpha": 0.06482057721698596, "hp_config.buffer_batch_size": 64, "hp_config.buffer_beta": 0.2694969677472815, "hp_config.buffer_epsilon": 0.005105265101204317, "hp_config.buffer_prio_sampling": false, "hp_config.buffer_size": 69874, "hp_config.epsilon": 0.1453418290581725, "hp_config.gradient_steps": 4, "hp_config.learning_rate": 8.049238739078237e-06, "hp_config.learning_starts": 808, "hp_config.train_freq": 8, "hp_config.use_target_network": false}, "score": 9.2265625, "budget_used": 26, "total_wallclock_time": -137.54249215126038, "total_optimization_time": 0.029337644577026367}
{"config": {"hp_config.buffer_alpha": 0.2660972262205136, "hp_config.buffer_batch_size": 256, "hp_config.buffer_beta": 0.04297158028122923, "hp_config.buffer_epsilon": 0.009630844496771263, "hp_config.buffer_prio_sampling": true, "hp_config.buffer_size": 36329, "hp_config.epsilon": 0.013082608828435406, "hp_config.gradient_steps": 2, "hp_config.learning_rate": 0.00010146061816971761, "hp_config.learning_starts": 952, "hp_config.train_freq": 13, "hp_config.use_target_network": false}, "score": 9.1796875, "budget_used": 39, "total_wallclock_time": -205.09562277793884, "total_optimization_time": 0.03374838829040527}
{"config": {"hp_config.buffer_alpha": 0.2660972262205136, "hp_config.buffer_batch_size": 256, "hp_config.buffer_beta": 0.04297158028122923, "hp_config.buffer_epsilon": 0.009630844496771263, "hp_config.buffer_prio_sampling": true, "hp_config.buffer_size": 36329, "hp_config.epsilon": 0.013082608828435406, "hp_config.gradient_steps": 2, "hp_config.learning_rate": 0.00010146061816971761, "hp_config.learning_starts": 952, "hp_config.train_freq": 13, "hp_config.use_target_network": false}, "score": 9.1796875, "budget_used": 52, "total_wallclock_time": -274.73100090026855, "total_optimization_time": 0.03884696960449219}
{"config": {"hp_config.buffer_alpha": 0.2660972262205136, "hp_config.buffer_batch_size": 256, "hp_config.buffer_beta": 0.04297158028122923, "hp_config.buffer_epsilon": 0.009630844496771263, "hp_config.buffer_prio_sampling": true, "hp_config.buffer_size": 36329, "hp_config.epsilon": 0.013082608828435406, "hp_config.gradient_steps": 2, "hp_config.learning_rate": 0.00010146061816971761, "hp_config.learning_starts": 952, "hp_config.train_freq": 13, "hp_config.use_target_network": false}, "score": 9.1796875, "budget_used": 65, "total_wallclock_time": -341.38343334198, "total_optimization_time": 0.04327392578125}
{"config": {"hp_config.buffer_alpha": 0.2660972262205136, "hp_config.buffer_batch_size": 256, "hp_config.buffer_beta": 0.04297158028122923, "hp_config.buffer_epsilon": 0.009630844496771263, "hp_config.buffer_prio_sampling": true, "hp_config.buffer_size": 36329, "hp_config.epsilon": 0.013082608828435406, "hp_config.gradient_steps": 2, "hp_config.learning_rate": 0.00010146061816971761, "hp_config.learning_starts": 952, "hp_config.train_freq": 13, "hp_config.use_target_network": false}, "score": 9.1796875, "budget_used": 78, "total_wallclock_time": -415.3382487297058, "total_optimization_time": 0.04799342155456543}
{"config": {"hp_config.buffer_alpha": 0.2660972262205136, "hp_config.buffer_batch_size": 256, "hp_config.buffer_beta": 0.04297158028122923, "hp_config.buffer_epsilon": 0.009630844496771263, "hp_config.buffer_prio_sampling": true, "hp_config.buffer_size": 36329, "hp_config.epsilon": 0.013082608828435406, "hp_config.gradient_steps": 2, "hp_config.learning_rate": 0.00010146061816971761, "hp_config.learning_starts": 952, "hp_config.train_freq": 13, "hp_config.use_target_network": false}, "score": 9.1796875, "budget_used": 91, "total_wallclock_time": -494.3883535861969, "total_optimization_time": 0.05217289924621582}
{"config": {"hp_config.buffer_alpha": 0.2660972262205136, "hp_config.buffer_batch_size": 256, "hp_config.buffer_beta": 0.04297158028122923, "hp_config.buffer_epsilon": 0.009630844496771263, "hp_config.buffer_prio_sampling": true, "hp_config.buffer_size": 36329, "hp_config.epsilon": 0.013082608828435406, "hp_config.gradient_steps": 2, "hp_config.learning_rate": 0.00010146061816971761, "hp_config.learning_starts": 952, "hp_config.train_freq": 13, "hp_config.use_target_network": false}, "score": 9.1796875, "budget_used": 104, "total_wallclock_time": -561.8941571712494, "total_optimization_time": 0.05645489692687988}
{"config": {"hp_config.buffer_alpha": 0.2660972262205136, "hp_config.buffer_batch_size": 256, "hp_config.buffer_beta": 0.04297158028122923, "hp_config.buffer_epsilon": 0.009630844496771263, "hp_config.buffer_prio_sampling": true, "hp_config.buffer_size": 36329, "hp_config.epsilon": 0.013082608828435406, "hp_config.gradient_steps": 2, "hp_config.learning_rate": 0.00010146061816971761, "hp_config.learning_starts": 952, "hp_config.train_freq": 13, "hp_config.use_target_network": false}, "score": 9.1796875, "budget_used": 117, "total_wallclock_time": -629.4568209648132, "total_optimization_time": 0.06082773208618164}
{"config": {"hp_config.buffer_alpha": 0.2660972262205136, "hp_config.buffer_batch_size": 256, "hp_config.buffer_beta": 0.04297158028122923, "hp_config.buffer_epsilon": 0.009630844496771263, "hp_config.buffer_prio_sampling": true, "hp_config.buffer_size": 36329, "hp_config.epsilon": 0.013082608828435406, "hp_config.gradient_steps": 2, "hp_config.learning_rate": 0.00010146061816971761, "hp_config.learning_starts": 952, "hp_config.train_freq": 13, "hp_config.use_target_network": false}, "score": 9.1796875, "budget_used": 130, "total_wallclock_time": -697.7225632667542, "total_optimization_time": 0.06540083885192871}
{"config": {"hp_config.buffer_alpha": 0.2660972262205136, "hp_config.buffer_batch_size": 256, "hp_config.buffer_beta": 0.04297158028122923, "hp_config.buffer_epsilon": 0.009630844496771263, "hp_config.buffer_prio_sampling": true, "hp_config.buffer_size": 36329, "hp_config.epsilon": 0.013082608828435406, "hp_config.gradient_steps": 2, "hp_config.learning_rate": 0.00010146061816971761, "hp_config.learning_starts": 952, "hp_config.train_freq": 13, "hp_config.use_target_network": false}, "score": 9.1796875, "budget_used": 143, "total_wallclock_time": -764.1795852184296, "total_optimization_time": 0.07124018669128418}
