steps,returns
1000000,-18.296875
2000000,-17.8125
3000000,-17.65625
4000000,-17.5625
5000000,-17.328125
6000000,-16.671875
7000000,-17.640625
8000000,-16.953125
9000000,-16.421875
10000000,-16.640625
