steps,returns
100000.0,-0.15278068
200000.0,1.796439
300000.0,4.1805296
400000.0,107.25932
500000.0,802.31195
600000.0,853.24774
700000.0,123.91245
800000.0,138.4786
900000.0,73.64282
1000000.0,34.27803
