steps,returns
10000,385.98438
20000,436.07812
30000,430.01562
40000,496.5703
50000,500.0
60000,500.0
70000,500.0
80000,500.0
90000,500.0
100000,500.0
