steps,returns
100000.0,-0.8146364
200000.0,0.20462717
300000.0,1.844665
400000.0,16.571426
500000.0,569.01715
600000.0,29.628057
700000.0,149.24097
800000.0,132.90807
900000.0,161.32343
1000000.0,-102.15098
