steps,returns
5000,85.10156
10000,85.234375
15000,85.88281
20000,86.046875
25000,85.078125
30000,82.91406
35000,81.046875
40000,76.46094
45000,81.890625
50000,86.296875
