steps,returns
100000.0,17.478157
200000.0,18.220848
300000.0,18.50441
400000.0,18.774393
500000.0,18.949293
600000.0,18.912693
700000.0,19.127682
800000.0,19.175755
900000.0,19.493876
1000000.0,19.68236
