steps,returns
1000000,-17.75
2000000,-18.171875
3000000,-18.09375
4000000,-18.453125
5000000,-18.078125
6000000,-18.078125
7000000,-17.65625
8000000,-17.84375
9000000,-17.734375
10000000,-17.78125
