steps,returns
100000.0,607.3412
200000.0,727.6961
300000.0,661.2743
400000.0,644.06335
500000.0,505.88452
600000.0,569.8533
700000.0,781.4588
800000.0,844.2388
900000.0,943.56995
1000000.0,1188.6809
