steps,returns
10000,-496.41406
20000,-494.03906
30000,-229.32031
40000,-359.09375
50000,-106.11719
60000,-97.125
70000,-166.57812
80000,-371.60938
90000,-117.1875
100000,-500.0
