steps,returns
100000.0,949.63354
200000.0,737.4187
300000.0,897.15393
400000.0,939.8209
500000.0,812.0189
600000.0,825.58484
700000.0,618.42993
800000.0,630.56665
900000.0,630.0454
1000000.0,601.33185
