steps,returns
10000,-449.9922
20000,-452.41406
30000,-404.84375
40000,-282.65625
50000,-388.76562
60000,-397.6953
70000,-399.46875
80000,-315.48438
90000,-410.1875
100000,-482.48438
