steps,returns
1000000,231.44531
2000000,169.14062
3000000,214.84375
4000000,374.02344
5000000,443.5547
6000000,367.3828
7000000,159.76562
8000000,213.47656
9000000,384.5703
10000000,235.54688
