steps,returns
1000000,711.71875
2000000,657.8125
3000000,677.7344
4000000,715.2344
5000000,754.10156
6000000,687.8906
7000000,641.40625
8000000,631.0547
9000000,775.0
10000000,2466.9922
