steps,returns
100000.0,805.0697
200000.0,810.8793
300000.0,622.67084
400000.0,516.182
500000.0,487.8271
600000.0,520.6507
700000.0,520.04016
800000.0,515.6992
900000.0,642.9239
1000000.0,698.47046
