steps,returns
1000000,-18.09375
2000000,-18.015625
3000000,-17.734375
4000000,-17.796875
5000000,-17.640625
6000000,-17.65625
7000000,-17.796875
8000000,-17.921875
9000000,-17.6875
10000000,-18.046875
