steps,returns
1000000,-18.0
2000000,-17.234375
3000000,-18.3125
4000000,-18.0
5000000,-17.953125
6000000,-18.0
7000000,-18.734375
8000000,-17.734375
9000000,-18.28125
10000000,-17.9375
