steps,returns
10000,133.03906
20000,105.515625
30000,183.47656
40000,290.59375
50000,313.73438
60000,335.8203
70000,408.9375
80000,334.22656
90000,395.8203
100000,355.76562
