steps,returns
100000.0,-0.08978193
200000.0,1.9001284
300000.0,7.25075
400000.0,365.6298
500000.0,903.77875
600000.0,146.3789
700000.0,51.590115
800000.0,7.793379
900000.0,-43.775898
1000000.0,-52.669968
