steps,returns
10000,139.3125
20000,101.07031
30000,282.10938
40000,500.0
50000,9.46875
60000,19.8125
70000,9.2890625
80000,491.0703
90000,132.48438
100000,9.4609375
