steps,returns
10000,285.01562
20000,110.796875
30000,500.0
40000,500.0
50000,309.40625
60000,442.39844
70000,133.75
80000,500.0
90000,500.0
100000,98.375
