steps,returns
5000,75.328125
10000,75.53125
15000,86.265625
20000,86.265625
25000,88.02344
30000,84.03125
35000,88.171875
40000,91.89844
45000,85.92969
50000,85.46094
