steps,returns
5000,31.453125
10000,207.79688
15000,222.48438
20000,178.26562
25000,224.875
30000,185.1875
35000,149.58594
40000,131.75
45000,500.0
50000,500.0
