steps,returns
10000,113.4375
20000,257.7578
30000,225.53906
40000,213.96875
50000,264.46875
60000,366.39062
70000,408.0547
80000,412.53125
90000,133.4375
100000,500.0
