steps,returns
1000000,-17.984375
2000000,-18.09375
3000000,-17.921875
4000000,-17.75
5000000,-17.84375
6000000,-17.9375
7000000,-18.265625
8000000,-18.0625
9000000,-18.078125
10000000,-18.3125
