steps,returns
10000,433.08594
20000,185.90625
30000,97.359375
40000,295.1953
50000,500.0
60000,97.28906
70000,500.0
80000,471.71875
90000,259.35938
100000,54.046875
