steps,returns
10000,118.82031
20000,500.0
30000,490.875
40000,500.0
50000,9.3359375
60000,9.3203125
70000,9.2734375
80000,9.421875
90000,9.53125
100000,9.296875
