steps,returns
100000.0,964.4435
200000.0,848.1011
300000.0,371.82977
400000.0,-42.542336
500000.0,-54.39644
600000.0,-70.76912
700000.0,164.35814
800000.0,134.92464
900000.0,321.73944
1000000.0,170.57304
