steps,returns
5000,71.44531
10000,84.265625
15000,85.57031
20000,90.78906
25000,85.21094
30000,93.6875
35000,87.67969
40000,87.984375
45000,79.35156
50000,81.74219
