steps,returns
1000000,-18.125
2000000,-18.125
3000000,-18.15625
4000000,-17.59375
5000000,-17.5625
6000000,-18.265625
7000000,-18.15625
8000000,-17.8125
9000000,-18.09375
10000000,-17.84375
