steps,returns
5000,80.33594
10000,85.796875
15000,84.66406
20000,85.41406
25000,80.97656
30000,87.609375
35000,84.03906
40000,80.55469
45000,79.703125
50000,78.42969
