steps,returns
10000,109.53906
20000,107.75
30000,467.15625
40000,9.375
50000,9.390625
60000,9.265625
70000,9.359375
80000,9.3828125
90000,9.265625
100000,9.2265625
