steps,returns
10000,258.98438
20000,244.21094
30000,197.50781
40000,500.0
50000,500.0
60000,500.0
70000,191.22656
80000,500.0
90000,500.0
100000,111.265625
