steps,returns
1000000,564.64844
2000000,866.40625
3000000,575.1953
4000000,1864.4531
5000000,2291.9922
6000000,3356.836
7000000,4248.047
8000000,3375.7812
9000000,3341.7969
10000000,1012.6953
