steps,returns
5000,8.953125
10000,9.1640625
15000,9.3203125
20000,9.4296875
25000,9.3515625
30000,9.2890625
35000,9.421875
40000,9.3046875
45000,9.2890625
50000,9.4453125
