steps,returns
10000,-467.85156
20000,-500.0
30000,-500.0
40000,-500.0
50000,-500.0
60000,-500.0
70000,-500.0
80000,-211.71094
90000,-500.0
100000,-500.0
