steps,returns
10000,69.02344
20000,67.36719
30000,66.859375
40000,67.1875
50000,67.17969
60000,67.828125
70000,61.898438
80000,60.351562
90000,60.695312
100000,57.328125
