steps,returns
100000.0,-0.71694165
200000.0,0.337352
300000.0,1.1615819
400000.0,3.2669597
500000.0,34.697933
600000.0,670.3315
700000.0,96.637695
800000.0,59.001225
900000.0,34.62457
1000000.0,-0.64712167
