steps,returns
10000,-500.0
20000,-500.0
30000,-152.75781
40000,-109.84375
50000,-134.92969
60000,-103.84375
70000,-90.375
80000,-178.22656
90000,-366.02344
100000,-444.79688
