steps,returns
100000.0,830.16516
200000.0,899.8524
300000.0,854.57794
400000.0,1275.6295
500000.0,902.9189
600000.0,1384.4387
700000.0,700.4928
800000.0,427.05893
900000.0,-272.23224
1000000.0,-2438.6465
