steps,returns
100000.0,901.571
200000.0,924.15234
300000.0,971.82935
400000.0,994.5829
500000.0,980.0325
600000.0,996.26465
700000.0,992.08923
800000.0,959.8766
900000.0,963.95844
1000000.0,950.29333
