steps,returns
100000.0,707.4357
200000.0,625.6138
300000.0,502.12244
400000.0,455.27536
500000.0,454.76514
600000.0,470.39972
700000.0,475.31104
800000.0,488.37344
900000.0,498.7112
1000000.0,530.49524
