steps,returns
100000.0,89.69418
200000.0,-818.7666
300000.0,-460.4392
400000.0,-280.84042
500000.0,-445.97797
600000.0,-797.616
700000.0,-2408.874
800000.0,-1716.2974
900000.0,-7317.1797
1000000.0,-2068.5913
