steps,returns
5000,9.484375
10000,9.328125
15000,13.421875
20000,33.976562
25000,51.304688
30000,147.6875
35000,173.86719
40000,12.3203125
45000,116.34375
50000,117.03906
