steps,returns
10000,-146.59375
20000,-149.55469
30000,-149.82031
40000,-148.0625
50000,-153.36719
60000,-147.51562
70000,-144.0625
80000,-149.10156
90000,-147.71875
100000,-151.1875
