steps,returns
100000.0,881.89
200000.0,1298.6581
300000.0,1127.5356
400000.0,774.9683
500000.0,381.21542
600000.0,330.75055
700000.0,538.7406
800000.0,141.29047
900000.0,-283.59323
1000000.0,-330.8586
