steps,returns
10000,194.1875
20000,217.95312
30000,221.42188
40000,254.72656
50000,280.10156
60000,500.0
70000,499.14062
80000,500.0
90000,497.35156
100000,500.0
