steps,returns
1000000,-17.984375
2000000,-17.890625
3000000,-17.75
4000000,-18.125
5000000,-17.78125
6000000,-17.90625
7000000,-18.015625
8000000,-17.953125
9000000,-17.8125
10000000,-17.9375
