steps,returns
10000,-148.75781
20000,-144.79688
30000,-147.60156
40000,-149.57812
50000,-147.49219
60000,-148.90625
70000,-154.64844
80000,-154.57031
90000,-160.33594
100000,-203.23438
