steps,returns
100000.0,832.79297
200000.0,898.09357
300000.0,856.7543
400000.0,860.3889
500000.0,880.91113
600000.0,906.5016
700000.0,871.68787
800000.0,889.38776
900000.0,895.6049
1000000.0,885.6798
