steps,returns
5000,8.78125
10000,8.8984375
15000,8.8046875
20000,8.875
25000,8.8984375
30000,8.890625
35000,8.984375
40000,9.015625
45000,8.9765625
50000,8.953125
