steps,returns
100000.0,49.188076
200000.0,22.288097
300000.0,17.67207
400000.0,18.67841
500000.0,19.28299
600000.0,20.263905
700000.0,19.788158
800000.0,19.72659
900000.0,19.78062
1000000.0,19.676891
