steps,returns
10000,-264.54688
20000,-279.03125
30000,-296.78125
40000,-286.04688
50000,-280.1172
60000,-290.5625
70000,-298.0
80000,-321.90625
90000,-307.58594
100000,-313.14844
