steps,returns
1000000,-17.78125
2000000,-17.734375
3000000,-18.140625
4000000,-17.953125
5000000,-16.8125
6000000,-17.75
7000000,-17.375
8000000,-17.171875
9000000,-16.84375
10000000,-16.9375
