steps,returns
100000.0,955.2572
200000.0,1152.8428
300000.0,1026.5361
400000.0,832.43933
500000.0,820.0541
600000.0,792.93555
700000.0,571.66064
800000.0,491.41223
900000.0,445.0388
1000000.0,440.73575
