steps,returns
10000,144.05469
20000,179.01562
30000,249.54688
40000,150.08594
50000,152.71875
60000,500.0
70000,60.664062
80000,355.52344
90000,500.0
100000,32.140625
