steps,returns
1000000,-17.703125
2000000,-18.515625
3000000,-18.53125
4000000,-18.03125
5000000,-18.21875
6000000,-18.21875
7000000,-18.609375
8000000,-18.09375
9000000,-18.03125
10000000,-18.265625
