steps,returns
1000000,125.0
2000000,285.15625
3000000,275.0
4000000,334.96094
5000000,157.42188
6000000,268.5547
7000000,331.25
8000000,400.1953
9000000,549.41406
10000000,540.2344
