steps,returns
10000,141.28125
20000,99.125
30000,101.44531
40000,137.07031
50000,138.0625
60000,134.78906
70000,122.61719
80000,147.99219
90000,159.04688
100000,146.45312
