steps,returns
100000.0,506.51776
200000.0,1128.424
300000.0,690.0796
400000.0,519.0666
500000.0,398.77863
600000.0,318.70386
700000.0,271.85406
800000.0,232.361
900000.0,208.17578
1000000.0,196.13904
