steps,returns
100000.0,995.172
200000.0,958.73486
300000.0,445.94556
400000.0,415.64294
500000.0,442.0077
600000.0,1271.1412
700000.0,815.2018
800000.0,851.8942
900000.0,424.65594
1000000.0,1246.092
