steps,returns
10000,363.64062
20000,464.17188
30000,308.2578
40000,456.92188
50000,500.0
60000,500.0
70000,500.0
80000,500.0
90000,500.0
100000,500.0
