steps,returns
100000.0,549.52466
200000.0,575.3533
300000.0,604.7129
400000.0,640.9253
500000.0,662.61804
600000.0,753.34546
700000.0,988.1475
800000.0,1252.2417
900000.0,1305.8369
1000000.0,1270.9641
