steps,returns
1000000,-17.796875
2000000,-17.703125
3000000,-17.828125
4000000,-17.796875
5000000,-18.15625
6000000,-18.125
7000000,-17.96875
8000000,-18.078125
9000000,-17.984375
10000000,-17.75
