steps,returns
10000,54.914062
20000,59.8125
30000,192.6875
40000,489.28906
50000,107.203125
60000,138.16406
70000,392.8828
80000,162.08594
90000,219.17969
100000,500.0
