steps,returns
10000,158.07812
20000,442.8047
30000,198.48438
40000,162.72656
50000,80.984375
60000,81.77344
70000,108.21094
80000,449.98438
90000,26.328125
100000,500.0
