steps,returns
100000.0,326.06845
200000.0,240.66855
300000.0,795.5648
400000.0,767.4234
500000.0,741.3216
600000.0,825.57275
700000.0,865.622
800000.0,1045.0378
900000.0,1079.7344
1000000.0,1097.928
