steps,returns
10000,113.1875
20000,141.77344
30000,142.53125
40000,187.82031
50000,151.21875
60000,168.70312
70000,174.8125
80000,202.33594
90000,171.86719
100000,168.04688
