steps,returns
100000.0,1022.0771
200000.0,1018.77026
300000.0,1012.4295
400000.0,995.1594
500000.0,969.7323
600000.0,948.96967
700000.0,918.2007
800000.0,871.8498
900000.0,825.90594
1000000.0,788.1609
