steps,returns
12000,-200.0
24000,-200.0
36000,-200.0
48000,-199.96094
60000,-200.0
72000,-175.69531
84000,-167.41406
96000,-166.64844
108000,-147.71094
120000,-177.11719
