steps,returns
1000000,39.21875
2000000,28.125
3000000,49.84375
4000000,18.4375
5000000,53.90625
6000000,17.96875
7000000,17.8125
8000000,17.34375
9000000,28.90625
10000000,29.21875
