steps,returns
1000000,-17.9375
2000000,-18.0625
3000000,-18.046875
4000000,-17.78125
5000000,-17.734375
6000000,-17.75
7000000,-18.0625
8000000,-17.71875
9000000,-17.90625
10000000,-18.4375
