steps,returns
1000000,-16.96875
2000000,-18.421875
3000000,-18.046875
4000000,-17.796875
5000000,-17.6875
6000000,-17.578125
7000000,-17.625
8000000,-18.28125
9000000,-18.0
10000000,-17.625
