steps,returns
10000,138.38281
20000,137.85156
30000,151.20312
40000,500.0
50000,306.3203
60000,262.26562
70000,264.8047
80000,110.921875
90000,500.0
100000,331.57812
