steps,returns
10000,280.82812
20000,276.5078
30000,494.35156
40000,100.4375
50000,374.79688
60000,279.58594
70000,381.1953
80000,500.0
90000,262.40625
100000,488.77344
