steps,returns
1000000,-17.765625
2000000,-17.515625
3000000,-17.90625
4000000,-18.234375
5000000,-17.78125
6000000,-17.90625
7000000,-18.03125
8000000,-18.515625
9000000,-17.71875
10000000,-17.703125
