steps,returns
100000.0,1413.7184
200000.0,832.8525
300000.0,758.26587
400000.0,596.7301
500000.0,712.19934
600000.0,573.5777
700000.0,582.4587
800000.0,653.06555
900000.0,898.96106
1000000.0,1204.1577
