steps,returns
10000,-297.65625
20000,-267.09375
30000,-291.60156
40000,-315.29688
50000,-297.90625
60000,-313.3672
70000,-311.60156
80000,-346.9922
90000,-310.3672
100000,-374.60938
