steps,returns
1000000,-17.671875
2000000,-17.734375
3000000,-18.0
4000000,-17.875
5000000,-17.265625
6000000,-17.5625
7000000,-18.109375
8000000,-17.6875
9000000,-17.640625
10000000,-17.453125
