steps,returns
1000000,241.79688
2000000,384.96094
3000000,317.77344
4000000,415.625
5000000,223.4375
6000000,345.3125
7000000,334.375
8000000,268.5547
9000000,425.39062
10000000,424.21875
