steps,returns
5000,8.859375
10000,9.0078125
15000,9.15625
20000,8.9765625
25000,9.09375
30000,9.1796875
35000,9.1796875
40000,9.2265625
45000,9.3984375
50000,9.359375
