steps,returns
5000,500.0
10000,430.41406
15000,230.67188
20000,141.74219
25000,41.148438
30000,33.648438
35000,53.828125
40000,93.109375
45000,289.54688
50000,91.515625
