steps,returns
1000000,-18.015625
2000000,-17.5
3000000,-17.5625
4000000,-18.109375
5000000,-16.796875
6000000,-16.9375
7000000,-16.5
8000000,-17.65625
9000000,-2.1875
10000000,-16.0
