steps,returns
1000000,122.03125
2000000,233.20312
3000000,965.15625
4000000,3282.1875
5000000,3841.6406
6000000,4792.1094
7000000,5247.422
8000000,8783.359
9000000,6299.8438
10000000,7413.203
