steps,returns
5000,9.1875
10000,9.34375
15000,34.78125
20000,62.148438
25000,46.171875
30000,52.179688
35000,73.125
40000,139.5625
45000,150.15625
50000,164.36719
