steps,returns
100000.0,256.79303
200000.0,825.3334
300000.0,736.8621
400000.0,778.53455
500000.0,818.8902
600000.0,897.5378
700000.0,1030.8032
800000.0,1010.3491
900000.0,957.48474
1000000.0,861.36304
