steps,returns
5000,9.4453125
10000,46.195312
15000,47.34375
20000,13.6015625
25000,13.203125
30000,17.875
35000,27.203125
40000,9.3984375
45000,62.226562
50000,18.984375
