steps,returns
100000.0,192.15567
200000.0,193.32721
300000.0,195.00505
400000.0,193.57166
500000.0,193.8022
600000.0,192.67586
700000.0,192.96118
800000.0,192.24109
900000.0,192.57364
1000000.0,192.79956
