steps,returns
1000000,-17.5625
2000000,-16.90625
3000000,-16.53125
4000000,-16.546875
5000000,-16.6875
6000000,-16.21875
7000000,-15.71875
8000000,-16.71875
9000000,-16.5
10000000,-16.359375
