steps,returns
1000000,-18.015625
2000000,-17.9375
3000000,-17.78125
4000000,-18.359375
5000000,-18.21875
6000000,-17.6875
7000000,-17.890625
8000000,-17.71875
9000000,-18.109375
10000000,-17.421875
