steps,returns
10000,95.88281
20000,79.5
30000,93.85156
40000,100.5625
50000,105.25
60000,119.34375
70000,155.10938
80000,188.04688
90000,188.24219
100000,209.75
