steps,returns
100000.0,105.92477
200000.0,106.4812
300000.0,105.28676
400000.0,105.20593
500000.0,105.2897
600000.0,105.54319
700000.0,105.48509
800000.0,104.88253
900000.0,105.18212
1000000.0,104.44188
