steps,returns
100000.0,47.056282
200000.0,-188.68913
300000.0,149.2598
400000.0,-1981.6326
500000.0,-8997.957
600000.0,-18928.988
700000.0,-37548.145
800000.0,-70767.8
900000.0,-137941.94
1000000.0,-208181.81
