steps,returns
100000.0,9.2204
200000.0,-14.526579
300000.0,-39.08322
400000.0,-118.26479
500000.0,-461.0712
600000.0,-439.3426
700000.0,-551.5114
800000.0,-971.27747
900000.0,-1395.4698
1000000.0,-1662.8164
