steps,returns
10000,120.44531
20000,93.734375
30000,88.36719
40000,125.609375
50000,147.57031
60000,171.61719
70000,235.21094
80000,215.51562
90000,270.8047
100000,308.375
