steps,returns
5000,93.53125
10000,71.11719
15000,341.21875
20000,437.14844
25000,346.96875
30000,248.82812
35000,214.49219
40000,299.28125
45000,167.17188
50000,288.32812
