steps,returns
100000.0,1013.2306
200000.0,959.6467
300000.0,863.124
400000.0,614.4369
500000.0,406.7656
600000.0,328.73083
700000.0,433.26013
800000.0,390.68796
900000.0,316.82852
1000000.0,544.35535
