steps,returns
5000,9.25
10000,9.2890625
15000,9.375
20000,9.4140625
25000,9.28125
30000,9.2890625
35000,9.40625
40000,9.296875
45000,9.203125
50000,12.234375
