steps,returns
5000,82.42969
10000,85.25781
15000,83.828125
20000,80.13281
25000,85.13281
30000,85.66406
35000,82.03125
40000,79.109375
45000,74.35156
50000,71.63281
