steps,returns
5000,38.523438
10000,40.882812
15000,44.359375
20000,49.679688
25000,52.179688
30000,58.726562
35000,54.859375
40000,56.296875
45000,59.421875
50000,60.460938
