steps,returns
5000,80.60156
10000,90.828125
15000,86.703125
20000,86.0
25000,82.80469
30000,87.4375
35000,77.10156
40000,80.10156
45000,73.13281
50000,77.67969
