steps,returns
100000.0,549.44104
200000.0,552.8749
300000.0,783.5941
400000.0,839.12415
500000.0,1342.4629
600000.0,850.6854
700000.0,751.7822
800000.0,541.95154
900000.0,326.197
1000000.0,71.80886
