steps,returns
100000.0,875.30255
200000.0,809.676
300000.0,823.77185
400000.0,1338.0287
500000.0,1317.3943
600000.0,1122.6117
700000.0,811.79565
800000.0,459.8985
900000.0,326.05
1000000.0,283.27502
