steps,returns
10000,-306.97656
20000,-325.53906
30000,-343.41406
40000,-362.33594
50000,-401.14844
60000,-422.46094
70000,-452.71094
80000,-488.8672
90000,-497.79688
100000,-500.0
