steps,returns
100000.0,615.55426
200000.0,689.19904
300000.0,594.5973
400000.0,583.36865
500000.0,630.01514
600000.0,745.5528
700000.0,1282.6924
800000.0,1300.7517
900000.0,1194.3699
1000000.0,1249.4927
