steps,returns
100000.0,1068.6578
200000.0,835.9873
300000.0,884.35803
400000.0,769.3455
500000.0,768.51807
600000.0,772.808
700000.0,817.60016
800000.0,795.24756
900000.0,1204.5139
1000000.0,1244.1241
