steps,returns
10000,78.27344
20000,76.88281
30000,113.71094
40000,122.828125
50000,142.71875
60000,166.41406
70000,217.27344
80000,209.19531
90000,144.23438
100000,170.3125
