steps,returns
1000000,44.21875
2000000,134.84375
3000000,17.34375
4000000,20.625
5000000,108.125
6000000,257.03125
7000000,58.75
8000000,154.0625
9000000,44.84375
10000000,21.71875
