steps,returns
1000000,-18.15625
2000000,-17.921875
3000000,-17.671875
4000000,-18.109375
5000000,-17.6875
6000000,-17.734375
7000000,-18.296875
8000000,-17.984375
9000000,-18.3125
10000000,-17.640625
