steps,returns
5000,9.3125
10000,9.1875
15000,9.4140625
20000,9.296875
25000,9.390625
30000,9.2734375
35000,9.375
40000,9.4609375
45000,9.3828125
50000,9.359375
