steps,returns
1000000,17.03125
2000000,17.03125
3000000,17.34375
4000000,52.5
5000000,16.25
6000000,60.9375
7000000,44.375
8000000,54.53125
9000000,27.03125
10000000,39.53125
