steps,returns
100000.0,39.09871
200000.0,-319.6566
300000.0,-231.36166
400000.0,261.58463
500000.0,220.8958
600000.0,77.70584
700000.0,97.02707
800000.0,-7.8748045
900000.0,219.5095
1000000.0,-201.22449
