steps,returns
10000,-179.97656
20000,-179.29688
30000,-225.89844
40000,-230.66406
50000,-257.39062
60000,-268.21875
70000,-279.3828
80000,-329.25
90000,-350.32812
100000,-372.58594
