steps,returns
5000,8.8203125
10000,9.046875
15000,9.0703125
20000,9.0234375
25000,9.1796875
30000,9.1875
35000,9.2578125
40000,9.3359375
45000,9.296875
50000,9.375
