steps,returns
100000.0,981.8474
200000.0,920.2047
300000.0,914.8658
400000.0,536.44214
500000.0,50.94538
600000.0,9.5775585
700000.0,79.38069
800000.0,-160.76807
900000.0,-208.33011
1000000.0,-209.81927
