steps,returns
1000000,-17.078125
2000000,-16.28125
3000000,-17.71875
4000000,-16.90625
5000000,-16.90625
6000000,-16.375
7000000,-16.65625
8000000,-15.78125
9000000,-16.859375
10000000,-14.46875
