steps,returns
100000.0,202.56023
200000.0,205.86696
300000.0,189.22246
400000.0,185.06499
500000.0,177.67952
600000.0,
700000.0,
800000.0,
900000.0,
1000000.0,
