steps,returns
5000,73.03906
10000,77.40625
15000,74.296875
20000,78.47656
25000,87.72656
30000,88.75
35000,85.47656
40000,92.11719
45000,85.046875
50000,83.22656
