steps,returns
10000,-271.16406
20000,-295.6875
30000,-310.03125
40000,-290.0
50000,-288.6875
60000,-304.26562
70000,-292.64844
80000,-310.85156
90000,-322.5078
100000,-335.9375
