steps,returns
1000000,-17.640625
2000000,-17.828125
3000000,-18.234375
4000000,-18.46875
5000000,-17.765625
6000000,-17.84375
7000000,-18.015625
8000000,-17.765625
9000000,-17.65625
10000000,-18.046875
