steps,returns
1000000,474.02344
2000000,492.77344
3000000,863.8672
4000000,651.3672
5000000,719.1406
6000000,1020.5078
7000000,804.4922
8000000,2351.7578
9000000,1782.8125
10000000,2728.9062
