steps,returns
1000000,-1.40625
2000000,-1.34375
3000000,-1.28125
4000000,-1.5
5000000,-1.3125
6000000,-1.453125
7000000,-1.390625
8000000,-1.296875
9000000,-1.4375
10000000,-1.375
