steps,returns
5000,50.148438
10000,63.273438
15000,121.25
20000,160.42188
25000,174.32812
30000,150.01562
35000,159.07031
40000,162.49219
45000,149.90625
50000,259.1875
