steps,returns
10000,170.90625
20000,213.53906
30000,444.53906
40000,500.0
50000,177.64062
60000,242.83594
70000,500.0
80000,229.39062
90000,136.07812
100000,416.1953
