steps,returns
100000.0,393.32172
200000.0,376.74664
300000.0,448.44064
400000.0,312.77344
500000.0,214.83165
600000.0,349.7568
700000.0,109.59084
800000.0,-134.57135
900000.0,-241.02797
1000000.0,-317.9969
