steps,returns
1000000,-17.1875
2000000,-18.09375
3000000,-16.421875
4000000,-16.203125
5000000,-15.875
6000000,-16.921875
7000000,-16.609375
8000000,-17.21875
9000000,-16.03125
10000000,-16.203125
