steps,returns
1000000,35.625
2000000,96.40625
3000000,101.71875
4000000,144.84375
5000000,494.29688
6000000,50.9375
7000000,145.625
8000000,600.3125
9000000,249.53125
10000000,609.375
