steps,returns
1000000,657.4219
2000000,761.3281
3000000,453.3203
4000000,449.02344
5000000,664.64844
6000000,721.28906
7000000,730.46875
8000000,625.0
9000000,1044.1406
10000000,669.1406
