steps,returns
10000,404.625
20000,170.54688
30000,500.0
40000,500.0
50000,500.0
60000,500.0
70000,330.1953
80000,490.5625
90000,301.5703
100000,249.20312
