steps,returns
5000,9.390625
10000,9.3046875
15000,9.3046875
20000,9.25
25000,9.1953125
30000,9.4609375
35000,16.601562
40000,23.5625
45000,38.296875
50000,53.617188
