steps,returns
5000,9.59375
10000,9.6328125
15000,9.6171875
20000,9.53125
25000,9.484375
30000,9.4765625
35000,9.4921875
40000,9.5859375
45000,9.46875
50000,9.5078125
