steps,returns
100000.0,350.62128
200000.0,774.7057
300000.0,490.3684
400000.0,-242.08685
500000.0,-2587.731
600000.0,-3530.2026
700000.0,-2883.7612
800000.0,-2145.3696
900000.0,-1763.1504
1000000.0,-1495.559
