steps,returns
5000,10.078125
10000,113.75
15000,137.9375
20000,109.171875
25000,234.97656
30000,161.35938
35000,117.80469
40000,108.55469
45000,223.17969
50000,300.7578
