steps,returns
100000.0,108.56798
200000.0,107.87977
300000.0,96.78305
400000.0,84.38871
500000.0,84.159134
600000.0,83.708115
700000.0,84.0104
800000.0,80.151886
900000.0,81.19183
1000000.0,82.667786
