steps,returns
10000,72.4375
20000,76.69531
30000,114.53125
40000,179.73438
50000,242.14844
60000,317.7422
70000,333.7422
80000,207.57812
90000,221.46094
100000,226.21875
