steps,returns
10000,76.60156
20000,81.16406
30000,87.17969
40000,92.80469
50000,97.265625
60000,94.359375
70000,104.22656
80000,106.546875
90000,117.21875
100000,114.38281
