steps,returns
10000,87.08594
20000,89.671875
30000,81.28125
40000,82.09375
50000,87.42969
60000,93.015625
70000,87.703125
80000,92.359375
90000,86.24219
100000,84.984375
