steps,returns
100000.0,1028.8735
200000.0,1023.2786
300000.0,1012.2914
400000.0,989.77856
500000.0,983.20514
600000.0,957.91656
700000.0,932.468
800000.0,898.984
900000.0,857.79407
1000000.0,813.56494
