steps,returns
10000,-500.0
20000,-500.0
30000,-500.0
40000,-238.67969
50000,-500.0
60000,-500.0
70000,-437.15625
80000,-500.0
90000,-500.0
100000,-500.0
