steps,returns
1000000,28.59375
2000000,17.03125
3000000,16.5625
4000000,18.125
5000000,36.09375
6000000,54.375
7000000,30.0
8000000,17.1875
9000000,40.625
10000000,17.34375
