steps,returns
10000,271.23438
20000,460.9453
30000,465.02344
40000,471.5703
50000,492.26562
60000,496.5078
70000,500.0
80000,500.0
90000,500.0
100000,500.0
