steps,returns
100000.0,1141.9631
200000.0,652.2571
300000.0,825.7768
400000.0,966.59766
500000.0,919.4188
600000.0,882.1717
700000.0,894.859
800000.0,920.85254
900000.0,932.77637
1000000.0,953.47253
