steps,returns
1000000,552.53906
2000000,325.0
3000000,189.45312
4000000,40.234375
5000000,145.70312
6000000,455.46875
7000000,258.20312
8000000,425.78125
9000000,228.125
10000000,192.96875
