steps,returns
100000.0,618.2898
200000.0,593.25775
300000.0,564.7351
400000.0,568.9536
500000.0,641.08716
600000.0,721.92053
700000.0,763.08514
800000.0,776.9746
900000.0,844.93225
1000000.0,1135.4456
