steps,returns
100000.0,548.537
200000.0,595.9392
300000.0,524.6218
400000.0,587.07367
500000.0,557.5011
600000.0,616.19354
700000.0,635.18604
800000.0,661.2759
900000.0,851.3076
1000000.0,897.58057
