steps,returns
100000.0,-0.21017203
200000.0,1.3857305
300000.0,3.4851713
400000.0,47.666306
500000.0,766.88904
600000.0,239.27249
700000.0,96.15685
800000.0,94.37203
900000.0,52.91829
1000000.0,20.539288
