steps,returns
5000,9.046875
10000,9.0234375
15000,9.1484375
20000,9.140625
25000,9.0
30000,9.0078125
35000,8.9765625
40000,9.0703125
45000,9.015625
50000,9.0703125
