steps,returns
100000.0,564.41187
200000.0,770.7385
300000.0,780.7356
400000.0,1152.9133
500000.0,1397.8964
600000.0,2043.7168
700000.0,1792.4569
800000.0,1332.6587
900000.0,-95.56645
1000000.0,-211.57106
