steps,returns
1000000,50.78125
2000000,17.03125
3000000,17.34375
4000000,18.125
5000000,41.09375
6000000,29.6875
7000000,17.1875
8000000,17.65625
9000000,28.28125
10000000,29.84375
