steps,returns
10000,102.6875
20000,362.7422
30000,308.90625
40000,469.95312
50000,422.14844
60000,111.24219
70000,71.39844
80000,104.55469
90000,500.0
100000,132.60156
