steps,returns
1000000,275.0
2000000,150.0
3000000,306.64062
4000000,287.10938
5000000,238.08594
6000000,283.0078
7000000,275.58594
8000000,344.92188
9000000,215.82031
10000000,347.46094
