steps,returns
5000,56.84375
10000,56.992188
15000,55.804688
20000,53.953125
25000,49.414062
30000,43.648438
35000,44.078125
40000,42.367188
45000,41.304688
50000,32.804688
