steps,returns
1000000,-18.015625
2000000,-17.6875
3000000,-18.125
4000000,-18.03125
5000000,-17.546875
6000000,-17.78125
7000000,-18.15625
8000000,-17.59375
9000000,-18.375
10000000,-18.421875
