steps,returns
10000,121.609375
20000,394.84375
30000,489.67188
40000,380.48438
50000,300.02344
60000,403.77344
70000,370.17188
80000,183.67969
90000,500.0
100000,500.0
