steps,returns
100000.0,713.9141
200000.0,776.60657
300000.0,823.97754
400000.0,934.8296
500000.0,869.83594
600000.0,829.27673
700000.0,942.7168
800000.0,1067.005
900000.0,891.9893
1000000.0,1205.1626
