steps,returns
5000,9.2421875
10000,11.7109375
15000,44.539062
20000,23.179688
25000,40.890625
30000,65.359375
35000,37.304688
40000,89.609375
45000,84.30469
50000,114.1875
