steps,returns
10000,-200.89844
20000,-487.9453
30000,-105.58594
40000,-500.0
50000,-500.0
60000,-386.71094
70000,-500.0
80000,-500.0
90000,-500.0
100000,-415.9297
