steps,returns
10000,500.0
20000,222.41406
30000,223.44531
40000,396.28125
50000,484.35938
60000,500.0
70000,500.0
80000,207.10156
90000,160.82812
100000,195.375
