steps,returns
10000,111.609375
20000,21.101562
30000,93.91406
40000,286.92188
50000,109.921875
60000,107.8125
70000,9.3828125
80000,9.3359375
90000,9.2109375
100000,9.359375
