steps,returns
1000000,-18.03125
2000000,-17.078125
3000000,-17.921875
4000000,-17.875
5000000,-17.640625
6000000,-17.953125
7000000,-17.421875
8000000,-17.703125
9000000,-17.59375
10000000,-18.1875
