steps,returns
100000.0,50.236553
200000.0,-295.51886
300000.0,-1395.0786
400000.0,-984.74725
500000.0,-1151.5073
600000.0,-1530.6283
700000.0,-721.0906
800000.0,-820.44946
900000.0,-1055.4967
1000000.0,-1197.3429
