steps,returns
100000.0,277.0382
200000.0,199.52692
300000.0,769.1574
400000.0,762.69604
500000.0,736.5237
600000.0,713.095
700000.0,720.7307
800000.0,724.328
900000.0,782.6946
1000000.0,1002.3124
