steps,returns
100000.0,825.4025
200000.0,1316.185
300000.0,1269.8823
400000.0,1365.2927
500000.0,2109.888
600000.0,1162.996
700000.0,801.75793
800000.0,158.69218
900000.0,1.065176
1000000.0,-33.710518
