steps,returns
100000.0,-273.97473
200000.0,-935.31836
300000.0,-460.7503
400000.0,-639.1311
500000.0,-1087.8408
600000.0,-864.04565
700000.0,-1368.2075
800000.0,-3606.3196
900000.0,-5226.329
1000000.0,-6095.598
