steps,returns
100000.0,-0.631286
200000.0,-64.387
300000.0,-234.00732
400000.0,-250.67226
500000.0,-87.41832
600000.0,-306.4342
700000.0,-599.461
800000.0,-1122.8337
900000.0,-1604.5232
1000000.0,-2413.4019
