steps,returns
100000.0,645.33923
200000.0,641.42053
300000.0,618.8113
400000.0,582.6344
500000.0,665.47003
600000.0,745.4763
700000.0,1065.3308
800000.0,1114.4805
900000.0,1079.1433
1000000.0,1013.5749
