steps,returns
100000.0,510.81042
200000.0,614.29663
300000.0,724.3197
400000.0,714.9094
500000.0,693.50116
600000.0,812.8351
700000.0,1124.5176
800000.0,901.6797
900000.0,867.548
1000000.0,1237.8632
