steps,returns
5000,14.3359375
10000,56.554688
15000,24.601562
20000,72.96875
25000,183.52344
30000,284.04688
35000,164.42969
40000,323.1875
45000,281.08594
50000,200.08594
