steps,returns
100000.0,840.35913
200000.0,801.073
300000.0,699.76843
400000.0,1498.773
500000.0,1439.0088
600000.0,2682.3857
700000.0,2116.8154
800000.0,805.55164
900000.0,240.3092
1000000.0,-342.01932
