steps,returns
100000.0,1013.77563
200000.0,985.33185
300000.0,924.7519
400000.0,816.26306
500000.0,729.2663
600000.0,558.45074
700000.0,381.2018
800000.0,257.97687
900000.0,63.202965
1000000.0,-598.96326
