steps,returns
1000000,-17.859375
2000000,-17.359375
3000000,-17.203125
4000000,-17.6875
5000000,-16.78125
6000000,-17.359375
7000000,-16.75
8000000,-16.03125
9000000,-16.875
10000000,-16.4375
