steps,returns
10000,158.88281
20000,180.30469
30000,183.1875
40000,363.53125
50000,497.53125
60000,500.0
70000,500.0
80000,500.0
90000,500.0
100000,500.0
