steps,returns
100000.0,732.06067
200000.0,651.7395
300000.0,756.7973
400000.0,827.0586
500000.0,1018.7499
600000.0,991.5631
700000.0,975.82135
800000.0,969.77625
900000.0,945.36084
1000000.0,948.35876
