steps,returns
1000000,-18.234375
2000000,-17.96875
3000000,-18.0
4000000,-17.90625
5000000,-17.609375
6000000,-17.9375
7000000,-17.984375
8000000,-18.453125
9000000,-18.125
10000000,-17.984375
