steps,returns
1000000,-18.078125
2000000,-17.953125
3000000,-18.0
4000000,-18.0625
5000000,-18.375
6000000,-18.609375
7000000,-17.75
8000000,-17.796875
9000000,-17.65625
10000000,-17.421875
