steps,returns
5000,8.8515625
10000,8.7734375
15000,8.7734375
20000,8.8203125
25000,8.875
30000,8.890625
35000,8.9375
40000,8.890625
45000,8.8984375
50000,8.828125
