steps,returns
5000,13.5234375
10000,218.80469
15000,102.53906
20000,101.55469
25000,90.015625
30000,92.96875
35000,337.1172
40000,93.05469
45000,75.796875
50000,89.875
