steps,returns
1000000,28.90625
2000000,51.40625
3000000,28.90625
4000000,18.4375
5000000,30.78125
6000000,17.96875
7000000,17.8125
8000000,17.34375
9000000,17.96875
10000000,17.34375
