steps,returns
100000.0,990.40344
200000.0,1007.03564
300000.0,982.05115
400000.0,908.9326
500000.0,586.8221
600000.0,627.1162
700000.0,680.26996
800000.0,643.1207
900000.0,208.29266
1000000.0,156.39798
