steps,returns
100000.0,13.311495
200000.0,-491.60385
300000.0,-1489.5591
400000.0,-4922.375
500000.0,-13134.643
600000.0,-32444.42
700000.0,-69011.305
800000.0,-144979.17
900000.0,-367327.62
1000000.0,-533807.06
