steps,returns
100000.0,624.9502
200000.0,726.26263
300000.0,752.0825
400000.0,961.5038
500000.0,1013.9803
600000.0,994.6963
700000.0,1016.69727
800000.0,990.2919
900000.0,1063.3726
1000000.0,1173.1296
