steps,returns
1000000,196.09375
2000000,509.96094
3000000,662.8906
4000000,728.90625
5000000,1500.3906
6000000,1959.375
7000000,2551.9531
8000000,2402.9297
9000000,2652.3438
10000000,4189.258
