steps,returns
1000000,396.875
2000000,722.65625
3000000,588.08594
4000000,862.5
5000000,542.77344
6000000,728.5156
7000000,655.27344
8000000,803.3203
9000000,660.7422
10000000,631.83594
