steps,returns
100000.0,887.7274
200000.0,851.8523
300000.0,525.90466
400000.0,299.87582
500000.0,1074.5701
600000.0,1135.1566
700000.0,1104.4901
800000.0,1100.9761
900000.0,1161.1859
1000000.0,910.59546
