steps,returns
100000.0,663.3473
200000.0,324.05118
300000.0,313.6015
400000.0,305.21146
500000.0,299.4642
600000.0,295.19043
700000.0,290.984
800000.0,288.37988
900000.0,285.98032
1000000.0,283.33838
