steps,returns
5000,53.71875
10000,13.015625
15000,102.02344
20000,468.35938
25000,117.33594
30000,500.0
35000,486.70312
40000,173.26562
45000,151.17969
50000,500.0
