steps,returns
1000000,214.84375
2000000,275.0
3000000,1273.4375
4000000,668.16406
5000000,423.4375
6000000,831.83594
7000000,3999.6094
8000000,2345.1172
9000000,3822.6562
10000000,3141.6016
