steps,returns
1000000,-18.28125
2000000,-18.1875
3000000,-18.171875
4000000,-17.84375
5000000,-18.296875
6000000,-17.84375
7000000,-17.671875
8000000,-17.71875
9000000,-17.71875
10000000,-17.625
