steps,returns
5000,9.3359375
10000,15.140625
15000,21.085938
20000,86.77344
25000,76.86719
30000,102.13281
35000,102.00781
40000,109.53906
45000,113.47656
50000,69.96094
