steps,returns
100000.0,241.42973
200000.0,-100.52099
300000.0,-113.945526
400000.0,-192.28796
500000.0,-445.85745
600000.0,-1056.8931
700000.0,-1449.6332
800000.0,-3325.7869
900000.0,-5459.4917
1000000.0,-7249.7524
