steps,returns
1000000,888.125
2000000,536.40625
3000000,419.21875
4000000,518.75
5000000,17.34375
6000000,758.59375
7000000,917.34375
8000000,1395.2344
9000000,33.75
10000000,480.07812
