steps,returns
5000,8.796875
10000,8.8125
15000,8.7890625
20000,8.8671875
25000,8.8984375
30000,8.8984375
35000,8.8359375
40000,8.8828125
45000,8.78125
50000,8.8515625
