steps,returns
5000,147.03125
10000,9.3125
15000,42.359375
20000,21.679688
25000,115.296875
30000,113.30469
35000,146.44531
40000,137.30469
45000,134.28125
50000,130.74219
