steps,returns
1000000,-18.046875
2000000,-17.75
3000000,-17.921875
4000000,-17.71875
5000000,-17.8125
6000000,-17.859375
7000000,-18.09375
8000000,-18.234375
9000000,-18.078125
10000000,-18.6875
