steps,returns
5000,9.3046875
10000,75.0
15000,52.054688
20000,43.84375
25000,67.25
30000,205.77344
35000,207.17969
40000,194.25781
45000,190.28125
50000,180.59375
