steps,returns
10000,314.5703
20000,315.16406
30000,485.39062
40000,473.125
50000,500.0
60000,500.0
70000,500.0
80000,500.0
90000,500.0
100000,500.0
