steps,returns
1000000,-18.015625
2000000,-17.703125
3000000,-18.109375
4000000,-18.171875
5000000,-17.6875
6000000,-18.171875
7000000,-18.703125
8000000,-17.703125
9000000,-17.421875
10000000,-17.75
