steps,returns
5000,399.08594
10000,105.02344
15000,29.0
20000,100.9375
25000,91.859375
30000,154.39062
35000,90.71094
40000,60.75
45000,52.742188
50000,89.984375
