steps,returns
100000.0,735.8722
200000.0,1144.5264
300000.0,686.9174
400000.0,412.10614
500000.0,-249.00769
600000.0,-1427.333
700000.0,-2353.8245
800000.0,-3132.7378
900000.0,-6228.1846
1000000.0,-14932.059
