steps,returns
100000.0,684.6312
200000.0,713.4238
300000.0,480.13696
400000.0,508.52267
500000.0,1035.9298
600000.0,828.1631
700000.0,784.3376
800000.0,1788.8629
900000.0,1387.7584
1000000.0,801.61
