steps,returns
100000,-174.30469
200000,-173.04688
300000,-200.0
400000,-200.0
500000,-200.0
600000,-199.13281
700000,-200.0
800000,-200.0
900000,-200.0
1000000,-200.0
