steps,returns
100000.0,622.02637
200000.0,620.38635
300000.0,610.60425
400000.0,594.5824
500000.0,436.30737
600000.0,469.79724
700000.0,470.46506
800000.0,467.5006
900000.0,470.2399
1000000.0,479.48816
