steps,returns
5000,86.02344
10000,77.28125
15000,84.50781
20000,80.015625
25000,84.85156
30000,70.03125
35000,78.0
40000,85.55469
45000,83.484375
50000,71.88281
