steps,returns
1000000,-17.703125
2000000,-17.625
3000000,-18.453125
4000000,-18.546875
5000000,-18.0
6000000,-17.953125
7000000,-18.546875
8000000,-17.984375
9000000,-18.03125
10000000,-18.21875
