steps,returns
100000.0,-2.9790087
200000.0,19.100246
300000.0,-208.64792
400000.0,-358.15076
500000.0,-949.6035
600000.0,-1577.3542
700000.0,-2003.0559
800000.0,-2157.659
900000.0,-2097.8555
1000000.0,-1685.3236
