steps,returns
10000,395.58594
20000,460.71094
30000,462.52344
40000,410.6875
50000,133.80469
60000,500.0
70000,486.6875
80000,499.9922
90000,500.0
100000,500.0
