steps,returns
5000,88.5
10000,89.33594
15000,88.35156
20000,87.33594
25000,80.07031
30000,92.55469
35000,79.32031
40000,81.14844
45000,89.11719
50000,85.015625
