steps,returns
5000,9.3125
10000,9.40625
15000,9.2421875
20000,9.3359375
25000,9.390625
30000,9.4453125
35000,9.28125
40000,9.453125
45000,9.1484375
50000,9.359375
