steps,returns
10000,90.60156
20000,470.78125
30000,495.01562
40000,500.0
50000,59.546875
60000,483.79688
70000,67.46094
80000,499.60938
90000,379.03906
100000,500.0
