steps,returns
100000.0,1514.7808
200000.0,1065.408
300000.0,752.0989
400000.0,978.1518
500000.0,826.14703
600000.0,645.80664
700000.0,643.40796
800000.0,-1324.2621
900000.0,-7144.2344
1000000.0,-11173.363
