steps,returns
100000.0,368.41376
200000.0,357.22043
300000.0,573.4677
400000.0,56.111965
500000.0,-210.21492
600000.0,-418.8239
700000.0,-1865.5425
800000.0,-1768.1951
900000.0,-1850.158
1000000.0,-1797.2003
