steps,returns
100000.0,-23.735184
200000.0,-195.30455
300000.0,-460.49554
400000.0,-1177.3098
500000.0,-1837.3175
600000.0,-3388.6758
700000.0,-6764.04
800000.0,-12461.539
900000.0,-23041.486
1000000.0,-38848.863
