steps,returns
1000000,1389.2578
2000000,610.15625
3000000,911.71875
4000000,3662.6953
5000000,4558.5938
6000000,1745.3125
7000000,4499.6094
8000000,4453.9062
9000000,4527.539
10000000,4548.047
