steps,returns
100000.0,922.2371
200000.0,879.45386
300000.0,858.316
400000.0,821.2958
500000.0,806.3601
600000.0,825.2311
700000.0,817.6754
800000.0,814.75134
900000.0,790.56555
1000000.0,782.1241
