steps,returns
1000000,17.8125
2000000,35.78125
3000000,16.5625
4000000,271.79688
5000000,343.59375
6000000,122.1875
7000000,102.96875
8000000,54.84375
9000000,414.60938
10000000,200.15625
