steps,returns
100000.0,1024.967
200000.0,1020.56616
300000.0,1022.77466
400000.0,1011.949
500000.0,991.5638
600000.0,976.53723
700000.0,931.2152
800000.0,868.8742
900000.0,802.0781
1000000.0,742.3179
