steps,returns
1000000,49.53125
2000000,16.71875
3000000,16.875
4000000,35.78125
5000000,16.5625
6000000,16.40625
7000000,29.21875
8000000,26.875
9000000,28.28125
10000000,17.5
