steps,returns
1000000,-17.53125
2000000,-17.71875
3000000,-17.78125
4000000,-16.875
5000000,-16.484375
6000000,-9.71875
7000000,-16.859375
8000000,-16.765625
9000000,-17.328125
10000000,-16.34375
