steps,returns
1000000,214.0625
2000000,89.375
3000000,17.5
4000000,38.75
5000000,217.34375
6000000,102.03125
7000000,190.9375
8000000,17.03125
9000000,215.9375
10000000,27.03125
