steps,returns
100000.0,200.50839
200000.0,1033.6362
300000.0,854.4624
400000.0,1013.064
500000.0,914.25037
600000.0,983.8573
700000.0,950.70123
800000.0,964.9313
900000.0,967.194
1000000.0,929.0021
