steps,returns
100000.0,902.168
200000.0,837.49146
300000.0,887.97815
400000.0,833.42566
500000.0,858.8542
600000.0,950.21576
700000.0,928.49316
800000.0,907.95703
900000.0,888.9923
1000000.0,875.3812
