steps,returns
100000.0,560.28796
200000.0,405.75354
300000.0,623.8208
400000.0,945.3308
500000.0,954.42236
600000.0,879.6952
700000.0,806.50214
800000.0,798.6579
900000.0,785.5664
1000000.0,779.94305
