steps,returns
100000.0,722.1449
200000.0,683.20404
300000.0,671.6888
400000.0,594.43445
500000.0,802.342
600000.0,1012.1279
700000.0,1264.4478
800000.0,1391.5845
900000.0,1422.178
1000000.0,1341.4664
