steps,returns
100000.0,314.87854
200000.0,308.7812
300000.0,313.04535
400000.0,313.46686
500000.0,330.67996
600000.0,313.00763
700000.0,313.07248
800000.0,313.9716
900000.0,314.50818
1000000.0,310.85864
