steps,returns
100000.0,351.70444
200000.0,1021.0934
300000.0,1009.1643
400000.0,1045.012
500000.0,1026.0645
600000.0,938.4906
700000.0,930.60504
800000.0,949.8859
900000.0,868.1121
1000000.0,897.5199
