steps,returns
100000.0,-112.11131
200000.0,73.86525
300000.0,334.9495
400000.0,674.9582
500000.0,789.43274
600000.0,893.4044
700000.0,947.90125
800000.0,920.7572
900000.0,993.1212
1000000.0,1090.0763
