steps,returns
100000.0,660.5193
200000.0,501.47583
300000.0,547.86145
400000.0,567.6799
500000.0,799.6662
600000.0,473.6225
700000.0,678.3231
800000.0,1004.151
900000.0,748.98254
1000000.0,440.73242
