steps,returns
10000,-489.33594
20000,-260.875
30000,-495.28125
40000,-500.0
50000,-500.0
60000,-500.0
70000,-500.0
80000,-500.0
90000,-500.0
100000,-235.44531
