steps,returns
100000.0,625.58203
200000.0,507.00308
300000.0,622.35315
400000.0,590.4152
500000.0,1053.842
600000.0,1326.3262
700000.0,1168.5618
800000.0,1151.2312
900000.0,1101.9607
1000000.0,843.2676
