steps,returns
1000000,-18.03125
2000000,-18.21875
3000000,-18.421875
4000000,-18.328125
5000000,-18.296875
6000000,-17.453125
7000000,-18.4375
8000000,-18.09375
9000000,-17.890625
10000000,-17.8125
