steps,returns
1000000,-17.84375
2000000,-18.203125
3000000,-17.609375
4000000,-17.984375
5000000,-17.796875
6000000,-17.75
7000000,-17.3125
8000000,-16.84375
9000000,-17.546875
10000000,-17.390625
