steps,returns
1000000,353.4375
2000000,133.125
3000000,514.9219
4000000,691.40625
5000000,19.375
6000000,67.65625
7000000,331.40625
8000000,67.34375
9000000,134.84375
10000000,17.65625
