steps,returns
100000.0,316.46896
200000.0,546.35077
300000.0,947.94135
400000.0,914.1483
500000.0,902.1055
600000.0,852.1289
700000.0,1213.0728
800000.0,1181.2026
900000.0,1151.8427
1000000.0,1186.959
