steps,returns
100000.0,400.8416
200000.0,556.14746
300000.0,393.74
400000.0,511.688
500000.0,421.20703
600000.0,390.0051
700000.0,407.84906
800000.0,449.23636
900000.0,523.6345
1000000.0,507.84738
