steps,returns
1000000,-17.875
2000000,-17.5625
3000000,-18.109375
4000000,-18.265625
5000000,-18.1875
6000000,-18.328125
7000000,-18.15625
8000000,-17.765625
9000000,-18.3125
10000000,-17.46875
