steps,returns
100000.0,946.6039
200000.0,840.44354
300000.0,731.24365
400000.0,666.4802
500000.0,2235.6208
600000.0,1891.3416
700000.0,1781.8483
800000.0,937.35144
900000.0,544.506
1000000.0,-534.15674
