steps,returns
1000000,-18.359375
2000000,-17.625
3000000,-17.359375
4000000,-18.296875
5000000,-18.5
6000000,-17.9375
7000000,-17.546875
8000000,-17.484375
9000000,-18.0
10000000,-17.890625
