steps,returns
5000,158.25
10000,290.39062
15000,475.89062
20000,499.89062
25000,496.5703
30000,462.10156
35000,435.5547
40000,419.57812
45000,399.42188
50000,373.21875
