steps,returns
10000,-314.46875
20000,-287.52344
30000,-286.76562
40000,-312.16406
50000,-320.6172
60000,-343.6328
70000,-365.4375
80000,-366.2578
90000,-369.1953
100000,-380.0625
