steps,returns
100000.0,-45.268066
200000.0,-291.10315
300000.0,-1788.8843
400000.0,-2413.3809
500000.0,-3133.3408
600000.0,-3245.085
700000.0,-3398.5337
800000.0,-4742.533
900000.0,-7260.2197
1000000.0,-7257.7686
