steps,returns
1000000,125.0
2000000,281.25
3000000,491.79688
4000000,1062.5
5000000,869.72656
6000000,795.89844
7000000,1689.8438
8000000,750.78125
9000000,880.8594
10000000,3225.7812
