steps,returns
100000.0,59.346825
200000.0,-140.15921
300000.0,-536.6741
400000.0,-561.09247
500000.0,-498.27246
600000.0,-870.09216
700000.0,-705.1515
800000.0,-1089.0824
900000.0,-1430.5703
1000000.0,-2161.175
