steps,returns
5000,9.40625
10000,9.15625
15000,9.2578125
20000,9.2890625
25000,9.3203125
30000,9.34375
35000,9.1796875
40000,9.359375
45000,9.3828125
50000,9.46875
