steps,returns
1000000,17.34375
2000000,17.65625
3000000,421.79688
4000000,17.65625
5000000,43.125
6000000,251.25
7000000,93.75
8000000,16.25
9000000,18.125
10000000,355.70312
