steps,returns
5000,495.85156
10000,500.0
15000,385.1172
20000,241.64844
25000,157.50781
30000,122.78125
35000,69.57031
40000,48.1875
45000,29.203125
50000,20.179688
