steps,returns
5000,87.63281
10000,80.53125
15000,83.61719
20000,79.94531
25000,82.578125
30000,83.5
35000,82.27344
40000,79.46875
45000,89.25781
50000,78.82031
