steps,returns
100000.0,412.8625
200000.0,380.00677
300000.0,976.391
400000.0,904.7561
500000.0,613.7362
600000.0,592.3808
700000.0,1221.3727
800000.0,1192.02
900000.0,925.98505
1000000.0,1002.31714
