steps,returns
100000.0,1147.8735
200000.0,770.26654
300000.0,835.7873
400000.0,875.74884
500000.0,1099.8983
600000.0,726.7334
700000.0,912.7806
800000.0,490.5995
900000.0,-170.78378
1000000.0,-390.57794
