steps,returns
100000.0,0.86497205
200000.0,10.374888
300000.0,1076.7107
400000.0,-70.6266
500000.0,184.53375
600000.0,223.69757
700000.0,168.4313
800000.0,71.23565
900000.0,142.46863
1000000.0,147.24466
