steps,returns
1000000,245.50781
2000000,293.75
3000000,866.7969
4000000,685.9375
5000000,680.66406
6000000,911.52344
7000000,757.8125
8000000,1059.7656
9000000,934.375
10000000,695.3125
