steps,returns
5000,18.601562
10000,9.2890625
15000,53.914062
20000,95.578125
25000,23.25
30000,126.125
35000,105.17969
40000,109.47656
45000,143.39062
50000,213.33594
