steps,returns
5000,11.125
10000,18.515625
15000,58.09375
20000,84.02344
25000,123.72656
30000,142.10938
35000,27.15625
40000,106.85156
45000,497.02344
50000,12.3828125
