steps,returns
100000.0,-545.79816
200000.0,-543.45593
300000.0,-535.8854
400000.0,-576.88074
500000.0,-545.5165
600000.0,-530.9293
700000.0,-533.41437
800000.0,-525.9612
900000.0,-532.49207
1000000.0,-526.4376
