steps,returns
100000.0,0.7519952
200000.0,33.62872
300000.0,-136.57266
400000.0,-152.00809
500000.0,-637.82776
600000.0,-569.70276
700000.0,-443.69446
800000.0,-3.3092046
900000.0,193.29037
1000000.0,176.71402
