steps,returns
1000000,-18.3125
2000000,-17.78125
3000000,-17.796875
4000000,-17.859375
5000000,-17.90625
6000000,-17.421875
7000000,-18.265625
8000000,-17.875
9000000,-17.484375
10000000,-17.875
