steps,returns
5000,9.2265625
10000,9.328125
15000,9.2421875
20000,9.4140625
25000,25.476562
30000,57.03125
35000,28.328125
40000,40.828125
45000,39.59375
50000,110.453125
