steps,returns
1000000,-17.859375
2000000,-18.171875
3000000,-18.21875
4000000,-18.34375
5000000,-17.953125
6000000,-18.359375
7000000,-17.828125
8000000,-16.84375
9000000,-18.28125
10000000,-17.828125
