steps,returns
100000.0,278.57196
200000.0,833.2923
300000.0,769.9967
400000.0,1129.6794
500000.0,1624.7708
600000.0,2442.5898
700000.0,2737.0544
800000.0,1559.2134
900000.0,439.8662
1000000.0,257.07025
