steps,returns
100000.0,541.63885
200000.0,426.68192
300000.0,456.2534
400000.0,655.61475
500000.0,601.60675
600000.0,880.5509
700000.0,840.7065
800000.0,947.1548
900000.0,1016.3611
1000000.0,824.5127
