steps,returns
5000,9.3359375
10000,9.3828125
15000,9.3515625
20000,9.2734375
25000,9.4140625
30000,9.3984375
35000,9.28125
40000,9.3671875
45000,9.3046875
50000,9.3203125
