steps,returns
5000,79.05469
10000,78.55469
15000,56.898438
20000,45.882812
25000,14.8984375
30000,9.3359375
35000,12.5078125
40000,15.234375
45000,17.40625
50000,26.984375
