steps,returns
1000000,553.90625
2000000,550.625
3000000,577.8906
4000000,1511.6406
5000000,1938.125
6000000,171.64062
7000000,3201.7188
8000000,2012.8125
9000000,5229.7656
10000000,4988.75
