steps,returns
5000,89.27344
10000,90.60156
15000,79.828125
20000,87.421875
25000,80.1875
30000,84.0
35000,82.75781
40000,82.00781
45000,86.02344
50000,84.28125
