steps,returns
100000.0,1041.831
200000.0,975.735
300000.0,873.1715
400000.0,884.22876
500000.0,887.5443
600000.0,966.34
700000.0,1484.5706
800000.0,1221.0842
900000.0,1150.0756
1000000.0,-78.05851
