steps,returns
10000,500.0
20000,215.375
30000,429.33594
40000,318.9922
50000,316.53125
60000,154.79688
70000,245.77344
80000,252.10156
90000,500.0
100000,333.53906
