steps,returns
10000,500.0
20000,151.71094
30000,428.79688
40000,350.78125
50000,214.69531
60000,500.0
70000,500.0
80000,111.171875
90000,500.0
100000,500.0
