steps,returns
100000.0,527.69324
200000.0,525.9751
300000.0,184.22174
400000.0,-235.33507
500000.0,-405.73914
600000.0,-701.8678
700000.0,-1351.6279
800000.0,-1461.1112
900000.0,-1456.1553
1000000.0,-1447.0564
