steps,returns
1000000,-17.5625
2000000,-17.53125
3000000,-17.84375
4000000,-18.265625
5000000,-18.21875
6000000,-17.78125
7000000,-17.734375
8000000,-17.59375
9000000,-17.9375
10000000,-18.1875
