steps,returns
10000,96.4375
20000,91.640625
30000,90.171875
40000,104.25
50000,105.82031
60000,115.00781
70000,119.82031
80000,120.390625
90000,137.6875
100000,134.01562
