steps,returns
10000,500.0
20000,333.02344
30000,102.421875
40000,497.8047
50000,492.64062
60000,495.6797
70000,500.0
80000,106.99219
90000,56.914062
100000,500.0
