steps,returns
1000000,-18.4375
2000000,-18.203125
3000000,-17.921875
4000000,-18.109375
5000000,-18.390625
6000000,-17.34375
7000000,-18.234375
8000000,-17.625
9000000,-18.375
10000000,-17.5625
