steps,returns
100000.0,454.6872
200000.0,485.5003
300000.0,471.84644
400000.0,486.24286
500000.0,489.70978
600000.0,496.70206
700000.0,484.75995
800000.0,480.44708
900000.0,486.7659
1000000.0,482.1607
