steps,returns
10000,73.390625
20000,81.4375
30000,95.74219
40000,98.71094
50000,94.859375
60000,117.92969
70000,112.296875
80000,115.53125
90000,100.77344
100000,114.42969
