steps,returns
100000.0,216.72269
200000.0,-778.78546
300000.0,-1264.789
400000.0,-355.2085
500000.0,-356.18555
600000.0,-353.3589
700000.0,-524.2533
800000.0,-583.7925
900000.0,-559.00586
1000000.0,-653.70337
