steps,returns
10000,82.453125
20000,36.359375
30000,129.71094
40000,349.625
50000,285.75
60000,500.0
70000,244.94531
80000,307.23438
90000,115.63281
100000,19.03125
