steps,returns
5000,9.453125
10000,9.484375
15000,89.34375
20000,9.4609375
25000,42.445312
30000,29.226562
35000,48.921875
40000,237.48438
45000,185.89844
50000,106.00781
