steps,returns
1000000,-18.265625
2000000,-17.984375
3000000,-18.15625
4000000,-18.015625
5000000,-18.15625
6000000,-18.265625
7000000,-18.421875
8000000,-18.046875
9000000,-18.265625
10000000,-17.71875
