steps,returns
1000000,48.28125
2000000,16.71875
3000000,42.5
4000000,17.8125
5000000,17.1875
6000000,30.46875
7000000,30.625
8000000,39.21875
9000000,17.34375
10000000,17.65625
