steps,returns
100000.0,609.24646
200000.0,809.52124
300000.0,845.9535
400000.0,895.60034
500000.0,929.4228
600000.0,908.2049
700000.0,923.67395
800000.0,840.2824
900000.0,1078.9775
1000000.0,1188.9021
