steps,returns
1000000,220.11719
2000000,539.84375
3000000,660.15625
4000000,351.17188
5000000,639.4531
6000000,1006.25
7000000,486.32812
8000000,595.3125
9000000,472.46094
10000000,829.2969
