steps,returns
100000.0,877.65753
200000.0,638.78015
300000.0,354.53894
400000.0,-690.0118
500000.0,-1115.5032
600000.0,-644.7131
700000.0,-358.96793
800000.0,-318.0403
900000.0,-487.56967
1000000.0,-468.95264
