steps,returns
100000.0,1130.6179
200000.0,1063.6996
300000.0,932.755
400000.0,820.42725
500000.0,824.3155
600000.0,82.36569
700000.0,699.239
800000.0,1154.9651
900000.0,655.5118
1000000.0,806.589
