steps,returns
1000000,726.7578
2000000,739.2578
3000000,1833.3984
4000000,721.09375
5000000,792.5781
6000000,737.1094
7000000,782.03125
8000000,786.3281
9000000,800.0
10000000,920.3125
