steps,returns
10000,-411.52344
20000,-500.0
30000,-489.3828
40000,-494.2422
50000,-497.10938
60000,-500.0
70000,-500.0
80000,-500.0
90000,-500.0
100000,-500.0
