steps,returns
1000000,374.60938
2000000,778.71094
3000000,3882.8125
4000000,4496.875
5000000,4573.242
6000000,4292.9688
7000000,4181.6406
8000000,4306.25
9000000,4639.258
10000000,9110.156
