steps,returns
100000.0,936.4077
200000.0,977.0565
300000.0,666.15173
400000.0,736.4739
500000.0,695.5941
600000.0,735.17804
700000.0,1281.8038
800000.0,520.989
900000.0,526.4154
1000000.0,1198.1464
