steps,returns
100000.0,609.4435
200000.0,1489.3777
300000.0,1328.3325
400000.0,1389.334
500000.0,1383.8123
600000.0,1986.2705
700000.0,486.6341
800000.0,412.68774
900000.0,384.47375
1000000.0,378.33865
