steps,returns
5000,9.0625
10000,9.21875
15000,9.28125
20000,9.34375
25000,9.40625
30000,9.3828125
35000,9.21875
40000,9.3828125
45000,9.2578125
50000,9.46875
