steps,returns
100000.0,994.369
200000.0,898.8484
300000.0,562.65076
400000.0,766.34827
500000.0,758.67377
600000.0,499.05008
700000.0,664.81244
800000.0,471.14764
900000.0,-27.568935
1000000.0,402.49097
