steps,returns
10000,226.72656
20000,128.96094
30000,223.08594
40000,28.742188
50000,127.17969
60000,297.40625
70000,217.4375
80000,409.39844
90000,162.66406
100000,141.90625
