steps,returns
1000000,481.25
2000000,630.0781
3000000,594.1406
4000000,415.23438
5000000,569.1406
6000000,389.0625
7000000,610.15625
8000000,496.875
9000000,568.16406
10000000,788.28125
