steps,returns
100000.0,644.0324
200000.0,258.93976
300000.0,-282.6947
400000.0,-725.13855
500000.0,-1062.0457
600000.0,-4120.677
700000.0,-2519.957
800000.0,-4656.9326
900000.0,-3695.6462
1000000.0,-5818.2417
