steps,returns
5000,9.203125
10000,9.28125
15000,9.359375
20000,9.3125
25000,9.421875
30000,9.578125
35000,16.953125
40000,18.789062
45000,25.453125
50000,28.210938
