steps,returns
5000,9.5859375
10000,9.59375
15000,9.5390625
20000,9.5859375
25000,9.5
30000,9.625
35000,9.59375
40000,9.46875
45000,9.625
50000,9.6171875
