steps,returns
1000000,217.03125
2000000,626.3281
3000000,49.53125
4000000,154.21875
5000000,306.25
6000000,159.84375
7000000,1126.4844
8000000,411.09375
9000000,174.6875
10000000,76.40625
