steps,returns
100000.0,998.3683
200000.0,995.6538
300000.0,1011.7701
400000.0,1031.3638
500000.0,847.0211
600000.0,987.70996
700000.0,663.17957
800000.0,451.13544
900000.0,262.10864
1000000.0,13.027983
