steps,returns
10000,97.49219
20000,61.773438
30000,34.617188
40000,139.29688
50000,162.10938
60000,157.79688
70000,63.109375
80000,22.59375
90000,44.953125
100000,126.03125
