steps,returns
1000000,374.8047
2000000,695.89844
3000000,779.8828
4000000,2562.1094
5000000,840.03906
6000000,1940.0391
7000000,726.7578
8000000,1747.6562
9000000,1681.6406
10000000,3464.6484
