steps,returns
100000.0,170.18765
200000.0,168.80698
300000.0,179.36824
400000.0,198.84866
500000.0,191.22855
600000.0,181.88914
700000.0,192.47652
800000.0,188.82124
900000.0,180.59036
1000000.0,178.93558
