steps,returns
1000000,-18.09375
2000000,-17.75
3000000,-18.59375
4000000,-18.0625
5000000,-17.828125
6000000,-18.28125
7000000,-18.1875
8000000,-17.5
9000000,-17.5
10000000,-18.109375
