steps,returns
5000,8.7734375
10000,12.078125
15000,57.890625
20000,23.375
25000,144.45312
30000,78.88281
35000,126.03125
40000,151.24219
45000,121.171875
50000,97.57031
