steps,returns
5000,17.265625
10000,57.679688
15000,117.91406
20000,500.0
25000,464.4297
30000,173.1875
35000,91.046875
40000,96.765625
45000,95.421875
50000,110.546875
