steps,returns
5000,91.96094
10000,96.34375
15000,100.21875
20000,85.0625
25000,76.875
30000,68.28125
35000,59.601562
40000,55.28125
45000,47.367188
50000,47.71875
