steps,returns
1000000,-17.984375
2000000,-17.875
3000000,-18.140625
4000000,-18.140625
5000000,-17.859375
6000000,-17.703125
7000000,-17.515625
8000000,-17.90625
9000000,-18.171875
10000000,-18.09375
