steps,returns
5000,68.640625
10000,45.867188
15000,37.710938
20000,20.523438
25000,14.2890625
30000,11.421875
35000,18.148438
40000,23.8125
45000,114.00781
50000,9.5
