steps,returns
10000,-500.0
20000,-500.0
30000,-97.35156
40000,-500.0
50000,-500.0
60000,-500.0
70000,-173.29688
80000,-500.0
90000,-500.0
100000,-500.0
