steps,returns
10000,187.1875
20000,195.92969
30000,262.02344
40000,500.0
50000,500.0
60000,500.0
70000,301.0625
80000,491.3203
90000,253.72656
100000,411.82812
