steps,returns
10000,37.015625
20000,430.42188
30000,469.53906
40000,435.84375
50000,9.328125
60000,9.1875
70000,9.3359375
80000,9.2890625
90000,9.328125
100000,9.2734375
