steps,returns
5000,411.3672
10000,178.46875
15000,89.375
20000,38.945312
25000,15.2734375
30000,9.328125
35000,12.265625
40000,21.460938
45000,46.773438
50000,159.33594
