steps,returns
100000.0,481.16504
200000.0,492.97488
300000.0,459.5171
400000.0,611.1043
500000.0,663.47974
600000.0,652.84467
700000.0,892.7997
800000.0,862.7125
900000.0,898.3307
1000000.0,889.3438
