steps,returns
10000,112.46094
20000,141.36719
30000,131.75
40000,143.04688
50000,148.25781
60000,162.36719
70000,169.24219
80000,164.72656
90000,167.59375
100000,168.60156
