steps,returns
5000,48.398438
10000,37.195312
15000,11.375
20000,13.0234375
25000,21.296875
30000,34.8125
35000,9.375
40000,19.828125
45000,53.890625
50000,21.382812
