steps,returns
1000000,-17.703125
2000000,-18.015625
3000000,-17.984375
4000000,-17.109375
5000000,-17.140625
6000000,-17.515625
7000000,-17.15625
8000000,-17.453125
9000000,-17.296875
10000000,-17.203125
