steps,returns
10000,240.70312
20000,499.4453
30000,500.0
40000,447.82812
50000,490.5
60000,500.0
70000,500.0
80000,500.0
90000,480.9375
100000,500.0
