steps,returns
100000.0,254.53613
200000.0,270.64127
300000.0,1258.1101
400000.0,1181.8887
500000.0,1313.2245
600000.0,1156.7949
700000.0,1069.3989
800000.0,1086.2888
900000.0,984.97107
1000000.0,923.8031
