steps,returns
1000000,260.7422
2000000,125.0
3000000,281.25
4000000,527.7344
5000000,417.3828
6000000,458.59375
7000000,669.33594
8000000,355.85938
9000000,692.3828
10000000,658.0078
