steps,returns
1000000,325.0
2000000,231.25
3000000,179.88281
4000000,308.59375
5000000,541.7969
6000000,685.5469
7000000,382.42188
8000000,699.41406
9000000,562.1094
10000000,555.0781
