steps,returns
10000,72.328125
20000,95.30469
30000,105.55469
40000,110.02344
50000,120.671875
60000,107.36719
70000,120.3125
80000,105.32031
90000,101.765625
100000,107.703125
