steps,returns
1000000,-17.796875
2000000,-18.203125
3000000,-18.203125
4000000,-18.03125
5000000,-17.75
6000000,-17.984375
7000000,-17.890625
8000000,-17.796875
9000000,-17.921875
10000000,-17.328125
