steps,returns
5000,55.398438
10000,54.140625
15000,43.609375
20000,20.625
25000,14.9296875
30000,16.578125
35000,21.882812
40000,45.117188
45000,14.125
50000,10.1484375
