steps,returns
100000.0,-0.041352443
200000.0,-5.131403
300000.0,-14.216922
400000.0,-15.546378
500000.0,-244.47592
600000.0,-409.65198
700000.0,-503.8305
800000.0,-486.04553
900000.0,-679.39557
1000000.0,-975.42896
