steps,returns
1000000,-17.5625
2000000,-17.0
3000000,-17.34375
4000000,-17.625
5000000,-16.734375
6000000,-16.40625
7000000,-16.328125
8000000,-16.765625
9000000,-15.5625
10000000,-15.609375
