steps,returns
100000.0,1001.31006
200000.0,1012.26697
300000.0,1018.07385
400000.0,1020.8693
500000.0,1019.48456
600000.0,1021.80566
700000.0,1017.73083
800000.0,1018.6135
900000.0,1007.31165
1000000.0,992.126
