steps,returns
1000000,-18.03125
2000000,-15.53125
3000000,-16.453125
4000000,-16.015625
5000000,-15.15625
6000000,-15.328125
7000000,-13.96875
8000000,-14.234375
9000000,-13.859375
10000000,-5.25
