steps,returns
100000.0,1074.1398
200000.0,1076.9929
300000.0,1011.4431
400000.0,960.437
500000.0,101.03229
600000.0,73.673775
700000.0,140.3617
800000.0,234.59476
900000.0,294.4648
1000000.0,327.3515
