steps,returns
100000.0,486.29037
200000.0,520.9871
300000.0,654.82056
400000.0,673.40485
500000.0,675.49866
600000.0,576.46765
700000.0,590.08704
800000.0,603.4762
900000.0,597.39514
1000000.0,593.5206
