steps,returns
5000,84.578125
10000,87.828125
15000,84.484375
20000,87.46875
25000,88.984375
30000,85.875
35000,79.32031
40000,89.84375
45000,82.28125
50000,85.57031
