steps,returns
100000.0,755.46155
200000.0,512.86975
300000.0,331.93448
400000.0,429.1537
500000.0,655.30054
600000.0,719.2117
700000.0,889.01544
800000.0,898.20557
900000.0,892.24097
1000000.0,900.4989
