steps,returns
100000.0,877.08093
200000.0,571.512
300000.0,981.35724
400000.0,987.6807
500000.0,950.1996
600000.0,908.37036
700000.0,905.2685
800000.0,887.2665
900000.0,864.3215
1000000.0,844.7208
