steps,returns
100000.0,473.45605
200000.0,611.6732
300000.0,813.4775
400000.0,1279.3727
500000.0,1405.5068
600000.0,759.7603
700000.0,188.29959
800000.0,530.46875
900000.0,1355.3684
1000000.0,1416.29
