steps,returns
100000.0,327.81088
200000.0,-134.52542
300000.0,-294.80432
400000.0,-989.73645
500000.0,-2530.4316
600000.0,-6113.9863
700000.0,-10653.348
800000.0,-25942.316
900000.0,-46369.156
1000000.0,-62314.52
