steps,returns
10000,91.25781
20000,79.25781
30000,76.6875
40000,83.22656
50000,91.13281
60000,113.984375
70000,123.59375
80000,123.99219
90000,158.66406
100000,151.76562
