steps,returns
100000.0,892.21484
200000.0,770.815
300000.0,577.83966
400000.0,509.62683
500000.0,480.47382
600000.0,516.32825
700000.0,537.3065
800000.0,525.87854
900000.0,496.55365
1000000.0,478.6665
