steps,returns
100000.0,724.38416
200000.0,708.5657
300000.0,628.50635
400000.0,562.74585
500000.0,577.20496
600000.0,864.9301
700000.0,631.0596
800000.0,1143.6567
900000.0,906.2435
1000000.0,880.51746
