steps,returns
100000.0,468.66248
200000.0,280.63586
300000.0,-5401.615
400000.0,-10405.66
500000.0,-7329.2983
600000.0,-5971.206
700000.0,-5241.7896
800000.0,-5094.7563
900000.0,-5451.574
1000000.0,-5826.8213
