steps,returns
100000.0,405.05872
200000.0,658.9131
300000.0,814.21155
400000.0,757.8318
500000.0,732.6393
600000.0,709.2195
700000.0,695.2164
800000.0,693.7793
900000.0,719.88513
1000000.0,1233.5577
