steps,returns
5000,23.835938
10000,52.070312
15000,156.125
20000,98.625
25000,136.76562
30000,92.75781
35000,78.421875
40000,94.46094
45000,78.60156
50000,27.984375
