steps,returns
10000,497.78906
20000,271.32812
30000,158.59375
40000,258.72656
50000,192.46875
60000,500.0
70000,391.8828
80000,500.0
90000,500.0
100000,500.0
