steps,returns
100000.0,961.0585
200000.0,993.0963
300000.0,1076.9268
400000.0,946.1588
500000.0,750.50366
600000.0,670.1417
700000.0,718.3563
800000.0,659.2715
900000.0,340.40204
1000000.0,-721.7873
