steps,returns
1000000,-17.625
2000000,-17.59375
3000000,-17.234375
4000000,-17.390625
5000000,-17.25
6000000,-17.453125
7000000,-17.265625
8000000,-17.25
9000000,-17.671875
10000000,-17.171875
