steps,returns
1000000,400.39062
2000000,780.0781
3000000,1444.3359
4000000,2453.3203
5000000,946.28906
6000000,1544.3359
7000000,915.4297
8000000,3994.336
9000000,3251.5625
10000000,2829.6875
