steps,returns
5000,53.125
10000,57.195312
15000,86.63281
20000,203.75
25000,99.375
30000,121.28906
35000,346.21875
40000,104.10156
45000,150.9375
50000,500.0
