steps,returns
1000000,125.0
2000000,255.66406
3000000,250.0
4000000,150.0
5000000,332.03125
6000000,317.1875
7000000,350.0
8000000,125.0
9000000,295.70312
10000000,354.6875
