steps,returns
100000.0,1021.495
200000.0,1009.3733
300000.0,987.2296
400000.0,949.55676
500000.0,897.0771
600000.0,796.2374
700000.0,687.57776
800000.0,585.2942
900000.0,236.50198
1000000.0,-112.21975
