steps,returns
100000.0,798.03375
200000.0,454.69888
300000.0,842.405
400000.0,453.70126
500000.0,723.88666
600000.0,711.8882
700000.0,699.49976
800000.0,870.86914
900000.0,1019.3972
1000000.0,1160.5732
