steps,returns
100000.0,691.2628
200000.0,665.306
300000.0,662.0967
400000.0,669.72375
500000.0,674.87256
600000.0,1002.9869
700000.0,1069.2179
800000.0,1274.6139
900000.0,1077.7843
1000000.0,1289.6495
