steps,returns
100000.0,636.3541
200000.0,596.1814
300000.0,882.94055
400000.0,734.76044
500000.0,703.3987
600000.0,634.6051
700000.0,486.67453
800000.0,359.5556
900000.0,158.37755
1000000.0,317.87408
