steps,returns
5000,39.382812
10000,136.04688
15000,185.15625
20000,131.00781
25000,134.41406
30000,139.04688
35000,112.453125
40000,127.07031
45000,137.9375
50000,115.109375
