steps,returns
1000000,-18.21875
2000000,-17.984375
3000000,-17.921875
4000000,-18.859375
5000000,-18.015625
6000000,-17.953125
7000000,-18.296875
8000000,-17.78125
9000000,-17.703125
10000000,-18.4375
