steps,returns
100000.0,-720.30396
200000.0,-336.05792
300000.0,204.8454
400000.0,494.15808
500000.0,440.8349
600000.0,236.87549
700000.0,271.8684
800000.0,89.470535
900000.0,384.8485
1000000.0,-45.538795
