steps,returns
1000000,-17.90625
2000000,-17.796875
3000000,-18.3125
4000000,-18.1875
5000000,-18.015625
6000000,-17.9375
7000000,-17.375
8000000,-18.1875
9000000,-18.46875
10000000,-18.609375
