steps,returns
1000000,-17.8125
2000000,-17.78125
3000000,-17.46875
4000000,-16.71875
5000000,-17.390625
6000000,-17.3125
7000000,-17.75
8000000,-16.1875
9000000,-16.75
10000000,-17.265625
