steps,returns
100000.0,700.03174
200000.0,835.4109
300000.0,1070.5432
400000.0,908.67615
500000.0,1028.2668
600000.0,1242.6752
700000.0,1095.474
800000.0,631.264
900000.0,1417.6841
1000000.0,1100.7756
