steps,returns
5000,27.4375
10000,31.1875
15000,36.671875
20000,42.0625
25000,47.351562
30000,47.25
35000,53.21875
40000,57.789062
45000,56.984375
50000,57.328125
