steps,returns
1000000,17.03125
2000000,17.03125
3000000,17.34375
4000000,18.125
5000000,16.25
6000000,17.1875
7000000,17.1875
8000000,29.53125
9000000,17.65625
10000000,17.8125
