steps,returns
1000000,-17.703125
2000000,-17.828125
3000000,-18.234375
4000000,-18.09375
5000000,-17.640625
6000000,-18.15625
7000000,-17.6875
8000000,-18.1875
9000000,-17.90625
10000000,-18.296875
