steps,returns
100000.0,901.2554
200000.0,815.50415
300000.0,678.5199
400000.0,738.15784
500000.0,460.50064
600000.0,785.761
700000.0,932.9027
800000.0,441.15958
900000.0,426.8881
1000000.0,452.16113
