steps,returns
100000.0,778.2712
200000.0,571.973
300000.0,528.9772
400000.0,619.69653
500000.0,517.15344
600000.0,552.9093
700000.0,490.57898
800000.0,518.4835
900000.0,570.44775
1000000.0,740.2949
