steps,returns
1000000,125.0
2000000,125.0
3000000,262.10938
4000000,225.78125
5000000,359.96094
6000000,385.9375
7000000,483.20312
8000000,770.1172
9000000,637.3047
10000000,600.0
