steps,returns
100000.0,157.37779
200000.0,159.46878
300000.0,164.67834
400000.0,156.33412
500000.0,159.64507
600000.0,160.14343
700000.0,156.83887
800000.0,162.2245
900000.0,158.77454
1000000.0,160.79514
