steps,returns
1000000,292.96875
2000000,139.0625
3000000,125.0
4000000,125.0
5000000,201.75781
6000000,276.7578
7000000,155.85938
8000000,94.33594
9000000,125.0
10000000,260.54688
