steps,returns
100000.0,748.3799
200000.0,596.0701
300000.0,537.2036
400000.0,393.16388
500000.0,401.81445
600000.0,702.62006
700000.0,608.2168
800000.0,652.7478
900000.0,521.6333
1000000.0,697.5508
