steps,returns
1000000,-18.296875
2000000,-17.796875
3000000,-18.296875
4000000,-18.609375
5000000,-18.390625
6000000,-18.5
7000000,-17.421875
8000000,-17.859375
9000000,-17.515625
10000000,-18.15625
