steps,returns
5000,32.710938
10000,41.023438
15000,47.21875
20000,50.039062
25000,59.726562
30000,55.765625
35000,58.75
40000,59.25
45000,55.71875
50000,58.796875
