steps,returns
100000.0,513.61816
200000.0,751.1041
300000.0,895.00085
400000.0,1121.4572
500000.0,947.0066
600000.0,1121.276
700000.0,1193.1185
800000.0,1133.9307
900000.0,1197.4534
1000000.0,1337.6128
