steps,returns
1000000,-18.140625
2000000,-17.953125
3000000,-17.9375
4000000,-17.9375
5000000,-17.703125
6000000,-17.65625
7000000,-17.671875
8000000,-17.5625
9000000,-18.484375
10000000,-17.46875
