steps,returns
100000.0,743.3635
200000.0,1030.2103
300000.0,924.6998
400000.0,807.11194
500000.0,949.47327
600000.0,1249.4807
700000.0,1328.2347
800000.0,1143.2026
900000.0,691.84766
1000000.0,635.25024
