steps,returns
100000.0,913.2988
200000.0,855.5265
300000.0,852.9889
400000.0,846.0022
500000.0,813.69775
600000.0,720.98193
700000.0,598.3207
800000.0,574.4129
900000.0,566.87573
1000000.0,530.0691
