steps,returns
1000000,-17.875
2000000,-17.671875
3000000,-17.3125
4000000,-18.015625
5000000,-17.953125
6000000,-17.796875
7000000,-17.875
8000000,-17.8125
9000000,-18.234375
10000000,-18.0625
