steps,returns
10000,64.046875
20000,66.1875
30000,69.84375
40000,77.99219
50000,87.80469
60000,99.88281
70000,130.125
80000,150.42188
90000,171.77344
100000,222.32031
