steps,returns
1000000,-17.15625
2000000,-17.90625
3000000,-17.890625
4000000,-18.703125
5000000,-17.875
6000000,-18.21875
7000000,-17.78125
8000000,-18.375
9000000,-17.8125
10000000,-18.296875
