steps,returns
10000,500.0
20000,208.14062
30000,298.4297
40000,178.39062
50000,376.1953
60000,490.21875
70000,499.1953
80000,472.91406
90000,500.0
100000,500.0
