steps,returns
10000,82.66406
20000,104.49219
30000,118.05469
40000,125.49219
50000,131.35938
60000,112.86719
70000,137.74219
80000,126.71094
90000,108.14844
100000,104.00781
