steps,returns
100000.0,874.5877
200000.0,747.24744
300000.0,928.3169
400000.0,903.14954
500000.0,976.9662
600000.0,994.2325
700000.0,981.0315
800000.0,963.978
900000.0,952.8499
1000000.0,942.8481
