steps,returns
5000,9.2734375
10000,9.3671875
15000,9.34375
20000,9.3046875
25000,10.6875
30000,12.3984375
35000,16.210938
40000,23.320312
45000,37.960938
50000,56.242188
