steps,returns
1000000,-18.0
2000000,-17.515625
3000000,-17.953125
4000000,-18.015625
5000000,-17.453125
6000000,-18.109375
7000000,-17.765625
8000000,-17.671875
9000000,-17.734375
10000000,-17.640625
