steps,returns
10000,351.9922
20000,114.82031
30000,185.9375
40000,165.33594
50000,23.28125
60000,11.5859375
70000,367.33594
80000,20.3125
90000,286.17188
100000,111.33594
