steps,returns
100000.0,-32.467693
200000.0,-195.13564
300000.0,-926.44763
400000.0,-5494.2783
500000.0,-22539.547
600000.0,-70767.25
700000.0,-177883.06
800000.0,-446034.34
900000.0,-796684.25
1000000.0,-1689016.9
