steps,returns
10000,128.95312
20000,117.13281
30000,500.0
40000,404.91406
50000,407.3203
60000,299.9297
70000,133.89062
80000,119.44531
90000,152.11719
100000,110.84375
