steps,returns
10000,393.78906
20000,367.90625
30000,290.875
40000,392.2422
50000,495.84375
60000,482.1797
70000,496.3828
80000,499.9375
90000,500.0
100000,317.85938
