steps,returns
5000,50.742188
10000,91.08594
15000,110.41406
20000,100.05469
25000,319.90625
30000,114.63281
35000,162.38281
40000,120.1875
45000,167.72656
50000,500.0
