steps,returns
10000,-122.703125
20000,-247.01562
30000,-500.0
40000,-299.8828
50000,-500.0
60000,-500.0
70000,-190.86719
80000,-500.0
90000,-500.0
100000,-131.17969
