steps,returns
5000,43.835938
10000,53.4375
15000,55.515625
20000,60.273438
25000,61.75
30000,62.664062
35000,60.890625
40000,61.3125
45000,56.664062
50000,59.96875
