steps,returns
10000,500.0
20000,423.3828
30000,205.35938
40000,200.70312
50000,203.15625
60000,129.97656
70000,117.765625
80000,29.625
90000,366.92188
100000,194.50781
