steps,returns
10000,316.91406
20000,481.76562
30000,499.10156
40000,500.0
50000,500.0
60000,173.85938
70000,257.23438
80000,273.45312
90000,362.47656
100000,455.58594
