steps,returns
5000,9.0390625
10000,9.046875
15000,9.046875
20000,8.953125
25000,9.1171875
30000,9.09375
35000,9.0703125
40000,9.046875
45000,9.1328125
50000,9.1015625
