steps,returns
10000,-500.0
20000,-500.0
30000,-500.0
40000,-490.4922
50000,-499.35938
60000,-377.64062
70000,-360.6172
80000,-98.07031
90000,-102.13281
100000,-155.55469
