steps,returns
100000.0,1009.54083
200000.0,1024.1707
300000.0,1027.7833
400000.0,1016.00415
500000.0,1019.4742
600000.0,1019.78973
700000.0,1015.4022
800000.0,1004.655
900000.0,1006.20166
1000000.0,991.3788
