steps,returns
1000000,17.65625
2000000,16.875
3000000,16.71875
4000000,17.8125
5000000,15.78125
6000000,216.25
7000000,207.03125
8000000,574.84375
9000000,20.3125
10000000,17.65625
