steps,returns
100000.0,1015.53674
200000.0,953.07886
300000.0,736.5221
400000.0,533.8597
500000.0,423.41174
600000.0,557.26794
700000.0,448.42093
800000.0,388.89478
900000.0,444.30713
1000000.0,326.00723
