steps,returns
1000000,17.03125
2000000,200.0
3000000,20.15625
4000000,62.1875
5000000,164.84375
6000000,17.1875
7000000,17.1875
8000000,356.09375
9000000,435.3125
10000000,16.875
