steps,returns
5000,32.484375
10000,38.296875
15000,42.25
20000,50.179688
25000,49.132812
30000,51.148438
35000,53.335938
40000,53.429688
45000,51.171875
50000,52.117188
