steps,returns
100000,-200.0
200000,-200.0
300000,-200.0
400000,-200.0
500000,-124.28125
600000,-114.13281
700000,-116.40625
800000,-111.69531
900000,-153.3125
1000000,-103.36719
