steps,returns
1000000,-17.6875
2000000,-18.171875
3000000,-18.421875
4000000,-18.078125
5000000,-18.15625
6000000,-17.859375
7000000,-17.84375
8000000,-17.703125
9000000,-17.578125
10000000,-17.171875
