steps,returns
5000,8.9765625
10000,9.03125
15000,9.1171875
20000,9.03125
25000,8.953125
30000,9.015625
35000,9.109375
40000,9.1640625
45000,9.25
50000,9.375
