steps,returns
100000.0,572.1148
200000.0,460.52112
300000.0,855.9888
400000.0,960.2416
500000.0,292.39636
600000.0,696.36664
700000.0,949.07996
800000.0,900.55664
900000.0,1094.8342
1000000.0,1087.6597
