steps,returns
100000.0,885.3555
200000.0,1089.0582
300000.0,1027.3145
400000.0,1000.7728
500000.0,971.3675
600000.0,910.71704
700000.0,908.44006
800000.0,1072.8604
900000.0,1177.0994
1000000.0,1220.8762
