steps,returns
5000,9.296875
10000,208.375
15000,125.22656
20000,42.898438
25000,22.304688
30000,81.28125
35000,174.98438
40000,132.27344
45000,99.00781
50000,126.46094
