steps,returns
100000.0,1117.5859
200000.0,1217.597
300000.0,1229.4456
400000.0,1296.0281
500000.0,709.3568
600000.0,443.99377
700000.0,958.9416
800000.0,1301.9569
900000.0,888.9527
1000000.0,461.74384
