steps,returns
5000,83.609375
10000,103.05469
15000,124.42969
20000,144.67188
25000,168.20312
30000,187.14844
35000,214.5
40000,230.69531
45000,257.3828
50000,286.1172
