steps,returns
5000,25.523438
10000,10.6171875
15000,35.398438
20000,58.492188
25000,17.039062
30000,360.91406
35000,82.84375
40000,103.4375
45000,175.40625
50000,126.171875
