steps,returns
100000.0,151.4097
200000.0,151.11647
300000.0,151.86838
400000.0,151.02081
500000.0,151.74203
600000.0,151.68402
700000.0,151.37389
800000.0,151.74973
900000.0,151.93127
1000000.0,151.77072
