{"config": {"hp_config.clip_eps": 0.48838054409516857, "hp_config.ent_coef": 0.302422759872523, "hp_config.gae_lambda": 0.9477787895217205, "hp_config.learning_rate": 1.5701421102720535e-06, "hp_config.max_grad_norm": 0.2828069625764096, "hp_config.minibatch_size": 32, "hp_config.normalize_advantage": true, "hp_config.vf_clip_eps": 0.05936385947712203, "hp_config.vf_coef": 0.317983179393976}, "score": 249.9198760986328, "budget_used": 13, "total_wallclock_time": -189.05485844612122, "total_optimization_time": 0.020450115203857422}
{"config": {"hp_config.clip_eps": 0.009596599154666763, "hp_config.ent_coef": 0.15078740833727466, "hp_config.gae_lambda": 0.9319686901447878, "hp_config.learning_rate": 2.820902242356035e-05, "hp_config.max_grad_norm": 0.6180154289988415, "hp_config.minibatch_size": 64, "hp_config.normalize_advantage": true, "hp_config.vf_clip_eps": 0.14914116297801538, "hp_config.vf_coef": 0.5699649107012649}, "score": 23.182132720947266, "budget_used": 26, "total_wallclock_time": -411.34985733032227, "total_optimization_time": 0.10475635528564453}
{"config": {"hp_config.clip_eps": 0.4887475698722234, "hp_config.ent_coef": 0.4382526226582954, "hp_config.gae_lambda": 0.8675979744721855, "hp_config.learning_rate": 0.06424669222650195, "hp_config.max_grad_norm": 0.2317016264712045, "hp_config.minibatch_size": 128, "hp_config.normalize_advantage": false, "hp_config.vf_clip_eps": 0.39960129367619585, "hp_config.vf_coef": 0.6304479368667911}, "score": NaN, "budget_used": 39, "total_wallclock_time": -554.8413212299347, "total_optimization_time": 0.10766005516052246}
{"config": {"hp_config.clip_eps": 0.4887475698722234, "hp_config.ent_coef": 0.4382526226582954, "hp_config.gae_lambda": 0.8675979744721855, "hp_config.learning_rate": 0.06424669222650195, "hp_config.max_grad_norm": 0.2317016264712045, "hp_config.minibatch_size": 128, "hp_config.normalize_advantage": false, "hp_config.vf_clip_eps": 0.39960129367619585, "hp_config.vf_coef": 0.6304479368667911}, "score": NaN, "budget_used": 52, "total_wallclock_time": -708.8546586036682, "total_optimization_time": 0.11583900451660156}
{"config": {"hp_config.clip_eps": 0.4887475698722234, "hp_config.ent_coef": 0.4382526226582954, "hp_config.gae_lambda": 0.8675979744721855, "hp_config.learning_rate": 0.06424669222650195, "hp_config.max_grad_norm": 0.2317016264712045, "hp_config.minibatch_size": 128, "hp_config.normalize_advantage": false, "hp_config.vf_clip_eps": 0.39960129367619585, "hp_config.vf_coef": 0.6304479368667911}, "score": NaN, "budget_used": 65, "total_wallclock_time": -851.4898040294647, "total_optimization_time": 0.11861991882324219}
{"config": {"hp_config.clip_eps": 0.4887475698722234, "hp_config.ent_coef": 0.4382526226582954, "hp_config.gae_lambda": 0.8675979744721855, "hp_config.learning_rate": 0.06424669222650195, "hp_config.max_grad_norm": 0.2317016264712045, "hp_config.minibatch_size": 128, "hp_config.normalize_advantage": false, "hp_config.vf_clip_eps": 0.39960129367619585, "hp_config.vf_coef": 0.6304479368667911}, "score": NaN, "budget_used": 78, "total_wallclock_time": -1016.8610343933105, "total_optimization_time": 0.12144708633422852}
{"config": {"hp_config.clip_eps": 0.4887475698722234, "hp_config.ent_coef": 0.4382526226582954, "hp_config.gae_lambda": 0.8675979744721855, "hp_config.learning_rate": 0.06424669222650195, "hp_config.max_grad_norm": 0.2317016264712045, "hp_config.minibatch_size": 128, "hp_config.normalize_advantage": false, "hp_config.vf_clip_eps": 0.39960129367619585, "hp_config.vf_coef": 0.6304479368667911}, "score": NaN, "budget_used": 91, "total_wallclock_time": -1201.2374188899994, "total_optimization_time": 0.13791179656982422}
{"config": {"hp_config.clip_eps": 0.4887475698722234, "hp_config.ent_coef": 0.4382526226582954, "hp_config.gae_lambda": 0.8675979744721855, "hp_config.learning_rate": 0.06424669222650195, "hp_config.max_grad_norm": 0.2317016264712045, "hp_config.minibatch_size": 128, "hp_config.normalize_advantage": false, "hp_config.vf_clip_eps": 0.39960129367619585, "hp_config.vf_coef": 0.6304479368667911}, "score": NaN, "budget_used": 104, "total_wallclock_time": -1361.189736366272, "total_optimization_time": 0.1410229206085205}
{"config": {"hp_config.clip_eps": 0.4887475698722234, "hp_config.ent_coef": 0.4382526226582954, "hp_config.gae_lambda": 0.8675979744721855, "hp_config.learning_rate": 0.06424669222650195, "hp_config.max_grad_norm": 0.2317016264712045, "hp_config.minibatch_size": 128, "hp_config.normalize_advantage": false, "hp_config.vf_clip_eps": 0.39960129367619585, "hp_config.vf_coef": 0.6304479368667911}, "score": NaN, "budget_used": 117, "total_wallclock_time": -1514.1518862247467, "total_optimization_time": 0.15183663368225098}
{"config": {"hp_config.clip_eps": 0.4887475698722234, "hp_config.ent_coef": 0.4382526226582954, "hp_config.gae_lambda": 0.8675979744721855, "hp_config.learning_rate": 0.06424669222650195, "hp_config.max_grad_norm": 0.2317016264712045, "hp_config.minibatch_size": 128, "hp_config.normalize_advantage": false, "hp_config.vf_clip_eps": 0.39960129367619585, "hp_config.vf_coef": 0.6304479368667911}, "score": NaN, "budget_used": 130, "total_wallclock_time": -1652.938221693039, "total_optimization_time": 0.16149592399597168}
{"config": {"hp_config.clip_eps": 0.4887475698722234, "hp_config.ent_coef": 0.4382526226582954, "hp_config.gae_lambda": 0.8675979744721855, "hp_config.learning_rate": 0.06424669222650195, "hp_config.max_grad_norm": 0.2317016264712045, "hp_config.minibatch_size": 128, "hp_config.normalize_advantage": false, "hp_config.vf_clip_eps": 0.39960129367619585, "hp_config.vf_coef": 0.6304479368667911}, "score": NaN, "budget_used": 143, "total_wallclock_time": -1791.685512304306, "total_optimization_time": 0.21669936180114746}
