steps,returns
5000,29.390625
10000,35.304688
15000,41.804688
20000,44.78125
25000,49.992188
30000,51.5
35000,52.65625
40000,54.1875
45000,51.007812
50000,56.742188
