steps,returns
1000000,-18.015625
2000000,-17.875
3000000,-17.453125
4000000,-18.328125
5000000,-17.8125
6000000,-17.796875
7000000,-17.953125
8000000,-17.9375
9000000,-17.546875
10000000,-18.09375
