steps,returns
5000,65.40625
10000,64.265625
15000,71.703125
20000,64.36719
25000,64.83594
30000,67.171875
35000,68.171875
40000,67.859375
45000,76.74219
50000,69.99219
