steps,returns
10000,209.00781
20000,457.32812
30000,401.5703
40000,500.0
50000,500.0
60000,149.47656
70000,500.0
80000,448.78906
90000,484.53906
100000,395.32812
