steps,returns
10000,234.84375
20000,397.10938
30000,414.5547
40000,500.0
50000,500.0
60000,234.82031
70000,494.15625
80000,462.7422
90000,500.0
100000,340.39844
