steps,returns
10000,118.25781
20000,500.0
30000,393.2422
40000,500.0
50000,500.0
60000,500.0
70000,500.0
80000,500.0
90000,131.57031
100000,500.0
