steps,returns
10000,-316.33594
20000,-317.53125
30000,-354.77344
40000,-377.89062
50000,-376.85156
60000,-404.125
70000,-438.53125
80000,-455.89062
90000,-487.10156
100000,-488.7578
