steps,returns
1000000,28.4375
2000000,41.40625
3000000,18.125
4000000,28.28125
5000000,16.40625
6000000,30.15625
7000000,49.375
8000000,28.28125
9000000,17.65625
10000000,41.5625
