steps,returns
5000,9.3984375
10000,9.3515625
15000,9.3125
20000,9.4296875
25000,9.2890625
30000,9.3125
35000,9.484375
40000,9.3125
45000,9.3984375
50000,9.3046875
