steps,returns
10000,193.13281
20000,411.51562
30000,500.0
40000,187.89062
50000,500.0
60000,500.0
70000,500.0
80000,161.52344
90000,121.734375
100000,500.0
