steps,returns
100000.0,439.73453
200000.0,1455.0706
300000.0,1763.9495
400000.0,246.78476
500000.0,-541.7836
600000.0,-1151.2026
700000.0,-1252.0201
800000.0,-1152.1105
900000.0,-1037.003
1000000.0,-890.2613
