steps,returns
1000000,-18.1875
2000000,-17.578125
3000000,-18.546875
4000000,-17.59375
5000000,-17.5625
6000000,-17.953125
7000000,-17.734375
8000000,-17.453125
9000000,-17.625
10000000,-17.484375
