steps,returns
1000000,145.15625
2000000,50.46875
3000000,80.15625
4000000,20.9375
5000000,120.3125
6000000,426.71875
7000000,342.34375
8000000,210.15625
9000000,373.98438
10000000,98.125
