steps,returns
100000.0,258.64783
200000.0,704.79987
300000.0,1044.0107
400000.0,933.099
500000.0,899.95233
600000.0,738.27264
700000.0,767.3765
800000.0,714.83203
900000.0,634.896
1000000.0,637.5461
