steps,returns
100000.0,-0.6634902
200000.0,-3.567884
300000.0,41.556133
400000.0,-114.03804
500000.0,-270.9994
600000.0,-500.54355
700000.0,-547.027
800000.0,-653.6099
900000.0,-831.91846
1000000.0,-1197.1096
