steps,returns
1000000,751.71875
2000000,194.53125
3000000,996.25
4000000,2812.6562
5000000,512.2656
6000000,4881.172
7000000,4633.9844
8000000,6167.8125
9000000,5032.3438
10000000,4753.203
