steps,returns
10000,193.57812
20000,431.78125
30000,406.34375
40000,292.77344
50000,416.14062
60000,444.375
70000,378.28906
80000,495.3672
90000,410.95312
100000,472.3672
