steps,returns
10000,-329.84375
20000,-310.0703
30000,-370.59375
40000,-383.73438
50000,-415.51562
60000,-447.57812
70000,-473.96875
80000,-495.64844
90000,-500.0
100000,-500.0
