steps,returns
100000.0,991.3291
200000.0,816.11755
300000.0,272.01456
400000.0,-654.4195
500000.0,-2402.261
600000.0,-5926.634
700000.0,-11243.847
800000.0,-18346.598
900000.0,-27351.016
1000000.0,-40714.582
