steps,returns
10000,95.69531
20000,90.734375
30000,92.796875
40000,99.359375
50000,100.08594
60000,106.89844
70000,100.53125
80000,105.28125
90000,107.64844
100000,118.02344
