steps,returns
5000,10.9296875
10000,9.3515625
15000,38.601562
20000,67.55469
25000,146.21094
30000,159.15625
35000,128.14062
40000,105.33594
45000,95.90625
50000,118.234375
