steps,returns
10000,196.71094
20000,107.875
30000,164.32812
40000,272.89844
50000,221.78125
60000,216.21094
70000,322.64844
80000,265.40625
90000,246.73438
100000,248.96094
