steps,returns
10000,-439.32812
20000,-500.0
30000,-500.0
40000,-122.08594
50000,-98.421875
60000,-103.55469
70000,-110.109375
80000,-500.0
90000,-500.0
100000,-427.04688
