steps,returns
1000000,-17.65625
2000000,-18.078125
3000000,-18.359375
4000000,-17.5
5000000,-17.984375
6000000,-18.375
7000000,-18.0
8000000,-18.0625
9000000,-18.09375
10000000,-17.78125
