steps,returns
1000000,17.1875
2000000,27.96875
3000000,18.125
4000000,18.125
5000000,16.40625
6000000,49.84375
7000000,17.8125
8000000,17.1875
9000000,17.65625
10000000,51.40625
