steps,returns
10000,70.36719
20000,93.21094
30000,210.72656
40000,344.91406
50000,472.41406
60000,500.0
70000,319.25
80000,452.6875
90000,386.82812
100000,473.4375
