steps,returns
5000,245.63281
10000,243.42969
15000,108.30469
20000,95.3125
25000,100.36719
30000,92.8125
35000,144.23438
40000,64.28906
45000,97.66406
50000,96.828125
