steps,returns
100000.0,-16.134577
200000.0,-213.3501
300000.0,-490.29138
400000.0,-635.1908
500000.0,-1862.9152
600000.0,-2211.3896
700000.0,-2692.004
800000.0,-3086.8818
900000.0,-3287.4502
1000000.0,-3530.3862
