steps,returns
100000.0,154.56181
200000.0,433.23138
300000.0,1140.2037
400000.0,961.3426
500000.0,882.55115
600000.0,-92.256714
700000.0,-4220.802
800000.0,-47811.402
900000.0,-488272.12
1000000.0,-2330024.0
