steps,returns
100000.0,603.75854
200000.0,812.0516
300000.0,425.54785
400000.0,487.8891
500000.0,1271.2802
600000.0,1057.1691
700000.0,464.45248
800000.0,841.4169
900000.0,554.8139
1000000.0,654.03937
