steps,returns
5000,9.015625
10000,9.0703125
15000,9.09375
20000,9.03125
25000,9.046875
30000,9.0234375
35000,9.0
40000,8.9765625
45000,9.0625
50000,9.1640625
