steps,returns
1000000,-18.21875
2000000,-17.671875
3000000,-17.3125
4000000,-18.125
5000000,-18.40625
6000000,-17.578125
7000000,-17.828125
8000000,-17.75
9000000,-17.75
10000000,-17.75
