steps,returns
10000,144.77344
20000,166.01562
30000,123.75781
40000,217.11719
50000,379.91406
60000,434.5078
70000,421.3203
80000,436.67188
90000,426.21875
100000,442.35938
