steps,returns
10000,116.359375
20000,341.14844
30000,500.0
40000,490.60938
50000,500.0
60000,500.0
70000,500.0
80000,500.0
90000,500.0
100000,235.53906
