steps,returns
1000000,17.03125
2000000,77.1875
3000000,294.84375
4000000,28.75
5000000,50.9375
6000000,52.1875
7000000,39.84375
8000000,1265.7812
9000000,876.9531
10000000,798.75
