steps,returns
1000000,-18.25
2000000,-18.296875
3000000,-18.046875
4000000,-18.34375
5000000,-17.21875
6000000,-18.09375
7000000,-17.15625
8000000,-17.9375
9000000,-18.203125
10000000,-18.515625
