steps,returns
100000.0,811.0272
200000.0,852.3599
300000.0,839.9147
400000.0,841.9781
500000.0,786.22845
600000.0,747.567
700000.0,746.11255
800000.0,721.91986
900000.0,728.677
1000000.0,704.5143
