steps,returns
1000000,150.0
2000000,125.0
3000000,150.0
4000000,285.15625
5000000,150.0
6000000,275.0
7000000,494.53125
8000000,966.40625
9000000,332.03125
10000000,781.83594
