steps,returns
5000,51.078125
10000,56.34375
15000,46.828125
20000,43.367188
25000,43.054688
30000,24.523438
35000,18.273438
40000,11.6171875
45000,9.484375
50000,9.421875
