steps,returns
5000,65.0625
10000,61.9375
15000,66.1875
20000,58.984375
25000,59.171875
30000,48.304688
35000,44.398438
40000,43.0
45000,45.21875
50000,34.210938
