steps,returns
1000000,-17.78125
2000000,-17.78125
3000000,-17.734375
4000000,-17.40625
5000000,-17.53125
6000000,-17.921875
7000000,-17.515625
8000000,-17.65625
9000000,-17.484375
10000000,-18.390625
