steps,returns
5000,42.164062
10000,45.703125
15000,63.46875
20000,234.10938
25000,213.27344
30000,173.01562
35000,170.22656
40000,159.40625
45000,146.83594
50000,145.54688
