steps,returns
100000.0,400.41177
200000.0,357.80396
300000.0,430.4882
400000.0,447.10565
500000.0,264.09354
600000.0,263.1636
700000.0,329.40277
800000.0,229.46117
900000.0,-36.109695
1000000.0,-177.55164
