steps,returns
1000000,17.8125
2000000,17.03125
3000000,166.875
4000000,18.125
5000000,25.15625
6000000,52.34375
7000000,32.5
8000000,24.6875
9000000,22.03125
10000000,18.125
