steps,returns
1000000,-17.953125
2000000,-17.8125
3000000,-18.171875
4000000,-18.03125
5000000,-18.203125
6000000,-17.546875
7000000,-18.15625
8000000,-18.015625
9000000,-18.0
10000000,-17.421875
