steps,returns
1000000,-18.03125
2000000,-17.796875
3000000,-16.9375
4000000,-17.546875
5000000,-18.046875
6000000,-17.8125
7000000,-17.828125
8000000,-17.59375
9000000,-17.75
10000000,-17.6875
