steps,returns
1000000,22.65625
2000000,16.71875
3000000,195.625
4000000,30.78125
5000000,67.96875
6000000,197.34375
7000000,127.1875
8000000,176.875
9000000,599.2969
10000000,52.65625
