steps,returns
100000.0,587.10876
200000.0,408.5174
300000.0,409.44153
400000.0,73.72733
500000.0,3.9391289
600000.0,-97.85434
700000.0,-160.79582
800000.0,-289.59372
900000.0,-218.95296
1000000.0,-391.29755
