steps,returns
1000000,-18.046875
2000000,-18.421875
3000000,-18.5
4000000,-18.21875
5000000,-17.609375
6000000,-18.375
7000000,-18.015625
8000000,-17.796875
9000000,-18.171875
10000000,-18.265625
