steps,returns
100000.0,-0.43531573
200000.0,1.5642478
300000.0,7.1317644
400000.0,653.68274
500000.0,2.2214913
600000.0,17.113457
700000.0,74.805664
800000.0,-61.58911
900000.0,-104.753136
1000000.0,41.37902
