steps,returns
100000.0,892.4458
200000.0,831.76636
300000.0,437.9105
400000.0,350.28116
500000.0,-412.00482
600000.0,-1218.7537
700000.0,-1894.4601
800000.0,-2684.9302
900000.0,-1046.5662
1000000.0,-986.43164
