steps,returns
1000000,150.0
2000000,125.0
3000000,300.0
4000000,150.0
5000000,267.77344
6000000,327.53906
7000000,225.0
8000000,250.78125
9000000,457.8125
10000000,369.92188
