steps,returns
10000,-147.84375
20000,-150.51562
30000,-153.49219
40000,-149.13281
50000,-151.20312
60000,-147.67188
70000,-147.32031
80000,-147.74219
90000,-150.07812
100000,-150.875
