steps,returns
10000,255.78125
20000,398.15625
30000,387.28125
40000,444.79688
50000,180.92969
60000,500.0
70000,406.40625
80000,367.92188
90000,500.0
100000,311.08594
