steps,returns
10000,341.1875
20000,183.97656
30000,205.125
40000,337.79688
50000,500.0
60000,500.0
70000,279.41406
80000,500.0
90000,500.0
100000,500.0
