steps,returns
5000,9.359375
10000,9.4375
15000,11.328125
20000,24.25
25000,53.90625
30000,61.773438
35000,40.695312
40000,121.9375
45000,149.64844
50000,47.820312
