steps,returns
1000000,-18.3125
2000000,-18.4375
3000000,-17.828125
4000000,-17.671875
5000000,-17.75
6000000,-17.15625
7000000,-16.828125
8000000,-16.390625
9000000,-16.328125
10000000,-15.3125
