steps,returns
1000000,1058.5156
2000000,161.25
3000000,18.59375
4000000,22.5
5000000,121.40625
6000000,2493.125
7000000,74.84375
8000000,190.46875
9000000,61.5625
10000000,17.34375
