steps,returns
10000,123.91406
20000,110.53906
30000,189.23438
40000,183.07812
50000,500.0
60000,188.20312
70000,500.0
80000,500.0
90000,500.0
100000,500.0
