steps,returns
10000,139.44531
20000,145.97656
30000,188.8125
40000,500.0
50000,500.0
60000,499.83594
70000,34.429688
80000,403.83594
90000,499.85156
100000,500.0
