steps,returns
100000.0,766.9562
200000.0,896.37976
300000.0,691.57263
400000.0,851.43384
500000.0,627.02344
600000.0,712.49036
700000.0,686.3596
800000.0,1013.24713
900000.0,548.13586
1000000.0,571.62933
