steps,returns
100000,-200.0
200000,-200.0
300000,-200.0
400000,-200.0
500000,-200.0
600000,-170.83594
700000,-200.0
800000,-126.38281
900000,-200.0
1000000,-200.0
