steps,returns
100000.0,490.35913
200000.0,184.08179
300000.0,-738.29175
400000.0,-3644.0103
500000.0,-6458.119
600000.0,-6834.2856
700000.0,-14319.479
800000.0,-32172.807
900000.0,-75821.33
1000000.0,-81252.21
