steps,returns
1000000,353.90625
2000000,610.5469
3000000,504.10156
4000000,2681.25
5000000,791.0156
6000000,791.7969
7000000,819.72656
8000000,1557.4219
9000000,949.02344
10000000,1957.0312
