steps,returns
100000.0,903.004
200000.0,574.91785
300000.0,554.32764
400000.0,305.3725
500000.0,377.16284
600000.0,612.7595
700000.0,647.8186
800000.0,1034.1658
900000.0,1192.0903
1000000.0,1241.8336
