steps,returns
100000.0,692.3891
200000.0,724.13544
300000.0,742.3983
400000.0,719.25006
500000.0,742.2639
600000.0,789.66187
700000.0,1068.9563
800000.0,1394.3291
900000.0,1374.2161
1000000.0,1410.3623
