steps,returns
1000000,-18.109375
2000000,-18.375
3000000,-17.140625
4000000,-18.28125
5000000,-17.765625
6000000,-17.671875
7000000,-18.515625
8000000,-17.65625
9000000,-18.765625
10000000,-18.328125
