steps,returns
1000000,222.96875
2000000,168.4375
3000000,37.03125
4000000,767.34375
5000000,120.46875
6000000,580.3125
7000000,185.39062
8000000,263.04688
9000000,1137.5781
10000000,1638.125
