steps,returns
1000000,17.8125
2000000,226.09375
3000000,16.875
4000000,20.0
5000000,88.28125
6000000,16.40625
7000000,405.9375
8000000,172.65625
9000000,626.5625
10000000,908.0469
