steps,returns
1000000,201.09375
2000000,628.125
3000000,56.875
4000000,276.40625
5000000,344.0625
6000000,233.90625
7000000,1079.5312
8000000,299.53125
9000000,278.90625
10000000,249.84375
