steps,returns
100000.0,781.0026
200000.0,726.0962
300000.0,770.38855
400000.0,777.55457
500000.0,815.60516
600000.0,919.7063
700000.0,953.6776
800000.0,945.1681
900000.0,931.39233
1000000.0,928.35156
