steps,returns
1000000,17.5
2000000,28.125
3000000,40.3125
4000000,18.125
5000000,15.625
6000000,17.1875
7000000,29.53125
8000000,17.5
9000000,50.78125
10000000,29.84375
