steps,returns
5000,9.515625
10000,9.4453125
15000,38.875
20000,122.88281
25000,82.66406
30000,138.79688
35000,111.57031
40000,150.83594
45000,123.046875
50000,93.03906
