steps,returns
100000.0,337.12817
200000.0,229.23474
300000.0,1991.2451
400000.0,-630.5677
500000.0,-1725.3967
600000.0,-448708.5
700000.0,-1516818.5
800000.0,-3211470.5
900000.0,-1212815.9
1000000.0,-2615705.0
