steps,returns
10000,-500.0
20000,-500.0
30000,-500.0
40000,-215.46094
50000,-500.0
60000,-497.5703
70000,-500.0
80000,-491.22656
90000,-500.0
100000,-299.9297
