steps,returns
5000,82.078125
10000,76.328125
15000,80.921875
20000,82.44531
25000,78.78125
30000,86.8125
35000,76.11719
40000,85.08594
45000,84.984375
50000,86.41406
