steps,returns
100000.0,715.34344
200000.0,666.0055
300000.0,340.37772
400000.0,474.4555
500000.0,607.6295
600000.0,702.45544
700000.0,773.14294
800000.0,823.90137
900000.0,864.573
1000000.0,881.8121
