steps,returns
5000,8.8671875
10000,8.8984375
15000,8.90625
20000,9.0234375
25000,9.0625
30000,8.96875
35000,9.0390625
40000,9.109375
45000,9.0625
50000,9.125
