steps,returns
1000000,-17.90625
2000000,-18.890625
3000000,-17.78125
4000000,-16.96875
5000000,-18.59375
6000000,-17.984375
7000000,-18.46875
8000000,-17.984375
9000000,-17.953125
10000000,-17.984375
