steps,returns
10000,-500.0
20000,-192.34375
30000,-500.0
40000,-500.0
50000,-500.0
60000,-500.0
70000,-255.30469
80000,-500.0
90000,-500.0
100000,-500.0
