steps,returns
10000,118.89844
20000,231.57812
30000,499.21094
40000,123.5
50000,500.0
60000,500.0
70000,500.0
80000,500.0
90000,500.0
100000,500.0
