steps,returns
1000000,-18.171875
2000000,-18.828125
3000000,-17.890625
4000000,-18.109375
5000000,-18.453125
6000000,-17.34375
7000000,-17.390625
8000000,-17.953125
9000000,-17.671875
10000000,-17.484375
