steps,returns
5000,56.539062
10000,42.554688
15000,16.523438
20000,11.6171875
25000,20.460938
30000,45.101562
35000,70.16406
40000,9.3359375
45000,15.2578125
50000,18.875
