steps,returns
1000000,-17.640625
2000000,-17.703125
3000000,-17.9375
4000000,-18.0625
5000000,-17.921875
6000000,-17.71875
7000000,-18.46875
8000000,-17.953125
9000000,-18.125
10000000,-17.9375
