steps,returns
100000.0,560.08704
200000.0,702.83527
300000.0,536.4491
400000.0,-63.23185
500000.0,-913.417
600000.0,-4575.749
700000.0,-4438.7466
800000.0,-6712.609
900000.0,-13043.824
1000000.0,-14571.973
