steps,returns
100000.0,918.5984
200000.0,858.2816
300000.0,709.6758
400000.0,713.74133
500000.0,862.1814
600000.0,604.3263
700000.0,1219.0547
800000.0,587.2104
900000.0,230.21411
1000000.0,-139.0068
