steps,returns
1000000,150.0
2000000,602.7344
3000000,383.59375
4000000,805.46875
5000000,895.3125
6000000,446.09375
7000000,768.75
8000000,801.5625
9000000,780.8594
10000000,825.0
