steps,returns
5000,9.015625
10000,9.2421875
15000,9.3125
20000,9.21875
25000,9.453125
30000,9.4765625
35000,9.2421875
40000,9.15625
45000,9.40625
50000,9.484375
