steps,returns
100000.0,0.2843416
200000.0,1.1459603
300000.0,5.192992
400000.0,751.3661
500000.0,35.742325
600000.0,114.4161
700000.0,29.210873
800000.0,103.68787
900000.0,-100.25779
1000000.0,-189.73744
