steps,returns
1000000,-18.0
2000000,-17.28125
3000000,-18.421875
4000000,-17.5625
5000000,-18.078125
6000000,-17.859375
7000000,-18.1875
8000000,-17.5625
9000000,-17.34375
10000000,-17.53125
