steps,returns
100000.0,480.5948
200000.0,390.67596
300000.0,421.75235
400000.0,113.678986
500000.0,-3296.4072
600000.0,-6101.595
700000.0,-11358.123
800000.0,-11899.674
900000.0,-24868.033
1000000.0,-31168.725
