steps,returns
1000000,364.2578
2000000,501.5625
3000000,463.67188
4000000,367.57812
5000000,527.7344
6000000,585.5469
7000000,589.84375
8000000,383.78906
9000000,295.1172
10000000,167.77344
