steps,returns
10000,500.0
20000,428.20312
30000,491.9453
40000,178.10938
50000,486.7422
60000,500.0
70000,231.0625
80000,500.0
90000,500.0
100000,500.0
