steps,returns
10000,408.6172
20000,470.32812
30000,476.01562
40000,468.39844
50000,445.08594
60000,417.79688
70000,460.3828
80000,240.3125
90000,280.85938
100000,495.14844
