steps,returns
100000.0,993.5264
200000.0,1005.9616
300000.0,1002.27966
400000.0,1051.738
500000.0,832.64905
600000.0,-406.58685
700000.0,-1094.0735
800000.0,-2848.276
900000.0,-5156.541
1000000.0,-10773.176
