steps,returns
10000,-500.0
20000,-500.0
30000,-469.9922
40000,-91.953125
50000,-390.25
60000,-123.84375
70000,-139.75
80000,-108.203125
90000,-87.66406
100000,-86.74219
