steps,returns
1000000,507.26562
2000000,148.75
3000000,198.75
4000000,454.84375
5000000,196.09375
6000000,69.6875
7000000,167.8125
8000000,330.0
9000000,208.28125
10000000,132.1875
