steps,returns
1000000,40.0
2000000,47.8125
3000000,41.40625
4000000,17.5
5000000,16.5625
6000000,16.40625
7000000,50.46875
8000000,16.71875
9000000,17.5
10000000,17.5
