steps,returns
5000,93.078125
10000,233.10938
15000,490.10156
20000,117.546875
25000,100.296875
30000,146.67188
35000,500.0
40000,74.109375
45000,19.835938
50000,68.61719
