steps,returns
10000,-500.0
20000,-141.25
30000,-94.85156
40000,-103.64844
50000,-500.0
60000,-500.0
70000,-500.0
80000,-187.5625
90000,-107.25
100000,-500.0
