steps,returns
100000.0,1016.7245
200000.0,925.94324
300000.0,1057.5303
400000.0,1022.5601
500000.0,993.3838
600000.0,953.2973
700000.0,886.07263
800000.0,810.0244
900000.0,862.0533
1000000.0,1296.3433
