steps,returns
1000000,295.89844
2000000,412.10938
3000000,277.34375
4000000,373.04688
5000000,629.8828
6000000,596.09375
7000000,623.2422
8000000,358.98438
9000000,428.125
10000000,267.96875
