steps,returns
5000,9.0078125
10000,9.0
15000,9.15625
20000,9.34375
25000,12.578125
30000,15.2109375
35000,23.203125
40000,53.359375
45000,80.08594
50000,140.4375
