steps,returns
10000,134.76562
20000,119.32031
30000,193.77344
40000,213.11719
50000,337.22656
60000,229.375
70000,237.59375
80000,321.08594
90000,303.02344
100000,442.5078
