steps,returns
10000,187.65625
20000,141.64844
30000,287.5078
40000,500.0
50000,500.0
60000,394.53906
70000,500.0
80000,500.0
90000,500.0
100000,500.0
