steps,returns
100000.0,162.82072
200000.0,155.81422
300000.0,157.41327
400000.0,151.54095
500000.0,155.83731
600000.0,153.87276
700000.0,155.8017
800000.0,152.6278
900000.0,158.96034
1000000.0,162.72675
