steps,returns
5000,16.132812
10000,16.015625
15000,15.765625
20000,13.421875
25000,11.9921875
30000,10.3515625
35000,8.8984375
40000,8.953125
45000,8.8828125
50000,8.9140625
