steps,returns
1000000,-18.46875
2000000,-17.890625
3000000,-17.734375
4000000,-18.328125
5000000,-18.046875
6000000,-18.171875
7000000,-18.125
8000000,-17.5625
9000000,-18.109375
10000000,-17.46875
