steps,returns
10000,-380.5078
20000,-432.97656
30000,-500.0
40000,-498.1875
50000,-493.375
60000,-499.47656
70000,-480.8828
80000,-500.0
90000,-314.89844
100000,-500.0
