steps,returns
1000000,218.55469
2000000,150.0
3000000,234.375
4000000,289.0625
5000000,335.54688
6000000,315.23438
7000000,372.26562
8000000,441.40625
9000000,207.8125
10000000,582.22656
