steps,returns
100000,-200.0
200000,-200.0
300000,-200.0
400000,-200.0
500000,-200.0
600000,-200.0
700000,-198.42969
800000,-179.82031
900000,-136.8125
1000000,-153.64062
