steps,returns
1000000,272.65625
2000000,225.0
3000000,250.0
4000000,235.54688
5000000,250.0
6000000,150.0
7000000,237.30469
8000000,226.5625
9000000,125.0
10000000,125.0
