steps,returns
100000.0,1013.02313
200000.0,952.80444
300000.0,94.06588
400000.0,1137.6665
500000.0,1162.2009
600000.0,1327.5642
700000.0,1252.2283
800000.0,1115.4634
900000.0,632.5204
1000000.0,-453.48434
