steps,returns
100000.0,988.86206
200000.0,707.0344
300000.0,724.4435
400000.0,405.61218
500000.0,179.74734
600000.0,128.37271
700000.0,-64.65308
800000.0,-751.0646
900000.0,-554.4554
1000000.0,-477.1301
