steps,returns
1000000,602.34375
2000000,284.96094
3000000,789.84375
4000000,662.1094
5000000,699.41406
6000000,764.64844
7000000,633.9844
8000000,614.0625
9000000,638.6719
10000000,596.09375
