steps,returns
1000000,496.48438
2000000,354.4922
3000000,426.17188
4000000,661.52344
5000000,671.09375
6000000,516.60156
7000000,571.28906
8000000,433.39844
9000000,711.71875
10000000,610.5469
