steps,returns
100000.0,813.78674
200000.0,765.10205
300000.0,874.9337
400000.0,993.45874
500000.0,1221.097
600000.0,602.1915
700000.0,1872.822
800000.0,1426.1765
900000.0,1326.7378
1000000.0,1213.2769
