steps,returns
100000.0,77.931305
200000.0,78.86932
300000.0,78.54213
400000.0,78.36919
500000.0,78.498314
600000.0,78.32045
700000.0,78.586136
800000.0,78.57887
900000.0,78.41033
1000000.0,78.22374
