steps,returns
1000000,-17.703125
2000000,-17.828125
3000000,-18.078125
4000000,-17.96875
5000000,-18.078125
6000000,-17.625
7000000,-18.421875
8000000,-18.234375
9000000,-18.53125
10000000,-17.875
