steps,returns
100000.0,1012.7439
200000.0,1002.0591
300000.0,1018.99243
400000.0,1009.07916
500000.0,983.43427
600000.0,941.4495
700000.0,871.80444
800000.0,786.29175
900000.0,644.0453
1000000.0,495.50543
