steps,returns
5000,13.2109375
10000,132.03125
15000,99.39844
20000,256.47656
25000,165.3125
30000,118.39844
35000,114.00781
40000,122.92969
45000,111.67969
50000,137.92188
