steps,returns
5000,100.53906
10000,111.46094
15000,55.8125
20000,184.86719
25000,117.28906
30000,300.5547
35000,185.20312
40000,281.26562
45000,147.82031
50000,110.21094
