steps,returns
1000000,25.0
2000000,208.00781
3000000,275.0
4000000,125.0
5000000,125.0
6000000,0.0
7000000,125.0
8000000,0.0
9000000,177.14844
10000000,304.4922
