steps,returns
5000,63.828125
10000,89.671875
15000,103.61719
20000,86.203125
25000,135.86719
30000,256.2578
35000,97.265625
40000,88.49219
45000,443.51562
50000,180.53906
