steps,returns
100000.0,837.0311
200000.0,675.12646
300000.0,766.7086
400000.0,582.13983
500000.0,527.63074
600000.0,449.4762
700000.0,450.5033
800000.0,463.6432
900000.0,455.5781
1000000.0,433.62906
