steps,returns
1000000,432.22656
2000000,393.9453
3000000,689.0625
4000000,626.9531
5000000,837.3047
6000000,685.9375
7000000,743.9453
8000000,698.2422
9000000,629.6875
10000000,487.10938
