steps,returns
1000000,-1.46875
2000000,-1.328125
3000000,-1.3125
4000000,-1.375
5000000,-2.765625
6000000,-7.96875
7000000,-1.359375
8000000,-1.40625
9000000,-1.34375
10000000,-1.390625
