steps,returns
10000,83.015625
20000,69.703125
30000,74.609375
40000,88.0
50000,111.78125
60000,140.21875
70000,179.17969
80000,191.5
90000,263.67188
100000,415.03906
