steps,returns
100000.0,-0.5973352
200000.0,1.0360221
300000.0,10.207401
400000.0,631.8189
500000.0,31.361546
600000.0,12.389385
700000.0,49.227627
800000.0,206.1325
900000.0,-167.53966
1000000.0,-295.53992
