steps,returns
100000.0,556.03534
200000.0,1314.4648
300000.0,1476.9114
400000.0,972.3463
500000.0,614.0049
600000.0,583.7379
700000.0,564.9579
800000.0,524.6955
900000.0,502.56714
1000000.0,484.89703
