steps,returns
5000,11.25
10000,8.9140625
15000,8.8828125
20000,8.8671875
25000,8.921875
30000,8.921875
35000,8.96875
40000,8.8359375
45000,8.90625
50000,9.0078125
