steps,returns
5000,12.09375
10000,8.953125
15000,8.8515625
20000,8.921875
25000,9.0390625
30000,9.0
35000,9.0234375
40000,8.9921875
45000,8.9609375
50000,9.1875
