steps,returns
1000000,718.16406
2000000,719.9219
3000000,376.17188
4000000,2571.0938
5000000,4355.078
6000000,4156.4453
7000000,4557.422
8000000,4300.3906
9000000,4375.0
10000000,6771.289
