steps,returns
5000,9.2578125
10000,23.859375
15000,43.554688
20000,21.296875
25000,142.75781
30000,29.203125
35000,14.828125
40000,25.296875
45000,343.39844
50000,138.64844
