steps,returns
5000,150.39062
10000,160.1875
15000,397.35938
20000,211.39062
25000,381.71094
30000,417.90625
35000,208.375
40000,212.83594
45000,346.64844
50000,249.15625
