steps,returns
100000.0,-400.7082
200000.0,-815.8434
300000.0,-455.85333
400000.0,-471.64526
500000.0,-488.65182
600000.0,-335.54675
700000.0,-152.71167
800000.0,-52.337406
900000.0,-37.00597
1000000.0,276.03644
