steps,returns
10000,109.96094
20000,71.21094
30000,24.484375
40000,121.16406
50000,363.09375
60000,12.4296875
70000,409.28125
80000,26.953125
90000,14.875
100000,500.0
