steps,returns
10000,102.64844
20000,81.171875
30000,112.35156
40000,97.64844
50000,103.296875
60000,449.52344
70000,476.90625
80000,9.3515625
90000,500.0
100000,137.125
