steps,returns
100000.0,678.6786
200000.0,701.69666
300000.0,1387.8975
400000.0,1286.4802
500000.0,1028.3157
600000.0,842.1415
700000.0,786.5112
800000.0,815.4867
900000.0,862.77734
1000000.0,934.7953
