steps,returns
10000,-360.67188
20000,-500.0
30000,-500.0
40000,-500.0
50000,-500.0
60000,-193.84375
70000,-496.125
80000,-249.82812
90000,-194.90625
100000,-216.28125
