steps,returns
1000000,393.67188
2000000,16.875
3000000,233.125
4000000,159.84375
5000000,869.2969
6000000,1803.2031
7000000,2238.9844
8000000,2516.3281
9000000,2690.0781
10000000,3120.7812
