steps,returns
1000000,-18.046875
2000000,-18.03125
3000000,-17.78125
4000000,-17.9375
5000000,-17.359375
6000000,-17.90625
7000000,-17.828125
8000000,-18.015625
9000000,-18.25
10000000,-17.75
