steps,returns
1000000,328.3203
2000000,300.0
3000000,627.34375
4000000,1200.0
5000000,725.0
6000000,778.90625
7000000,777.53906
8000000,830.0781
9000000,669.53125
10000000,1768.75
