steps,returns
100000.0,799.52454
200000.0,814.39044
300000.0,775.5278
400000.0,20.121141
500000.0,865.2176
600000.0,1089.8982
700000.0,1366.6794
800000.0,1382.4136
900000.0,754.15137
1000000.0,1798.4104
