steps,returns
100000.0,877.12146
200000.0,796.7957
300000.0,732.8784
400000.0,762.3812
500000.0,582.65894
600000.0,971.6966
700000.0,1062.4788
800000.0,837.35065
900000.0,1221.0776
1000000.0,1138.6221
