steps,returns
10000,-304.77344
20000,-301.14844
30000,-313.17188
40000,-299.48438
50000,-322.29688
60000,-391.96875
70000,-455.46875
80000,-478.97656
90000,-489.17188
100000,-487.53125
