steps,returns
1000000,229.10156
2000000,623.4375
3000000,619.33594
4000000,827.7344
5000000,739.4531
6000000,683.59375
7000000,589.0625
8000000,542.3828
9000000,826.5625
10000000,479.29688
