steps,returns
1000000,816.875
2000000,327.8125
3000000,812.7344
4000000,437.03125
5000000,428.59375
6000000,253.28125
7000000,326.17188
8000000,209.84375
9000000,233.59375
10000000,206.09375
