steps,returns
100000.0,3.5673075
200000.0,103.83077
300000.0,-282.63306
400000.0,-461.04315
500000.0,-828.0406
600000.0,-624.00574
700000.0,-1090.7261
800000.0,-1444.1096
900000.0,-1725.1653
1000000.0,-1964.5703
