steps,returns
100000.0,1146.7561
200000.0,645.87695
300000.0,672.26306
400000.0,629.4995
500000.0,654.03876
600000.0,550.4641
700000.0,581.98895
800000.0,590.2632
900000.0,563.8622
1000000.0,681.01666
