steps,returns
100000.0,710.69244
200000.0,706.7764
300000.0,682.8691
400000.0,662.0758
500000.0,621.47076
600000.0,
700000.0,
800000.0,
900000.0,
1000000.0,
