steps,returns
100000.0,-0.9094415
200000.0,-1.439516
300000.0,-1.6233289
400000.0,-1.4849627
500000.0,-2.557798
600000.0,1.7833446
700000.0,-14.100344
800000.0,64.72565
900000.0,100.39061
1000000.0,-218.50883
