steps,returns
10000,-446.03125
20000,-474.0547
30000,-453.67188
40000,-434.3125
50000,-437.53906
60000,-455.02344
70000,-433.58594
80000,-418.41406
90000,-453.125
100000,-452.96875
