steps,returns
100000.0,74.1739
200000.0,74.28024
300000.0,72.44795
400000.0,65.79264
500000.0,71.157875
600000.0,75.59067
700000.0,73.52574
800000.0,71.925964
900000.0,73.03598
1000000.0,76.19838
