steps,returns
1000000,-18.25
2000000,-17.171875
3000000,-17.84375
4000000,-18.03125
5000000,-18.21875
6000000,-18.25
7000000,-17.953125
8000000,-17.921875
9000000,-17.671875
10000000,-18.265625
