steps,returns
1000000,237.34375
2000000,190.3125
3000000,153.28125
4000000,399.53125
5000000,822.8125
6000000,839.0625
7000000,1317.6562
8000000,964.84375
9000000,2262.9688
10000000,3682.2656
