steps,returns
100000.0,794.5003
200000.0,750.00916
300000.0,601.7192
400000.0,469.94327
500000.0,474.43625
600000.0,472.634
700000.0,520.1669
800000.0,589.42505
900000.0,551.16907
1000000.0,517.8566
