steps,returns
100000.0,-871.8472
200000.0,-732.17944
300000.0,-689.9607
400000.0,-664.04834
500000.0,-646.1799
600000.0,-780.6865
700000.0,-780.4216
800000.0,-608.5475
900000.0,-674.8965
1000000.0,-793.10815
