steps,returns
1000000,113.4375
2000000,17.5
3000000,16.875
4000000,17.8125
5000000,17.1875
6000000,17.34375
7000000,17.03125
8000000,47.96875
9000000,17.34375
10000000,17.8125
