steps,returns
1000000,-18.25
2000000,-18.15625
3000000,-17.875
4000000,-18.1875
5000000,-17.390625
6000000,-17.671875
7000000,-17.859375
8000000,-18.1875
9000000,-17.5
10000000,-17.75
