steps,returns
100000.0,830.07544
200000.0,861.5059
300000.0,745.3241
400000.0,707.34985
500000.0,779.4273
600000.0,825.44324
700000.0,746.0934
800000.0,715.14844
900000.0,738.5812
1000000.0,721.80164
