steps,returns
100000.0,-13.588344
200000.0,-13.478075
300000.0,-13.313064
400000.0,-13.37734
500000.0,-13.447231
600000.0,-13.526327
700000.0,-13.472939
800000.0,
900000.0,
1000000.0,
