steps,returns
5000,9.65625
10000,9.546875
15000,9.703125
20000,9.5234375
25000,9.4609375
30000,9.546875
35000,9.5390625
40000,9.5625
45000,9.46875
50000,9.5546875
