steps,returns
1000000,-18.1875
2000000,-18.359375
3000000,-17.96875
4000000,-18.03125
5000000,-17.703125
6000000,-17.859375
7000000,-18.453125
8000000,-17.96875
9000000,-18.046875
10000000,-18.3125
