steps,returns
1000000,265.625
2000000,62.1875
3000000,30.15625
4000000,491.71875
5000000,1492.7344
6000000,2047.1875
7000000,2531.6406
8000000,3026.4844
9000000,3072.5
10000000,3065.3906
