steps,returns
100000.0,495.5146
200000.0,688.5801
300000.0,721.8308
400000.0,449.22382
500000.0,68.10916
600000.0,7.945922
700000.0,-94.19964
800000.0,-163.45587
900000.0,-230.53195
1000000.0,-422.0491
