steps,returns
5000,8.921875
10000,9.0234375
15000,9.0625
20000,9.109375
25000,9.078125
30000,9.125
35000,9.15625
40000,9.265625
45000,9.3359375
50000,9.34375
