steps,returns
10000,83.39844
20000,77.60156
30000,82.546875
40000,77.72656
50000,74.96875
60000,93.25
70000,87.22656
80000,88.359375
90000,95.5625
100000,87.64844
