steps,returns
100000.0,937.4688
200000.0,981.6887
300000.0,744.50775
400000.0,-346.53696
500000.0,-79420.44
600000.0,-329999.6
700000.0,-288282.56
800000.0,-234818.88
900000.0,-209501.25
1000000.0,-184097.72
