steps,returns
100000.0,57.85856
200000.0,56.188576
300000.0,55.102886
400000.0,55.612915
500000.0,55.3088
600000.0,55.214592
700000.0,54.81223
800000.0,55.16187
900000.0,55.051697
1000000.0,54.654884
