steps,returns
1000000,563.125
2000000,476.09375
3000000,1581.0938
4000000,357.5
5000000,2271.1719
6000000,555.9375
7000000,164.0625
8000000,51.875
9000000,199.53125
10000000,683.4375
