steps,returns
100000.0,555.9873
200000.0,227.91536
300000.0,-352.94293
400000.0,-1764.6941
500000.0,-1821.5242
600000.0,-1797.5015
700000.0,-1470.7444
800000.0,-1371.7314
900000.0,-1368.3792
1000000.0,-1276.4116
