steps,returns
100000.0,676.439
200000.0,800.59326
300000.0,606.1876
400000.0,94.31041
500000.0,-18.218143
600000.0,1.8423867
700000.0,-153.23053
800000.0,-198.75568
900000.0,-279.47778
1000000.0,-362.55505
