steps,returns
10000,123.6875
20000,162.51562
30000,319.625
40000,386.78906
50000,335.1797
60000,173.21875
70000,162.48438
80000,166.76562
90000,500.0
100000,500.0
