steps,returns
10000,424.4922
20000,30.773438
30000,500.0
40000,92.19531
50000,500.0
60000,500.0
70000,500.0
80000,500.0
90000,500.0
100000,500.0
