steps,returns
5000,12.265625
10000,8.8828125
15000,8.90625
20000,8.8359375
25000,8.9140625
30000,8.9296875
35000,8.90625
40000,8.96875
45000,8.875
50000,8.90625
