steps,returns
100000.0,438.69812
200000.0,166.34863
300000.0,-1663.367
400000.0,-1663.686
500000.0,-4996.1895
600000.0,-6236.9956
700000.0,-4408.554
800000.0,-4420.8423
900000.0,-4136.245
1000000.0,-4416.575
