steps,returns
1000000,-17.796875
2000000,-18.578125
3000000,-18.0
4000000,-18.265625
5000000,-18.75
6000000,-17.96875
7000000,-18.34375
8000000,-17.84375
9000000,-18.0
10000000,-18.203125
