steps,returns
5000,9.34375
10000,40.1875
15000,47.078125
20000,50.015625
25000,100.765625
30000,13.890625
35000,33.609375
40000,149.14062
45000,162.38281
50000,143.47656
