steps,returns
100000.0,797.21783
200000.0,903.92535
300000.0,885.6301
400000.0,859.9912
500000.0,815.52594
600000.0,771.7637
700000.0,757.54285
800000.0,811.9341
900000.0,1007.6271
1000000.0,1168.7104
