steps,returns
5000,12.2734375
10000,9.7265625
15000,258.70312
20000,145.07031
25000,140.8125
30000,83.875
35000,92.8125
40000,113.30469
45000,500.0
50000,166.875
