steps,returns
100000.0,605.3937
200000.0,514.89526
300000.0,553.7345
400000.0,511.76166
500000.0,1006.077
600000.0,570.53455
700000.0,669.0814
800000.0,507.28162
900000.0,597.8817
1000000.0,651.4136
