steps,returns
1000000,416.79688
2000000,692.96875
3000000,819.1406
4000000,718.75
5000000,892.5781
6000000,830.46875
7000000,2494.9219
8000000,900.58594
9000000,1459.7656
10000000,2376.5625
