steps,returns
5000,16.351562
10000,138.29688
15000,406.23438
20000,170.57812
25000,178.55469
30000,133.07031
35000,166.3125
40000,260.85156
45000,91.671875
50000,96.11719
