steps,returns
10000,144.74219
20000,124.5
30000,134.00781
40000,117.17969
50000,143.39844
60000,95.47656
70000,91.0
80000,123.00781
90000,142.07031
100000,170.21875
