steps,returns
100000.0,1017.07874
200000.0,951.92456
300000.0,888.6592
400000.0,856.6129
500000.0,695.6889
600000.0,612.9116
700000.0,569.16583
800000.0,504.32184
900000.0,476.94565
1000000.0,236.20822
