steps,returns
10000,500.0
20000,495.84375
30000,473.96875
40000,195.42969
50000,500.0
60000,500.0
70000,500.0
80000,500.0
90000,500.0
100000,500.0
