steps,returns
10000,86.765625
20000,107.44531
30000,123.52344
40000,116.65625
50000,133.45312
60000,104.25781
70000,126.17969
80000,159.10156
90000,138.91406
100000,134.39062
