steps,returns
100000.0,482.8761
200000.0,766.3654
300000.0,1091.8372
400000.0,1255.3269
500000.0,1088.0966
600000.0,1122.3373
700000.0,1032.4392
800000.0,652.44354
900000.0,768.6122
1000000.0,577.06323
