steps,returns
1000000,-17.28125
2000000,-17.859375
3000000,-17.265625
4000000,-18.28125
5000000,-17.28125
6000000,-18.515625
7000000,-17.421875
8000000,-18.8125
9000000,-18.71875
10000000,-18.203125
