steps,returns
1000000,-17.65625
2000000,-17.75
3000000,-17.296875
4000000,-17.546875
5000000,-18.0
6000000,-17.71875
7000000,-17.578125
8000000,-17.90625
9000000,-17.734375
10000000,-17.9375
