steps,returns
5000,63.4375
10000,82.59375
15000,116.109375
20000,160.6875
25000,105.609375
30000,112.40625
35000,110.96094
40000,113.015625
45000,170.85156
50000,124.515625
