steps,returns
100000.0,626.2947
200000.0,710.745
300000.0,704.70764
400000.0,833.50806
500000.0,891.97797
600000.0,577.6939
700000.0,-38.016914
800000.0,-2.6593432
900000.0,-542.2173
1000000.0,-428.2139
