steps,returns
100000.0,845.08325
200000.0,680.6935
300000.0,479.5095
400000.0,445.16052
500000.0,500.55405
600000.0,615.4716
700000.0,652.2881
800000.0,980.9154
900000.0,1218.8184
1000000.0,970.2829
