steps,returns
100000.0,21.192427
200000.0,21.2202
300000.0,21.23552
400000.0,21.218765
500000.0,21.274187
600000.0,21.235905
700000.0,21.281116
800000.0,21.26931
900000.0,21.228619
1000000.0,21.232174
