steps,returns
10000,210.60938
20000,278.92188
30000,377.375
40000,283.01562
50000,407.3047
60000,464.60938
70000,9.3828125
80000,500.0
90000,37.289062
100000,500.0
