steps,returns
1000000,-18.09375
2000000,-18.078125
3000000,-17.59375
4000000,-18.15625
5000000,-17.078125
6000000,-18.265625
7000000,-18.046875
8000000,-17.90625
9000000,-18.203125
10000000,-18.1875
