steps,returns
100000.0,309.68533
200000.0,179.04054
300000.0,550.9125
400000.0,502.2089
500000.0,685.69635
600000.0,683.131
700000.0,688.9409
800000.0,689.76886
900000.0,1020.8037
1000000.0,1111.6338
