steps,returns
10000,105.0
20000,122.71094
30000,96.22656
40000,199.5625
50000,319.71875
60000,332.03125
70000,467.27344
80000,434.53125
90000,448.21094
100000,434.9297
