steps,returns
100000.0,945.1083
200000.0,852.9223
300000.0,847.9303
400000.0,465.4854
500000.0,412.89246
600000.0,10.241167
700000.0,-1018.7984
800000.0,-932.681
900000.0,-514.62537
1000000.0,-397.2835
