steps,returns
100000.0,-0.30697995
200000.0,0.7547294
300000.0,335.13025
400000.0,18.466614
500000.0,109.855545
600000.0,218.5338
700000.0,-103.99187
800000.0,-166.73624
900000.0,-204.57678
1000000.0,-186.36774
