steps,returns
100000.0,1185.781
200000.0,1221.0045
300000.0,1568.6857
400000.0,1101.4543
500000.0,728.19086
600000.0,440.30444
700000.0,632.83813
800000.0,522.2296
900000.0,476.09674
1000000.0,486.76373
