steps,returns
100000.0,576.99005
200000.0,634.37115
300000.0,649.162
400000.0,616.4518
500000.0,704.06165
600000.0,936.76215
700000.0,1191.3066
800000.0,1273.0929
900000.0,1283.7244
1000000.0,1292.3812
