steps,returns
100000.0,-0.5419882
200000.0,0.22040944
300000.0,6.6236715
400000.0,552.9845
500000.0,39.27664
600000.0,143.428
700000.0,161.61932
800000.0,-34.44983
900000.0,-33.483513
1000000.0,-64.548546
