steps,returns
1000000,40.78125
2000000,16.71875
3000000,17.5
4000000,17.96875
5000000,15.625
6000000,30.3125
7000000,28.59375
8000000,28.90625
9000000,28.90625
10000000,17.96875
