steps,returns
10000,75.13281
20000,93.890625
30000,106.88281
40000,105.59375
50000,109.53906
60000,111.69531
70000,117.3125
80000,124.625
90000,125.53125
100000,121.66406
