steps,returns
100000.0,-102.07454
200000.0,-797.60944
300000.0,-2414.5334
400000.0,-8263.217
500000.0,-18950.246
600000.0,-14180.355
700000.0,-10151.873
800000.0,-13047.441
900000.0,-14223.961
1000000.0,-14657.584
