steps,returns
100000.0,948.4088
200000.0,912.4988
300000.0,934.9269
400000.0,953.56366
500000.0,955.773
600000.0,961.4828
700000.0,961.8823
800000.0,966.87915
900000.0,970.5431
1000000.0,966.50824
