steps,returns
100000.0,890.4403
200000.0,578.9742
300000.0,149.30255
400000.0,-353.63544
500000.0,-421.85803
600000.0,-303.06137
700000.0,-354.24213
800000.0,-384.6894
900000.0,-402.46637
1000000.0,-560.23425
