steps,returns
1000000,268.9453
2000000,224.21875
3000000,401.7578
4000000,381.64062
5000000,311.52344
6000000,600.97656
7000000,325.58594
8000000,268.16406
9000000,175.0
10000000,350.0
