steps,returns
5000,9.2890625
10000,19.023438
15000,17.226562
20000,50.367188
25000,45.945312
30000,22.28125
35000,182.50781
40000,120.13281
45000,112.63281
50000,120.10156
