steps,returns
100000.0,-72.2954
200000.0,-75.31618
300000.0,-73.1655
400000.0,-73.280426
500000.0,-71.08771
600000.0,-67.293884
700000.0,-68.65469
800000.0,-67.50691
900000.0,-73.561264
1000000.0,-69.61983
