steps,returns
1000000,225.0
2000000,541.0156
3000000,130.46875
4000000,455.46875
5000000,432.8125
6000000,323.04688
7000000,181.64062
8000000,129.88281
9000000,208.00781
10000000,225.0
