steps,returns
10000,65.67969
20000,81.34375
30000,97.36719
40000,119.078125
50000,131.88281
60000,139.49219
70000,136.91406
80000,325.5547
90000,475.46875
100000,499.1953
