steps,returns
1000000,505.66406
2000000,864.84375
3000000,1688.8672
4000000,2921.289
5000000,1357.6172
6000000,2312.3047
7000000,3507.4219
8000000,1681.4453
9000000,3644.7266
10000000,2839.8438
