steps,returns
1000000,355.78125
2000000,470.70312
3000000,189.6875
4000000,3382.5
5000000,3167.2656
6000000,3760.1562
7000000,2514.4531
8000000,4950.625
9000000,4547.7344
10000000,4616.4844
