steps,returns
1000000,17.34375
2000000,17.65625
3000000,17.96875
4000000,18.4375
5000000,23.59375
6000000,417.96875
7000000,916.71875
8000000,423.125
9000000,438.125
10000000,570.46875
