steps,returns
1000000,150.0
2000000,655.66406
3000000,850.3906
4000000,587.5
5000000,1182.2266
6000000,975.3906
7000000,483.20312
8000000,3492.5781
9000000,795.3125
10000000,810.35156
