steps,returns
100000.0,432.2039
200000.0,473.54364
300000.0,677.5571
400000.0,456.79706
500000.0,542.7554
600000.0,689.572
700000.0,757.3891
800000.0,778.2191
900000.0,475.11072
1000000.0,613.2693
