steps,returns
1000000,-18.109375
2000000,-18.0625
3000000,-17.40625
4000000,-17.921875
5000000,-17.71875
6000000,-17.78125
7000000,-18.140625
8000000,-17.78125
9000000,-19.0
10000000,-18.078125
