steps,returns
1000000,-17.359375
2000000,-17.34375
3000000,-17.84375
4000000,-17.5
5000000,-17.828125
6000000,-18.265625
7000000,-18.15625
8000000,-18.453125
9000000,-17.9375
10000000,-18.0625
