steps,returns
100000.0,44.18599
200000.0,44.59987
300000.0,43.745934
400000.0,43.823036
500000.0,44.365456
600000.0,44.51555
700000.0,44.178078
800000.0,44.136795
900000.0,44.215206
1000000.0,44.085335
