steps,returns
100000.0,1017.068
200000.0,1010.3926
300000.0,972.348
400000.0,851.994
500000.0,744.78845
600000.0,628.13293
700000.0,585.79175
800000.0,570.6111
900000.0,529.09814
1000000.0,541.8491
