steps,returns
1000000,150.0
2000000,429.29688
3000000,931.83594
4000000,675.58594
5000000,475.0
6000000,489.45312
7000000,747.0703
8000000,827.7344
9000000,826.1719
10000000,1801.1719
