steps,returns
100000.0,496.9044
200000.0,900.6741
300000.0,847.9939
400000.0,822.63184
500000.0,773.0359
600000.0,765.58575
700000.0,775.32355
800000.0,809.47437
900000.0,1111.9392
1000000.0,1109.5231
