steps,returns
5000,9.3515625
10000,10.0546875
15000,13.0390625
20000,74.52344
25000,69.046875
30000,95.96875
35000,113.640625
40000,149.21094
45000,123.015625
50000,110.6875
