{"config": {"hp_config.clip_eps": 0.3353189348090797, "hp_config.ent_coef": 0.10519128053692045, "hp_config.gae_lambda": 0.8257723669012053, "hp_config.learning_rate": 3.7769545138788986e-05, "hp_config.max_grad_norm": 0.3637107709426226, "hp_config.minibatch_size": 64, "hp_config.normalize_advantage": true, "hp_config.vf_clip_eps": 0.4941869190296131, "hp_config.vf_coef": 0.10204481074802807}, "score": -1442.1812744140625, "budget_used": 13, "total_wallclock_time": -193.29683256149292, "total_optimization_time": 0.06451201438903809}
{"config": {"hp_config.clip_eps": 0.3353189348090797, "hp_config.ent_coef": 0.10519128053692045, "hp_config.gae_lambda": 0.8257723669012053, "hp_config.learning_rate": 3.7769545138788986e-05, "hp_config.max_grad_norm": 0.3637107709426226, "hp_config.minibatch_size": 64, "hp_config.normalize_advantage": true, "hp_config.vf_clip_eps": 0.4941869190296131, "hp_config.vf_coef": 0.10204481074802807}, "score": -1442.1812744140625, "budget_used": 26, "total_wallclock_time": -336.4169797897339, "total_optimization_time": 0.124176025390625}
{"config": {"hp_config.clip_eps": 0.3353189348090797, "hp_config.ent_coef": 0.10519128053692045, "hp_config.gae_lambda": 0.8257723669012053, "hp_config.learning_rate": 3.7769545138788986e-05, "hp_config.max_grad_norm": 0.3637107709426226, "hp_config.minibatch_size": 64, "hp_config.normalize_advantage": true, "hp_config.vf_clip_eps": 0.4941869190296131, "hp_config.vf_coef": 0.10204481074802807}, "score": -1442.1812744140625, "budget_used": 39, "total_wallclock_time": -477.19523763656616, "total_optimization_time": 0.13228559494018555}
{"config": {"hp_config.clip_eps": 0.3450125100956137, "hp_config.ent_coef": 0.34981102712525836, "hp_config.gae_lambda": 0.8655113082712681, "hp_config.learning_rate": 0.006079854886425403, "hp_config.max_grad_norm": 0.6360610554471413, "hp_config.minibatch_size": 32, "hp_config.normalize_advantage": true, "hp_config.vf_clip_eps": 0.39819573725866586, "hp_config.vf_coef": 0.9591666030352225}, "score": NaN, "budget_used": 52, "total_wallclock_time": -676.6555240154266, "total_optimization_time": 0.13523030281066895}
{"config": {"hp_config.clip_eps": 0.3450125100956137, "hp_config.ent_coef": 0.34981102712525836, "hp_config.gae_lambda": 0.8655113082712681, "hp_config.learning_rate": 0.006079854886425403, "hp_config.max_grad_norm": 0.6360610554471413, "hp_config.minibatch_size": 32, "hp_config.normalize_advantage": true, "hp_config.vf_clip_eps": 0.39819573725866586, "hp_config.vf_coef": 0.9591666030352225}, "score": NaN, "budget_used": 65, "total_wallclock_time": -817.4395196437836, "total_optimization_time": 0.13852596282958984}
{"config": {"hp_config.clip_eps": 0.3450125100956137, "hp_config.ent_coef": 0.34981102712525836, "hp_config.gae_lambda": 0.8655113082712681, "hp_config.learning_rate": 0.006079854886425403, "hp_config.max_grad_norm": 0.6360610554471413, "hp_config.minibatch_size": 32, "hp_config.normalize_advantage": true, "hp_config.vf_clip_eps": 0.39819573725866586, "hp_config.vf_coef": 0.9591666030352225}, "score": NaN, "budget_used": 78, "total_wallclock_time": -981.6152148246765, "total_optimization_time": 0.1414797306060791}
{"config": {"hp_config.clip_eps": 0.3450125100956137, "hp_config.ent_coef": 0.34981102712525836, "hp_config.gae_lambda": 0.8655113082712681, "hp_config.learning_rate": 0.006079854886425403, "hp_config.max_grad_norm": 0.6360610554471413, "hp_config.minibatch_size": 32, "hp_config.normalize_advantage": true, "hp_config.vf_clip_eps": 0.39819573725866586, "hp_config.vf_coef": 0.9591666030352225}, "score": NaN, "budget_used": 91, "total_wallclock_time": -1110.5630280971527, "total_optimization_time": 0.15933799743652344}
{"config": {"hp_config.clip_eps": 0.3450125100956137, "hp_config.ent_coef": 0.34981102712525836, "hp_config.gae_lambda": 0.8655113082712681, "hp_config.learning_rate": 0.006079854886425403, "hp_config.max_grad_norm": 0.6360610554471413, "hp_config.minibatch_size": 32, "hp_config.normalize_advantage": true, "hp_config.vf_clip_eps": 0.39819573725866586, "hp_config.vf_coef": 0.9591666030352225}, "score": NaN, "budget_used": 104, "total_wallclock_time": -1240.4409399032593, "total_optimization_time": 0.1663069725036621}
{"config": {"hp_config.clip_eps": 0.3450125100956137, "hp_config.ent_coef": 0.34981102712525836, "hp_config.gae_lambda": 0.8655113082712681, "hp_config.learning_rate": 0.006079854886425403, "hp_config.max_grad_norm": 0.6360610554471413, "hp_config.minibatch_size": 32, "hp_config.normalize_advantage": true, "hp_config.vf_clip_eps": 0.39819573725866586, "hp_config.vf_coef": 0.9591666030352225}, "score": NaN, "budget_used": 117, "total_wallclock_time": -1371.463535785675, "total_optimization_time": 0.1695239543914795}
{"config": {"hp_config.clip_eps": 0.3450125100956137, "hp_config.ent_coef": 0.34981102712525836, "hp_config.gae_lambda": 0.8655113082712681, "hp_config.learning_rate": 0.006079854886425403, "hp_config.max_grad_norm": 0.6360610554471413, "hp_config.minibatch_size": 32, "hp_config.normalize_advantage": true, "hp_config.vf_clip_eps": 0.39819573725866586, "hp_config.vf_coef": 0.9591666030352225}, "score": NaN, "budget_used": 130, "total_wallclock_time": -1502.4037084579468, "total_optimization_time": 0.17377996444702148}
{"config": {"hp_config.clip_eps": 0.3450125100956137, "hp_config.ent_coef": 0.34981102712525836, "hp_config.gae_lambda": 0.8655113082712681, "hp_config.learning_rate": 0.006079854886425403, "hp_config.max_grad_norm": 0.6360610554471413, "hp_config.minibatch_size": 32, "hp_config.normalize_advantage": true, "hp_config.vf_clip_eps": 0.39819573725866586, "hp_config.vf_coef": 0.9591666030352225}, "score": NaN, "budget_used": 143, "total_wallclock_time": -1637.1344256401062, "total_optimization_time": 0.1779778003692627}
