steps,returns
100000.0,1376.625
200000.0,1128.9468
300000.0,1050.7639
400000.0,850.03955
500000.0,870.61084
600000.0,763.8673
700000.0,801.8165
800000.0,844.2246
900000.0,860.7704
1000000.0,882.51807
