steps,returns
100000.0,483.55225
200000.0,921.13763
300000.0,726.914
400000.0,751.2573
500000.0,843.5672
600000.0,1165.0593
700000.0,1079.982
800000.0,1074.9011
900000.0,906.5772
1000000.0,1145.4674
