steps,returns
100000.0,951.74915
200000.0,1087.7976
300000.0,1040.5411
400000.0,950.8347
500000.0,948.9551
600000.0,990.6375
700000.0,1061.1985
800000.0,1085.8699
900000.0,1119.6584
1000000.0,999.97815
