steps,returns
5000,9.3125
10000,9.40625
15000,9.1796875
20000,9.375
25000,9.3515625
30000,9.2421875
35000,9.3359375
40000,9.09375
45000,9.34375
50000,9.359375
