steps,returns
100000.0,979.76636
200000.0,1055.4917
300000.0,1097.8147
400000.0,569.13855
500000.0,496.6067
600000.0,471.389
700000.0,429.84448
800000.0,417.30316
900000.0,379.94113
1000000.0,360.24414
