steps,returns
5000,88.64844
10000,12.3046875
15000,11.53125
20000,50.320312
25000,82.515625
30000,200.15625
35000,107.046875
40000,192.6875
45000,116.546875
50000,93.13281
