steps,returns
1000000,150.0
2000000,150.0
3000000,125.0
4000000,150.0
5000000,325.0
6000000,264.0625
7000000,344.92188
8000000,342.3828
9000000,444.72656
10000000,225.0
