steps,returns
10000,270.72656
20000,394.7422
30000,474.89844
40000,236.82031
50000,164.07031
60000,412.25
70000,492.71094
80000,413.8672
90000,442.96875
100000,500.0
