steps,returns
1000000,325.0
2000000,212.89062
3000000,709.96094
4000000,154.10156
5000000,348.82812
6000000,852.53906
7000000,262.89062
8000000,498.2422
9000000,586.52344
10000000,590.8203
