steps,returns
10000,-472.0703
20000,-440.9453
30000,-468.97656
40000,-451.39844
50000,-500.0
60000,-500.0
70000,-348.23438
80000,-500.0
90000,-424.4297
100000,-500.0
