steps,returns
100000.0,702.3792
200000.0,623.33527
300000.0,664.11554
400000.0,651.28754
500000.0,618.2497
600000.0,717.4745
700000.0,915.0353
800000.0,1005.64294
900000.0,960.6571
1000000.0,1158.7493
