steps,returns
100000.0,794.131
200000.0,630.88965
300000.0,719.6647
400000.0,863.5399
500000.0,880.0249
600000.0,904.68945
700000.0,889.5883
800000.0,879.3176
900000.0,865.52527
1000000.0,867.2837
