steps,returns
5000,41.140625
10000,155.0625
15000,137.89062
20000,158.77344
25000,141.07812
30000,194.1875
35000,164.40625
40000,500.0
45000,163.82812
50000,194.875
