steps,returns
100000.0,25.928255
200000.0,25.228062
300000.0,25.336336
400000.0,25.394625
500000.0,25.375462
600000.0,25.295534
700000.0,25.422813
800000.0,25.293613
900000.0,25.398403
1000000.0,25.322685
