steps,returns
1000000,-17.75
2000000,-18.390625
3000000,-17.984375
4000000,-18.046875
5000000,-17.953125
6000000,-17.921875
7000000,-18.03125
8000000,-18.109375
9000000,-18.578125
10000000,-17.828125
