steps,returns
100000.0,1030.8522
200000.0,1034.3379
300000.0,1023.09094
400000.0,996.6456
500000.0,953.7929
600000.0,872.0902
700000.0,790.1468
800000.0,660.86255
900000.0,568.9007
1000000.0,547.94415
