steps,returns
10000,171.80469
20000,378.9375
30000,250.01562
40000,111.921875
50000,65.83594
60000,116.96875
70000,177.80469
80000,257.51562
90000,428.0703
100000,445.1172
