steps,returns
100000.0,-0.719991
200000.0,-0.04679121
300000.0,450.0121
400000.0,91.48134
500000.0,-191.40631
600000.0,-181.40973
700000.0,-284.63092
800000.0,-284.6823
900000.0,-300.14542
1000000.0,-42.28801
