steps,returns
1000000,42.34375
2000000,49.375
3000000,16.71875
4000000,17.8125
5000000,15.78125
6000000,56.5625
7000000,30.15625
8000000,17.03125
9000000,27.96875
10000000,17.65625
