steps,returns
100000.0,134.50363
200000.0,125.662
300000.0,133.33063
400000.0,134.55063
500000.0,133.56812
600000.0,132.89624
700000.0,132.89203
800000.0,133.25485
900000.0,134.19861
1000000.0,134.32492
