steps,returns
1000000,287.8125
2000000,446.71875
3000000,368.90625
4000000,528.28125
5000000,228.4375
6000000,384.84375
7000000,783.125
8000000,2193.2812
9000000,3035.7812
10000000,3289.7656
