steps,returns
1000000,-17.9375
2000000,-17.1875
3000000,-18.015625
4000000,-17.78125
5000000,-17.671875
6000000,-17.515625
7000000,-17.203125
8000000,-17.3125
9000000,-17.375
10000000,-17.078125
