steps,returns
1000000,649.6094
2000000,449.21875
3000000,830.27344
4000000,389.0625
5000000,467.96875
6000000,582.03125
7000000,684.5703
8000000,452.34375
9000000,600.3906
10000000,450.0
