steps,returns
5000,61.984375
10000,81.21875
15000,81.734375
20000,51.671875
25000,265.5547
30000,112.57031
35000,106.046875
40000,144.27344
45000,500.0
50000,89.89844
