steps,returns
100000.0,570.1266
200000.0,581.91064
300000.0,578.553
400000.0,691.68097
500000.0,1117.5813
600000.0,1242.7144
700000.0,1181.7904
800000.0,1247.368
900000.0,1297.3588
1000000.0,1379.4402
