steps,returns
100000.0,146.09589
200000.0,145.2161
300000.0,145.5704
400000.0,145.5037
500000.0,146.03177
600000.0,146.23038
700000.0,146.0683
800000.0,146.20415
900000.0,146.17345
1000000.0,146.3124
