steps,returns
1000000,-17.6875
2000000,-17.671875
3000000,-17.453125
4000000,-18.234375
5000000,-18.03125
6000000,-17.84375
7000000,-18.1875
8000000,-18.046875
9000000,-17.9375
10000000,-18.078125
