steps,returns
5000,491.95312
10000,311.22656
15000,227.35156
20000,194.07812
25000,177.125
30000,127.140625
35000,81.25
40000,57.273438
45000,42.03125
50000,24.921875
