steps,returns
100000.0,1055.7887
200000.0,698.27496
300000.0,1352.6873
400000.0,1351.0455
500000.0,740.283
600000.0,529.71155
700000.0,391.01968
800000.0,-246.89877
900000.0,-851.88544
1000000.0,-1119.9485
