steps,returns
1000000,519.1406
2000000,943.9453
3000000,608.78906
4000000,714.64844
5000000,1055.2734
6000000,868.3594
7000000,1632.6172
8000000,2073.4375
9000000,2341.7969
10000000,4100.9766
