steps,returns
100000.0,1.4072435
200000.0,43.434357
300000.0,-87.71392
400000.0,-246.79823
500000.0,-275.26288
600000.0,-247.03456
700000.0,55.96094
800000.0,129.62604
900000.0,187.33238
1000000.0,265.85706
