steps,returns
5000,10.5546875
10000,41.140625
15000,9.359375
20000,47.914062
25000,137.86719
30000,142.45312
35000,160.54688
40000,119.734375
45000,73.421875
50000,108.88281
