steps,returns
5000,32.671875
10000,34.210938
15000,37.476562
20000,41.632812
25000,46.421875
30000,42.9375
35000,43.0625
40000,47.390625
45000,48.820312
50000,52.0
