steps,returns
10000,162.78906
20000,226.36719
30000,472.9375
40000,325.67188
50000,382.9922
60000,321.3047
70000,404.04688
80000,469.8203
90000,9.359375
100000,9.4140625
