steps,returns
1000000,-18.375
2000000,-18.203125
3000000,-17.71875
4000000,-18.0
5000000,-18.0625
6000000,-18.40625
7000000,-17.90625
8000000,-17.75
9000000,-17.6875
10000000,-18.015625
