steps,returns
5000,88.4375
10000,81.859375
15000,80.359375
20000,86.67969
25000,84.9375
30000,78.921875
35000,78.015625
40000,76.80469
45000,83.609375
50000,80.34375
