steps,returns
1000000,-18.25
2000000,-17.453125
3000000,-17.890625
4000000,-17.9375
5000000,-17.609375
6000000,-17.25
7000000,-17.71875
8000000,-17.734375
9000000,-17.390625
10000000,-17.171875
