steps,returns
1000000,-17.296875
2000000,-17.421875
3000000,-17.734375
4000000,-18.3125
5000000,-18.203125
6000000,-18.4375
7000000,-18.171875
8000000,-18.4375
9000000,-19.234375
10000000,-17.65625
