steps,returns
1000000,187.5
2000000,139.84375
3000000,243.35938
4000000,403.3203
5000000,133.20312
6000000,100.0
7000000,371.09375
8000000,250.39062
9000000,324.60938
10000000,256.25
