steps,returns
10000,-300.8828
20000,-307.90625
30000,-303.3047
40000,-266.6953
50000,-324.1172
60000,-322.09375
70000,-323.5078
80000,-346.82812
90000,-365.33594
100000,-355.5
