steps,returns
5000,37.257812
10000,46.390625
15000,49.976562
20000,53.617188
25000,54.0
30000,57.640625
35000,60.820312
40000,64.578125
45000,68.21875
50000,58.859375
