steps,returns
1000000,150.0
2000000,625.0
3000000,468.75
4000000,655.46875
5000000,970.3125
6000000,544.33594
7000000,628.90625
8000000,469.53125
9000000,1848.8281
10000000,530.0781
