steps,returns
10000,111.09375
20000,88.71875
30000,96.67969
40000,160.42188
50000,334.54688
60000,498.5
70000,459.15625
80000,493.8672
90000,493.39062
100000,481.625
