steps,returns
1000000,-17.875
2000000,-17.875
3000000,-17.796875
4000000,-18.28125
5000000,-18.109375
6000000,-18.34375
7000000,-17.96875
8000000,-17.390625
9000000,-17.375
10000000,-18.15625
