steps,returns
1000000,-18.09375
2000000,-17.53125
3000000,-17.84375
4000000,-18.203125
5000000,-17.59375
6000000,-18.453125
7000000,-17.875
8000000,-17.953125
9000000,-18.4375
10000000,-18.40625
