steps,returns
100000.0,749.2214
200000.0,752.4952
300000.0,775.0504
400000.0,792.90857
500000.0,707.36743
600000.0,1336.0114
700000.0,1286.1707
800000.0,1437.6808
900000.0,1461.2378
1000000.0,1057.2585
