steps,returns
1000000,-18.234375
2000000,-17.5625
3000000,-17.609375
4000000,-17.34375
5000000,-17.90625
6000000,-17.75
7000000,-17.375
8000000,-16.9375
9000000,-17.515625
10000000,-18.03125
