steps,returns
1000000,91.40625
2000000,19.21875
3000000,24.0625
4000000,351.25
5000000,223.4375
6000000,337.5
7000000,190.78125
8000000,654.0625
9000000,150.15625
10000000,256.64062
