steps,returns
1000000,150.0
2000000,125.0
3000000,225.0
4000000,261.32812
5000000,471.48438
6000000,277.53906
7000000,393.9453
8000000,662.6953
9000000,579.4922
10000000,631.6406
