steps,returns
1000000,719.53125
2000000,594.72656
3000000,1709.9609
4000000,773.4375
5000000,819.53125
6000000,3081.6406
7000000,2699.8047
8000000,3672.2656
9000000,3671.0938
10000000,2133.0078
