steps,returns
1000000,707.03125
2000000,680.27344
3000000,599.21875
4000000,425.0
5000000,614.4531
6000000,1008.59375
7000000,571.4844
8000000,641.21094
9000000,702.7344
10000000,731.6406
