steps,returns
1000000,51.71875
2000000,66.40625
3000000,77.65625
4000000,38.125
5000000,29.375
6000000,22.65625
7000000,17.34375
8000000,31.5625
9000000,26.09375
10000000,135.9375
