steps,returns
10000,-259.4375
20000,-500.0
30000,-234.07812
40000,-500.0
50000,-500.0
60000,-500.0
70000,-500.0
80000,-172.74219
90000,-500.0
100000,-500.0
