steps,returns
10000,-500.0
20000,-204.58594
30000,-98.32031
40000,-143.57031
50000,-161.45312
60000,-500.0
70000,-500.0
80000,-500.0
90000,-500.0
100000,-500.0
