steps,returns
10000,108.53125
20000,103.71094
30000,84.9375
40000,112.33594
50000,111.19531
60000,130.85938
70000,151.24219
80000,158.25
90000,203.01562
100000,262.1328
