{"config": {"hp_config.buffer_alpha": 0.7006548839679922, "hp_config.buffer_batch_size": 64, "hp_config.buffer_beta": 0.670099048291211, "hp_config.buffer_epsilon": 0.007035740826563435, "hp_config.buffer_prio_sampling": true, "hp_config.buffer_size": 13784, "hp_config.epsilon": 0.161137033707471, "hp_config.gradient_steps": 4, "hp_config.learning_rate": 0.0007095513849771362, "hp_config.learning_starts": 449, "hp_config.train_freq": 127, "hp_config.use_target_network": true, "hp_config.target_update_interval": 209, "hp_config.tau": 0.1696964227061463}, "score": 9.59375, "budget_used": 13, "total_wallclock_time": -70.37830471992493, "total_optimization_time": 0.007700204849243164}
{"config": {"hp_config.buffer_alpha": 0.7006548839679922, "hp_config.buffer_batch_size": 64, "hp_config.buffer_beta": 0.670099048291211, "hp_config.buffer_epsilon": 0.007035740826563435, "hp_config.buffer_prio_sampling": true, "hp_config.buffer_size": 13784, "hp_config.epsilon": 0.161137033707471, "hp_config.gradient_steps": 4, "hp_config.learning_rate": 0.0007095513849771362, "hp_config.learning_starts": 449, "hp_config.train_freq": 127, "hp_config.use_target_network": true, "hp_config.target_update_interval": 209, "hp_config.tau": 0.1696964227061463}, "score": 9.59375, "budget_used": 26, "total_wallclock_time": -141.88248991966248, "total_optimization_time": 0.028018951416015625}
{"config": {"hp_config.buffer_alpha": 0.7006548839679922, "hp_config.buffer_batch_size": 64, "hp_config.buffer_beta": 0.670099048291211, "hp_config.buffer_epsilon": 0.007035740826563435, "hp_config.buffer_prio_sampling": true, "hp_config.buffer_size": 13784, "hp_config.epsilon": 0.161137033707471, "hp_config.gradient_steps": 4, "hp_config.learning_rate": 0.0007095513849771362, "hp_config.learning_starts": 449, "hp_config.train_freq": 127, "hp_config.use_target_network": true, "hp_config.target_update_interval": 209, "hp_config.tau": 0.1696964227061463}, "score": 9.59375, "budget_used": 39, "total_wallclock_time": -211.02605152130127, "total_optimization_time": 0.03223109245300293}
{"config": {"hp_config.buffer_alpha": 0.7006548839679922, "hp_config.buffer_batch_size": 64, "hp_config.buffer_beta": 0.670099048291211, "hp_config.buffer_epsilon": 0.007035740826563435, "hp_config.buffer_prio_sampling": true, "hp_config.buffer_size": 13784, "hp_config.epsilon": 0.161137033707471, "hp_config.gradient_steps": 4, "hp_config.learning_rate": 0.0007095513849771362, "hp_config.learning_starts": 449, "hp_config.train_freq": 127, "hp_config.use_target_network": true, "hp_config.target_update_interval": 209, "hp_config.tau": 0.1696964227061463}, "score": 9.59375, "budget_used": 52, "total_wallclock_time": -280.54815340042114, "total_optimization_time": 0.03667402267456055}
{"config": {"hp_config.buffer_alpha": 0.11138962086789224, "hp_config.buffer_batch_size": 64, "hp_config.buffer_beta": 0.3111567046834138, "hp_config.buffer_epsilon": 0.001678231621750063, "hp_config.buffer_prio_sampling": true, "hp_config.buffer_size": 11675, "hp_config.epsilon": 0.28626770886657327, "hp_config.gradient_steps": 3, "hp_config.learning_rate": 0.0009597659246237261, "hp_config.learning_starts": 120, "hp_config.train_freq": 125, "hp_config.use_target_network": false}, "score": 9.328125, "budget_used": 65, "total_wallclock_time": -349.9868812561035, "total_optimization_time": 0.04081368446350098}
{"config": {"hp_config.buffer_alpha": 0.11138962086789224, "hp_config.buffer_batch_size": 64, "hp_config.buffer_beta": 0.3111567046834138, "hp_config.buffer_epsilon": 0.001678231621750063, "hp_config.buffer_prio_sampling": true, "hp_config.buffer_size": 11675, "hp_config.epsilon": 0.28626770886657327, "hp_config.gradient_steps": 3, "hp_config.learning_rate": 0.0009597659246237261, "hp_config.learning_starts": 120, "hp_config.train_freq": 125, "hp_config.use_target_network": false}, "score": 9.328125, "budget_used": 78, "total_wallclock_time": -425.42676043510437, "total_optimization_time": 0.046224117279052734}
{"config": {"hp_config.buffer_alpha": 0.11138962086789224, "hp_config.buffer_batch_size": 64, "hp_config.buffer_beta": 0.3111567046834138, "hp_config.buffer_epsilon": 0.001678231621750063, "hp_config.buffer_prio_sampling": true, "hp_config.buffer_size": 11675, "hp_config.epsilon": 0.28626770886657327, "hp_config.gradient_steps": 3, "hp_config.learning_rate": 0.0009597659246237261, "hp_config.learning_starts": 120, "hp_config.train_freq": 125, "hp_config.use_target_network": false}, "score": 9.328125, "budget_used": 91, "total_wallclock_time": -506.3906502723694, "total_optimization_time": 0.05087542533874512}
{"config": {"hp_config.buffer_alpha": 0.11138962086789224, "hp_config.buffer_batch_size": 64, "hp_config.buffer_beta": 0.3111567046834138, "hp_config.buffer_epsilon": 0.001678231621750063, "hp_config.buffer_prio_sampling": true, "hp_config.buffer_size": 11675, "hp_config.epsilon": 0.28626770886657327, "hp_config.gradient_steps": 3, "hp_config.learning_rate": 0.0009597659246237261, "hp_config.learning_starts": 120, "hp_config.train_freq": 125, "hp_config.use_target_network": false}, "score": 9.328125, "budget_used": 104, "total_wallclock_time": -575.3412170410156, "total_optimization_time": 0.05564761161804199}
{"config": {"hp_config.buffer_alpha": 0.11138962086789224, "hp_config.buffer_batch_size": 64, "hp_config.buffer_beta": 0.3111567046834138, "hp_config.buffer_epsilon": 0.001678231621750063, "hp_config.buffer_prio_sampling": true, "hp_config.buffer_size": 11675, "hp_config.epsilon": 0.28626770886657327, "hp_config.gradient_steps": 3, "hp_config.learning_rate": 0.0009597659246237261, "hp_config.learning_starts": 120, "hp_config.train_freq": 125, "hp_config.use_target_network": false}, "score": 9.328125, "budget_used": 117, "total_wallclock_time": -644.7829830646515, "total_optimization_time": 0.06340360641479492}
{"config": {"hp_config.buffer_alpha": 0.11138962086789224, "hp_config.buffer_batch_size": 64, "hp_config.buffer_beta": 0.3111567046834138, "hp_config.buffer_epsilon": 0.001678231621750063, "hp_config.buffer_prio_sampling": true, "hp_config.buffer_size": 11675, "hp_config.epsilon": 0.28626770886657327, "hp_config.gradient_steps": 3, "hp_config.learning_rate": 0.0009597659246237261, "hp_config.learning_starts": 120, "hp_config.train_freq": 125, "hp_config.use_target_network": false}, "score": 9.328125, "budget_used": 130, "total_wallclock_time": -714.6283655166626, "total_optimization_time": 0.06798815727233887}
{"config": {"hp_config.buffer_alpha": 0.11138962086789224, "hp_config.buffer_batch_size": 64, "hp_config.buffer_beta": 0.3111567046834138, "hp_config.buffer_epsilon": 0.001678231621750063, "hp_config.buffer_prio_sampling": true, "hp_config.buffer_size": 11675, "hp_config.epsilon": 0.28626770886657327, "hp_config.gradient_steps": 3, "hp_config.learning_rate": 0.0009597659246237261, "hp_config.learning_starts": 120, "hp_config.train_freq": 125, "hp_config.use_target_network": false}, "score": 9.328125, "budget_used": 143, "total_wallclock_time": -783.028265953064, "total_optimization_time": 0.07402443885803223}
