steps,returns
1000000,-18.03125
2000000,-18.0
3000000,-18.421875
4000000,-17.65625
5000000,-17.734375
6000000,-17.953125
7000000,-17.453125
8000000,-17.734375
9000000,-17.328125
10000000,-18.234375
