steps,returns
100000.0,905.8949
200000.0,483.33234
300000.0,436.5107
400000.0,507.4787
500000.0,653.7492
600000.0,805.78345
700000.0,836.4453
800000.0,851.011
900000.0,842.2803
1000000.0,833.53503
