steps,returns
100000.0,283.28198
200000.0,329.34064
300000.0,358.16718
400000.0,358.07748
500000.0,357.79214
600000.0,356.62515
700000.0,356.19226
800000.0,356.5484
900000.0,356.96808
1000000.0,357.70593
