steps,returns
1000000,1504.6875
2000000,1388.6719
3000000,453.90625
4000000,305.0
5000000,446.79688
6000000,726.09375
7000000,1231.7188
8000000,1265.1562
9000000,735.0
10000000,1199.4531
