steps,returns
1000000,-17.6875
2000000,-17.953125
3000000,-17.71875
4000000,-18.046875
5000000,-17.921875
6000000,-17.609375
7000000,-17.875
8000000,-18.03125
9000000,-18.15625
10000000,-17.6875
