steps,returns
1000000,597.65625
2000000,746.875
3000000,903.90625
4000000,950.0
5000000,1791.2109
6000000,1646.6797
7000000,3069.1406
8000000,3369.1406
9000000,3499.6094
10000000,3730.664
