steps,returns
100000.0,819.4094
200000.0,917.0111
300000.0,705.6217
400000.0,337.40643
500000.0,287.1223
600000.0,258.60434
700000.0,231.27936
800000.0,806.1809
900000.0,827.00024
1000000.0,817.9811
