steps,returns
5000,9.3984375
10000,23.664062
15000,12.171875
20000,97.77344
25000,178.88281
30000,436.66406
35000,500.0
40000,121.75781
45000,165.85156
50000,82.64844
