steps,returns
10000,118.67969
20000,149.88281
30000,150.98438
40000,168.15625
50000,169.44531
60000,136.4375
70000,138.42969
80000,122.046875
90000,162.875
100000,172.55469
