steps,returns
10000,150.39062
20000,184.60938
30000,206.16406
40000,358.14844
50000,396.39844
60000,443.65625
70000,494.09375
80000,305.10156
90000,451.1953
100000,487.96094
