steps,returns
100000.0,785.531
200000.0,919.41583
300000.0,956.57043
400000.0,1094.5232
500000.0,1112.4475
600000.0,1182.5817
700000.0,1231.7341
800000.0,1278.9574
900000.0,1325.158
1000000.0,1423.4845
