steps,returns
1000000,391.60156
2000000,362.3047
3000000,426.17188
4000000,425.0
5000000,481.83594
6000000,640.8203
7000000,1009.7656
8000000,467.3828
9000000,570.1172
10000000,284.76562
