steps,returns
1000000,256.4453
2000000,589.84375
3000000,712.3047
4000000,656.25
5000000,714.0625
6000000,412.6953
7000000,657.6172
8000000,494.72656
9000000,492.3828
10000000,818.3594
