steps,returns
100000.0,613.8879
200000.0,587.7601
300000.0,603.03485
400000.0,588.0365
500000.0,633.70605
600000.0,730.34155
700000.0,1160.6682
800000.0,1255.5947
900000.0,1313.2007
1000000.0,1461.1963
