steps,returns
100000.0,824.40283
200000.0,806.0454
300000.0,756.03784
400000.0,556.746
500000.0,714.8529
600000.0,641.7372
700000.0,928.3099
800000.0,1167.6229
900000.0,1228.2069
1000000.0,897.01874
