steps,returns
100000.0,809.363
200000.0,536.64014
300000.0,-441.75812
400000.0,-698.8057
500000.0,-2608.3887
600000.0,-2757.6904
700000.0,-5932.6357
800000.0,-5186.4834
900000.0,-6715.422
1000000.0,-9695.877
