steps,returns
100000.0,1035.2499
200000.0,1001.6814
300000.0,873.0038
400000.0,804.3135
500000.0,614.49945
600000.0,500.7397
700000.0,663.6775
800000.0,542.8337
900000.0,629.09155
1000000.0,550.3898
