steps,returns
100000.0,431.79758
200000.0,666.0202
300000.0,890.3274
400000.0,836.49915
500000.0,796.15137
600000.0,758.4845
700000.0,765.30054
800000.0,1012.64905
900000.0,1112.0872
1000000.0,1107.0166
