steps,returns
1000000,-17.984375
2000000,-17.9375
3000000,-18.359375
4000000,-18.609375
5000000,-17.765625
6000000,-18.046875
7000000,-18.0
8000000,-18.125
9000000,-17.78125
10000000,-18.0
