steps,returns
1000000,-17.65625
2000000,-17.953125
3000000,-18.453125
4000000,-18.046875
5000000,-17.65625
6000000,-17.84375
7000000,-18.03125
8000000,-18.359375
9000000,-17.78125
10000000,-17.96875
