steps,returns
5000,8.8984375
10000,9.0625
15000,9.03125
20000,9.0234375
25000,9.078125
30000,8.96875
35000,9.1875
40000,9.0546875
45000,9.0390625
50000,9.0078125
