steps,returns
1000000,300.0
2000000,125.0
3000000,378.51562
4000000,424.60938
5000000,450.97656
6000000,496.28906
7000000,548.0469
8000000,257.22656
9000000,732.6172
10000000,795.89844
