steps,returns
1000000,-17.5625
2000000,-17.578125
3000000,-17.96875
4000000,-18.203125
5000000,-17.40625
6000000,-17.65625
7000000,-17.90625
8000000,-17.421875
9000000,-17.828125
10000000,-17.78125
