steps,returns
1000000,27.96875
2000000,27.5
3000000,16.875
4000000,17.5
5000000,46.25
6000000,16.40625
7000000,50.46875
8000000,38.75
9000000,51.71875
10000000,17.5
