steps,returns
100000.0,903.98145
200000.0,659.78705
300000.0,760.07574
400000.0,825.266
500000.0,820.8122
600000.0,698.28613
700000.0,683.14166
800000.0,687.62976
900000.0,686.4856
1000000.0,1055.5227
