steps,returns
1000000,17.1875
2000000,17.5
3000000,18.125
4000000,18.125
5000000,58.75
6000000,219.21875
7000000,46.71875
8000000,18.90625
9000000,17.03125
10000000,17.5
