steps,returns
1000000,125.78125
2000000,45.3125
3000000,484.21875
4000000,196.25
5000000,421.875
6000000,739.0625
7000000,200.9375
8000000,275.07812
9000000,904.6094
10000000,847.65625
