steps,returns
100000.0,1078.4652
200000.0,1077.0627
300000.0,1078.8651
400000.0,1077.1384
500000.0,1036.4951
600000.0,337.47333
700000.0,649.4066
800000.0,762.10254
900000.0,791.0564
1000000.0,791.2345
