steps,returns
1000000,-17.828125
2000000,-17.203125
3000000,-18.03125
4000000,-18.3125
5000000,-18.234375
6000000,-18.140625
7000000,-17.921875
8000000,-18.34375
9000000,-17.578125
10000000,-18.359375
