steps,returns
100000.0,782.38245
200000.0,765.5904
300000.0,834.66943
400000.0,765.3179
500000.0,723.1455
600000.0,638.25354
700000.0,596.6488
800000.0,601.71533
900000.0,628.9121
1000000.0,650.117
