steps,returns
100000.0,13.21055
200000.0,13.012325
300000.0,12.912709
400000.0,12.918236
500000.0,12.963278
600000.0,12.93969
700000.0,13.044783
800000.0,12.858498
900000.0,13.037678
1000000.0,12.874132
