steps,returns
100000.0,1075.108
200000.0,784.6949
300000.0,709.9375
400000.0,739.3672
500000.0,795.07104
600000.0,930.50696
700000.0,976.34766
800000.0,945.1426
900000.0,929.1113
1000000.0,913.26074
