steps,returns
5000,8.8046875
10000,8.8359375
15000,8.9140625
20000,8.7890625
25000,8.828125
30000,8.703125
35000,8.8671875
40000,8.8125
45000,8.796875
50000,8.8828125
