steps,returns
100000.0,525.6132
200000.0,565.08606
300000.0,679.7073
400000.0,606.32104
500000.0,577.9684
600000.0,642.0355
700000.0,704.4902
800000.0,768.5251
900000.0,1063.2948
1000000.0,1322.445
