steps,returns
100000.0,701.96423
200000.0,600.63196
300000.0,545.41534
400000.0,559.7059
500000.0,555.87463
600000.0,566.4781
700000.0,596.6864
800000.0,653.52
900000.0,668.4475
1000000.0,685.2185
