steps,returns
10000,-500.0
20000,-500.0
30000,-500.0
40000,-500.0
50000,-87.03906
60000,-94.50781
70000,-85.703125
80000,-93.05469
90000,-167.17969
100000,-87.25781
