steps,returns
100000.0,1029.3127
200000.0,975.62396
300000.0,899.45654
400000.0,691.36084
500000.0,465.8388
600000.0,406.50818
700000.0,552.527
800000.0,353.31018
900000.0,507.0854
1000000.0,325.69495
