steps,returns
1000000,183.98438
2000000,323.6328
3000000,733.39844
4000000,839.64844
5000000,787.5
6000000,801.3672
7000000,818.3594
8000000,807.4219
9000000,679.6875
10000000,850.0
