steps,returns
100000.0,308.62192
200000.0,313.85486
300000.0,313.57947
400000.0,308.2729
500000.0,310.711
600000.0,310.14996
700000.0,310.79468
800000.0,310.49
900000.0,312.09033
1000000.0,311.70428
