steps,returns
5000,13.59375
10000,18.023438
15000,9.3125
20000,85.92969
25000,140.39844
30000,132.89062
35000,133.28125
40000,120.53906
45000,135.42188
50000,134.22656
