steps,returns
1000000,101.875
2000000,17.96875
3000000,228.4375
4000000,109.6875
5000000,304.0625
6000000,195.46875
7000000,26.5625
8000000,464.53125
9000000,803.8281
10000000,726.9531
