steps,returns
5000,9.1953125
10000,9.265625
15000,9.28125
20000,9.4375
25000,9.4453125
30000,9.328125
35000,9.3359375
40000,9.3515625
45000,9.375
50000,9.4453125
