steps,returns
1000000,-17.875
2000000,-17.828125
3000000,-17.78125
4000000,-17.9375
5000000,-17.4375
6000000,-17.875
7000000,-18.015625
8000000,-18.296875
9000000,-17.796875
10000000,-17.734375
