steps,returns
100000.0,516.8923
200000.0,573.80054
300000.0,583.24146
400000.0,612.9814
500000.0,533.74426
600000.0,672.24915
700000.0,928.22345
800000.0,952.94336
900000.0,999.88965
1000000.0,999.0688
