steps,returns
10000,159.26562
20000,115.9375
30000,144.32031
40000,500.0
50000,500.0
60000,500.0
70000,500.0
80000,500.0
90000,500.0
100000,500.0
