steps,returns
100000.0,920.6487
200000.0,679.57385
300000.0,665.9108
400000.0,666.53735
500000.0,690.2728
600000.0,669.42505
700000.0,661.44324
800000.0,662.89
900000.0,662.1389
1000000.0,660.874
