steps,returns
10000,199.17188
20000,500.0
30000,202.08594
40000,180.53125
50000,74.94531
60000,160.1875
70000,124.10156
80000,149.3125
90000,161.61719
100000,198.50781
