steps,returns
5000,69.02344
10000,47.328125
15000,44.703125
20000,36.070312
25000,17.023438
30000,49.773438
35000,52.273438
40000,43.0
45000,86.21094
50000,95.27344
