steps,returns
10000,100.10156
20000,291.3828
30000,74.8125
40000,158.5625
50000,500.0
60000,206.57031
70000,9.2734375
80000,9.3359375
90000,150.6875
100000,9.296875
