steps,returns
10000,60.609375
20000,121.63281
30000,137.25781
40000,486.46094
50000,500.0
60000,239.21094
70000,476.1328
80000,498.15625
90000,500.0
100000,212.46875
