steps,returns
100000.0,6.376391
200000.0,21.416464
300000.0,122.0397
400000.0,-75.592476
500000.0,-71.35959
600000.0,-112.441376
700000.0,-223.38931
800000.0,-430.45566
900000.0,-881.07886
1000000.0,-1218.9569
