steps,returns
5000,9.515625
10000,9.59375
15000,9.359375
20000,9.390625
25000,9.4296875
30000,9.375
35000,9.4140625
40000,9.3828125
45000,9.25
50000,9.3359375
