steps,returns
100000.0,0.27506533
200000.0,47.381313
300000.0,-196.36816
400000.0,-90.96866
500000.0,-242.44296
600000.0,-184.1546
700000.0,-52.290092
800000.0,-42.97058
900000.0,-83.698715
1000000.0,-66.39089
