steps,returns
1000000,-18.421875
2000000,-17.9375
3000000,-18.390625
4000000,-18.1875
5000000,-18.1875
6000000,-17.765625
7000000,-17.96875
8000000,-18.21875
9000000,-18.15625
10000000,-18.09375
