steps,returns
5000,8.75
10000,8.8984375
15000,8.8046875
20000,8.859375
25000,8.796875
30000,8.921875
35000,8.8671875
40000,8.796875
45000,8.8203125
50000,8.9296875
