steps,returns
100000.0,319.43274
200000.0,155.73412
300000.0,-409.49792
400000.0,-1432.9248
500000.0,-4079.3257
600000.0,-5168.729
700000.0,-7247.9077
800000.0,-9948.721
900000.0,-9675.061
1000000.0,-7619.6943
