steps,returns
5000,30.75
10000,9.3984375
15000,39.804688
20000,19.898438
25000,139.34375
30000,117.953125
35000,234.5625
40000,170.9375
45000,180.51562
50000,186.52344
