steps,returns
100000.0,-0.90670013
200000.0,0.19283369
300000.0,34.342617
400000.0,43.711525
500000.0,104.636116
600000.0,137.56534
700000.0,-148.29437
800000.0,-216.87125
900000.0,-229.75357
1000000.0,-204.39575
