steps,returns
1000000,-18.140625
2000000,-18.03125
3000000,-18.109375
4000000,-17.65625
5000000,-18.21875
6000000,-18.140625
7000000,-18.140625
8000000,-18.375
9000000,-17.390625
10000000,-17.671875
