steps,returns
10000,289.67188
20000,448.9297
30000,277.77344
40000,500.0
50000,500.0
60000,82.94531
70000,500.0
80000,500.0
90000,500.0
100000,500.0
