steps,returns
10000,119.39844
20000,500.0
30000,500.0
40000,500.0
50000,492.625
60000,500.0
70000,234.625
80000,469.57812
90000,25.929688
100000,139.96875
