steps,returns
100000.0,-4.712283
200000.0,37.915283
300000.0,16.789455
400000.0,80.3526
500000.0,-56.327354
600000.0,-56.053997
700000.0,-100.96325
800000.0,-153.05835
900000.0,-300.05807
1000000.0,-476.9809
