steps,returns
1000000,300.97656
2000000,224.41406
3000000,258.0078
4000000,356.64062
5000000,345.89844
6000000,323.2422
7000000,327.73438
8000000,398.04688
9000000,616.7969
10000000,161.52344
