steps,returns
5000,10.1484375
10000,23.078125
15000,10.1953125
20000,18.796875
25000,9.9765625
30000,15.546875
35000,22.359375
40000,43.039062
45000,122.16406
50000,89.44531
