steps,returns
1000000,300.46875
2000000,377.57812
3000000,163.125
4000000,430.78125
5000000,173.4375
6000000,176.875
7000000,58.28125
8000000,75.625
9000000,355.39062
10000000,178.59375
