steps,returns
10000,96.40625
20000,80.44531
30000,85.64844
40000,96.734375
50000,101.03125
60000,108.33594
70000,123.89844
80000,122.171875
90000,131.85156
100000,147.99219
