steps,returns
10000,97.07031
20000,74.171875
30000,65.609375
40000,76.671875
50000,83.92969
60000,106.00781
70000,125.0
80000,171.82031
90000,186.35938
100000,251.58594
