steps,returns
1000000,17.1875
2000000,17.5
3000000,28.125
4000000,18.125
5000000,59.6875
6000000,20.78125
7000000,19.21875
8000000,45.0
9000000,17.65625
10000000,17.65625
