steps,returns
10000,122.36719
20000,185.6875
30000,499.03125
40000,432.54688
50000,492.75
60000,9.3203125
70000,9.3828125
80000,9.3359375
90000,9.2109375
100000,9.359375
