steps,returns
100000.0,4.4851785
200000.0,105.44592
300000.0,-117.33675
400000.0,-124.51517
500000.0,-64.02064
600000.0,-207.55624
700000.0,-290.7776
800000.0,-544.42065
900000.0,-768.1222
1000000.0,-1226.2712
