steps,returns
100000.0,1007.3435
200000.0,976.8313
300000.0,1014.3171
400000.0,894.3277
500000.0,698.1344
600000.0,568.98785
700000.0,677.2335
800000.0,634.4549
900000.0,212.83356
1000000.0,114.188
