steps,returns
10000,163.65625
20000,164.66406
30000,194.33594
40000,262.6875
50000,302.75
60000,484.23438
70000,483.10156
80000,446.21094
90000,465.4453
100000,463.4297
