steps,returns
1000000,17.8125
2000000,16.71875
3000000,16.875
4000000,50.9375
5000000,16.5625
6000000,84.84375
7000000,17.5
8000000,125.9375
9000000,137.34375
10000000,120.78125
