steps,returns
1000000,-18.3125
2000000,-18.203125
3000000,-18.296875
4000000,-17.796875
5000000,-17.640625
6000000,-17.40625
7000000,-17.9375
8000000,-17.859375
9000000,-17.703125
10000000,-17.53125
