steps,returns
100000.0,916.0753
200000.0,1009.27203
300000.0,1232.3765
400000.0,1011.31226
500000.0,1065.9229
600000.0,1084.1951
700000.0,889.2558
800000.0,918.53705
900000.0,808.66345
1000000.0,939.39233
