steps,returns
1000000,454.4922
2000000,455.66406
3000000,632.4219
4000000,508.98438
5000000,676.9531
6000000,580.0781
7000000,674.21875
8000000,555.8594
9000000,598.4375
10000000,295.70312
