steps,returns
10000,-500.0
20000,-500.0
30000,-465.23438
40000,-500.0
50000,-500.0
60000,-500.0
70000,-99.99219
80000,-490.70312
90000,-500.0
100000,-500.0
