steps,returns
1000000,17.34375
2000000,16.71875
3000000,85.3125
4000000,16.875
5000000,124.21875
6000000,17.5
7000000,153.51562
8000000,101.09375
9000000,453.4375
10000000,310.78125
