steps,returns
1000000,-17.84375
2000000,-18.0
3000000,-18.21875
4000000,-18.203125
5000000,-17.71875
6000000,-17.359375
7000000,-17.5625
8000000,-16.828125
9000000,-17.96875
10000000,-17.453125
