steps,returns
1000000,1612.8125
2000000,1674.5312
3000000,1216.4062
4000000,374.21875
5000000,274.375
6000000,681.9531
7000000,193.4375
8000000,252.65625
9000000,171.875
10000000,191.875
