steps,returns
5000,11.96875
10000,95.984375
15000,155.65625
20000,212.05469
25000,161.92188
30000,125.21094
35000,500.0
40000,244.52344
45000,101.640625
50000,324.8125
