steps,returns
100000.0,-716.4443
200000.0,-686.4431
300000.0,-672.5686
400000.0,-677.0885
500000.0,-700.6785
600000.0,-682.5945
700000.0,-682.55695
800000.0,-690.30396
900000.0,-693.59216
1000000.0,-670.0371
