steps,returns
5000,300.6797
10000,245.74219
15000,358.54688
20000,123.97656
25000,44.742188
30000,20.328125
35000,9.4140625
40000,13.953125
45000,129.6875
50000,140.8125
