steps,returns
100000.0,-689.80994
200000.0,-725.0485
300000.0,-741.48376
400000.0,-750.41675
500000.0,-715.2876
600000.0,-747.0905
700000.0,-755.5386
800000.0,-789.6216
900000.0,
1000000.0,
