steps,returns
100000.0,126.82272
200000.0,130.88824
300000.0,131.08162
400000.0,131.02701
500000.0,128.44884
600000.0,129.59349
700000.0,129.76895
800000.0,130.27968
900000.0,129.74803
1000000.0,132.78902
