steps,returns
1000000,-18.03125
2000000,-17.921875
3000000,-18.234375
4000000,-18.03125
5000000,-18.125
6000000,-18.265625
7000000,-17.4375
8000000,-18.46875
9000000,-17.890625
10000000,-17.8125
