steps,returns
100000.0,1008.577
200000.0,1015.5385
300000.0,1022.48694
400000.0,1003.9988
500000.0,970.99475
600000.0,950.19006
700000.0,906.74927
800000.0,832.3159
900000.0,731.0542
1000000.0,582.567
