steps,returns
100000.0,-519.14966
200000.0,-519.53625
300000.0,-510.5814
400000.0,-514.0857
500000.0,-505.01318
600000.0,-520.52374
700000.0,-524.5668
800000.0,-508.25983
900000.0,-520.81506
1000000.0,-523.32965
