steps,returns
100000.0,1014.79236
200000.0,1026.413
300000.0,993.8811
400000.0,895.2627
500000.0,770.98486
600000.0,562.99536
700000.0,505.16907
800000.0,507.18762
900000.0,481.02026
1000000.0,439.55435
