steps,returns
1000000,-18.53125
2000000,-18.265625
3000000,-18.046875
4000000,-18.03125
5000000,-18.234375
6000000,-17.953125
7000000,-18.21875
8000000,-18.0625
9000000,-17.9375
10000000,-18.171875
