steps,returns
100000.0,1031.4858
200000.0,580.35864
300000.0,1424.217
400000.0,1295.7065
500000.0,1040.1725
600000.0,651.07434
700000.0,462.1579
800000.0,464.0489
900000.0,602.13025
1000000.0,606.8385
