steps,returns
1000000,-18.09375
2000000,-17.75
3000000,-17.640625
4000000,-17.53125
5000000,-17.296875
6000000,-17.046875
7000000,-17.4375
8000000,-16.859375
9000000,-17.65625
10000000,-17.171875
