steps,returns
1000000,-17.84375
2000000,-18.390625
3000000,-17.75
4000000,-18.203125
5000000,-17.640625
6000000,-18.015625
7000000,-17.40625
8000000,-18.265625
9000000,-18.015625
10000000,-18.09375
