steps,returns
5000,9.296875
10000,23.953125
15000,36.585938
20000,19.984375
25000,14.203125
30000,26.34375
35000,42.742188
40000,196.42969
45000,183.67969
50000,75.52344
