steps,returns
10000,105.90625
20000,97.59375
30000,117.71094
40000,106.515625
50000,126.02344
60000,118.09375
70000,128.89062
80000,110.50781
90000,126.17969
100000,131.97656
