steps,returns
10000,76.515625
20000,88.109375
30000,101.80469
40000,131.45312
50000,182.5625
60000,169.23438
70000,184.71875
80000,188.84375
90000,242.5625
100000,308.35938
