steps,returns
10000,-184.25
20000,-238.29688
30000,-252.59375
40000,-321.85938
50000,-399.57812
60000,-496.04688
70000,-500.0
80000,-500.0
90000,-500.0
100000,-500.0
