steps,returns
10000,361.4453
20000,484.7578
30000,410.5625
40000,500.0
50000,495.96875
60000,295.35938
70000,500.0
80000,500.0
90000,500.0
100000,500.0
