steps,returns
100000.0,-0.87348366
200000.0,-0.7150837
300000.0,105.672424
400000.0,95.18718
500000.0,-324.4969
600000.0,-195.05553
700000.0,-231.42859
800000.0,-227.0707
900000.0,-634.5548
1000000.0,-583.42883
