steps,returns
100000.0,1072.458
200000.0,1061.011
300000.0,929.6828
400000.0,862.8708
500000.0,860.93115
600000.0,845.74164
700000.0,820.5533
800000.0,840.8263
900000.0,828.75336
1000000.0,812.7574
