steps,returns
100000.0,718.9263
200000.0,729.7715
300000.0,717.74634
400000.0,735.37976
500000.0,692.1121
600000.0,686.9659
700000.0,715.3973
800000.0,712.815
900000.0,725.4994
1000000.0,715.2684
