steps,returns
5000,34.492188
10000,32.34375
15000,31.992188
20000,36.851562
25000,38.882812
30000,42.210938
35000,46.398438
40000,44.539062
45000,47.234375
50000,45.523438
