steps,returns
1000000,-18.15625
2000000,-17.234375
3000000,-17.6875
4000000,-17.71875
5000000,-17.125
6000000,-17.3125
7000000,-17.21875
8000000,-17.765625
9000000,-17.265625
10000000,-17.765625
