steps,returns
1000000,-17.6875
2000000,-18.0
3000000,-18.1875
4000000,-18.296875
5000000,-18.34375
6000000,-18.53125
7000000,-17.859375
8000000,-17.875
9000000,-18.046875
10000000,-17.484375
