steps,returns
10000,366.375
20000,403.07812
30000,274.78125
40000,488.7422
50000,500.0
60000,460.73438
70000,500.0
80000,499.53125
90000,409.53906
100000,500.0
