steps,returns
5000,66.22656
10000,74.3125
15000,64.08594
20000,63.3125
25000,64.77344
30000,68.296875
35000,75.015625
40000,70.69531
45000,67.171875
50000,69.15625
