steps,returns
100000.0,685.7233
200000.0,629.4054
300000.0,549.5849
400000.0,552.55383
500000.0,830.1596
600000.0,616.16455
700000.0,465.41827
800000.0,531.39246
900000.0,506.52338
1000000.0,522.889
