steps,returns
1000000,125.0
2000000,125.0
3000000,344.92188
4000000,125.0
5000000,150.0
6000000,125.0
7000000,250.0
8000000,128.90625
9000000,250.0
10000000,350.0
