steps,returns
1000000,17.65625
2000000,266.25
3000000,551.3281
4000000,189.45312
5000000,1889.2969
6000000,1696.9531
7000000,2860.7031
8000000,724.9219
9000000,3915.5469
10000000,4480.1562
