steps,returns
5000,9.390625
10000,9.234375
15000,9.5546875
20000,9.4296875
25000,9.3125
30000,9.3671875
35000,9.3046875
40000,9.3203125
45000,9.2734375
50000,9.4609375
