steps,returns
100000.0,378.08087
200000.0,718.8508
300000.0,865.44055
400000.0,825.4681
500000.0,771.5863
600000.0,734.64056
700000.0,727.32446
800000.0,722.406
900000.0,1015.35144
1000000.0,1260.594
