steps,returns
1000000,-17.671875
2000000,-17.484375
3000000,-17.984375
4000000,-17.90625
5000000,-18.015625
6000000,-17.9375
7000000,-17.8125
8000000,-17.953125
9000000,-18.109375
10000000,-17.953125
