steps,returns
10000,127.703125
20000,460.21094
30000,500.0
40000,500.0
50000,388.40625
60000,471.78906
70000,201.94531
80000,494.82812
90000,500.0
100000,500.0
