steps,returns
10000,182.46094
20000,355.59375
30000,486.89844
40000,500.0
50000,500.0
60000,500.0
70000,500.0
80000,500.0
90000,500.0
100000,500.0
