steps,returns
100000.0,907.64026
200000.0,595.4303
300000.0,529.92474
400000.0,472.9057
500000.0,394.65784
600000.0,348.16995
700000.0,309.4464
800000.0,296.11496
900000.0,282.83493
1000000.0,275.17993
