steps,returns
1000000,519.1406
2000000,587.6953
3000000,472.46094
4000000,929.10156
5000000,469.14062
6000000,527.7344
7000000,780.8594
8000000,447.46094
9000000,571.4844
10000000,443.75
