steps,returns
1000000,596.3281
2000000,259.53125
3000000,58.90625
4000000,17.8125
5000000,40.9375
6000000,226.09375
7000000,85.46875
8000000,18.125
9000000,51.40625
10000000,381.71875
