steps,returns
1000000,-18.859375
2000000,-17.90625
3000000,-18.140625
4000000,-17.890625
5000000,-17.484375
6000000,-18.15625
7000000,-18.46875
8000000,-18.109375
9000000,-17.9375
10000000,-17.453125
