steps,returns
10000,110.53906
20000,63.148438
30000,64.59375
40000,77.953125
50000,115.67969
60000,120.80469
70000,148.85156
80000,171.82031
90000,219.59375
100000,256.89062
