steps,returns
5000,9.3046875
10000,9.28125
15000,9.3515625
20000,9.296875
25000,9.2109375
30000,9.2734375
35000,9.3984375
40000,9.40625
45000,9.4140625
50000,9.328125
