steps,returns
5000,98.80469
10000,130.23438
15000,164.72656
20000,210.02344
25000,260.89062
30000,308.96094
35000,366.47656
40000,408.46094
45000,464.96094
50000,497.09375
