steps,returns
5000,9.171875
10000,9.2265625
15000,9.1328125
20000,9.296875
25000,9.2421875
30000,9.34375
35000,9.4453125
40000,9.328125
45000,9.3125
50000,9.359375
