steps,returns
100000.0,-598.53436
200000.0,-573.5327
300000.0,-586.4499
400000.0,-598.76135
500000.0,-598.355
600000.0,-602.98193
700000.0,-594.4848
800000.0,-585.7977
900000.0,-567.7307
1000000.0,-560.146
