steps,returns
100000.0,1041.6467
200000.0,448.47678
300000.0,772.53796
400000.0,689.51984
500000.0,812.674
600000.0,762.1438
700000.0,807.11523
800000.0,767.98694
900000.0,593.1725
1000000.0,714.4556
