steps,returns
100000.0,947.5946
200000.0,571.2262
300000.0,697.84814
400000.0,706.6344
500000.0,618.5129
600000.0,605.70795
700000.0,332.46362
800000.0,563.6544
900000.0,1077.3337
1000000.0,1092.2946
