steps,returns
5000,9.1640625
10000,8.9453125
15000,9.015625
20000,9.1171875
25000,9.1015625
30000,9.25
35000,9.1953125
40000,9.3671875
45000,9.2265625
50000,9.375
