steps,returns
100000.0,281.36084
200000.0,289.6961
300000.0,278.0184
400000.0,272.6164
500000.0,274.4897
600000.0,275.5055
700000.0,277.4198
800000.0,273.33502
900000.0,271.89444
1000000.0,272.7746
