steps,returns
10000,-248.51562
20000,-435.01562
30000,-134.625
40000,-500.0
50000,-500.0
60000,-500.0
70000,-500.0
80000,-500.0
90000,-500.0
100000,-500.0
