steps,returns
100000.0,804.0364
200000.0,1158.449
300000.0,1034.6847
400000.0,961.82355
500000.0,935.96484
600000.0,980.94653
700000.0,975.07715
800000.0,1066.6636
900000.0,1150.9868
1000000.0,967.5468
