steps,returns
1000000,144.33594
2000000,172.07031
3000000,130.85938
4000000,281.83594
5000000,125.0
6000000,75.0
7000000,175.58594
8000000,291.01562
9000000,125.0
10000000,182.61719
