steps,returns
100000.0,1010.9119
200000.0,969.94055
300000.0,836.7382
400000.0,706.80096
500000.0,688.0251
600000.0,698.1236
700000.0,845.0801
800000.0,862.8058
900000.0,860.9347
1000000.0,868.60297
