steps,returns
5000,31.546875
10000,56.710938
15000,32.421875
20000,105.59375
25000,262.96094
30000,237.3125
35000,150.20312
40000,245.02344
45000,180.375
50000,209.02344
