steps,returns
1000000,17.65625
2000000,16.71875
3000000,27.8125
4000000,17.8125
5000000,17.1875
6000000,16.71875
7000000,17.5
8000000,17.03125
9000000,17.34375
10000000,17.65625
