steps,returns
10000,192.96094
20000,429.82812
30000,499.6797
40000,494.5078
50000,500.0
60000,500.0
70000,432.21875
80000,500.0
90000,500.0
100000,439.5547
