steps,returns
100000.0,853.1773
200000.0,706.29614
300000.0,679.7887
400000.0,687.36115
500000.0,1102.5564
600000.0,1407.8988
700000.0,1371.6425
800000.0,2351.099
900000.0,1624.6625
1000000.0,1470.417
