steps,returns
100000.0,1039.3899
200000.0,1025.4016
300000.0,804.8727
400000.0,235.35681
500000.0,207.86757
600000.0,354.74335
700000.0,222.2596
800000.0,446.16898
900000.0,280.8817
1000000.0,306.45526
