steps,returns
1000000,-18.15625
2000000,-18.09375
3000000,-18.3125
4000000,-18.140625
5000000,-17.421875
6000000,-18.25
7000000,-17.34375
8000000,-18.265625
9000000,-17.875
10000000,-18.28125
