steps,returns
100000.0,1331.1234
200000.0,207.22417
300000.0,756.01843
400000.0,967.11786
500000.0,711.0339
600000.0,959.1089
700000.0,607.454
800000.0,373.51227
900000.0,923.38904
1000000.0,757.7147
