steps,returns
1000000,125.0
2000000,747.0703
3000000,272.0703
4000000,427.53906
5000000,443.5547
6000000,713.08594
7000000,587.3047
8000000,649.21875
9000000,525.0
10000000,831.25
