steps,returns
5000,82.046875
10000,84.74219
15000,83.9375
20000,84.35156
25000,82.67969
30000,81.59375
35000,80.82031
40000,84.92969
45000,78.78906
50000,77.50781
