steps,returns
5000,92.90625
10000,88.02344
15000,91.421875
20000,81.85156
25000,84.22656
30000,86.50781
35000,86.94531
40000,81.55469
45000,88.59375
50000,85.16406
