steps,returns
5000,37.226562
10000,125.359375
15000,307.84375
20000,141.53906
25000,254.85938
30000,138.71875
35000,127.21875
40000,143.96875
45000,174.55469
50000,186.63281
