steps,returns
1000000,37.65625
2000000,55.0
3000000,254.375
4000000,276.5625
5000000,633.125
6000000,521.875
7000000,20.0
8000000,1086.0938
9000000,505.78125
10000000,1039.6875
