steps,returns
100000.0,342.54053
200000.0,296.51685
300000.0,322.57092
400000.0,295.52563
500000.0,297.09607
600000.0,290.60275
700000.0,312.7801
800000.0,303.28906
900000.0,304.0196
1000000.0,297.58896
