steps,returns
12000,-200.0
24000,-200.0
36000,-200.0
48000,-200.0
60000,-200.0
72000,-200.0
84000,-155.26562
96000,-200.0
108000,-129.32812
120000,-164.5625
