steps,returns
100000.0,576.55
200000.0,407.31067
300000.0,512.1018
400000.0,566.22266
500000.0,611.11414
600000.0,637.35004
700000.0,645.211
800000.0,653.35443
900000.0,659.975
1000000.0,663.83276
