steps,returns
1000000,-17.46875
2000000,-18.25
3000000,-18.265625
4000000,-18.140625
5000000,-18.109375
6000000,-18.109375
7000000,-18.484375
8000000,-18.328125
9000000,-17.59375
10000000,-17.671875
