steps,returns
1000000,-18.0
2000000,-17.84375
3000000,-17.46875
4000000,-18.515625
5000000,-18.609375
6000000,-18.203125
7000000,-18.109375
8000000,-18.140625
9000000,-18.21875
10000000,-18.421875
