steps,returns
1000000,-17.609375
2000000,-18.125
3000000,-17.734375
4000000,-17.953125
5000000,-17.359375
6000000,-18.125
7000000,-17.859375
8000000,-18.109375
9000000,-18.296875
10000000,-17.828125
