steps,returns
100000.0,910.67676
200000.0,898.4694
300000.0,572.35156
400000.0,484.30945
500000.0,475.96295
600000.0,479.0771
700000.0,478.12918
800000.0,973.16504
900000.0,1015.5719
1000000.0,1008.75354
