steps,returns
1000000,-17.96875
2000000,-17.8125
3000000,-18.140625
4000000,-18.171875
5000000,-17.53125
6000000,-18.578125
7000000,-17.625
8000000,-17.859375
9000000,-17.796875
10000000,-18.421875
