steps,returns
10000,100.80469
20000,137.10156
30000,202.25781
40000,500.0
50000,122.03906
60000,200.41406
70000,500.0
80000,500.0
90000,500.0
100000,243.76562
