steps,returns
10000,65.13281
20000,58.125
30000,59.898438
40000,50.984375
50000,44.679688
60000,37.46875
70000,30.625
80000,27.148438
90000,24.695312
100000,23.265625
