steps,returns
100000.0,1353.552
200000.0,806.54626
300000.0,726.1041
400000.0,622.0438
500000.0,689.5552
600000.0,669.6742
700000.0,662.09644
800000.0,567.8512
900000.0,559.2253
1000000.0,544.4642
