steps,returns
100000.0,858.3795
200000.0,739.7435
300000.0,782.04346
400000.0,780.80853
500000.0,843.24963
600000.0,949.5365
700000.0,952.46716
800000.0,933.08374
900000.0,909.84485
1000000.0,903.55383
