steps,returns
10000,-282.95312
20000,-320.83594
30000,-318.1797
40000,-341.91406
50000,-363.2422
60000,-361.21875
70000,-390.41406
80000,-401.375
90000,-434.91406
100000,-426.8125
