steps,returns
1000000,129.21875
2000000,110.9375
3000000,217.03125
4000000,119.0625
5000000,602.5
6000000,149.0625
7000000,242.03125
8000000,221.71875
9000000,228.4375
10000000,281.71875
