steps,returns
1000000,-17.84375
2000000,-17.890625
3000000,-17.578125
4000000,-17.375
5000000,-17.78125
6000000,-18.40625
7000000,-17.96875
8000000,-17.515625
9000000,-18.578125
10000000,-18.609375
