steps,returns
1000000,-17.78125
2000000,-17.984375
3000000,-18.046875
4000000,-18.265625
5000000,-17.0
6000000,-16.453125
7000000,-16.609375
8000000,-16.40625
9000000,-15.78125
10000000,-15.890625
