steps,returns
5000,8.8984375
10000,9.015625
15000,9.171875
20000,9.046875
25000,9.3359375
30000,9.2890625
35000,9.3203125
40000,9.2109375
45000,9.3046875
50000,9.4140625
