steps,returns
10000,122.484375
20000,209.01562
30000,497.41406
40000,411.4922
50000,442.4922
60000,436.1797
70000,428.33594
80000,435.0
90000,482.33594
100000,484.22656
