steps,returns
10000,-308.7422
20000,-299.875
30000,-310.82812
40000,-310.79688
50000,-312.79688
60000,-319.375
70000,-331.04688
80000,-311.1328
90000,-375.21094
100000,-348.46094
