steps,returns
1000000,1092.6562
2000000,951.9531
3000000,997.34375
4000000,601.09375
5000000,162.5
6000000,208.28125
7000000,983.0469
8000000,216.5625
9000000,186.5625
10000000,141.09375
