steps,returns
100000.0,893.64996
200000.0,825.26965
300000.0,1192.0315
400000.0,1192.5352
500000.0,1166.5066
600000.0,1233.8854
700000.0,1354.4893
800000.0,1575.1831
900000.0,2241.0347
1000000.0,2338.7817
