steps,returns
1000000,-17.984375
2000000,-17.78125
3000000,-18.578125
4000000,-18.28125
5000000,-17.984375
6000000,-18.421875
7000000,-17.796875
8000000,-17.90625
9000000,-17.546875
10000000,-18.796875
