steps,returns
100000.0,1148.6371
200000.0,866.7908
300000.0,870.47864
400000.0,925.19305
500000.0,1067.438
600000.0,1038.5366
700000.0,1844.7598
800000.0,1043.8103
900000.0,2636.6682
1000000.0,3028.5002
