steps,returns
1000000,451.17188
2000000,488.67188
3000000,1045.7031
4000000,938.28125
5000000,753.5156
6000000,1798.8281
7000000,2935.9375
8000000,1661.3281
9000000,3062.6953
10000000,4448.828
