steps,returns
10000,116.625
20000,97.46875
30000,109.52344
40000,95.89844
50000,104.14844
60000,106.9375
70000,103.921875
80000,110.30469
90000,106.328125
100000,117.35156
