steps,returns
10000,101.828125
20000,102.19531
30000,92.5625
40000,106.74219
50000,118.859375
60000,112.453125
70000,120.83594
80000,132.375
90000,135.67188
100000,139.92969
