steps,returns
10000,-118.42969
20000,-500.0
30000,-500.0
40000,-326.1172
50000,-500.0
60000,-487.72656
70000,-207.65625
80000,-500.0
90000,-500.0
100000,-500.0
