steps,returns
100000.0,201.86038
200000.0,740.51605
300000.0,796.2037
400000.0,955.04285
500000.0,997.1599
600000.0,977.7895
700000.0,756.3091
800000.0,788.4277
900000.0,820.4285
1000000.0,861.16907
