steps,returns
1000000,413.125
2000000,341.875
3000000,564.1406
4000000,158.75
5000000,137.03125
6000000,131.40625
7000000,196.25
8000000,105.15625
9000000,77.34375
10000000,417.8125
