steps,returns
100000.0,-0.46269596
200000.0,3.618801
300000.0,-266.21573
400000.0,-296.437
500000.0,-333.20673
600000.0,-744.155
700000.0,-642.42834
800000.0,-862.52637
900000.0,-776.7467
1000000.0,-95.010544
