steps,returns
10000,-147.54688
20000,-147.67188
30000,-153.92188
40000,-154.52344
50000,-183.75
60000,-496.72656
70000,-500.0
80000,-500.0
90000,-500.0
100000,-500.0
