steps,returns
5000,114.515625
10000,180.46875
15000,253.98438
20000,347.8203
25000,443.0547
30000,496.27344
35000,500.0
40000,500.0
45000,498.6875
50000,488.34375
