steps,returns
10000,129.30469
20000,152.6875
30000,180.05469
40000,218.3125
50000,302.4922
60000,357.03906
70000,443.90625
80000,416.84375
90000,411.0078
100000,413.71875
