steps,returns
5000,28.546875
10000,25.195312
15000,36.28125
20000,21.523438
25000,149.39844
30000,77.35156
35000,207.30469
40000,381.20312
45000,178.24219
50000,424.39844
