steps,returns
12000,-200.0
24000,-120.72656
36000,-200.0
48000,-200.0
60000,-190.15625
72000,-200.0
84000,-200.0
96000,-154.41406
108000,-199.92188
120000,-200.0
