steps,returns
1000000,602.7344
2000000,229.6875
3000000,735.8594
4000000,481.17188
5000000,1332.1875
6000000,443.28125
7000000,681.5625
8000000,696.5625
9000000,426.48438
10000000,498.125
