steps,returns
100000.0,1187.2041
200000.0,1165.915
300000.0,801.29297
400000.0,436.48975
500000.0,-3622.848
600000.0,-4848.9424
700000.0,-7647.3364
800000.0,-7946.984
900000.0,-6347.1597
1000000.0,-8855.89
