steps,returns
10000,-500.0
20000,-300.6328
30000,-101.28906
40000,-405.72656
50000,-108.890625
60000,-112.03125
70000,-500.0
80000,-500.0
90000,-500.0
100000,-500.0
