steps,returns
1000000,737.7344
2000000,1738.4375
3000000,739.53125
4000000,568.4375
5000000,856.9531
6000000,1388.0469
7000000,880.9375
8000000,698.75
9000000,408.20312
10000000,849.53125
