steps,returns
100000.0,1010.0119
200000.0,734.3126
300000.0,458.6411
400000.0,622.90045
500000.0,213.98593
600000.0,395.20334
700000.0,320.52292
800000.0,220.4628
900000.0,31.41373
1000000.0,-486.7799
