steps,returns
5000,41.554688
10000,35.765625
15000,9.5078125
20000,9.34375
25000,47.328125
30000,20.039062
35000,28.242188
40000,28.21875
45000,18.757812
50000,33.460938
