steps,returns
100000.0,443.04922
200000.0,1060.7731
300000.0,1184.1931
400000.0,1154.4625
500000.0,1055.491
600000.0,1031.054
700000.0,1010.46735
800000.0,982.9862
900000.0,953.88745
1000000.0,923.7448
