steps,returns
100000.0,1056.5098
200000.0,1156.631
300000.0,606.6325
400000.0,1106.2009
500000.0,857.0652
600000.0,943.99976
700000.0,971.18835
800000.0,641.6681
900000.0,623.9827
1000000.0,346.3827
