steps,returns
5000,47.742188
10000,257.53125
15000,186.85156
20000,257.875
25000,181.92969
30000,293.16406
35000,195.0625
40000,194.49219
45000,242.58594
50000,285.6953
