steps,returns
1000000,-18.078125
2000000,-17.765625
3000000,-17.859375
4000000,-18.3125
5000000,-18.03125
6000000,-18.359375
7000000,-18.140625
8000000,-17.78125
9000000,-17.984375
10000000,-18.109375
