steps,returns
100000.0,412.59924
200000.0,452.675
300000.0,397.1551
400000.0,452.95126
500000.0,519.0781
600000.0,553.2102
700000.0,792.2995
800000.0,644.001
900000.0,527.49164
1000000.0,423.8731
