steps,returns
1000000,-18.203125
2000000,-17.890625
3000000,-17.890625
4000000,-18.0625
5000000,-17.8125
6000000,-17.875
7000000,-18.3125
8000000,-18.25
9000000,-17.84375
10000000,-18.0
