steps,returns
100000.0,397.93378
200000.0,327.7718
300000.0,300.2993
400000.0,280.92877
500000.0,141.27396
600000.0,51.93367
700000.0,-58.589153
800000.0,-225.16925
900000.0,-908.75476
1000000.0,-1665.1416
