steps,returns
10000,143.71094
20000,195.17188
30000,228.35938
40000,319.60938
50000,288.8828
60000,430.42188
70000,496.71094
80000,500.0
90000,500.0
100000,500.0
