steps,returns
10000,9.375
20000,9.2421875
30000,9.421875
40000,9.265625
50000,9.390625
60000,9.40625
70000,9.40625
80000,9.25
90000,9.3671875
100000,9.2890625
