steps,returns
100000.0,999.0393
200000.0,977.49164
300000.0,862.5585
400000.0,695.3456
500000.0,592.67224
600000.0,718.75037
700000.0,532.6962
800000.0,368.66693
900000.0,312.8103
1000000.0,252.2778
