steps,returns
10000,204.22656
20000,231.30469
30000,373.4375
40000,488.2578
50000,495.95312
60000,498.8047
70000,500.0
80000,109.44531
90000,94.0625
100000,452.23438
