steps,returns
5000,51.398438
10000,51.296875
15000,45.5625
20000,46.992188
25000,44.8125
30000,45.609375
35000,41.304688
40000,40.335938
45000,41.90625
50000,41.90625
