steps,returns
1000000,-18.15625
2000000,-17.96875
3000000,-18.125
4000000,-18.15625
5000000,-17.984375
6000000,-17.390625
7000000,-18.1875
8000000,-17.953125
9000000,-17.84375
10000000,-17.921875
