steps,returns
5000,243.38281
10000,24.296875
15000,16.617188
20000,31.328125
25000,10.859375
30000,64.85156
35000,141.73438
40000,249.03906
45000,490.32812
50000,328.27344
