steps,returns
100000.0,955.0623
200000.0,609.14624
300000.0,231.49449
400000.0,-866.6499
500000.0,-3085.9907
600000.0,-6661.3955
700000.0,-11306.371
800000.0,-17682.533
900000.0,-29211.973
1000000.0,-41394.83
