steps,returns
100000.0,623.9957
200000.0,512.0581
300000.0,563.93384
400000.0,1208.3599
500000.0,1070.9532
600000.0,1244.9042
700000.0,1120.9951
800000.0,964.67706
900000.0,822.05676
1000000.0,413.08035
