steps,returns
10000,78.015625
20000,115.71094
30000,337.25
40000,395.89062
50000,422.60156
60000,477.98438
70000,447.72656
80000,440.33594
90000,459.32812
100000,474.4453
