steps,returns
100000.0,750.07153
200000.0,663.9855
300000.0,733.8674
400000.0,562.2543
500000.0,627.666
600000.0,556.44934
700000.0,441.1482
800000.0,569.75024
900000.0,563.1596
1000000.0,749.9293
