steps,returns
100000.0,427.08118
200000.0,371.859
300000.0,450.73984
400000.0,483.39664
500000.0,638.79956
600000.0,481.76392
700000.0,454.02255
800000.0,392.14282
900000.0,436.5621
1000000.0,383.20685
