steps,returns
100000.0,395.91565
200000.0,294.88428
300000.0,-210.82607
400000.0,-31.51734
500000.0,-42.032784
600000.0,-183.8234
700000.0,-1215.4445
800000.0,-2996.168
900000.0,-5917.5464
1000000.0,-8556.623
