steps,returns
10000,81.21094
20000,84.4375
30000,99.1875
40000,118.57031
50000,164.13281
60000,163.30469
70000,187.69531
80000,207.39844
90000,193.625
100000,220.07031
