steps,returns
5000,9.1171875
10000,9.4296875
15000,9.3828125
20000,9.40625
25000,9.421875
30000,9.46875
35000,9.4296875
40000,9.3828125
45000,9.328125
50000,9.3515625
