steps,returns
1000000,-16.609375
2000000,-15.5625
3000000,-13.875
4000000,-13.953125
5000000,-16.640625
6000000,-6.5
7000000,-4.9375
8000000,-2.375
9000000,-16.8125
10000000,-14.734375
