steps,returns
10000,92.53906
20000,74.63281
30000,85.08594
40000,91.80469
50000,84.89844
60000,101.42969
70000,118.13281
80000,152.44531
90000,172.41406
100000,185.92969
