steps,returns
10000,99.63281
20000,65.50781
30000,66.10156
40000,68.84375
50000,85.61719
60000,112.96094
70000,133.66406
80000,197.67969
90000,205.25
100000,198.86719
