steps,returns
100000.0,52.326946
200000.0,-12.237994
300000.0,30.551643
400000.0,571.9358
500000.0,675.83746
600000.0,798.39514
700000.0,902.16077
800000.0,989.642
900000.0,996.2184
1000000.0,1074.6719
