steps,returns
1000000,17.34375
2000000,17.65625
3000000,17.96875
4000000,32.96875
5000000,65.78125
6000000,192.34375
7000000,234.6875
8000000,16.5625
9000000,678.75
10000000,736.7969
