steps,returns
5000,500.0
10000,300.08594
15000,69.71094
20000,20.484375
25000,9.9921875
30000,12.4453125
35000,31.765625
40000,19.960938
45000,9.703125
50000,10.5703125
