steps,returns
100000.0,1019.0346
200000.0,1019.45776
300000.0,1019.07825
400000.0,1022.98346
500000.0,1022.29175
600000.0,1021.7905
700000.0,1021.4323
800000.0,1019.8799
900000.0,1013.6535
1000000.0,1006.7683
