steps,returns
100000.0,457.34665
200000.0,609.94714
300000.0,604.9364
400000.0,632.56995
500000.0,633.4532
600000.0,669.3206
700000.0,1044.4878
800000.0,1309.7177
900000.0,1540.5298
1000000.0,1549.5076
