steps,returns
100000.0,907.3353
200000.0,823.2921
300000.0,844.0541
400000.0,640.58356
500000.0,893.933
600000.0,733.49146
700000.0,702.65845
800000.0,632.0673
900000.0,588.148
1000000.0,640.14264
