steps,returns
100000.0,564.80524
200000.0,1023.76245
300000.0,1015.95026
400000.0,937.20215
500000.0,154.34476
600000.0,149.72388
700000.0,-2380.6758
800000.0,-57269.65
900000.0,-200570.92
1000000.0,-161173.38
