steps,returns
100000.0,1020.744
200000.0,838.4347
300000.0,803.4458
400000.0,758.58044
500000.0,670.2252
600000.0,694.8733
700000.0,710.2644
800000.0,602.4856
900000.0,585.32526
1000000.0,505.17334
