steps,returns
100000.0,487.8686
200000.0,401.86743
300000.0,497.7249
400000.0,-0.30316186
500000.0,-161.18695
600000.0,-800.6897
700000.0,-1883.1002
800000.0,-2814.234
900000.0,-4971.6274
1000000.0,-11733.17
