steps,returns
5000,25.507812
10000,32.65625
15000,34.335938
20000,36.617188
25000,24.820312
30000,16.296875
35000,12.140625
40000,9.46875
45000,9.296875
50000,9.9296875
