steps,returns
1000000,-17.859375
2000000,-18.09375
3000000,-17.4375
4000000,-17.59375
5000000,-17.625
6000000,-16.953125
7000000,-17.921875
8000000,-17.59375
9000000,-17.78125
10000000,-17.171875
