steps,returns
10000,109.859375
20000,122.109375
30000,105.3125
40000,83.890625
50000,69.96875
60000,67.5625
70000,75.57031
80000,61.679688
90000,66.859375
100000,67.25781
