steps,returns
10000,-500.0
20000,-368.14844
30000,-500.0
40000,-140.27344
50000,-113.84375
60000,-275.78125
70000,-85.453125
80000,-86.92969
90000,-95.671875
100000,-99.75781
