steps,returns
100000.0,480.17816
200000.0,637.0543
300000.0,561.6992
400000.0,543.52405
500000.0,395.6683
600000.0,471.35635
700000.0,251.30896
800000.0,227.92703
900000.0,155.22394
1000000.0,238.37073
