steps,returns
1000000,-18.203125
2000000,-18.15625
3000000,-17.4375
4000000,-17.640625
5000000,-18.171875
6000000,-18.265625
7000000,-17.6875
8000000,-18.1875
9000000,-17.34375
10000000,-17.9375
