steps,returns
5000,9.1328125
10000,9.25
15000,16.210938
20000,108.96094
25000,33.765625
30000,52.085938
35000,223.20312
40000,498.66406
45000,306.0547
50000,100.83594
