steps,returns
5000,27.664062
10000,27.1875
15000,26.96875
20000,28.195312
25000,29.25
30000,27.148438
35000,27.585938
40000,26.890625
45000,27.34375
50000,28.273438
