steps,returns
5000,222.53125
10000,472.75
15000,499.53906
20000,484.46875
25000,457.34375
30000,434.8047
35000,419.9375
40000,417.2422
45000,399.84375
50000,440.64062
