steps,returns
1000000,-17.796875
2000000,-17.015625
3000000,-17.5625
4000000,-18.078125
5000000,-18.03125
6000000,-16.984375
7000000,-18.4375
8000000,-17.75
9000000,-18.203125
10000000,-17.890625
