steps,returns
1000000,250.0
2000000,125.0
3000000,250.0
4000000,278.90625
5000000,241.40625
6000000,590.8203
7000000,306.25
8000000,298.82812
9000000,704.2969
10000000,578.3203
