steps,returns
10000,500.0
20000,229.78906
30000,445.84375
40000,228.00781
50000,455.32812
60000,500.0
70000,306.6797
80000,500.0
90000,294.9922
100000,135.79688
