steps,returns
10000,69.83594
20000,82.703125
30000,93.66406
40000,106.953125
50000,109.5625
60000,112.453125
70000,117.890625
80000,111.09375
90000,116.453125
100000,111.99219
