steps,returns
5000,9.375
10000,9.3359375
15000,21.5
20000,10.25
25000,52.859375
30000,14.984375
35000,10.953125
40000,29.65625
45000,83.58594
50000,149.42188
