steps,returns
1000000,756.83594
2000000,474.21875
3000000,1232.6172
4000000,3166.4062
5000000,4038.086
6000000,4029.6875
7000000,4169.336
8000000,4135.3516
9000000,4150.0
10000000,5672.0703
