steps,returns
100000.0,250.18042
200000.0,1310.8892
300000.0,537.303
400000.0,452.6187
500000.0,429.5016
600000.0,392.879
700000.0,364.92935
800000.0,328.2425
900000.0,309.60123
1000000.0,295.23502
