steps,returns
10000,65.796875
20000,77.47656
30000,78.63281
40000,82.08594
50000,91.78906
60000,91.75781
70000,97.17969
80000,105.5625
90000,120.67969
100000,131.00781
