steps,returns
1000000,-18.140625
2000000,-18.03125
3000000,-17.171875
4000000,-17.21875
5000000,-17.890625
6000000,-17.34375
7000000,-16.40625
8000000,-16.953125
9000000,-16.890625
10000000,-17.359375
