steps,returns
1000000,242.38281
2000000,307.42188
3000000,250.0
4000000,682.4219
5000000,836.91406
6000000,293.16406
7000000,493.5547
8000000,751.3672
9000000,1052.3438
10000000,646.875
