steps,returns
100000.0,262.02386
200000.0,383.22192
300000.0,461.0373
400000.0,498.90543
500000.0,499.0056
600000.0,508.49274
700000.0,503.4084
800000.0,522.1442
900000.0,516.9702
1000000.0,506.594
