steps,returns
10000,496.60938
20000,308.9922
30000,422.40625
40000,315.53906
50000,287.92188
60000,500.0
70000,500.0
80000,499.78125
90000,500.0
100000,500.0
