steps,returns
10000,266.1328
20000,413.23438
30000,264.3672
40000,492.79688
50000,500.0
60000,500.0
70000,500.0
80000,500.0
90000,500.0
100000,500.0
