steps,returns
10000,261.89844
20000,149.07031
30000,500.0
40000,500.0
50000,500.0
60000,500.0
70000,450.35156
80000,500.0
90000,500.0
100000,204.07031
