steps,returns
1000000,1844.3359
2000000,493.35938
3000000,909.375
4000000,1398.6328
5000000,2304.8828
6000000,454.8828
7000000,560.5469
8000000,437.10938
9000000,450.0
10000000,763.47656
