steps,returns
1000000,17.1875
2000000,92.5
3000000,130.78125
4000000,18.125
5000000,16.40625
6000000,17.96875
7000000,17.8125
8000000,17.1875
9000000,17.65625
10000000,17.65625
