steps,returns
100000.0,701.60175
200000.0,640.3773
300000.0,741.81683
400000.0,951.97644
500000.0,928.6542
600000.0,884.22986
700000.0,864.24854
800000.0,854.12354
900000.0,850.76855
1000000.0,842.956
