steps,returns
5000,64.015625
10000,59.054688
15000,49.179688
20000,43.40625
25000,34.375
30000,20.054688
35000,13.515625
40000,11.7578125
45000,15.0390625
50000,21.0625
