steps,returns
1000000,-18.109375
2000000,-17.765625
3000000,-17.875
4000000,-18.125
5000000,-17.453125
6000000,-17.359375
7000000,-17.421875
8000000,-18.109375
9000000,-16.421875
10000000,-16.984375
