steps,returns
100000.0,-4.1535873
200000.0,14.590462
300000.0,11.969002
400000.0,-20.804106
500000.0,-111.95994
600000.0,-148.4975
700000.0,-166.71362
800000.0,-204.58835
900000.0,-178.92831
1000000.0,-404.58063
