steps,returns
5000,9.5703125
10000,9.5390625
15000,9.53125
20000,9.53125
25000,9.4609375
30000,9.59375
35000,9.4921875
40000,9.578125
45000,9.6015625
50000,9.453125
