steps,returns
5000,9.3203125
10000,105.90625
15000,16.210938
20000,12.8125
25000,31.46875
30000,43.71875
35000,87.0
40000,74.66406
45000,136.92188
50000,67.59375
