steps,returns
5000,84.75781
10000,86.859375
15000,86.28906
20000,84.234375
25000,88.80469
30000,82.390625
35000,83.1875
40000,82.02344
45000,82.92969
50000,82.625
