steps,returns
10000,295.04688
20000,401.95312
30000,101.10156
40000,356.77344
50000,119.78906
60000,417.48438
70000,221.64062
80000,454.58594
90000,500.0
100000,500.0
