steps,returns
100000.0,924.68665
200000.0,924.8717
300000.0,895.00916
400000.0,903.6079
500000.0,837.52
600000.0,883.1632
700000.0,881.66833
800000.0,886.10535
900000.0,834.2435
1000000.0,805.2277
