steps,returns
5000,8.8828125
10000,9.0234375
15000,8.9453125
20000,8.984375
25000,9.09375
30000,9.109375
35000,9.1640625
40000,9.1953125
45000,9.21875
50000,9.1015625
