steps,returns
100000.0,1033.7546
200000.0,1027.5681
300000.0,1023.04114
400000.0,1013.6653
500000.0,995.44165
600000.0,967.2416
700000.0,922.7162
800000.0,869.5607
900000.0,814.35406
1000000.0,741.001
