steps,returns
1000000,17.03125
2000000,40.9375
3000000,17.96875
4000000,27.96875
5000000,54.0625
6000000,38.4375
7000000,17.1875
8000000,17.34375
9000000,28.125
10000000,38.75
