steps,returns
5000,22.867188
10000,20.492188
15000,18.679688
20000,34.164062
25000,115.109375
30000,231.66406
35000,101.328125
40000,342.2578
45000,364.6172
50000,276.0625
