steps,returns
10000,-145.99219
20000,-149.76562
30000,-168.69531
40000,-500.0
50000,-500.0
60000,-500.0
70000,-500.0
80000,-500.0
90000,-500.0
100000,-500.0
