steps,returns
100000.0,561.6072
200000.0,568.073
300000.0,812.99146
400000.0,551.128
500000.0,211.11774
600000.0,-238.27347
700000.0,-1046.2335
800000.0,-1514.19
900000.0,-1960.2526
1000000.0,-2837.0823
