steps,returns
1000000,1049.0625
2000000,500.54688
3000000,655.46875
4000000,380.23438
5000000,237.8125
6000000,303.90625
7000000,964.2969
8000000,264.0625
9000000,614.6875
10000000,176.09375
