steps,returns
100000.0,45.967594
200000.0,-997.48663
300000.0,-1517.4629
400000.0,-1214.912
500000.0,-1259.687
600000.0,-1211.9413
700000.0,-1249.2668
800000.0,-1225.2683
900000.0,-1281.6888
1000000.0,-1295.6146
