steps,returns
1000000,-17.390625
2000000,-17.203125
3000000,-15.484375
4000000,-15.96875
5000000,-16.078125
6000000,-16.40625
7000000,-15.6875
8000000,-16.40625
9000000,-16.265625
10000000,-16.3125
