steps,returns
1000000,398.82812
2000000,713.28125
3000000,766.0156
4000000,708.59375
5000000,1623.4375
6000000,2185.1562
7000000,1380.6641
8000000,3334.1797
9000000,2123.0469
10000000,677.14844
