steps,returns
10000,500.0
20000,432.64844
30000,499.64062
40000,190.42188
50000,453.22656
60000,203.89844
70000,132.24219
80000,487.32812
90000,317.0
100000,206.8125
