steps,returns
10000,360.1328
20000,270.58594
30000,211.97656
40000,386.10156
50000,499.8203
60000,376.875
70000,11.4921875
80000,500.0
90000,35.546875
100000,36.960938
