steps,returns
100000.0,-854.151
200000.0,334.68976
300000.0,394.6034
400000.0,237.17007
500000.0,263.67746
600000.0,110.41701
700000.0,117.24289
800000.0,275.012
900000.0,163.61443
1000000.0,-269.84302
