steps,returns
10000,-340.04688
20000,-500.0
30000,-207.29688
40000,-500.0
50000,-415.4375
60000,-473.52344
70000,-500.0
80000,-500.0
90000,-500.0
100000,-500.0
