steps,returns
1000000,28.59375
2000000,40.9375
3000000,49.21875
4000000,17.8125
5000000,16.09375
6000000,17.65625
7000000,28.75
8000000,49.53125
9000000,17.5
10000000,29.21875
