steps,returns
100000.0,800.7585
200000.0,711.1332
300000.0,946.5386
400000.0,1303.5774
500000.0,1025.3585
600000.0,985.42065
700000.0,2365.2466
800000.0,850.27576
900000.0,351.45294
1000000.0,-312.34637
