steps,returns
1000000,17.34375
2000000,17.65625
3000000,17.96875
4000000,18.4375
5000000,44.21875
6000000,47.96875
7000000,17.8125
8000000,17.34375
9000000,17.96875
10000000,17.34375
