steps,returns
1000000,460.9375
2000000,178.125
3000000,192.1875
4000000,142.77344
5000000,125.0
6000000,125.0
7000000,243.94531
8000000,125.0
9000000,100.0
10000000,163.08594
