steps,returns
100000.0,433.8739
200000.0,577.65857
300000.0,461.67914
400000.0,-283.32718
500000.0,-421.04233
600000.0,-319.65442
700000.0,-1613.7759
800000.0,-2331.0693
900000.0,-9509.654
1000000.0,-4197.9937
