steps,returns
10000,-500.0
20000,-500.0
30000,-500.0
40000,-500.0
50000,-500.0
60000,-422.3125
70000,-188.73438
80000,-411.21875
90000,-500.0
100000,-500.0
