steps,returns
1000000,150.0
2000000,150.0
3000000,250.0
4000000,250.0
5000000,150.0
6000000,250.0
7000000,179.29688
8000000,312.5
9000000,557.22656
10000000,350.0
