steps,returns
100000.0,630.8928
200000.0,1067.4856
300000.0,1069.0103
400000.0,1048.8326
500000.0,1029.5161
600000.0,994.97485
700000.0,970.95044
800000.0,962.5058
900000.0,962.2844
1000000.0,958.72205
