steps,returns
1000000,-17.890625
2000000,-17.953125
3000000,-17.84375
4000000,-18.1875
5000000,-17.546875
6000000,-18.234375
7000000,-18.140625
8000000,-17.53125
9000000,-17.625
10000000,-18.28125
