steps,returns
10000,262.16406
20000,429.29688
30000,394.375
40000,231.35938
50000,186.88281
60000,441.21094
70000,413.77344
80000,447.33594
90000,500.0
100000,406.78125
