steps,returns
1000000,27.96875
2000000,47.8125
3000000,16.875
4000000,17.5
5000000,16.5625
6000000,16.40625
7000000,40.78125
8000000,38.75
9000000,51.71875
10000000,17.5
