steps,returns
1000000,1135.3906
2000000,727.5
3000000,926.1719
4000000,782.5781
5000000,786.25
6000000,106.71875
7000000,115.9375
8000000,67.34375
9000000,41.71875
10000000,87.1875
