steps,returns
1000000,-17.765625
2000000,-18.5
3000000,-18.0
4000000,-18.03125
5000000,-17.984375
6000000,-17.828125
7000000,-18.171875
8000000,-17.9375
9000000,-17.953125
10000000,-17.296875
