steps,returns
10000,105.82031
20000,145.375
30000,145.40625
40000,181.46875
50000,196.17188
60000,283.1953
70000,310.3047
80000,362.41406
90000,394.14062
100000,403.26562
