steps,returns
5000,9.40625
10000,9.265625
15000,9.4296875
20000,9.40625
25000,9.375
30000,9.3671875
35000,10.78125
40000,10.625
45000,10.859375
50000,15.21875
