steps,returns
1000000,68.90625
2000000,95.46875
3000000,80.46875
4000000,18.4375
5000000,246.40625
6000000,22.1875
7000000,263.28125
8000000,16.09375
9000000,30.78125
10000000,266.09375
