steps,returns
100000.0,367.92355
200000.0,678.44867
300000.0,731.20123
400000.0,710.9415
500000.0,744.21924
600000.0,697.4098
700000.0,681.7788
800000.0,669.78845
900000.0,653.9105
1000000.0,666.6841
