steps,returns
5000,9.4140625
10000,25.632812
15000,21.765625
20000,169.1875
25000,16.640625
30000,107.91406
35000,121.5625
40000,18.210938
45000,26.179688
50000,109.14844
