steps,returns
1000000,-18.140625
2000000,-17.875
3000000,-17.578125
4000000,-18.0
5000000,-18.046875
6000000,-17.40625
7000000,-17.890625
8000000,-18.125
9000000,-18.0625
10000000,-18.078125
