steps,returns
10000,-148.44531
20000,-151.77344
30000,-148.77344
40000,-146.07031
50000,-147.3125
60000,-150.15625
70000,-151.39062
80000,-147.8125
90000,-147.20312
100000,-149.25781
