steps,returns
1000000,-17.875
2000000,-18.15625
3000000,-18.390625
4000000,-18.359375
5000000,-17.953125
6000000,-17.921875
7000000,-17.9375
8000000,-18.296875
9000000,-18.0625
10000000,-17.890625
