steps,returns
5000,9.4921875
10000,9.4296875
15000,9.46875
20000,9.359375
25000,9.359375
30000,9.453125
35000,9.2734375
40000,9.4375
45000,9.40625
50000,9.421875
