steps,returns
1000000,-18.25
2000000,-17.6875
3000000,-17.765625
4000000,-18.046875
5000000,-18.359375
6000000,-18.421875
7000000,-17.828125
8000000,-18.296875
9000000,-17.875
10000000,-18.28125
