steps,returns
1000000,-17.078125
2000000,-16.25
3000000,-16.234375
4000000,-16.3125
5000000,-16.359375
6000000,-16.140625
7000000,-16.21875
8000000,-17.265625
9000000,-15.96875
10000000,-16.421875
