steps,returns
5000,77.90625
10000,83.74219
15000,84.35156
20000,85.35156
25000,81.02344
30000,89.421875
35000,83.875
40000,84.91406
45000,91.57031
50000,83.8125
