steps,returns
1000000,-17.953125
2000000,-17.546875
3000000,-17.609375
4000000,-17.875
5000000,-17.53125
6000000,-18.1875
7000000,-17.9375
8000000,-17.40625
9000000,-18.359375
10000000,-18.03125
