steps,returns
1000000,269.33594
2000000,204.49219
3000000,206.25
4000000,614.0625
5000000,335.15625
6000000,348.04688
7000000,628.3203
8000000,529.6875
9000000,439.2578
10000000,790.8203
