steps,returns
10000,87.86719
20000,85.5
30000,98.69531
40000,105.75
50000,119.86719
60000,127.890625
70000,131.59375
80000,136.71875
90000,141.46875
100000,156.00781
