steps,returns
100000.0,1366.608
200000.0,973.2699
300000.0,881.444
400000.0,768.9809
500000.0,763.5388
600000.0,742.82996
700000.0,718.61554
800000.0,625.3161
900000.0,689.3982
1000000.0,663.3277
