steps,returns
10000,430.21094
20000,287.1328
30000,470.5625
40000,496.59375
50000,274.79688
60000,485.20312
70000,445.5547
80000,499.85156
90000,398.89062
100000,234.3125
