steps,returns
1000000,-18.296875
2000000,-18.28125
3000000,-18.25
4000000,-18.125
5000000,-17.859375
6000000,-18.21875
7000000,-18.1875
8000000,-17.859375
9000000,-18.28125
10000000,-17.875
