steps,returns
100000.0,2.166617
200000.0,25.430489
300000.0,34.51197
400000.0,32.449364
500000.0,-65.662476
600000.0,-216.43938
700000.0,-287.64447
800000.0,-511.09818
900000.0,-975.9461
1000000.0,-1725.6658
