steps,returns
1000000,-17.875
2000000,-17.984375
3000000,-18.4375
4000000,-18.375
5000000,-18.46875
6000000,-17.828125
7000000,-18.09375
8000000,-18.140625
9000000,-17.71875
10000000,-18.140625
