steps,returns
1000000,125.0
2000000,150.0
3000000,225.0
4000000,469.53125
5000000,592.1875
6000000,587.5
7000000,748.8281
8000000,409.96094
9000000,629.10156
10000000,673.2422
