steps,returns
100000.0,-812.37427
200000.0,-799.53
300000.0,-803.4737
400000.0,-774.63367
500000.0,
600000.0,
700000.0,
800000.0,
900000.0,
1000000.0,
