steps,returns
100000.0,-15.319101
200000.0,378.78345
300000.0,605.6616
400000.0,647.77185
500000.0,664.00806
600000.0,683.3447
700000.0,699.1651
800000.0,712.302
900000.0,718.4404
1000000.0,728.89307
