steps,returns
100000.0,846.56116
200000.0,711.31464
300000.0,679.49646
400000.0,679.9013
500000.0,1692.6445
600000.0,770.88446
700000.0,2826.983
800000.0,2201.2817
900000.0,2018.94
1000000.0,2179.7798
