steps,returns
1000000,-17.953125
2000000,-18.4375
3000000,-17.8125
4000000,-17.90625
5000000,-18.203125
6000000,-18.03125
7000000,-18.109375
8000000,-17.859375
9000000,-18.0
10000000,-18.5
