steps,returns
100000.0,-0.8766222
200000.0,262.32196
300000.0,-280.37805
400000.0,-211.60025
500000.0,-280.3333
600000.0,-622.3042
700000.0,-669.95996
800000.0,-835.19635
900000.0,-314.5605
1000000.0,-71.89355
