steps,returns
100000.0,603.0245
200000.0,553.18787
300000.0,540.33813
400000.0,528.2488
500000.0,543.6144
600000.0,709.10205
700000.0,1192.8862
800000.0,1296.0276
900000.0,1224.0112
1000000.0,1140.279
