steps,returns
1000000,-18.265625
2000000,-17.921875
3000000,-18.078125
4000000,-18.046875
5000000,-17.625
6000000,-17.59375
7000000,-17.4375
8000000,-18.09375
9000000,-17.671875
10000000,-17.765625
