steps,returns
10000,227.53125
20000,332.60938
30000,399.7422
40000,459.35938
50000,496.53906
60000,500.0
70000,500.0
80000,500.0
90000,500.0
100000,500.0
