steps,returns
100000.0,698.25354
200000.0,594.4524
300000.0,582.1082
400000.0,702.5885
500000.0,988.2777
600000.0,1022.6682
700000.0,990.79016
800000.0,1176.8682
900000.0,1423.387
1000000.0,1509.0219
