steps,returns
1000000,-17.90625
2000000,-17.78125
3000000,-18.234375
4000000,-17.9375
5000000,-17.890625
6000000,-17.953125
7000000,-18.171875
8000000,-17.734375
9000000,-18.234375
10000000,-18.25
