steps,returns
100000.0,672.20166
200000.0,609.0834
300000.0,686.0401
400000.0,780.4606
500000.0,849.6009
600000.0,952.1802
700000.0,959.06287
800000.0,949.2605
900000.0,936.47205
1000000.0,939.75354
