steps,returns
1000000,738.5156
2000000,491.17188
3000000,554.1406
4000000,924.84375
5000000,2213.125
6000000,2772.7344
7000000,2616.9531
8000000,2962.8906
9000000,2706.875
10000000,3726.4844
