steps,returns
100000.0,710.90753
200000.0,1348.9922
300000.0,1155.7875
400000.0,1483.1458
500000.0,1048.0546
600000.0,861.77704
700000.0,753.7278
800000.0,751.69745
900000.0,828.4646
1000000.0,903.9646
