steps,returns
1000000,-18.0
2000000,-17.5625
3000000,-18.078125
4000000,-18.0
5000000,-18.015625
6000000,-18.171875
7000000,-18.21875
8000000,-17.6875
9000000,-17.578125
10000000,-17.9375
