steps,returns
5000,25.960938
10000,278.39844
15000,157.34375
20000,246.375
25000,160.08594
30000,156.0
35000,247.5
40000,151.3125
45000,232.1875
50000,128.72656
