steps,returns
1000000,17.8125
2000000,16.71875
3000000,16.875
4000000,44.84375
5000000,16.5625
6000000,45.9375
7000000,50.46875
8000000,16.71875
9000000,17.5
10000000,17.5
