steps,returns
100000.0,805.0321
200000.0,852.36914
300000.0,683.06793
400000.0,566.0802
500000.0,539.6488
600000.0,559.0758
700000.0,610.1995
800000.0,534.83887
900000.0,555.1071
1000000.0,599.112
