steps,returns
100000.0,553.5321
200000.0,-434.81488
300000.0,-1516.2786
400000.0,-2163.4624
500000.0,-1428.0979
600000.0,-1090.0667
700000.0,-437.56384
800000.0,-511.30167
900000.0,-722.1991
1000000.0,-1005.7606
