steps,returns
100000.0,1012.6538
200000.0,961.49475
300000.0,850.0039
400000.0,707.3811
500000.0,576.4454
600000.0,367.55005
700000.0,486.73193
800000.0,351.4591
900000.0,175.59207
1000000.0,7.0420957
