steps,returns
10000,373.59375
20000,212.58594
30000,488.83594
40000,500.0
50000,500.0
60000,499.92188
70000,278.25
80000,170.90625
90000,500.0
100000,231.125
