steps,returns
100000,-200.0
200000,-200.0
300000,-200.0
400000,-200.0
500000,-127.46875
600000,-144.82031
700000,-175.75
800000,-146.95312
900000,-200.0
1000000,-200.0
