steps,returns
1000000,-17.984375
2000000,-18.0
3000000,-18.0
4000000,-17.828125
5000000,-17.484375
6000000,-17.5
7000000,-17.96875
8000000,-18.390625
9000000,-18.1875
10000000,-17.875
