steps,returns
10000,138.1875
20000,186.69531
30000,420.40625
40000,500.0
50000,500.0
60000,273.66406
70000,435.125
80000,500.0
90000,500.0
100000,500.0
