steps,returns
5000,8.8359375
10000,8.78125
15000,8.8359375
20000,8.875
25000,8.8125
30000,8.7734375
35000,8.8828125
40000,8.84375
45000,8.875
50000,8.8515625
