steps,returns
100000.0,865.33704
200000.0,818.745
300000.0,799.4578
400000.0,766.1748
500000.0,730.43604
600000.0,702.39215
700000.0,655.5729
800000.0,565.6071
900000.0,632.15076
1000000.0,605.3815
