steps,returns
5000,53.789062
10000,86.265625
15000,17.992188
20000,142.5625
25000,130.25781
30000,209.20312
35000,133.35156
40000,101.359375
45000,133.34375
50000,109.52344
