steps,returns
5000,56.859375
10000,63.695312
15000,67.21875
20000,64.453125
25000,66.21094
30000,61.671875
35000,62.648438
40000,64.484375
45000,61.125
50000,60.023438
