steps,returns
5000,32.101562
10000,35.390625
15000,34.421875
20000,36.296875
25000,40.648438
30000,39.460938
35000,40.796875
40000,44.546875
45000,44.96875
50000,46.421875
