steps,returns
100000.0,-227.41325
200000.0,-251.37111
300000.0,-236.41068
400000.0,-227.65454
500000.0,-227.57458
600000.0,-232.4382
700000.0,-231.70691
800000.0,-231.0076
900000.0,-231.27304
1000000.0,-229.91988
