steps,returns
5000,72.58594
10000,76.38281
15000,78.38281
20000,82.3125
25000,77.49219
30000,81.94531
35000,80.00781
40000,85.296875
45000,87.09375
50000,85.9375
