steps,returns
100000.0,181.26355
200000.0,885.2216
300000.0,872.44604
400000.0,988.8435
500000.0,938.40326
600000.0,918.1789
700000.0,880.77496
800000.0,869.89465
900000.0,834.04395
1000000.0,816.5887
