steps,returns
1000000,17.8125
2000000,16.71875
3000000,16.875
4000000,45.15625
5000000,16.5625
6000000,35.78125
7000000,17.5
8000000,17.34375
9000000,30.625
10000000,21.25
