steps,returns
100000.0,308.705
200000.0,781.74884
300000.0,921.60486
400000.0,883.0139
500000.0,821.4511
600000.0,792.5294
700000.0,776.6454
800000.0,756.40607
900000.0,815.9355
1000000.0,1037.5562
