steps,returns
5000,39.1875
10000,47.515625
15000,52.476562
20000,54.351562
25000,61.507812
30000,60.46875
35000,66.375
40000,59.03125
45000,66.625
50000,65.625
