steps,returns
1000000,344.14062
2000000,350.0
3000000,301.5625
4000000,305.07812
5000000,262.6953
6000000,232.8125
7000000,582.4219
8000000,421.6797
9000000,382.8125
10000000,556.25
