steps,returns
5000,9.2109375
10000,9.328125
15000,9.4140625
20000,9.421875
25000,9.3046875
30000,9.4375
35000,9.2421875
40000,9.3125
45000,9.390625
50000,9.3046875
