steps,returns
5000,15.2578125
10000,10.15625
15000,8.8984375
20000,8.84375
25000,8.8125
30000,8.828125
35000,8.9296875
40000,8.984375
45000,8.8828125
50000,8.921875
