steps,returns
1000000,-17.765625
2000000,-18.03125
3000000,-17.640625
4000000,-18.171875
5000000,-18.109375
6000000,-17.84375
7000000,-17.984375
8000000,-17.578125
9000000,-17.921875
10000000,-17.375
