steps,returns
10000,328.97656
20000,376.4922
30000,500.0
40000,360.6172
50000,500.0
60000,500.0
70000,498.21094
80000,500.0
90000,500.0
100000,500.0
