steps,returns
1000000,-17.671875
2000000,-17.578125
3000000,-17.46875
4000000,-17.703125
5000000,-17.03125
6000000,-16.640625
7000000,-17.203125
8000000,-16.671875
9000000,-17.296875
10000000,-17.28125
