steps,returns
100000.0,726.6202
200000.0,635.28174
300000.0,671.45416
400000.0,662.1152
500000.0,673.9719
600000.0,662.8499
700000.0,655.67615
800000.0,638.7373
900000.0,602.7897
1000000.0,597.4037
