steps,returns
5000,9.484375
10000,9.4140625
15000,9.2890625
20000,9.484375
25000,9.4765625
30000,9.421875
35000,9.34375
40000,9.34375
45000,9.3984375
50000,9.3046875
