steps,returns
100000.0,-2.191728
200000.0,29.868177
300000.0,-167.65283
400000.0,-430.8415
500000.0,-531.5514
600000.0,-1692.4608
700000.0,-2097.6743
800000.0,-2397.6016
900000.0,-2768.0667
1000000.0,-2867.1145
