steps,returns
100000.0,-0.18575959
200000.0,0.64461935
300000.0,4.744958
400000.0,563.1073
500000.0,65.06531
600000.0,155.79965
700000.0,109.87291
800000.0,-106.681755
900000.0,-295.3164
1000000.0,-251.64346
