steps,returns
10000,59.179688
20000,33.710938
30000,30.226562
40000,129.61719
50000,135.67969
60000,174.57812
70000,203.77344
80000,271.1797
90000,215.07031
100000,211.85156
