steps,returns
1000000,1059.2969
2000000,593.75
3000000,572.5
4000000,661.1719
5000000,1803.2031
6000000,187.03125
7000000,1137.1875
8000000,751.5625
9000000,41.71875
10000000,1206.7969
