steps,returns
1000000,-18.203125
2000000,-17.53125
3000000,-17.796875
4000000,-17.765625
5000000,-16.859375
6000000,-17.65625
7000000,-17.25
8000000,-17.046875
9000000,-16.484375
10000000,-17.03125
