steps,returns
1000000,150.0
2000000,162.89062
3000000,275.0
4000000,150.0
5000000,125.0
6000000,254.6875
7000000,250.0
8000000,365.03906
9000000,242.96875
10000000,175.58594
