steps,returns
1000000,-17.84375
2000000,-17.796875
3000000,-17.90625
4000000,-17.703125
5000000,-17.53125
6000000,-18.625
7000000,-17.578125
8000000,-17.3125
9000000,-17.515625
10000000,-17.53125
