steps,returns
1000000,-17.921875
2000000,-17.921875
3000000,-17.8125
4000000,-18.46875
5000000,-17.65625
6000000,-18.078125
7000000,-17.5625
8000000,-17.90625
9000000,-17.640625
10000000,-17.03125
