steps,returns
10000,-500.0
20000,-500.0
30000,-485.2578
40000,-489.35938
50000,-500.0
60000,-240.22656
70000,-500.0
80000,-500.0
90000,-500.0
100000,-500.0
