steps,returns
100000.0,1100.9282
200000.0,1129.6967
300000.0,1143.0216
400000.0,1530.2067
500000.0,1253.9568
600000.0,1045.8431
700000.0,428.75275
800000.0,649.00037
900000.0,-450.07996
1000000.0,-3583.6965
