steps,returns
10000,275.89062
20000,418.48438
30000,367.97656
40000,462.17188
50000,475.39844
60000,387.02344
70000,221.55469
80000,500.0
90000,500.0
100000,500.0
