steps,returns
1000000,410.15625
2000000,605.8594
3000000,577.53906
4000000,629.8828
5000000,593.5547
6000000,397.26562
7000000,302.73438
8000000,638.6719
9000000,410.35156
10000000,446.48438
