steps,returns
5000,17.078125
10000,15.7734375
15000,13.59375
20000,9.9296875
25000,8.9921875
30000,8.8671875
35000,8.9921875
40000,8.8359375
45000,8.8359375
50000,8.859375
