steps,returns
5000,36.179688
10000,11.0390625
15000,9.4296875
20000,14.6875
25000,21.664062
30000,44.765625
35000,27.4375
40000,18.0625
45000,17.820312
50000,72.609375
