steps,returns
10000,-455.3203
20000,-500.0
30000,-500.0
40000,-500.0
50000,-497.52344
60000,-500.0
70000,-500.0
80000,-500.0
90000,-500.0
100000,-482.41406
