steps,returns
5000,9.46875
10000,9.421875
15000,9.4609375
20000,9.34375
25000,9.34375
30000,9.390625
35000,9.28125
40000,9.3203125
45000,9.3046875
50000,9.390625
