steps,returns
1000000,150.0
2000000,293.35938
3000000,580.46875
4000000,597.0703
5000000,961.52344
6000000,1259.1797
7000000,737.3047
8000000,593.5547
9000000,743.5547
10000000,849.6094
