steps,returns
100000.0,1014.5938
200000.0,1021.9048
300000.0,1020.01105
400000.0,1019.71893
500000.0,1016.1741
600000.0,1018.6333
700000.0,1018.88586
800000.0,1019.9133
900000.0,1015.56213
1000000.0,1012.47534
