steps,returns
100000.0,872.14465
200000.0,819.267
300000.0,736.67456
400000.0,600.7239
500000.0,681.7977
600000.0,698.54297
700000.0,840.6315
800000.0,873.46326
900000.0,964.50464
1000000.0,1014.2732
