steps,returns
10000,-500.0
20000,-490.7422
30000,-354.8047
40000,-109.203125
50000,-112.07031
60000,-500.0
70000,-500.0
80000,-500.0
90000,-500.0
100000,-87.9375
