steps,returns
100000.0,442.8192
200000.0,282.60468
300000.0,509.17267
400000.0,820.76715
500000.0,786.6124
600000.0,741.417
700000.0,730.1459
800000.0,731.2057
900000.0,727.21796
1000000.0,739.48083
