steps,returns
1000000,-18.046875
2000000,-17.984375
3000000,-18.015625
4000000,-18.34375
5000000,-17.59375
6000000,-17.734375
7000000,-17.453125
8000000,-17.734375
9000000,-18.375
10000000,-18.265625
