steps,returns
100000.0,766.1968
200000.0,679.0559
300000.0,696.05566
400000.0,454.25623
500000.0,170.22978
600000.0,-15.5669775
700000.0,-120.70528
800000.0,-123.521774
900000.0,-241.64272
1000000.0,-254.71266
