steps,returns
5000,66.796875
10000,70.77344
15000,69.69531
20000,70.60156
25000,73.546875
30000,71.39844
35000,70.14844
40000,70.640625
45000,76.78125
50000,71.484375
