steps,returns
100000.0,975.26086
200000.0,880.59674
300000.0,769.7522
400000.0,638.4065
500000.0,604.25635
600000.0,773.7776
700000.0,715.5973
800000.0,974.15784
900000.0,1050.2776
1000000.0,1065.7805
