steps,returns
5000,22.804688
10000,294.8125
15000,351.9453
20000,202.17188
25000,227.84375
30000,500.0
35000,186.40625
40000,475.42188
45000,163.67969
50000,498.3672
