steps,returns
10000,492.67188
20000,499.2422
30000,26.835938
40000,9.3515625
50000,48.320312
60000,335.34375
70000,50.523438
80000,33.046875
90000,499.9922
100000,9.453125
