steps,returns
10000,314.64062
20000,500.0
30000,450.83594
40000,500.0
50000,500.0
60000,500.0
70000,500.0
80000,143.38281
90000,500.0
100000,485.5703
