steps,returns
100000.0,356.32312
200000.0,534.29443
300000.0,-742.27686
400000.0,-77307.66
500000.0,-236524.1
600000.0,-214482.88
700000.0,-190422.62
800000.0,-177488.38
900000.0,-171025.75
1000000.0,-166253.97
