steps,returns
5000,8.984375
10000,9.0703125
15000,8.8984375
20000,9.0234375
25000,9.140625
30000,9.109375
35000,9.1875
40000,9.3984375
45000,9.3125
50000,9.4296875
