steps,returns
5000,141.40625
10000,232.84375
15000,373.71875
20000,483.17188
25000,499.96094
30000,499.8047
35000,485.21875
40000,462.10156
45000,457.09375
50000,420.3047
