steps,returns
10000,269.79688
20000,439.89062
30000,425.3672
40000,499.91406
50000,480.85938
60000,488.92188
70000,494.07812
80000,500.0
90000,491.78125
100000,500.0
