steps,returns
10000,83.71875
20000,96.74219
30000,100.84375
40000,94.58594
50000,98.03906
60000,97.78906
70000,100.94531
80000,99.96094
90000,108.21094
100000,103.34375
