steps,returns
1000000,136.875
2000000,134.0625
3000000,145.78125
4000000,46.5625
5000000,46.875
6000000,17.96875
7000000,155.625
8000000,322.1875
9000000,36.40625
10000000,423.4375
