steps,returns
1000000,-18.359375
2000000,-17.859375
3000000,-18.09375
4000000,-17.484375
5000000,-17.78125
6000000,-18.09375
7000000,-17.703125
8000000,-18.15625
9000000,-17.703125
10000000,-18.125
