steps,returns
5000,16.429688
10000,14.6640625
15000,11.9296875
20000,9.0
25000,8.9140625
30000,8.90625
35000,8.84375
40000,8.765625
45000,8.9375
50000,8.75
