steps,returns
10000,290.52344
20000,376.46094
30000,470.95312
40000,470.5547
50000,498.84375
60000,500.0
70000,500.0
80000,500.0
90000,500.0
100000,500.0
