steps,returns
100000.0,754.86694
200000.0,1164.0748
300000.0,223.42538
400000.0,-760.298
500000.0,-1406.2843
600000.0,-2789.313
700000.0,-2739.8818
800000.0,-8077.688
900000.0,-24144.06
1000000.0,-70696.08
