steps,returns
1000000,-17.484375
2000000,-18.109375
3000000,-18.125
4000000,-17.90625
5000000,-17.84375
6000000,-18.234375
7000000,-18.203125
8000000,-17.53125
9000000,-18.109375
10000000,-17.796875
