steps,returns
1000000,241.21094
2000000,625.0
3000000,372.85156
4000000,333.20312
5000000,747.65625
6000000,538.8672
7000000,262.89062
8000000,599.02344
9000000,329.6875
10000000,472.26562
