steps,returns
5000,33.179688
10000,34.585938
15000,34.210938
20000,34.289062
25000,33.796875
30000,35.007812
35000,32.445312
40000,37.578125
45000,36.9375
50000,36.429688
