steps,returns
100000.0,1136.6115
200000.0,973.74744
300000.0,1071.5206
400000.0,70.99016
500000.0,-15631.239
600000.0,-8113.041
700000.0,-7488.5684
800000.0,-7861.3296
900000.0,-8613.695
1000000.0,-8523.523
