steps,returns
1000000,-18.234375
2000000,-17.765625
3000000,-18.234375
4000000,-17.859375
5000000,-18.03125
6000000,-18.390625
7000000,-17.96875
8000000,-18.28125
9000000,-18.03125
10000000,-17.671875
