steps,returns
1000000,-17.65625
2000000,-18.375
3000000,-17.53125
4000000,-17.9375
5000000,-17.890625
6000000,-18.265625
7000000,-17.96875
8000000,-18.609375
9000000,-18.265625
10000000,-17.203125
