steps,returns
1000000,3122.2656
2000000,4006.0547
3000000,337.5
4000000,3676.9531
5000000,311.71875
6000000,233.00781
7000000,789.2578
8000000,632.8125
9000000,1505.8594
10000000,3478.125
