steps,returns
100000.0,502.05566
200000.0,287.76752
300000.0,45.789482
400000.0,-1988.677
500000.0,-2361.398
600000.0,-2971.3208
700000.0,-2475.75
800000.0,-2407.3154
900000.0,-2214.318
1000000.0,-2252.1191
