steps,returns
100000.0,985.5622
200000.0,1018.2189
300000.0,1026.4569
400000.0,1029.5719
500000.0,1025.6794
600000.0,1026.7042
700000.0,1025.8903
800000.0,1022.04816
900000.0,1019.27606
1000000.0,1016.8313
