steps,returns
1000000,357.42188
2000000,278.125
3000000,406.64062
4000000,336.32812
5000000,665.03906
6000000,423.4375
7000000,526.5625
8000000,556.4453
9000000,543.75
10000000,485.54688
