steps,returns
100000.0,860.6455
200000.0,836.3843
300000.0,701.67944
400000.0,549.1511
500000.0,546.37415
600000.0,656.3098
700000.0,618.0537
800000.0,567.45087
900000.0,570.93787
1000000.0,591.9314
