steps,returns
100000.0,702.62335
200000.0,617.6849
300000.0,482.10675
400000.0,542.9436
500000.0,260.87665
600000.0,65.9199
700000.0,114.1605
800000.0,-222.76611
900000.0,-449.88617
1000000.0,-610.76904
