steps,returns
1000000,774.6094
2000000,1247.1094
3000000,165.15625
4000000,381.32812
5000000,675.2344
6000000,1073.75
7000000,1254.1406
8000000,33.90625
9000000,89.53125
10000000,18.125
