steps,returns
1000000,448.04688
2000000,282.22656
3000000,261.1328
4000000,348.6328
5000000,294.53125
6000000,210.54688
7000000,486.32812
8000000,271.6797
9000000,288.47656
10000000,125.0
