steps,returns
1000000,17.1875
2000000,17.5
3000000,18.125
4000000,18.125
5000000,16.40625
6000000,67.8125
7000000,17.8125
8000000,25.15625
9000000,37.5
10000000,32.5
