steps,returns
5000,36.921875
10000,21.726562
15000,308.3828
20000,161.79688
25000,238.03125
30000,227.85938
35000,211.22656
40000,180.28125
45000,209.22656
50000,359.6328
