steps,returns
10000,127.8125
20000,131.14844
30000,221.01562
40000,488.6953
50000,500.0
60000,500.0
70000,183.14062
80000,500.0
90000,490.23438
100000,480.46875
