steps,returns
5000,66.5
10000,66.015625
15000,73.390625
20000,68.30469
25000,66.05469
30000,68.36719
35000,69.72656
40000,71.97656
45000,70.6875
50000,74.30469
