steps,returns
10000,87.921875
20000,98.17969
30000,97.484375
40000,99.58594
50000,102.484375
60000,99.890625
70000,99.890625
80000,99.10156
90000,104.33594
100000,99.828125
