steps,returns
1000000,320.70312
2000000,394.33594
3000000,806.0547
4000000,865.03906
5000000,771.6797
6000000,587.8906
7000000,572.85156
8000000,791.21094
9000000,726.3672
10000000,1431.0547
