steps,returns
1000000,-18.15625
2000000,-18.203125
3000000,-18.203125
4000000,-17.921875
5000000,-18.234375
6000000,-18.15625
7000000,-17.578125
8000000,-17.546875
9000000,-18.328125
10000000,-18.09375
