steps,returns
5000,37.664062
10000,46.59375
15000,51.09375
20000,52.359375
25000,56.453125
30000,56.71875
35000,57.796875
40000,55.90625
45000,55.710938
50000,53.3125
