steps,returns
100000.0,1025.9188
200000.0,1006.91846
300000.0,969.4907
400000.0,889.1079
500000.0,786.9308
600000.0,591.3058
700000.0,342.27347
800000.0,77.24992
900000.0,-247.8728
1000000.0,-523.3292
