steps,returns
5000,9.265625
10000,48.539062
15000,26.953125
20000,39.382812
25000,69.32031
30000,82.72656
35000,74.63281
40000,123.578125
45000,107.4375
50000,108.046875
