steps,returns
1000000,1621.4062
2000000,409.45312
3000000,505.46875
4000000,3754.4531
5000000,1278.125
6000000,2320.7812
7000000,2749.6875
8000000,3136.4062
9000000,2790.5469
10000000,4230.9375
