steps,returns
5000,8.984375
10000,9.390625
15000,9.359375
20000,9.2734375
25000,9.2890625
30000,9.28125
35000,9.4140625
40000,9.3515625
45000,9.2890625
50000,9.6484375
