steps,returns
1000000,259.76562
2000000,150.0
3000000,125.0
4000000,250.78125
5000000,200.19531
6000000,289.84375
7000000,336.32812
8000000,287.5
9000000,163.28125
10000000,200.78125
