steps,returns
100000.0,869.80646
200000.0,810.65735
300000.0,657.109
400000.0,610.9716
500000.0,587.15894
600000.0,566.7754
700000.0,537.6468
800000.0,533.2331
900000.0,532.6294
1000000.0,517.01404
