steps,returns
1000000,267.1875
2000000,229.29688
3000000,125.0
4000000,125.0
5000000,91.796875
6000000,150.0
7000000,150.0
8000000,125.0
9000000,150.0
10000000,125.0
