steps,returns
10000,141.49219
20000,139.39844
30000,146.4375
40000,154.5625
50000,144.00781
60000,287.6797
70000,384.875
80000,490.1875
90000,415.21875
100000,500.0
