steps,returns
1000000,2895.4688
2000000,947.8125
3000000,1234.375
4000000,2238.125
5000000,1821.4844
6000000,776.09375
7000000,0.0
8000000,494.21875
9000000,3552.7344
10000000,1016.09375
