steps,returns
1000000,125.0
2000000,125.0
3000000,125.0
4000000,182.8125
5000000,214.64844
6000000,372.46094
7000000,489.0625
8000000,494.72656
9000000,524.41406
10000000,368.16406
