steps,returns
1000000,-18.09375
2000000,-17.515625
3000000,-18.46875
4000000,-18.109375
5000000,-17.9375
6000000,-17.90625
7000000,-18.046875
8000000,-17.859375
9000000,-18.046875
10000000,-17.859375
