steps,returns
1000000,-18.078125
2000000,-18.28125
3000000,-17.984375
4000000,-17.65625
5000000,-18.078125
6000000,-17.6875
7000000,-18.03125
8000000,-17.921875
9000000,-17.765625
10000000,-17.953125
