steps,returns
1000000,-17.78125
2000000,-18.140625
3000000,-18.921875
4000000,-18.390625
5000000,-17.3125
6000000,-17.859375
7000000,-18.4375
8000000,-17.640625
9000000,-18.046875
10000000,-17.4375
