steps,returns
10000,147.64062
20000,475.91406
30000,218.44531
40000,325.85156
50000,166.71875
60000,499.0625
70000,188.82812
80000,500.0
90000,500.0
100000,500.0
