steps,returns
1000000,-18.578125
2000000,-18.171875
3000000,-17.921875
4000000,-17.59375
5000000,-17.765625
6000000,-18.484375
7000000,-17.96875
8000000,-17.96875
9000000,-18.203125
10000000,-17.921875
