steps,returns
12000,-200.0
24000,-200.0
36000,-200.0
48000,-200.0
60000,-200.0
72000,-173.26562
84000,-200.0
96000,-137.60156
108000,-169.875
120000,-136.96094
