steps,returns
1000000,71.71875
2000000,34.6875
3000000,97.1875
4000000,269.84375
5000000,241.875
6000000,22.8125
7000000,45.3125
8000000,44.0625
9000000,42.5
10000000,22.03125
