steps,returns
100000.0,-439.91394
200000.0,-412.37454
300000.0,-445.73944
400000.0,-991.1319
500000.0,-1760.843
600000.0,-3015.088
700000.0,-5231.983
800000.0,-7547.765
900000.0,-10615.441
1000000.0,-13830.288
