steps,returns
10000,477.47656
20000,227.77344
30000,402.27344
40000,216.0
50000,214.8125
60000,90.92969
70000,119.50781
80000,499.09375
90000,117.71875
100000,124.27344
