steps,returns
1000000,-17.921875
2000000,-17.71875
3000000,-17.6875
4000000,-17.765625
5000000,-17.65625
6000000,-17.8125
7000000,-17.65625
8000000,-16.9375
9000000,-17.515625
10000000,-17.296875
