steps,returns
10000,-292.20312
20000,-356.3125
30000,-424.22656
40000,-488.03906
50000,-500.0
60000,-500.0
70000,-500.0
80000,-490.0703
90000,-499.6875
100000,-500.0
