steps,returns
1000000,-17.6875
2000000,-17.796875
3000000,-18.234375
4000000,-17.890625
5000000,-18.609375
6000000,-17.984375
7000000,-18.09375
8000000,-18.328125
9000000,-18.390625
10000000,-18.46875
