steps,returns
100000.0,966.74243
200000.0,728.57263
300000.0,305.7803
400000.0,-204.20786
500000.0,-2101.519
600000.0,-3129.854
700000.0,-4491.145
800000.0,-9205.953
900000.0,-13039.609
1000000.0,-19193.541
