steps,returns
10000,-500.0
20000,-500.0
30000,-500.0
40000,-264.78125
50000,-309.03125
60000,-500.0
70000,-500.0
80000,-500.0
90000,-500.0
100000,-500.0
