steps,returns
1000000,157.1875
2000000,16.875
3000000,16.71875
4000000,22.03125
5000000,406.17188
6000000,19.84375
7000000,31.875
8000000,31.09375
9000000,17.96875
10000000,520.3906
