steps,returns
5000,397.9922
10000,177.9375
15000,25.929688
20000,24.15625
25000,15.3046875
30000,13.1953125
35000,17.09375
40000,106.3125
45000,145.14844
50000,26.398438
