steps,returns
1000000,150.0
2000000,125.0
3000000,250.0
4000000,206.25
5000000,252.34375
6000000,394.33594
7000000,364.45312
8000000,396.09375
9000000,688.47656
10000000,413.47656
