steps,returns
5000,9.0546875
10000,8.96875
15000,9.0390625
20000,8.9609375
25000,9.078125
30000,9.15625
35000,9.0546875
40000,9.0546875
45000,8.953125
50000,9.0078125
