steps,returns
1000000,846.71875
2000000,1785.4688
3000000,2084.4531
4000000,0.0
5000000,139.45312
6000000,2485.0
7000000,1637.5781
8000000,0.0
9000000,15.15625
10000000,1880.7031
