steps,returns
10000,-499.75
20000,-500.0
30000,-500.0
40000,-500.0
50000,-500.0
60000,-500.0
70000,-500.0
80000,-491.48438
90000,-205.97656
100000,-145.30469
