steps,returns
1000000,514.1406
2000000,591.7969
3000000,158.75
4000000,152.1875
5000000,405.46875
6000000,164.0625
7000000,134.375
8000000,60.0
9000000,664.1406
10000000,286.40625
