steps,returns
1000000,-17.65625
2000000,-17.546875
3000000,-17.65625
4000000,-18.0
5000000,-17.3125
6000000,-17.125
7000000,-17.734375
8000000,-17.109375
9000000,-16.796875
10000000,-17.5625
