steps,returns
1000000,-18.796875
2000000,-17.953125
3000000,-18.609375
4000000,-17.78125
5000000,-17.703125
6000000,-18.15625
7000000,-17.625
8000000,-18.25
9000000,-18.046875
10000000,-18.671875
