steps,returns
100000.0,422.9115
200000.0,455.91922
300000.0,443.063
400000.0,446.33228
500000.0,453.13275
600000.0,451.98666
700000.0,445.096
800000.0,441.06897
900000.0,436.459
1000000.0,438.784
