steps,returns
1000000,-18.015625
2000000,-18.53125
3000000,-17.171875
4000000,-17.640625
5000000,-18.09375
6000000,-18.59375
7000000,-17.34375
8000000,-18.453125
9000000,-18.0
10000000,-17.984375
