steps,returns
5000,9.2578125
10000,69.59375
15000,16.414062
20000,11.3125
25000,40.882812
30000,64.34375
35000,87.3125
40000,79.99219
45000,173.14062
50000,108.578125
