steps,returns
100000.0,1089.5251
200000.0,795.15393
300000.0,666.8762
400000.0,771.58716
500000.0,854.56335
600000.0,952.03564
700000.0,979.7991
800000.0,996.8073
900000.0,1004.3894
1000000.0,970.57465
