steps,returns
5000,41.414062
10000,51.828125
15000,52.46875
20000,58.015625
25000,61.101562
30000,65.5625
35000,63.390625
40000,71.640625
45000,64.796875
50000,68.71875
