steps,returns
1000000,-17.875
2000000,-18.140625
3000000,-18.046875
4000000,-18.234375
5000000,-17.609375
6000000,-17.84375
7000000,-18.296875
8000000,-18.53125
9000000,-17.5
10000000,-17.96875
