steps,returns
1000000,270.5078
2000000,143.75
3000000,167.38281
4000000,248.63281
5000000,231.83594
6000000,349.21875
7000000,296.6797
8000000,337.6953
9000000,626.9531
10000000,319.53125
