steps,returns
5000,261.51562
10000,158.1875
15000,473.10938
20000,183.41406
25000,347.02344
30000,110.39844
35000,22.90625
40000,22.109375
45000,9.4921875
50000,9.3984375
