steps,returns
10000,339.29688
20000,294.0625
30000,307.14062
40000,332.0547
50000,350.01562
60000,414.20312
70000,469.96875
80000,482.53906
90000,493.3125
100000,500.0
