steps,returns
1000000,113.125
2000000,211.71875
3000000,241.71875
4000000,204.375
5000000,214.53125
6000000,564.375
7000000,128.75
8000000,228.4375
9000000,17.03125
10000000,848.28125
