steps,returns
1000000,-18.09375
2000000,-18.140625
3000000,-17.671875
4000000,-18.203125
5000000,-18.625
6000000,-17.84375
7000000,-17.640625
8000000,-17.421875
9000000,-17.984375
10000000,-17.21875
