steps,returns
1000000,956.7969
2000000,788.59375
3000000,631.40625
4000000,354.53125
5000000,822.8125
6000000,287.34375
7000000,1151.3281
8000000,412.5
9000000,683.90625
10000000,96.09375
