steps,returns
1000000,1231.4062
2000000,1103.9844
3000000,864.4531
4000000,1002.5
5000000,1059.6094
6000000,785.46875
7000000,289.84375
8000000,125.15625
9000000,260.0
10000000,541.875
