steps,returns
100000.0,460.22012
200000.0,630.4873
300000.0,853.82104
400000.0,878.7942
500000.0,865.2865
600000.0,876.54785
700000.0,875.7407
800000.0,873.3008
900000.0,862.5315
1000000.0,880.5312
