steps,returns
5000,108.875
10000,147.89062
15000,210.45312
20000,261.70312
25000,341.45312
30000,418.0
35000,453.4922
40000,485.7422
45000,496.6328
50000,497.23438
