steps,returns
1000000,82.34375
2000000,92.1875
3000000,100.9375
4000000,201.40625
5000000,170.3125
6000000,122.34375
7000000,17.5
8000000,394.76562
9000000,684.4531
10000000,542.96875
