steps,returns
1000000,-17.78125
2000000,-17.890625
3000000,-17.609375
4000000,-17.640625
5000000,-18.6875
6000000,-18.203125
7000000,-18.234375
8000000,-18.140625
9000000,-17.90625
10000000,-18.15625
