steps,returns
1000000,-17.90625
2000000,-18.109375
3000000,-17.96875
4000000,-18.046875
5000000,-18.265625
6000000,-17.703125
7000000,-17.84375
8000000,-18.203125
9000000,-17.796875
10000000,-18.609375
