steps,returns
1000000,298.04688
2000000,257.8125
3000000,484.5703
4000000,554.4922
5000000,557.03125
6000000,715.03906
7000000,867.3828
8000000,728.3203
9000000,1059.9609
10000000,705.8594
