steps,returns
100000.0,594.26825
200000.0,569.68933
300000.0,660.57446
400000.0,603.4027
500000.0,607.6775
600000.0,672.1223
700000.0,1231.4861
800000.0,1040.4778
900000.0,975.1094
1000000.0,1042.6936
