steps,returns
100000.0,732.97504
200000.0,324.52838
300000.0,282.1062
400000.0,814.3496
500000.0,310.04254
600000.0,357.1294
700000.0,225.03877
800000.0,-76.292786
900000.0,235.30536
1000000.0,-403.41302
