steps,returns
100000.0,288.86725
200000.0,286.7873
300000.0,287.72626
400000.0,287.51242
500000.0,288.9696
600000.0,289.01993
700000.0,288.81024
800000.0,287.78955
900000.0,288.08405
1000000.0,288.68765
