steps,returns
1000000,150.0
2000000,125.0
3000000,303.3203
4000000,125.0
5000000,496.09375
6000000,504.4922
7000000,620.1172
8000000,791.21094
9000000,574.41406
10000000,735.35156
