steps,returns
100000.0,1026.8291
200000.0,756.7505
300000.0,723.8467
400000.0,629.459
500000.0,663.56165
600000.0,702.5039
700000.0,742.459
800000.0,803.63245
900000.0,860.3229
1000000.0,902.8778
