steps,returns
1000000,279.6875
2000000,316.9922
3000000,185.15625
4000000,357.8125
5000000,639.84375
6000000,683.2031
7000000,658.2031
8000000,805.8594
9000000,732.03125
10000000,606.25
