steps,returns
1000000,17.34375
2000000,124.21875
3000000,340.0
4000000,118.125
5000000,16.875
6000000,124.84375
7000000,338.59375
8000000,307.5
9000000,18.75
10000000,179.84375
