steps,returns
1000000,-17.984375
2000000,-17.4375
3000000,-18.4375
4000000,-17.390625
5000000,-18.296875
6000000,-17.46875
7000000,-17.546875
8000000,-17.90625
9000000,-18.0625
10000000,-17.546875
