steps,returns
100000.0,1000.4491
200000.0,663.26953
300000.0,-216.65196
400000.0,-1241.8969
500000.0,-4353.5605
600000.0,-8291.879
700000.0,-12506.195
800000.0,-23293.674
900000.0,-37261.867
1000000.0,-55326.367
