steps,returns
100000.0,991.1496
200000.0,1066.3547
300000.0,1006.7637
400000.0,976.125
500000.0,937.67944
600000.0,904.56586
700000.0,883.626
800000.0,1139.6804
900000.0,1300.1232
1000000.0,1412.0269
