steps,returns
1000000,749.375
2000000,263.75
3000000,1966.7188
4000000,982.34375
5000000,148.75
6000000,427.42188
7000000,32.96875
8000000,1042.0312
9000000,880.5469
10000000,452.42188
