steps,returns
100000.0,872.29456
200000.0,1075.78
300000.0,1289.4814
400000.0,1092.021
500000.0,889.838
600000.0,758.6116
700000.0,736.7317
800000.0,749.20056
900000.0,771.5089
1000000.0,844.7551
