steps,returns
10000,54.625
20000,59.859375
30000,92.875
40000,109.625
50000,142.42969
60000,194.75781
70000,241.34375
80000,319.73438
90000,409.8672
100000,493.04688
