steps,returns
1000000,17.65625
2000000,16.71875
3000000,91.40625
4000000,355.39062
5000000,46.5625
6000000,17.03125
7000000,132.65625
8000000,118.90625
9000000,108.90625
10000000,51.71875
