steps,returns
1000000,358.59375
2000000,280.15625
3000000,1411.0938
4000000,878.6719
5000000,3151.3281
6000000,4891.797
7000000,5182.8906
8000000,5521.0156
9000000,5133.9062
10000000,5639.1406
