steps,returns
100000.0,1018.4599
200000.0,970.5367
300000.0,844.0921
400000.0,699.92993
500000.0,577.65283
600000.0,403.22418
700000.0,325.4284
800000.0,151.27342
900000.0,105.822716
1000000.0,56.333996
