steps,returns
1000000,-17.703125
2000000,-18.203125
3000000,-18.046875
4000000,-17.921875
5000000,-17.578125
6000000,-17.796875
7000000,-18.265625
8000000,-18.28125
9000000,-18.15625
10000000,-18.46875
