steps,returns
1000000,-17.578125
2000000,-18.296875
3000000,-18.015625
4000000,-18.03125
5000000,-18.015625
6000000,-17.859375
7000000,-18.3125
8000000,-18.21875
9000000,-17.90625
10000000,-18.125
