steps,returns
1000000,55.46875
2000000,60.0
3000000,17.03125
4000000,106.5625
5000000,277.96875
6000000,257.65625
7000000,117.65625
8000000,173.28125
9000000,357.1875
10000000,279.53125
