steps,returns
10000,-111.390625
20000,-500.0
30000,-499.9453
40000,-493.78906
50000,-500.0
60000,-234.40625
70000,-500.0
80000,-500.0
90000,-500.0
100000,-181.86719
