steps,returns
10000,-277.2578
20000,-290.39062
30000,-269.21875
40000,-312.09375
50000,-284.0
60000,-322.03906
70000,-296.21094
80000,-298.90625
90000,-317.875
100000,-305.4922
