steps,returns
5000,124.546875
10000,124.03125
15000,122.671875
20000,139.03906
25000,121.32031
30000,96.61719
35000,92.88281
40000,95.58594
45000,94.78125
50000,90.21875
