steps,returns
1000000,39.21875
2000000,17.65625
3000000,17.96875
4000000,18.4375
5000000,30.78125
6000000,17.96875
7000000,49.84375
8000000,28.90625
9000000,28.90625
10000000,42.03125
