steps,returns
10000,108.25
20000,96.328125
30000,88.60156
40000,101.72656
50000,104.515625
60000,110.625
70000,118.625
80000,124.25781
90000,101.82031
100000,122.02344
