steps,returns
1000000,250.97656
2000000,425.0
3000000,759.96094
4000000,2315.8203
5000000,2341.211
6000000,3221.0938
7000000,543.5547
8000000,4138.4766
9000000,4221.289
10000000,4312.5
