steps,returns
5000,70.0625
10000,77.4375
15000,79.74219
20000,82.28125
25000,89.74219
30000,83.953125
35000,87.1875
40000,85.46875
45000,89.58594
50000,87.578125
