steps,returns
1000000,-17.71875
2000000,-18.03125
3000000,-18.765625
4000000,-18.5
5000000,-18.078125
6000000,-17.765625
7000000,-18.109375
8000000,-18.375
9000000,-17.78125
10000000,-17.75
