steps,returns
5000,83.5
10000,87.27344
15000,85.578125
20000,84.15625
25000,81.11719
30000,84.21875
35000,83.52344
40000,83.75781
45000,80.33594
50000,84.734375
