steps,returns
100000.0,716.57245
200000.0,475.19775
300000.0,729.9867
400000.0,945.16565
500000.0,287.19092
600000.0,254.5051
700000.0,230.34714
800000.0,225.29782
900000.0,957.95355
1000000.0,906.12463
