steps,returns
5000,47.515625
10000,54.101562
15000,56.210938
20000,64.55469
25000,60.007812
30000,58.054688
35000,58.054688
40000,65.921875
45000,60.234375
50000,60.476562
