steps,returns
10000,461.08594
20000,128.50781
30000,64.34375
40000,66.11719
50000,47.992188
60000,48.664062
70000,9.390625
80000,25.6875
90000,45.703125
100000,222.36719
