steps,returns
5000,9.3046875
10000,9.2734375
15000,9.296875
20000,9.34375
25000,9.4609375
30000,9.390625
35000,9.40625
40000,9.3828125
45000,9.40625
50000,9.359375
