steps,returns
10000,-491.6328
20000,-500.0
30000,-500.0
40000,-500.0
50000,-500.0
60000,-500.0
70000,-500.0
80000,-166.58594
90000,-182.74219
100000,-500.0
