steps,returns
100000.0,507.47113
200000.0,364.9922
300000.0,798.62317
400000.0,819.84314
500000.0,221.78299
600000.0,554.3379
700000.0,1100.649
800000.0,1069.7435
900000.0,1099.9631
1000000.0,1108.6232
