steps,returns
1000000,343.16406
2000000,450.0
3000000,155.85938
4000000,199.02344
5000000,478.3203
6000000,260.15625
7000000,262.6953
8000000,636.91406
9000000,136.32812
10000000,350.0
