steps,returns
100000.0,261.91336
200000.0,893.8655
300000.0,698.21436
400000.0,-4005.3574
500000.0,-11677.146
600000.0,-17264.977
700000.0,-18044.219
800000.0,-23795.14
900000.0,-32219.25
1000000.0,-35333.234
