steps,returns
1000000,-17.71875
2000000,-18.40625
3000000,-18.15625
4000000,-18.078125
5000000,-18.0
6000000,-17.5
7000000,-17.421875
8000000,-16.953125
9000000,-18.046875
10000000,-17.125
