steps,returns
100000.0,741.42505
200000.0,640.37115
300000.0,594.3476
400000.0,549.4641
500000.0,550.33417
600000.0,537.7316
700000.0,530.91425
800000.0,525.3141
900000.0,534.9706
1000000.0,524.7804
