steps,returns
100000.0,785.11255
200000.0,1021.8719
300000.0,1019.57837
400000.0,1067.4674
500000.0,1040.8508
600000.0,1231.4548
700000.0,2142.079
800000.0,2334.0107
900000.0,2347.2217
1000000.0,2394.4202
