steps,returns
10000,94.17969
20000,110.515625
30000,115.60156
40000,115.49219
50000,128.17188
60000,151.40625
70000,165.10156
80000,141.48438
90000,152.17969
100000,165.16406
