steps,returns
1000000,-18.328125
2000000,-17.609375
3000000,-17.953125
4000000,-18.03125
5000000,-18.109375
6000000,-17.171875
7000000,-17.8125
8000000,-17.71875
9000000,-17.859375
10000000,-18.15625
