steps,returns
1000000,199.21875
2000000,125.0
3000000,265.23438
4000000,243.94531
5000000,300.0
6000000,285.9375
7000000,286.71875
8000000,405.85938
9000000,196.67969
10000000,337.10938
