steps,returns
5000,28.765625
10000,28.164062
15000,27.273438
20000,26.007812
25000,28.539062
30000,28.007812
35000,29.765625
40000,29.820312
45000,30.515625
50000,32.914062
