steps,returns
1000000,150.0
2000000,125.0
3000000,125.0
4000000,281.83594
5000000,125.0
6000000,150.0
7000000,300.0
8000000,305.46875
9000000,388.08594
10000000,347.0703
