steps,returns
100000.0,306.56213
200000.0,646.39465
300000.0,791.0941
400000.0,758.0459
500000.0,743.4385
600000.0,733.4591
700000.0,740.78687
800000.0,765.13367
900000.0,748.8439
1000000.0,744.66766
