steps,returns
1000000,201.36719
2000000,384.375
3000000,483.98438
4000000,478.51562
5000000,998.8281
6000000,466.60156
7000000,736.3281
8000000,579.4922
9000000,1580.0781
10000000,775.0
