steps,returns
100000.0,625.86206
200000.0,627.64136
300000.0,623.7782
400000.0,643.8186
500000.0,754.2877
600000.0,1134.578
700000.0,1297.825
800000.0,1306.8672
900000.0,1233.9751
1000000.0,1245.3159
