steps,returns
100000.0,132.15526
200000.0,-321.6608
300000.0,91.40103
400000.0,126.06094
500000.0,-100.85023
600000.0,-81.1167
700000.0,-254.00244
800000.0,-511.7427
900000.0,-992.9996
1000000.0,-830.969
