steps,returns
100000.0,609.90967
200000.0,492.84476
300000.0,888.25415
400000.0,921.15125
500000.0,848.7551
600000.0,843.54803
700000.0,1059.9458
800000.0,1027.719
900000.0,1070.9563
1000000.0,1086.2544
