steps,returns
5000,9.5625
10000,9.609375
15000,9.453125
20000,9.4453125
25000,9.5390625
30000,9.359375
35000,9.4453125
40000,9.421875
45000,9.2734375
50000,9.3515625
