steps,returns
100000.0,58.946323
200000.0,-233.14194
300000.0,128.42203
400000.0,176.95801
500000.0,-140.43657
600000.0,-190.93112
700000.0,-423.48688
800000.0,-383.36462
900000.0,-756.23816
1000000.0,-1033.9187
