steps,returns
100000.0,317.48566
200000.0,226.99179
300000.0,605.5142
400000.0,955.3181
500000.0,959.68494
600000.0,964.67426
700000.0,1170.3052
800000.0,1227.1709
900000.0,1235.5061
1000000.0,1291.4094
