steps,returns
1000000,125.0
2000000,261.32812
3000000,250.0
4000000,250.0
5000000,597.2656
6000000,399.60938
7000000,573.4375
8000000,595.89844
9000000,650.0
10000000,647.65625
