steps,returns
1000000,283.0078
2000000,444.72656
3000000,225.39062
4000000,369.72656
5000000,125.0
6000000,211.13281
7000000,180.07812
8000000,125.0
9000000,150.0
10000000,272.65625
