steps,returns
10000,382.21094
20000,286.1797
30000,499.03906
40000,460.0625
50000,371.66406
60000,500.0
70000,500.0
80000,500.0
90000,500.0
100000,500.0
