steps,returns
1000000,272.65625
2000000,150.0
3000000,876.1719
4000000,791.60156
5000000,774.41406
6000000,947.2656
7000000,681.83594
8000000,795.89844
9000000,609.375
10000000,807.03125
