steps,returns
100000.0,563.0111
200000.0,596.481
300000.0,874.4745
400000.0,971.55505
500000.0,1064.4866
600000.0,818.3593
700000.0,988.76074
800000.0,967.6655
900000.0,801.25726
1000000.0,585.03485
