steps,returns
10000,101.42969
20000,121.515625
30000,120.86719
40000,118.83594
50000,119.984375
60000,130.66406
70000,133.69531
80000,146.52344
90000,134.80469
100000,135.05469
