steps,returns
1000000,17.8125
2000000,48.28125
3000000,16.5625
4000000,27.8125
5000000,36.09375
6000000,17.1875
7000000,30.0
8000000,17.1875
9000000,27.8125
10000000,29.6875
