steps,returns
100000.0,309.01617
200000.0,301.4124
300000.0,302.4511
400000.0,303.98474
500000.0,306.3188
600000.0,302.883
700000.0,302.88617
800000.0,302.72296
900000.0,305.00635
1000000.0,307.0618
