steps,returns
5000,41.609375
10000,234.33594
15000,219.58594
20000,429.3047
25000,456.27344
30000,459.4375
35000,468.8047
40000,403.8125
45000,171.67188
50000,241.15625
