{"config": {"hp_config.clip_eps": 0.10443837804741735, "hp_config.ent_coef": 0.08065475894249813, "hp_config.gae_lambda": 0.9305563542605332, "hp_config.learning_rate": 1.846962223200756e-05, "hp_config.max_grad_norm": 0.4663107728563063, "hp_config.minibatch_size": 32, "hp_config.normalize_advantage": true, "hp_config.vf_clip_eps": 0.05518757058215257, "hp_config.vf_coef": 0.6563295894652734}, "score": -1453.6627197265625, "budget_used": 13, "total_wallclock_time": -284.1565806865692, "total_optimization_time": 0.006842851638793945}
{"config": {"hp_config.clip_eps": 0.2954363806240866, "hp_config.ent_coef": 0.2871626244247894, "hp_config.gae_lambda": 0.930574843889441, "hp_config.learning_rate": 0.0018218656600978453, "hp_config.max_grad_norm": 0.43141843543397396, "hp_config.minibatch_size": 128, "hp_config.normalize_advantage": true, "hp_config.vf_clip_eps": 0.2179324626328134, "hp_config.vf_coef": 0.8919233550156721}, "score": -1639.175048828125, "budget_used": 26, "total_wallclock_time": -431.19264817237854, "total_optimization_time": 0.05019092559814453}
{"config": {"hp_config.clip_eps": 0.34849862086249367, "hp_config.ent_coef": 0.3893476979705517, "hp_config.gae_lambda": 0.9554037716135657, "hp_config.learning_rate": 1.982041856987241e-05, "hp_config.max_grad_norm": 0.37381313793256143, "hp_config.minibatch_size": 64, "hp_config.normalize_advantage": true, "hp_config.vf_clip_eps": 0.18542639960894436, "hp_config.vf_coef": 0.19705428018563964}, "score": -2545.798828125, "budget_used": 39, "total_wallclock_time": -570.8386814594269, "total_optimization_time": 0.05292081832885742}
{"config": {"hp_config.clip_eps": 0.3450125100956137, "hp_config.ent_coef": 0.34981102712525836, "hp_config.gae_lambda": 0.8655113082712681, "hp_config.learning_rate": 0.006079854886425403, "hp_config.max_grad_norm": 0.6360610554471413, "hp_config.minibatch_size": 32, "hp_config.normalize_advantage": true, "hp_config.vf_clip_eps": 0.39819573725866586, "hp_config.vf_coef": 0.9591666030352225}, "score": NaN, "budget_used": 52, "total_wallclock_time": -717.7943542003632, "total_optimization_time": 0.0560460090637207}
{"config": {"hp_config.clip_eps": 0.3450125100956137, "hp_config.ent_coef": 0.34981102712525836, "hp_config.gae_lambda": 0.8655113082712681, "hp_config.learning_rate": 0.006079854886425403, "hp_config.max_grad_norm": 0.6360610554471413, "hp_config.minibatch_size": 32, "hp_config.normalize_advantage": true, "hp_config.vf_clip_eps": 0.39819573725866586, "hp_config.vf_coef": 0.9591666030352225}, "score": NaN, "budget_used": 65, "total_wallclock_time": -855.4082434177399, "total_optimization_time": 0.059258460998535156}
{"config": {"hp_config.clip_eps": 0.3450125100956137, "hp_config.ent_coef": 0.34981102712525836, "hp_config.gae_lambda": 0.8655113082712681, "hp_config.learning_rate": 0.006079854886425403, "hp_config.max_grad_norm": 0.6360610554471413, "hp_config.minibatch_size": 32, "hp_config.normalize_advantage": true, "hp_config.vf_clip_eps": 0.39819573725866586, "hp_config.vf_coef": 0.9591666030352225}, "score": NaN, "budget_used": 78, "total_wallclock_time": -991.213273525238, "total_optimization_time": 0.062126874923706055}
{"config": {"hp_config.clip_eps": 0.3450125100956137, "hp_config.ent_coef": 0.34981102712525836, "hp_config.gae_lambda": 0.8655113082712681, "hp_config.learning_rate": 0.006079854886425403, "hp_config.max_grad_norm": 0.6360610554471413, "hp_config.minibatch_size": 32, "hp_config.normalize_advantage": true, "hp_config.vf_clip_eps": 0.39819573725866586, "hp_config.vf_coef": 0.9591666030352225}, "score": NaN, "budget_used": 91, "total_wallclock_time": -1141.4612364768982, "total_optimization_time": 0.0665590763092041}
{"config": {"hp_config.clip_eps": 0.3450125100956137, "hp_config.ent_coef": 0.34981102712525836, "hp_config.gae_lambda": 0.8655113082712681, "hp_config.learning_rate": 0.006079854886425403, "hp_config.max_grad_norm": 0.6360610554471413, "hp_config.minibatch_size": 32, "hp_config.normalize_advantage": true, "hp_config.vf_clip_eps": 0.39819573725866586, "hp_config.vf_coef": 0.9591666030352225}, "score": NaN, "budget_used": 104, "total_wallclock_time": -1274.112271785736, "total_optimization_time": 0.07081270217895508}
{"config": {"hp_config.clip_eps": 0.3450125100956137, "hp_config.ent_coef": 0.34981102712525836, "hp_config.gae_lambda": 0.8655113082712681, "hp_config.learning_rate": 0.006079854886425403, "hp_config.max_grad_norm": 0.6360610554471413, "hp_config.minibatch_size": 32, "hp_config.normalize_advantage": true, "hp_config.vf_clip_eps": 0.39819573725866586, "hp_config.vf_coef": 0.9591666030352225}, "score": NaN, "budget_used": 117, "total_wallclock_time": -1403.1479661464691, "total_optimization_time": 0.11844325065612793}
{"config": {"hp_config.clip_eps": 0.3450125100956137, "hp_config.ent_coef": 0.34981102712525836, "hp_config.gae_lambda": 0.8655113082712681, "hp_config.learning_rate": 0.006079854886425403, "hp_config.max_grad_norm": 0.6360610554471413, "hp_config.minibatch_size": 32, "hp_config.normalize_advantage": true, "hp_config.vf_clip_eps": 0.39819573725866586, "hp_config.vf_coef": 0.9591666030352225}, "score": NaN, "budget_used": 130, "total_wallclock_time": -1534.6992819309235, "total_optimization_time": 0.12216043472290039}
{"config": {"hp_config.clip_eps": 0.3450125100956137, "hp_config.ent_coef": 0.34981102712525836, "hp_config.gae_lambda": 0.8655113082712681, "hp_config.learning_rate": 0.006079854886425403, "hp_config.max_grad_norm": 0.6360610554471413, "hp_config.minibatch_size": 32, "hp_config.normalize_advantage": true, "hp_config.vf_clip_eps": 0.39819573725866586, "hp_config.vf_coef": 0.9591666030352225}, "score": NaN, "budget_used": 143, "total_wallclock_time": -1673.3342955112457, "total_optimization_time": 0.12530279159545898}
