steps,returns
100000.0,10.950318
200000.0,10.982578
300000.0,11.72175
400000.0,11.368732
500000.0,11.550247
600000.0,11.197671
700000.0,11.617279
800000.0,11.74683
900000.0,11.731592
1000000.0,11.725006
