steps,returns
10000,179.39062
20000,311.89062
30000,499.89062
40000,500.0
50000,112.85156
60000,145.33594
70000,216.07031
80000,500.0
90000,500.0
100000,206.47656
