steps,returns
100000.0,716.8268
200000.0,638.10364
300000.0,1214.067
400000.0,358.5398
500000.0,334.8086
600000.0,320.7317
700000.0,234.14456
800000.0,264.77823
900000.0,141.551
1000000.0,91.59358
