steps,returns
1000000,-17.625
2000000,-17.703125
3000000,-17.75
4000000,-17.78125
5000000,-18.40625
6000000,-18.34375
7000000,-18.140625
8000000,-18.0625
9000000,-17.828125
10000000,-17.4375
