steps,returns
5000,9.3359375
10000,9.234375
15000,9.46875
20000,9.3203125
25000,9.3515625
30000,9.28125
35000,9.3046875
40000,9.25
45000,9.296875
50000,9.3046875
