steps,returns
5000,86.4375
10000,50.046875
15000,500.0
20000,133.80469
25000,188.1875
30000,145.38281
35000,290.03125
40000,99.50781
45000,98.875
50000,146.98438
