steps,returns
100000.0,0.4184124
200000.0,-169.24109
300000.0,-407.318
400000.0,-1050.1912
500000.0,-1161.6952
600000.0,-943.2268
700000.0,-568.03674
800000.0,-582.2471
900000.0,-617.60016
1000000.0,-620.5939
