steps,returns
1000000,-17.609375
2000000,-17.84375
3000000,-18.234375
4000000,-17.765625
5000000,-17.546875
6000000,-18.125
7000000,-18.125
8000000,-17.828125
9000000,-18.171875
10000000,-17.90625
