steps,returns
1000000,-17.578125
2000000,-18.0625
3000000,-17.875
4000000,-17.625
5000000,-17.703125
6000000,-17.953125
7000000,-17.96875
8000000,-18.078125
9000000,-17.515625
10000000,-18.03125
