steps,returns
100000.0,1031.751
200000.0,1024.2721
300000.0,1023.8612
400000.0,1011.79895
500000.0,1015.3463
600000.0,1001.8268
700000.0,996.3096
800000.0,978.78955
900000.0,950.14923
1000000.0,917.0885
