steps,returns
5000,16.46875
10000,42.585938
15000,243.03125
20000,229.53125
25000,156.04688
30000,245.72656
35000,188.67188
40000,101.88281
45000,131.51562
50000,104.71094
