steps,returns
1000000,-18.28125
2000000,-18.015625
3000000,-17.984375
4000000,-18.09375
5000000,-17.859375
6000000,-17.515625
7000000,-18.09375
8000000,-17.796875
9000000,-18.703125
10000000,-17.734375
