{"config": {"hp_config.clip_eps": 0.4763958284859723, "hp_config.ent_coef": 0.34374413819390764, "hp_config.gae_lambda": 0.8430799846550003, "hp_config.learning_rate": 0.05455731044851542, "hp_config.max_grad_norm": 0.7308558067701578, "hp_config.minibatch_size": 128, "hp_config.normalize_advantage": true, "hp_config.vf_clip_eps": 0.2591003569653316, "hp_config.vf_coef": 0.025662718054531575}, "score": 0.0, "budget_used": 128, "total_wallclock_time": -5518.868453979492, "total_optimization_time": 0.010582923889160156}
