steps,returns
1000000,-17.890625
2000000,-17.15625
3000000,-18.328125
4000000,-17.6875
5000000,-17.390625
6000000,-17.75
7000000,-17.484375
8000000,-17.0625
9000000,-17.515625
10000000,-16.90625
