steps,returns
1000000,-17.671875
2000000,-17.8125
3000000,-18.140625
4000000,-18.40625
5000000,-18.65625
6000000,-18.0625
7000000,-18.28125
8000000,-18.28125
9000000,-17.796875
10000000,-18.1875
