steps,returns
1000000,-18.421875
2000000,-18.484375
3000000,-18.1875
4000000,-18.34375
5000000,-17.78125
6000000,-18.4375
7000000,-18.5
8000000,-18.40625
9000000,-17.875
10000000,-17.71875
