steps,returns
1000000,187.5
2000000,518.75
3000000,894.72656
4000000,1184.1797
5000000,875.78125
6000000,3128.5156
7000000,842.77344
8000000,904.6875
9000000,2481.4453
10000000,1790.0391
