steps,returns
1000000,125.0
2000000,300.0
3000000,526.1719
4000000,520.3125
5000000,551.5625
6000000,522.65625
7000000,435.9375
8000000,466.01562
9000000,721.6797
10000000,533.59375
