steps,returns
1000000,291.21094
2000000,344.92188
3000000,664.64844
4000000,529.6875
5000000,732.22656
6000000,941.40625
7000000,708.9844
8000000,640.4297
9000000,922.65625
10000000,2003.5156
