steps,returns
100000.0,-0.24080782
200000.0,-0.72068834
300000.0,-5.0133104
400000.0,23.871792
500000.0,-83.987274
600000.0,-146.14465
700000.0,-270.62384
800000.0,-313.03986
900000.0,-288.83
1000000.0,-843.10144
