steps,returns
1000000,76.5625
2000000,201.875
3000000,326.875
4000000,17.8125
5000000,377.96875
6000000,1216.3281
7000000,267.57812
8000000,1261.25
9000000,948.75
10000000,1542.0312
