steps,returns
1000000,300.0
2000000,536.71875
3000000,228.90625
4000000,458.98438
5000000,1032.4219
6000000,742.3828
7000000,823.2422
8000000,758.9844
9000000,743.9453
10000000,925.78125
