steps,returns
1000000,-17.90625
2000000,-17.953125
3000000,-17.90625
4000000,-17.875
5000000,-17.65625
6000000,-18.0625
7000000,-17.59375
8000000,-17.765625
9000000,-17.6875
10000000,-17.90625
