steps,returns
1000000,150.0
2000000,280.27344
3000000,179.88281
4000000,244.53125
5000000,570.7031
6000000,767.1875
7000000,653.90625
8000000,638.28125
9000000,578.3203
10000000,583.59375
