steps,returns
10000,135.92188
20000,50.453125
30000,71.5625
40000,88.171875
50000,102.765625
60000,91.890625
70000,373.29688
80000,257.67188
90000,267.3203
100000,38.96875
