steps,returns
1000000,-17.578125
2000000,-17.671875
3000000,-17.625
4000000,-17.875
5000000,-17.78125
6000000,-17.953125
7000000,-18.390625
8000000,-18.046875
9000000,-18.359375
10000000,-18.375
