steps,returns
10000,184.01562
20000,150.63281
30000,469.0703
40000,270.39062
50000,480.58594
60000,448.20312
70000,199.21094
80000,223.625
90000,291.3047
100000,474.60938
