steps,returns
5000,34.992188
10000,41.1875
15000,43.820312
20000,50.882812
25000,51.96875
30000,54.609375
35000,60.84375
40000,52.671875
45000,56.21875
50000,59.78125
