steps,returns
1000000,-17.96875
2000000,-17.421875
3000000,-17.90625
4000000,-17.765625
5000000,-17.546875
6000000,-18.390625
7000000,-17.90625
8000000,-17.453125
9000000,-17.90625
10000000,-17.96875
