steps,returns
1000000,-1.34375
2000000,-1.265625
3000000,-17.625
4000000,-18.71875
5000000,-17.953125
6000000,-17.96875
7000000,-17.984375
8000000,-17.734375
9000000,-18.015625
10000000,-18.546875
