steps,returns
100000.0,72.69556
200000.0,76.48224
300000.0,83.17086
400000.0,81.01132
500000.0,83.89548
600000.0,84.938644
700000.0,86.31898
800000.0,87.32505
900000.0,87.83511
1000000.0,87.89795
