steps,returns
5000,70.53125
10000,68.92969
15000,67.65625
20000,70.59375
25000,69.66406
30000,70.953125
35000,79.00781
40000,74.515625
45000,76.16406
50000,76.53125
