steps,returns
5000,64.89844
10000,64.86719
15000,63.515625
20000,61.898438
25000,62.664062
30000,61.046875
35000,64.046875
40000,58.578125
45000,59.234375
50000,55.859375
