steps,returns
100000.0,497.52832
200000.0,477.75873
300000.0,528.67224
400000.0,1205.9463
500000.0,1209.8268
600000.0,657.10944
700000.0,371.50226
800000.0,47.80726
900000.0,-868.966
1000000.0,-1590.4817
