steps,returns
1000000,-16.25
2000000,-16.296875
3000000,-15.546875
4000000,-15.65625
5000000,-15.671875
6000000,-15.296875
7000000,-16.09375
8000000,-15.125
9000000,-13.71875
10000000,-14.96875
