steps,returns
1000000,-18.078125
2000000,-17.625
3000000,-18.171875
4000000,-18.390625
5000000,-18.453125
6000000,-18.46875
7000000,-18.078125
8000000,-17.796875
9000000,-17.84375
10000000,-17.90625
