steps,returns
5000,32.671875
10000,31.304688
15000,32.9375
20000,33.34375
25000,33.9375
30000,32.851562
35000,34.085938
40000,34.726562
45000,34.007812
50000,36.46875
