steps,returns
100000.0,-249.82718
200000.0,-752.6993
300000.0,-976.94684
400000.0,-318.64294
500000.0,-1476.0503
600000.0,-357.52112
700000.0,-567.9081
800000.0,-950.8911
900000.0,-823.2926
1000000.0,-763.92896
