steps,returns
5000,74.74219
10000,78.828125
15000,88.84375
20000,90.0
25000,86.4375
30000,85.078125
35000,83.85156
40000,91.9375
45000,90.828125
50000,85.03906
