steps,returns
1000000,-17.578125
2000000,-17.65625
3000000,-18.203125
4000000,-18.046875
5000000,-17.609375
6000000,-17.890625
7000000,-18.234375
8000000,-18.046875
9000000,-17.625
10000000,-18.390625
