steps,returns
100000.0,609.87256
200000.0,526.6444
300000.0,787.87024
400000.0,792.3397
500000.0,835.2468
600000.0,634.61884
700000.0,236.2251
800000.0,212.7739
900000.0,-75.116196
1000000.0,-1664.2239
