steps,returns
10000,90.92969
20000,81.9375
30000,83.16406
40000,88.08594
50000,114.03125
60000,111.38281
70000,112.46094
80000,124.359375
90000,129.65625
100000,136.84375
