steps,returns
1000000,-17.875
2000000,-17.328125
3000000,-16.984375
4000000,-16.875
5000000,-17.8125
6000000,-17.6875
7000000,-17.625
8000000,-17.6875
9000000,-18.109375
10000000,-16.671875
