steps,returns
5000,58.71875
10000,16.492188
15000,10.359375
20000,12.859375
25000,19.789062
30000,42.507812
35000,59.421875
40000,69.32031
45000,105.64844
50000,171.63281
