steps,returns
1000000,17.03125
2000000,17.03125
3000000,40.9375
4000000,28.4375
5000000,16.25
6000000,17.1875
7000000,29.21875
8000000,53.125
9000000,50.46875
10000000,29.84375
