steps,returns
1000000,-17.859375
2000000,-17.59375
3000000,-18.546875
4000000,-18.15625
5000000,-18.03125
6000000,-17.6875
7000000,-18.140625
8000000,-17.921875
9000000,-18.484375
10000000,-18.0
