steps,returns
100000.0,458.86725
200000.0,427.58655
300000.0,404.97745
400000.0,483.86566
500000.0,1310.494
600000.0,1386.3213
700000.0,628.3883
800000.0,776.7306
900000.0,367.4087
1000000.0,313.16742
