steps,returns
5000,9.765625
10000,48.984375
15000,187.0625
20000,78.953125
25000,251.91406
30000,405.75
35000,202.70312
40000,170.02344
45000,206.0
50000,253.42188
