steps,returns
1000000,-17.640625
2000000,-17.71875
3000000,-18.40625
4000000,-18.421875
5000000,-18.09375
6000000,-17.46875
7000000,-18.484375
8000000,-17.90625
9000000,-17.875
10000000,-17.515625
