steps,returns
100000.0,1.1089926
200000.0,-211.9203
300000.0,-290.13373
400000.0,491.0369
500000.0,277.332
600000.0,75.394295
700000.0,46.696785
800000.0,-148.39233
900000.0,-287.08423
1000000.0,-350.36383
