steps,returns
100000.0,417.17987
200000.0,352.75433
300000.0,937.8063
400000.0,-29.182775
500000.0,-360.05054
600000.0,-4313.6777
700000.0,-4635.948
800000.0,-7544.5396
900000.0,-8512.707
1000000.0,-8443.967
