steps,returns
5000,9.3671875
10000,9.40625
15000,9.234375
20000,9.3515625
25000,9.34375
30000,9.34375
35000,9.3125
40000,9.40625
45000,9.3515625
50000,9.3203125
