steps,returns
1000000,-17.4375
2000000,-16.515625
3000000,-16.3125
4000000,-17.265625
5000000,-15.796875
6000000,-15.921875
7000000,-16.484375
8000000,-16.015625
9000000,-17.75
10000000,-15.484375
