steps,returns
5000,123.21875
10000,124.57031
15000,352.85156
20000,288.25
25000,480.72656
30000,500.0
35000,500.0
40000,145.6875
45000,256.70312
50000,160.09375
