steps,returns
100000.0,635.8857
200000.0,687.0025
300000.0,649.87756
400000.0,670.09216
500000.0,683.05566
600000.0,759.73645
700000.0,1018.0483
800000.0,1529.471
900000.0,1635.0005
1000000.0,1714.2529
