steps,returns
1000000,569.33594
2000000,600.0
3000000,799.02344
4000000,3286.7188
5000000,4270.508
6000000,4206.0547
7000000,2648.8281
8000000,2897.461
9000000,4236.914
10000000,4480.4688
