steps,returns
1000000,-18.28125
2000000,-17.890625
3000000,-17.984375
4000000,-17.9375
5000000,-17.578125
6000000,-18.140625
7000000,-18.25
8000000,-17.578125
9000000,-18.484375
10000000,-17.828125
