steps,returns
1000000,510.9375
2000000,367.77344
3000000,416.9922
4000000,633.78906
5000000,416.01562
6000000,705.27344
7000000,474.60938
8000000,480.66406
9000000,853.125
10000000,729.8828
