steps,returns
100000.0,605.25214
200000.0,1278.7432
300000.0,1245.1218
400000.0,1252.3091
500000.0,46.867676
600000.0,-36334.07
700000.0,-60685.89
800000.0,-110564.76
900000.0,-118109.58
1000000.0,-106999.32
