steps,returns
100000.0,595.4573
200000.0,665.0116
300000.0,824.6798
400000.0,792.7279
500000.0,570.954
600000.0,514.803
700000.0,557.46594
800000.0,570.98694
900000.0,453.2162
1000000.0,449.12024
