steps,returns
10000,500.0
20000,282.65625
30000,500.0
40000,437.1797
50000,139.4375
60000,192.25781
70000,500.0
80000,420.10156
90000,500.0
100000,500.0
