steps,returns
1000000,309.76562
2000000,426.5625
3000000,309.375
4000000,558.9844
5000000,698.8281
6000000,250.0
7000000,330.07812
8000000,357.42188
9000000,521.4844
10000000,444.33594
