steps,returns
100000.0,348.68768
200000.0,431.24963
300000.0,470.81238
400000.0,790.75134
500000.0,625.2765
600000.0,426.04663
700000.0,392.31335
800000.0,343.77847
900000.0,314.8864
1000000.0,289.55023
