steps,returns
1000000,125.0
2000000,150.0
3000000,125.0
4000000,150.0
5000000,125.0
6000000,250.0
7000000,355.07812
8000000,276.3672
9000000,305.46875
10000000,474.8047
