steps,returns
1000000,459.45312
2000000,265.46875
3000000,591.4844
4000000,449.375
5000000,290.78125
6000000,369.29688
7000000,90.78125
8000000,386.40625
9000000,485.07812
10000000,234.6875
