steps,returns
100000.0,532.2854
200000.0,976.2362
300000.0,850.171
400000.0,858.50525
500000.0,866.08527
600000.0,802.4202
700000.0,767.1778
800000.0,754.854
900000.0,1094.7076
1000000.0,1630.206
