steps,returns
10000,61.898438
20000,76.34375
30000,76.109375
40000,77.359375
50000,82.92969
60000,82.80469
70000,96.96094
80000,81.421875
90000,86.86719
100000,82.53906
