steps,returns
100000.0,16.807648
200000.0,16.846153
300000.0,16.94322
400000.0,16.858273
500000.0,16.874994
600000.0,16.874676
700000.0,16.912119
800000.0,16.873302
900000.0,16.975048
1000000.0,16.883556
