steps,returns
5000,50.296875
10000,49.015625
15000,41.320312
20000,45.96875
25000,129.72656
30000,138.375
35000,145.49219
40000,209.03125
45000,162.99219
50000,146.70312
