steps,returns
1000000,-17.46875
2000000,-18.015625
3000000,-18.28125
4000000,-18.3125
5000000,-17.796875
6000000,-17.828125
7000000,-18.484375
8000000,-18.5
9000000,-18.375
10000000,-18.171875
