steps,returns
5000,32.335938
10000,32.890625
15000,32.773438
20000,33.28125
25000,33.054688
30000,34.765625
35000,31.734375
40000,33.398438
45000,34.804688
50000,36.601562
