steps,returns
1000000,-17.890625
2000000,-17.90625
3000000,-18.25
4000000,-17.890625
5000000,-17.59375
6000000,-18.1875
7000000,-18.453125
8000000,-17.359375
9000000,-18.234375
10000000,-18.21875
