steps,returns
1000000,475.0
2000000,409.96094
3000000,800.0
4000000,689.64844
5000000,3490.8203
6000000,1525.7812
7000000,1350.1953
8000000,3279.6875
9000000,4280.4688
10000000,4418.164
