steps,returns
100000.0,-519.07666
200000.0,-415.94577
300000.0,-349.9054
400000.0,-314.46033
500000.0,-290.1939
600000.0,-273.04062
700000.0,-257.74744
800000.0,-248.60747
900000.0,-239.4263
1000000.0,-229.08539
