steps,returns
1000000,-17.90625
2000000,-17.78125
3000000,-17.5
4000000,-17.953125
5000000,-17.96875
6000000,-17.421875
7000000,-17.1875
8000000,-16.96875
9000000,-17.28125
10000000,-17.3125
