steps,returns
5000,85.89844
10000,101.5
15000,115.32031
20000,136.08594
25000,153.70312
30000,185.16406
35000,216.14844
40000,238.85156
45000,264.1797
50000,290.39844
