steps,returns
1000000,-17.796875
2000000,-17.609375
3000000,-18.203125
4000000,-17.828125
5000000,-18.015625
6000000,-18.015625
7000000,-17.5625
8000000,-17.65625
9000000,-17.6875
10000000,-17.78125
