steps,returns
5000,25.992188
10000,161.78125
15000,138.75781
20000,164.5
25000,81.265625
30000,92.578125
35000,92.61719
40000,95.67969
45000,94.14844
50000,137.60938
