steps,returns
100000.0,768.3671
200000.0,928.7897
300000.0,778.42725
400000.0,788.2286
500000.0,548.5117
600000.0,615.11145
700000.0,625.7916
800000.0,571.8386
900000.0,569.89233
1000000.0,549.803
