steps,returns
100000.0,1022.0884
200000.0,1009.1332
300000.0,1003.6155
400000.0,1011.23206
500000.0,1025.8062
600000.0,1016.7981
700000.0,1010.23145
800000.0,1012.131
900000.0,1023.827
1000000.0,996.2816
