steps,returns
100000.0,-2.7368934
200000.0,-109.628494
300000.0,-315.0133
400000.0,-807.63135
500000.0,-534.7984
600000.0,-742.9339
700000.0,-783.293
800000.0,-253.1968
900000.0,-479.43884
1000000.0,-663.07434
