steps,returns
1000000,17.34375
2000000,524.6875
3000000,39.375
4000000,17.5
5000000,331.48438
6000000,48.90625
7000000,22.5
8000000,911.6406
9000000,20.15625
10000000,44.53125
