steps,returns
10000,106.02344
20000,112.234375
30000,132.94531
40000,145.82031
50000,187.30469
60000,213.52344
70000,232.0
80000,275.72656
90000,342.58594
100000,340.9453
