steps,returns
100000.0,741.22876
200000.0,827.45056
300000.0,945.2208
400000.0,1013.4065
500000.0,1037.3698
600000.0,1046.8015
700000.0,1059.6764
800000.0,1055.1323
900000.0,1053.2495
1000000.0,1063.7336
