steps,returns
1000000,-18.25
2000000,-17.890625
3000000,-18.21875
4000000,-17.96875
5000000,-18.171875
6000000,-17.484375
7000000,-17.421875
8000000,-18.09375
9000000,-17.875
10000000,-18.203125
