steps,returns
100000.0,861.57715
200000.0,1069.7513
300000.0,956.04236
400000.0,1618.9977
500000.0,1476.7836
600000.0,1363.3835
700000.0,1336.821
800000.0,1644.6581
900000.0,1880.5054
1000000.0,2432.3599
