steps,returns
5000,9.640625
10000,9.5078125
15000,9.53125
20000,9.4609375
25000,9.4375
30000,9.40625
35000,9.4453125
40000,9.390625
45000,9.546875
50000,9.4921875
