steps,returns
1000000,150.0
2000000,393.35938
3000000,310.54688
4000000,705.8594
5000000,978.5156
6000000,592.1875
7000000,503.125
8000000,809.7656
9000000,734.375
10000000,1492.5781
