steps,returns
100000.0,728.89026
200000.0,688.10895
300000.0,794.978
400000.0,851.51135
500000.0,804.50037
600000.0,1018.1633
700000.0,1010.8578
800000.0,1379.0867
900000.0,1591.5735
1000000.0,1055.7947
