steps,returns
100000.0,993.06335
200000.0,1446.125
300000.0,1054.843
400000.0,872.60913
500000.0,1250.9597
600000.0,993.8689
700000.0,1195.6401
800000.0,1331.23
900000.0,1295.884
1000000.0,1312.0835
