steps,returns
10000,66.03906
20000,90.49219
30000,133.14844
40000,244.86719
50000,460.6953
60000,415.5625
70000,382.53125
80000,407.46094
90000,417.6953
100000,440.15625
