steps,returns
10000,500.0
20000,488.8125
30000,436.33594
40000,320.14844
50000,476.1328
60000,499.85938
70000,500.0
80000,166.08594
90000,500.0
100000,500.0
