steps,returns
1000000,-17.65625
2000000,-18.0625
3000000,-18.09375
4000000,-17.6875
5000000,-17.953125
6000000,-18.0625
7000000,-18.015625
8000000,-17.453125
9000000,-17.90625
10000000,-17.953125
