steps,returns
1000000,-17.640625
2000000,-17.96875
3000000,-17.640625
4000000,-17.96875
5000000,-18.265625
6000000,-17.328125
7000000,-18.34375
8000000,-17.75
9000000,-18.046875
10000000,-17.765625
