steps,returns
1000000,-17.671875
2000000,-17.765625
3000000,-18.078125
4000000,-17.609375
5000000,-17.8125
6000000,-18.203125
7000000,-18.28125
8000000,-18.125
9000000,-17.765625
10000000,-18.21875
