steps,returns
10000,-500.0
20000,-463.03906
30000,-500.0
40000,-500.0
50000,-392.32812
60000,-369.78125
70000,-500.0
80000,-500.0
90000,-500.0
100000,-500.0
