steps,returns
100000.0,803.07935
200000.0,804.103
300000.0,871.1166
400000.0,981.3584
500000.0,1014.83716
600000.0,984.09875
700000.0,963.6089
800000.0,957.67896
900000.0,928.09314
1000000.0,912.89844
