steps,returns
5000,196.78906
10000,398.47656
15000,492.78906
20000,500.0
25000,500.0
30000,500.0
35000,500.0
40000,500.0
45000,500.0
50000,500.0
