steps,returns
1000000,350.0
2000000,306.64062
3000000,250.0
4000000,258.98438
5000000,356.0547
6000000,837.1094
7000000,249.21875
8000000,310.9375
9000000,239.84375
10000000,410.15625
