steps,returns
100000.0,1017.2684
200000.0,1020.0829
300000.0,1000.82886
400000.0,966.7179
500000.0,928.96936
600000.0,869.77826
700000.0,808.03784
800000.0,741.9888
900000.0,621.46173
1000000.0,639.34204
