steps,returns
1000000,-17.1875
2000000,-17.453125
3000000,-17.15625
4000000,-16.453125
5000000,-15.734375
6000000,-16.515625
7000000,-16.21875
8000000,-16.953125
9000000,-17.609375
10000000,-16.65625
