steps,returns
10000,50.46875
20000,129.28125
30000,321.90625
40000,423.73438
50000,500.0
60000,500.0
70000,205.67188
80000,500.0
90000,129.16406
100000,500.0
