steps,returns
5000,79.65625
10000,81.09375
15000,85.78906
20000,81.609375
25000,81.27344
30000,83.85156
35000,81.78125
40000,78.0
45000,78.265625
50000,79.71094
