steps,returns
5000,79.28125
10000,81.75781
15000,86.80469
20000,90.515625
25000,77.109375
30000,79.25781
35000,81.57031
40000,73.703125
45000,74.796875
50000,72.59375
