steps,returns
10000,-291.40625
20000,-407.64844
30000,-494.4453
40000,-500.0
50000,-500.0
60000,-500.0
70000,-499.98438
80000,-500.0
90000,-500.0
100000,-500.0
