steps,returns
10000,309.54688
20000,425.60156
30000,427.46094
40000,500.0
50000,395.6328
60000,460.1172
70000,23.195312
80000,500.0
90000,500.0
100000,500.0
