steps,returns
100000.0,786.8284
200000.0,1006.3634
300000.0,984.92847
400000.0,924.44727
500000.0,612.6218
600000.0,466.6436
700000.0,465.5694
800000.0,532.2438
900000.0,593.4606
1000000.0,648.7718
