steps,returns
10000,128.89844
20000,181.78125
30000,356.4375
40000,302.7422
50000,434.78125
60000,358.53125
70000,367.82812
80000,300.84375
90000,458.8047
100000,379.51562
