steps,returns
5000,92.77344
10000,94.3125
15000,93.47656
20000,91.859375
25000,91.09375
30000,85.8125
35000,83.359375
40000,69.890625
45000,61.273438
50000,52.695312
