steps,returns
5000,8.796875
10000,9.03125
15000,9.21875
20000,9.3515625
25000,9.3046875
30000,9.234375
35000,9.1796875
40000,9.359375
45000,9.4765625
50000,9.390625
