steps,returns
100000.0,452.62012
200000.0,-372.16888
300000.0,-3646.0156
400000.0,-9512.642
500000.0,-21062.59
600000.0,-35789.414
700000.0,-81997.42
800000.0,-145714.0
900000.0,-305345.38
1000000.0,-423295.4
