steps,returns
100000.0,-626.6975
200000.0,-624.75604
300000.0,-624.28455
400000.0,-604.76917
500000.0,-637.9227
600000.0,-630.347
700000.0,-657.86676
800000.0,-652.6116
900000.0,-588.22876
1000000.0,-597.54114
