steps,returns
100000.0,-1.3714771
200000.0,-1.0452654
300000.0,-1.2250705
400000.0,-1.1900086
500000.0,-1.4102043
600000.0,-2.3313336
700000.0,-3.487527
800000.0,-5.709138
900000.0,-4.891074
1000000.0,-9.198648
