steps,returns
1000000,125.0
2000000,150.0
3000000,150.0
4000000,125.0
5000000,241.60156
6000000,273.4375
7000000,235.15625
8000000,244.92188
9000000,367.57812
10000000,150.0
