steps,returns
1000000,-17.859375
2000000,-18.125
3000000,-18.046875
4000000,-17.9375
5000000,-17.96875
6000000,-18.140625
7000000,-17.984375
8000000,-18.140625
9000000,-17.75
10000000,-17.90625
