steps,returns
1000000,350.0
2000000,477.14844
3000000,478.3203
4000000,807.4219
5000000,587.5
6000000,805.66406
7000000,1661.5234
8000000,1886.7188
9000000,3168.5547
10000000,4374.0234
