steps,returns
1000000,20.3125
2000000,72.5
3000000,262.8125
4000000,194.84375
5000000,447.1875
6000000,44.375
7000000,43.125
8000000,469.6875
9000000,216.5625
10000000,129.21875
