steps,returns
10000,-500.0
20000,-500.0
30000,-488.51562
40000,-484.2578
50000,-500.0
60000,-126.52344
70000,-208.89062
80000,-500.0
90000,-500.0
100000,-500.0
