steps,returns
100000.0,1023.1565
200000.0,979.2007
300000.0,912.30444
400000.0,841.2897
500000.0,763.2235
600000.0,727.01685
700000.0,697.4381
800000.0,717.3598
900000.0,692.24335
1000000.0,697.75836
