{"config": {"hp_config.clip_eps": 0.15222318217368913, "hp_config.ent_coef": 0.4989811256643367, "hp_config.gae_lambda": 0.8724015928819839, "hp_config.learning_rate": 0.00022555099436460477, "hp_config.max_grad_norm": 0.37824517492346177, "hp_config.minibatch_size": 512, "hp_config.normalize_advantage": true, "hp_config.vf_clip_eps": 0.16399400045403983, "hp_config.vf_coef": 0.6803486660150015}, "score": -11062.34375, "budget_used": 128, "total_wallclock_time": -4424.857177495956, "total_optimization_time": 0.01057291030883789}
