steps,returns
5000,211.51562
10000,469.52344
15000,499.26562
20000,470.91406
25000,434.5547
30000,402.82812
35000,369.28906
40000,368.1172
45000,371.26562
50000,369.1328
