steps,returns
1000000,-17.65625
2000000,-17.546875
3000000,-17.953125
4000000,-17.84375
5000000,-17.9375
6000000,-17.921875
7000000,-17.953125
8000000,-18.0625
9000000,-17.984375
10000000,-17.96875
