steps,returns
1000000,28.59375
2000000,16.875
3000000,28.4375
4000000,17.8125
5000000,16.09375
6000000,49.53125
7000000,17.1875
8000000,17.34375
9000000,28.125
10000000,49.0625
