steps,returns
1000000,125.0
2000000,250.0
3000000,150.0
4000000,125.0
5000000,301.5625
6000000,350.0
7000000,358.59375
8000000,375.0
9000000,445.3125
10000000,269.14062
