steps,returns
1000000,-17.984375
2000000,-18.203125
3000000,-18.609375
4000000,-17.46875
5000000,-17.390625
6000000,-18.546875
7000000,-17.859375
8000000,-17.953125
9000000,-18.140625
10000000,-18.21875
