steps,returns
1000000,17.65625
2000000,21.875
3000000,60.625
4000000,167.34375
5000000,20.46875
6000000,177.65625
7000000,136.71875
8000000,17.03125
9000000,74.0625
10000000,88.75
