steps,returns
1000000,-17.953125
2000000,-18.1875
3000000,-18.140625
4000000,-17.875
5000000,-17.71875
6000000,-17.359375
7000000,-18.265625
8000000,-17.703125
9000000,-18.09375
10000000,-17.984375
