steps,returns
100000.0,33.628075
200000.0,33.879753
300000.0,33.6929
400000.0,33.052895
500000.0,33.095768
600000.0,33.203255
700000.0,33.201485
800000.0,33.198883
900000.0,33.309494
1000000.0,33.225548
