steps,returns
1000000,230.46875
2000000,486.52344
3000000,343.9453
4000000,481.25
5000000,568.3594
6000000,492.96875
7000000,719.33594
8000000,520.5078
9000000,604.8828
10000000,455.07812
