steps,returns
1000000,850.97656
2000000,500.97656
3000000,649.21875
4000000,776.5625
5000000,695.7031
6000000,674.21875
7000000,3371.0938
8000000,696.875
9000000,806.83594
10000000,4056.4453
