fold,mean_squared_error,mean_absolute_error,phase_index
0,0.04030601143916125,0.12093987982933795,0
1,0.009699312135216465,0.07788676756472057,0
2,0.0058856763549821195,0.06795852470672054,0
3,0.015983628330900942,0.09158615585604427,0
4,0.048628528966876375,0.12179442943532048,0
