fold,mean_squared_error,mean_absolute_error,phase_index
0,0.013728664385052606,0.08054962584450145,0
1,0.013050289376311272,0.08674053997808673,0
2,0.02533989672189525,0.0981262375984766,0
3,0.022315125891818104,0.10168322456328913,0
4,0.05663784743660902,0.12997984287294992,0
