steps,returns
5000,130.17969
10000,62.765625
15000,94.359375
20000,103.96094
25000,423.4375
30000,97.11719
35000,92.140625
40000,92.03906
45000,91.1875
50000,100.328125
