steps,returns
100000.0,1006.2707
200000.0,1012.3893
300000.0,969.1014
400000.0,844.0471
500000.0,766.1568
600000.0,613.6661
700000.0,551.5354
800000.0,508.68942
900000.0,522.9263
1000000.0,508.49487
