steps,returns
100000.0,-0.3523972
200000.0,109.43823
300000.0,51.477352
400000.0,27.075666
500000.0,20.833136
600000.0,25.648348
700000.0,115.106865
800000.0,159.04803
900000.0,125.98701
1000000.0,124.95241
