steps,returns
100000.0,18.19961
200000.0,-394.43396
300000.0,-811.263
400000.0,-1633.5272
500000.0,-7693.7783
600000.0,-34238.73
700000.0,-75323.6
800000.0,-184439.66
900000.0,-376755.8
1000000.0,-867616.4
