steps,returns
100000.0,-0.9770789
200000.0,-0.061244734
300000.0,487.5051
400000.0,148.6818
500000.0,-264.21265
600000.0,-301.72968
700000.0,-275.23685
800000.0,-501.6447
900000.0,-431.2984
1000000.0,-433.90332
