steps,returns
5000,67.82031
10000,74.07031
15000,73.08594
20000,71.32031
25000,73.88281
30000,74.828125
35000,73.359375
40000,76.828125
45000,77.83594
50000,72.8125
