steps,returns
100000.0,1016.8378
200000.0,1016.53406
300000.0,1017.57025
400000.0,1009.2592
500000.0,989.37537
600000.0,974.2354
700000.0,944.16846
800000.0,902.1546
900000.0,866.56415
1000000.0,796.10486
