steps,returns
100000.0,539.54065
200000.0,488.22568
300000.0,823.22656
400000.0,873.9951
500000.0,502.76868
600000.0,839.5268
700000.0,785.38
800000.0,751.19934
900000.0,711.9203
1000000.0,703.6384
