steps,returns
100000.0,653.9091
200000.0,412.40375
300000.0,127.98614
400000.0,-1520.6521
500000.0,-5931.5024
600000.0,-3596.2285
700000.0,-1835.6311
800000.0,-12342.342
900000.0,-2525.225
1000000.0,-3276.8284
