steps,returns
1000000,306.09375
2000000,581.71875
3000000,541.3281
4000000,1065.9375
5000000,795.625
6000000,139.21875
7000000,2143.9844
8000000,2433.9062
9000000,2848.5156
10000000,3755.2344
