steps,returns
10000,352.875
20000,330.1328
30000,243.60156
40000,379.5078
50000,416.52344
60000,484.35938
70000,499.9297
80000,321.28125
90000,475.5078
100000,493.1875
