steps,returns
100000.0,405.35986
200000.0,324.3329
300000.0,305.91492
400000.0,298.43298
500000.0,293.77206
600000.0,290.34924
700000.0,282.2644
800000.0,279.0639
900000.0,281.3548
1000000.0,276.2113
