steps,returns
1000000,628.3203
2000000,948.6328
3000000,588.8672
4000000,680.66406
5000000,666.21094
6000000,714.84375
7000000,719.72656
8000000,1756.25
9000000,745.7031
10000000,737.1094
