steps,returns
1000000,-18.640625
2000000,-17.484375
3000000,-18.234375
4000000,-18.046875
5000000,-18.046875
6000000,-18.15625
7000000,-18.328125
8000000,-18.1875
9000000,-18.09375
10000000,-18.171875
