steps,returns
100000.0,0.27840945
200000.0,5.7038536
300000.0,123.3152
400000.0,172.12657
500000.0,4.81332
600000.0,71.1129
700000.0,-65.584076
800000.0,64.50134
900000.0,156.27367
1000000.0,-91.22196
