steps,returns
10000,478.1797
20000,104.984375
30000,483.96875
40000,286.77344
50000,500.0
60000,9.3515625
70000,9.2890625
80000,9.2578125
90000,9.359375
100000,9.453125
