steps,returns
10000,144.75
20000,133.03906
30000,131.41406
40000,134.66406
50000,136.00781
60000,134.55469
70000,145.53906
80000,147.07031
90000,150.6875
100000,155.42188
