steps,returns
1000000,486.95312
2000000,622.5781
3000000,736.71875
4000000,1794.4531
5000000,310.46875
6000000,756.25
7000000,2087.1094
8000000,735.7031
9000000,1442.8906
10000000,3120.625
