steps,returns
5000,90.71094
10000,78.75781
15000,86.53125
20000,85.0625
25000,80.5625
30000,86.13281
35000,82.0
40000,78.96094
45000,86.61719
50000,88.96875
