{"config": {"hp_config.clip_eps": 0.48838054409516857, "hp_config.ent_coef": 0.302422759872523, "hp_config.gae_lambda": 0.9477787895217205, "hp_config.learning_rate": 1.5701421102720535e-06, "hp_config.max_grad_norm": 0.2828069625764096, "hp_config.minibatch_size": 32, "hp_config.normalize_advantage": true, "hp_config.vf_clip_eps": 0.05936385947712203, "hp_config.vf_coef": 0.317983179393976}, "score": 64.56393432617188, "budget_used": 13, "total_wallclock_time": -159.53169894218445, "total_optimization_time": 0.008108377456665039}
{"config": {"hp_config.clip_eps": 0.16000857541123392, "hp_config.ent_coef": 0.19173194708594898, "hp_config.gae_lambda": 0.9176045909993658, "hp_config.learning_rate": 0.014296913058545252, "hp_config.max_grad_norm": 0.6289818435911487, "hp_config.minibatch_size": 128, "hp_config.normalize_advantage": true, "hp_config.vf_clip_eps": 0.39902341695628185, "hp_config.vf_coef": 0.1856359443059522}, "score": NaN, "budget_used": 26, "total_wallclock_time": -299.4786009788513, "total_optimization_time": 0.043725013732910156}
{"config": {"hp_config.clip_eps": 0.16000857541123392, "hp_config.ent_coef": 0.19173194708594898, "hp_config.gae_lambda": 0.9176045909993658, "hp_config.learning_rate": 0.014296913058545252, "hp_config.max_grad_norm": 0.6289818435911487, "hp_config.minibatch_size": 128, "hp_config.normalize_advantage": true, "hp_config.vf_clip_eps": 0.39902341695628185, "hp_config.vf_coef": 0.1856359443059522}, "score": NaN, "budget_used": 39, "total_wallclock_time": -448.7758848667145, "total_optimization_time": 0.046784162521362305}
{"config": {"hp_config.clip_eps": 0.16000857541123392, "hp_config.ent_coef": 0.19173194708594898, "hp_config.gae_lambda": 0.9176045909993658, "hp_config.learning_rate": 0.014296913058545252, "hp_config.max_grad_norm": 0.6289818435911487, "hp_config.minibatch_size": 128, "hp_config.normalize_advantage": true, "hp_config.vf_clip_eps": 0.39902341695628185, "hp_config.vf_coef": 0.1856359443059522}, "score": NaN, "budget_used": 52, "total_wallclock_time": -592.8427381515503, "total_optimization_time": 0.05059695243835449}
{"config": {"hp_config.clip_eps": 0.16000857541123392, "hp_config.ent_coef": 0.19173194708594898, "hp_config.gae_lambda": 0.9176045909993658, "hp_config.learning_rate": 0.014296913058545252, "hp_config.max_grad_norm": 0.6289818435911487, "hp_config.minibatch_size": 128, "hp_config.normalize_advantage": true, "hp_config.vf_clip_eps": 0.39902341695628185, "hp_config.vf_coef": 0.1856359443059522}, "score": NaN, "budget_used": 65, "total_wallclock_time": -733.5820987224579, "total_optimization_time": 0.05368232727050781}
{"config": {"hp_config.clip_eps": 0.16000857541123392, "hp_config.ent_coef": 0.19173194708594898, "hp_config.gae_lambda": 0.9176045909993658, "hp_config.learning_rate": 0.014296913058545252, "hp_config.max_grad_norm": 0.6289818435911487, "hp_config.minibatch_size": 128, "hp_config.normalize_advantage": true, "hp_config.vf_clip_eps": 0.39902341695628185, "hp_config.vf_coef": 0.1856359443059522}, "score": NaN, "budget_used": 78, "total_wallclock_time": -874.4397842884064, "total_optimization_time": 0.05682086944580078}
{"config": {"hp_config.clip_eps": 0.16000857541123392, "hp_config.ent_coef": 0.19173194708594898, "hp_config.gae_lambda": 0.9176045909993658, "hp_config.learning_rate": 0.014296913058545252, "hp_config.max_grad_norm": 0.6289818435911487, "hp_config.minibatch_size": 128, "hp_config.normalize_advantage": true, "hp_config.vf_clip_eps": 0.39902341695628185, "hp_config.vf_coef": 0.1856359443059522}, "score": NaN, "budget_used": 91, "total_wallclock_time": -1011.4406580924988, "total_optimization_time": 0.06031680107116699}
{"config": {"hp_config.clip_eps": 0.16000857541123392, "hp_config.ent_coef": 0.19173194708594898, "hp_config.gae_lambda": 0.9176045909993658, "hp_config.learning_rate": 0.014296913058545252, "hp_config.max_grad_norm": 0.6289818435911487, "hp_config.minibatch_size": 128, "hp_config.normalize_advantage": true, "hp_config.vf_clip_eps": 0.39902341695628185, "hp_config.vf_coef": 0.1856359443059522}, "score": NaN, "budget_used": 104, "total_wallclock_time": -1150.3086466789246, "total_optimization_time": 0.08854293823242188}
{"config": {"hp_config.clip_eps": 0.16000857541123392, "hp_config.ent_coef": 0.19173194708594898, "hp_config.gae_lambda": 0.9176045909993658, "hp_config.learning_rate": 0.014296913058545252, "hp_config.max_grad_norm": 0.6289818435911487, "hp_config.minibatch_size": 128, "hp_config.normalize_advantage": true, "hp_config.vf_clip_eps": 0.39902341695628185, "hp_config.vf_coef": 0.1856359443059522}, "score": NaN, "budget_used": 117, "total_wallclock_time": -1429.1913385391235, "total_optimization_time": 0.09460973739624023}
{"config": {"hp_config.clip_eps": 0.16000857541123392, "hp_config.ent_coef": 0.19173194708594898, "hp_config.gae_lambda": 0.9176045909993658, "hp_config.learning_rate": 0.014296913058545252, "hp_config.max_grad_norm": 0.6289818435911487, "hp_config.minibatch_size": 128, "hp_config.normalize_advantage": true, "hp_config.vf_clip_eps": 0.39902341695628185, "hp_config.vf_coef": 0.1856359443059522}, "score": NaN, "budget_used": 130, "total_wallclock_time": -1576.2585277557373, "total_optimization_time": 0.09984660148620605}
{"config": {"hp_config.clip_eps": 0.16000857541123392, "hp_config.ent_coef": 0.19173194708594898, "hp_config.gae_lambda": 0.9176045909993658, "hp_config.learning_rate": 0.014296913058545252, "hp_config.max_grad_norm": 0.6289818435911487, "hp_config.minibatch_size": 128, "hp_config.normalize_advantage": true, "hp_config.vf_clip_eps": 0.39902341695628185, "hp_config.vf_coef": 0.1856359443059522}, "score": NaN, "budget_used": 143, "total_wallclock_time": -1760.6359765529633, "total_optimization_time": 0.10361957550048828}
