steps,returns
1000000,-17.03125
2000000,-17.015625
3000000,-17.3125
4000000,-17.171875
5000000,-17.40625
6000000,-17.75
7000000,-16.5
8000000,-17.5
9000000,-17.015625
10000000,-17.0
