steps,returns
10000,112.40625
20000,141.38281
30000,134.10156
40000,142.24219
50000,133.28125
60000,138.94531
70000,134.39062
80000,164.03906
90000,160.99219
100000,152.03906
