steps,returns
100000.0,473.72955
200000.0,492.69058
300000.0,510.68948
400000.0,488.84283
500000.0,627.58215
600000.0,1176.5737
700000.0,1190.4005
800000.0,1236.988
900000.0,1240.3008
1000000.0,1049.9369
