steps,returns
100000.0,814.0062
200000.0,907.03625
300000.0,927.1699
400000.0,988.66895
500000.0,1081.3188
600000.0,903.4324
700000.0,887.63776
800000.0,865.5874
900000.0,857.0397
1000000.0,834.2152
