steps,returns
100000.0,854.9318
200000.0,938.5076
300000.0,676.4553
400000.0,611.6741
500000.0,606.98486
600000.0,566.95197
700000.0,553.55176
800000.0,537.334
900000.0,531.5559
1000000.0,529.2948
