steps,returns
100000.0,21.5424
200000.0,21.18008
300000.0,21.243294
400000.0,
500000.0,
600000.0,
700000.0,
800000.0,
900000.0,
1000000.0,
