steps,returns
100000.0,283.79868
200000.0,174.44772
300000.0,159.18454
400000.0,258.21063
500000.0,247.98642
600000.0,327.5968
700000.0,695.10815
800000.0,545.65814
900000.0,690.02637
1000000.0,689.8894
