steps,returns
100000.0,675.7876
200000.0,706.69763
300000.0,590.98096
400000.0,605.0796
500000.0,537.83185
600000.0,606.0311
700000.0,849.9463
800000.0,627.61084
900000.0,593.1495
1000000.0,568.46075
