steps,returns
5000,8.9609375
10000,9.015625
15000,9.0859375
20000,9.1796875
25000,9.1953125
30000,9.234375
35000,9.296875
40000,9.328125
45000,9.203125
50000,9.3515625
