steps,returns
10000,500.0
20000,500.0
30000,500.0
40000,18.070312
50000,497.83594
60000,142.65625
70000,260.85156
80000,280.25
90000,386.5625
100000,483.28906
