steps,returns
10000,219.21875
20000,170.91406
30000,349.16406
40000,409.2422
50000,454.83594
60000,333.21875
70000,500.0
80000,500.0
90000,500.0
100000,500.0
