steps,returns
10000,114.609375
20000,123.625
30000,105.65625
40000,94.72656
50000,92.63281
60000,91.359375
70000,91.83594
80000,94.53906
90000,99.97656
100000,95.49219
