steps,returns
5000,30.804688
10000,145.60938
15000,144.60156
20000,228.76562
25000,165.05469
30000,150.71875
35000,138.125
40000,131.14844
45000,134.76562
50000,129.40625
