steps,returns
100000.0,27.135687
200000.0,28.523785
300000.0,26.936958
400000.0,28.170921
500000.0,26.612747
600000.0,27.73636
700000.0,27.969585
800000.0,28.69971
900000.0,28.532097
1000000.0,28.109762
