steps,returns
1000000,397.0703
2000000,389.0625
3000000,371.875
4000000,465.03906
5000000,314.84375
6000000,408.0078
7000000,496.48438
8000000,389.2578
9000000,121.67969
10000000,253.71094
