steps,returns
100000.0,998.8172
200000.0,919.66046
300000.0,812.1446
400000.0,589.86084
500000.0,567.60376
600000.0,541.2166
700000.0,449.03345
800000.0,369.6625
900000.0,223.24786
1000000.0,225.85022
