steps,returns
10000,435.89844
20000,271.1328
30000,439.64844
40000,232.30469
50000,500.0
60000,202.57031
70000,231.35156
80000,500.0
90000,229.13281
100000,161.5625
