steps,returns
100000.0,314.16986
200000.0,190.52443
300000.0,904.1113
400000.0,832.2953
500000.0,1075.7478
600000.0,1127.6907
700000.0,1077.7141
800000.0,1026.1017
900000.0,1048.1395
1000000.0,1161.2158
