{"config": {"hp_config.clip_eps": 0.10443837804741735, "hp_config.ent_coef": 0.08065475894249813, "hp_config.gae_lambda": 0.9305563542605332, "hp_config.learning_rate": 1.846962223200756e-05, "hp_config.max_grad_norm": 0.4663107728563063, "hp_config.minibatch_size": 32, "hp_config.normalize_advantage": true, "hp_config.vf_clip_eps": 0.05518757058215257, "hp_config.vf_coef": 0.6563295894652734}, "score": -1237.3975830078125, "budget_used": 13, "total_wallclock_time": -399.3128776550293, "total_optimization_time": 0.005906343460083008}
{"config": {"hp_config.clip_eps": 0.16000857541123392, "hp_config.ent_coef": 0.19173194708594898, "hp_config.gae_lambda": 0.9176045909993658, "hp_config.learning_rate": 0.014296913058545252, "hp_config.max_grad_norm": 0.6289818435911487, "hp_config.minibatch_size": 128, "hp_config.normalize_advantage": true, "hp_config.vf_clip_eps": 0.39902341695628185, "hp_config.vf_coef": 0.1856359443059522}, "score": NaN, "budget_used": 26, "total_wallclock_time": -720.6220760345459, "total_optimization_time": 0.05304217338562012}
{"config": {"hp_config.clip_eps": 0.16000857541123392, "hp_config.ent_coef": 0.19173194708594898, "hp_config.gae_lambda": 0.9176045909993658, "hp_config.learning_rate": 0.014296913058545252, "hp_config.max_grad_norm": 0.6289818435911487, "hp_config.minibatch_size": 128, "hp_config.normalize_advantage": true, "hp_config.vf_clip_eps": 0.39902341695628185, "hp_config.vf_coef": 0.1856359443059522}, "score": NaN, "budget_used": 39, "total_wallclock_time": -1038.7803299427032, "total_optimization_time": 0.08394026756286621}
{"config": {"hp_config.clip_eps": 0.16000857541123392, "hp_config.ent_coef": 0.19173194708594898, "hp_config.gae_lambda": 0.9176045909993658, "hp_config.learning_rate": 0.014296913058545252, "hp_config.max_grad_norm": 0.6289818435911487, "hp_config.minibatch_size": 128, "hp_config.normalize_advantage": true, "hp_config.vf_clip_eps": 0.39902341695628185, "hp_config.vf_coef": 0.1856359443059522}, "score": NaN, "budget_used": 52, "total_wallclock_time": -1377.8044064044952, "total_optimization_time": 0.11512398719787598}
{"config": {"hp_config.clip_eps": 0.16000857541123392, "hp_config.ent_coef": 0.19173194708594898, "hp_config.gae_lambda": 0.9176045909993658, "hp_config.learning_rate": 0.014296913058545252, "hp_config.max_grad_norm": 0.6289818435911487, "hp_config.minibatch_size": 128, "hp_config.normalize_advantage": true, "hp_config.vf_clip_eps": 0.39902341695628185, "hp_config.vf_coef": 0.1856359443059522}, "score": NaN, "budget_used": 65, "total_wallclock_time": -1700.6292204856873, "total_optimization_time": 0.1583695411682129}
{"config": {"hp_config.clip_eps": 0.16000857541123392, "hp_config.ent_coef": 0.19173194708594898, "hp_config.gae_lambda": 0.9176045909993658, "hp_config.learning_rate": 0.014296913058545252, "hp_config.max_grad_norm": 0.6289818435911487, "hp_config.minibatch_size": 128, "hp_config.normalize_advantage": true, "hp_config.vf_clip_eps": 0.39902341695628185, "hp_config.vf_coef": 0.1856359443059522}, "score": NaN, "budget_used": 78, "total_wallclock_time": -2017.5293271541595, "total_optimization_time": 0.19414472579956055}
{"config": {"hp_config.clip_eps": 0.16000857541123392, "hp_config.ent_coef": 0.19173194708594898, "hp_config.gae_lambda": 0.9176045909993658, "hp_config.learning_rate": 0.014296913058545252, "hp_config.max_grad_norm": 0.6289818435911487, "hp_config.minibatch_size": 128, "hp_config.normalize_advantage": true, "hp_config.vf_clip_eps": 0.39902341695628185, "hp_config.vf_coef": 0.1856359443059522}, "score": NaN, "budget_used": 91, "total_wallclock_time": -2326.1453874111176, "total_optimization_time": 0.2920694351196289}
{"config": {"hp_config.clip_eps": 0.16000857541123392, "hp_config.ent_coef": 0.19173194708594898, "hp_config.gae_lambda": 0.9176045909993658, "hp_config.learning_rate": 0.014296913058545252, "hp_config.max_grad_norm": 0.6289818435911487, "hp_config.minibatch_size": 128, "hp_config.normalize_advantage": true, "hp_config.vf_clip_eps": 0.39902341695628185, "hp_config.vf_coef": 0.1856359443059522}, "score": NaN, "budget_used": 104, "total_wallclock_time": -2660.086508989334, "total_optimization_time": 0.3284454345703125}
{"config": {"hp_config.clip_eps": 0.16000857541123392, "hp_config.ent_coef": 0.19173194708594898, "hp_config.gae_lambda": 0.9176045909993658, "hp_config.learning_rate": 0.014296913058545252, "hp_config.max_grad_norm": 0.6289818435911487, "hp_config.minibatch_size": 128, "hp_config.normalize_advantage": true, "hp_config.vf_clip_eps": 0.39902341695628185, "hp_config.vf_coef": 0.1856359443059522}, "score": NaN, "budget_used": 117, "total_wallclock_time": -2994.3821659088135, "total_optimization_time": 0.4221768379211426}
{"config": {"hp_config.clip_eps": 0.16000857541123392, "hp_config.ent_coef": 0.19173194708594898, "hp_config.gae_lambda": 0.9176045909993658, "hp_config.learning_rate": 0.014296913058545252, "hp_config.max_grad_norm": 0.6289818435911487, "hp_config.minibatch_size": 128, "hp_config.normalize_advantage": true, "hp_config.vf_clip_eps": 0.39902341695628185, "hp_config.vf_coef": 0.1856359443059522}, "score": NaN, "budget_used": 130, "total_wallclock_time": -3328.042517900467, "total_optimization_time": 0.5392870903015137}
{"config": {"hp_config.clip_eps": 0.16000857541123392, "hp_config.ent_coef": 0.19173194708594898, "hp_config.gae_lambda": 0.9176045909993658, "hp_config.learning_rate": 0.014296913058545252, "hp_config.max_grad_norm": 0.6289818435911487, "hp_config.minibatch_size": 128, "hp_config.normalize_advantage": true, "hp_config.vf_clip_eps": 0.39902341695628185, "hp_config.vf_coef": 0.1856359443059522}, "score": NaN, "budget_used": 143, "total_wallclock_time": -3658.1780347824097, "total_optimization_time": 0.7318990230560303}
