steps,returns
10000,130.0
20000,135.36719
30000,133.42188
40000,143.26562
50000,122.390625
60000,121.28125
70000,137.64844
80000,153.07812
90000,163.42188
100000,161.375
