steps,returns
100000.0,1016.83875
200000.0,992.2551
300000.0,962.0854
400000.0,924.4143
500000.0,793.55414
600000.0,705.61804
700000.0,450.58655
800000.0,248.76028
900000.0,-29.730118
1000000.0,-275.62604
