steps,returns
5000,9.5625
10000,9.46875
15000,9.4765625
20000,9.34375
25000,9.2890625
30000,9.5625
35000,9.375
40000,9.2890625
45000,9.296875
50000,9.390625
