steps,returns
1000000,596.09375
2000000,540.03906
3000000,856.25
4000000,810.35156
5000000,1979.4922
6000000,601.5625
7000000,1935.9375
8000000,3943.9453
9000000,3090.625
10000000,4374.2188
