steps,returns
100000.0,963.23755
200000.0,854.46643
300000.0,738.3224
400000.0,524.2939
500000.0,464.8152
600000.0,494.21948
700000.0,481.7523
800000.0,497.89545
900000.0,502.67093
1000000.0,929.412
