steps,returns
5000,9.21875
10000,9.2890625
15000,9.3203125
20000,9.203125
25000,9.3046875
30000,9.3046875
35000,9.375
40000,9.25
45000,9.375
50000,9.375
