steps,returns
5000,31.421875
10000,37.125
15000,43.359375
20000,48.773438
25000,51.953125
30000,55.421875
35000,53.328125
40000,53.898438
45000,54.789062
50000,56.875
