steps,returns
5000,48.90625
10000,50.5
15000,49.679688
20000,46.523438
25000,42.882812
30000,43.015625
35000,24.507812
40000,14.4609375
45000,9.3203125
50000,9.4140625
