steps,returns
100000.0,660.5977
200000.0,708.24805
300000.0,676.86194
400000.0,690.9612
500000.0,739.17456
600000.0,1017.0492
700000.0,1263.9214
800000.0,1490.8472
900000.0,1403.2385
1000000.0,1256.8817
