steps,returns
1000000,-17.765625
2000000,-17.484375
3000000,-17.4375
4000000,-16.953125
5000000,-17.125
6000000,-16.765625
7000000,-16.484375
8000000,-17.0625
9000000,-16.65625
10000000,-16.59375
