steps,returns
10000,72.77344
20000,92.00781
30000,134.79688
40000,201.04688
50000,374.54688
60000,469.16406
70000,457.6797
80000,264.95312
90000,306.1953
100000,375.48438
