steps,returns
10000,175.64062
20000,130.99219
30000,119.96875
40000,452.1953
50000,476.7578
60000,500.0
70000,472.47656
80000,191.5625
90000,246.1875
100000,215.3125
