steps,returns
10000,88.90625
20000,121.703125
30000,165.28125
40000,188.84375
50000,261.5547
60000,255.125
70000,487.98438
80000,496.33594
90000,490.9375
100000,474.1875
