steps,returns
1000000,176.36719
2000000,419.53125
3000000,503.51562
4000000,706.25
5000000,689.0625
6000000,606.0547
7000000,821.875
8000000,806.0547
9000000,1204.1016
10000000,758.59375
