steps,returns
100000.0,136.80557
200000.0,-225.66736
300000.0,55.346092
400000.0,-270.82382
500000.0,-140.30475
600000.0,16.057327
700000.0,-26.23508
800000.0,153.61163
900000.0,226.53302
1000000.0,111.354355
