steps,returns
100000.0,289.55313
200000.0,581.6769
300000.0,281.48807
400000.0,780.8303
500000.0,1083.1448
600000.0,973.462
700000.0,1026.8633
800000.0,1106.652
900000.0,1258.8298
1000000.0,977.10583
