steps,returns
100000.0,880.2319
200000.0,613.0895
300000.0,441.4543
400000.0,102.63727
500000.0,-239.59857
600000.0,-419.07327
700000.0,-722.1495
800000.0,-1652.293
900000.0,-1452.1346
1000000.0,-1332.2356
