steps,returns
1000000,50.78125
2000000,45.9375
3000000,214.375
4000000,158.4375
5000000,467.34375
6000000,17.03125
7000000,17.1875
8000000,505.0
9000000,81.09375
10000000,17.5
