steps,returns
5000,14.5234375
10000,10.796875
15000,12.46875
20000,85.546875
25000,60.960938
30000,96.08594
35000,103.15625
40000,56.078125
45000,126.25781
50000,100.52344
