steps,returns
5000,8.828125
10000,8.84375
15000,8.7890625
20000,8.859375
25000,8.8984375
30000,8.8359375
35000,9.015625
40000,8.8984375
45000,9.0
50000,8.9921875
