steps,returns
1000000,451.5625
2000000,42.5
3000000,229.375
4000000,232.8125
5000000,227.65625
6000000,110.625
7000000,302.42188
8000000,302.5
9000000,159.84375
10000000,180.78125
