steps,returns
100000.0,480.08597
200000.0,397.8585
300000.0,414.35022
400000.0,600.2672
500000.0,933.9075
600000.0,698.8701
700000.0,1043.239
800000.0,256.02176
900000.0,925.4767
1000000.0,52.772697
