steps,returns
1000000,150.0
2000000,125.0
3000000,259.76562
4000000,175.0
5000000,277.34375
6000000,275.0
7000000,283.0078
8000000,272.46094
9000000,548.2422
10000000,557.03125
