steps,returns
5000,12.5390625
10000,157.73438
15000,143.83594
20000,135.60156
25000,138.09375
30000,143.90625
35000,154.22656
40000,284.89844
45000,497.33594
50000,109.390625
