steps,returns
100000.0,-456.21484
200000.0,-465.9747
300000.0,-471.72748
400000.0,-430.45032
500000.0,-465.71805
600000.0,-434.68134
700000.0,-457.55307
800000.0,-460.25793
900000.0,-438.00977
1000000.0,-441.9176
