steps,returns
100000.0,0.85764384
200000.0,31.713346
300000.0,-268.30365
400000.0,-206.70053
500000.0,-409.71948
600000.0,-842.16846
700000.0,-957.19025
800000.0,-983.13855
900000.0,-544.4463
1000000.0,-565.2971
