steps,returns
100000.0,676.02203
200000.0,611.8224
300000.0,595.27673
400000.0,619.84424
500000.0,682.86505
600000.0,961.228
700000.0,1271.1858
800000.0,1207.3577
900000.0,1218.2421
1000000.0,1340.1365
