steps,returns
10000,112.32031
20000,371.77344
30000,377.16406
40000,263.0703
50000,182.10938
60000,293.21094
70000,375.82812
80000,436.6953
90000,491.40625
100000,470.4375
