steps,returns
1000000,-18.328125
2000000,-18.5
3000000,-18.0
4000000,-17.78125
5000000,-17.921875
6000000,-18.0
7000000,-17.9375
8000000,-17.8125
9000000,-18.125
10000000,-18.390625
