steps,returns
10000,86.00781
20000,105.36719
30000,100.02344
40000,105.91406
50000,112.53125
60000,113.140625
70000,114.625
80000,127.203125
90000,125.80469
100000,120.234375
