steps,returns
1000000,17.65625
2000000,28.75
3000000,219.21875
4000000,68.75
5000000,22.1875
6000000,147.26562
7000000,39.84375
8000000,31.875
9000000,24.6875
10000000,17.65625
