steps,returns
1000000,17.03125
2000000,50.3125
3000000,214.53125
4000000,64.375
5000000,308.67188
6000000,22.34375
7000000,105.625
8000000,17.34375
9000000,152.96875
10000000,144.84375
