steps,returns
100000,-200.0
200000,-200.0
300000,-200.0
400000,-200.0
500000,-142.85938
600000,-111.171875
700000,-110.0
800000,-105.19531
900000,-113.953125
1000000,-117.03125
