steps,returns
100000.0,674.93085
200000.0,716.07947
300000.0,636.3889
400000.0,715.92236
500000.0,763.0464
600000.0,804.1593
700000.0,884.53955
800000.0,812.38513
900000.0,654.19543
1000000.0,315.8861
