steps,returns
1000000,-18.0
2000000,-18.25
3000000,-17.984375
4000000,-17.75
5000000,-18.203125
6000000,-17.59375
7000000,-18.28125
8000000,-18.28125
9000000,-17.9375
10000000,-18.015625
