steps,returns
1000000,-17.90625
2000000,-17.703125
3000000,-18.078125
4000000,-17.65625
5000000,-17.34375
6000000,-18.03125
7000000,-18.078125
8000000,-17.8125
9000000,-17.78125
10000000,-17.5
