steps,returns
100000.0,59.180176
200000.0,57.148018
300000.0,61.198963
400000.0,60.73562
500000.0,58.251976
600000.0,56.458866
700000.0,55.806152
800000.0,62.004837
900000.0,57.252884
1000000.0,62.883915
