steps,returns
1000000,-17.75
2000000,-18.265625
3000000,-17.84375
4000000,-17.734375
5000000,-18.171875
6000000,-18.203125
7000000,-17.703125
8000000,-18.0625
9000000,-17.390625
10000000,-17.84375
