steps,returns
10000,442.04688
20000,488.78125
30000,500.0
40000,500.0
50000,500.0
60000,150.23438
70000,500.0
80000,463.4297
90000,500.0
100000,200.0
