steps,returns
10000,-455.73438
20000,-464.21875
30000,-443.97656
40000,-451.17188
50000,-461.7422
60000,-470.35938
70000,-458.10156
80000,-476.25
90000,-471.17188
100000,-464.5625
