steps,returns
100000.0,1029.1213
200000.0,1027.2018
300000.0,1023.07776
400000.0,1018.14844
500000.0,1007.63635
600000.0,998.22375
700000.0,974.1133
800000.0,947.37384
900000.0,908.2038
1000000.0,875.0178
