steps,returns
10000,77.53906
20000,97.796875
30000,143.28906
40000,231.86719
50000,392.1328
60000,425.7422
70000,397.8125
80000,275.0547
90000,249.30469
100000,462.75
