steps,returns
5000,77.67969
10000,76.49219
15000,88.42969
20000,90.609375
25000,92.75
30000,88.47656
35000,89.02344
40000,88.91406
45000,94.13281
50000,91.25781
