steps,returns
1000000,-18.09375
2000000,-17.421875
3000000,-18.296875
4000000,-17.890625
5000000,-17.875
6000000,-18.171875
7000000,-17.78125
8000000,-17.859375
9000000,-18.0625
10000000,-17.484375
