steps,returns
100000.0,635.89526
200000.0,378.2208
300000.0,-319.27063
400000.0,-1164.9907
500000.0,-2207.5034
600000.0,-6322.276
700000.0,-8025.084
800000.0,-16649.773
900000.0,-31227.477
1000000.0,-50325.555
