steps,returns
100000.0,28.419968
200000.0,27.499378
300000.0,27.080479
400000.0,26.73497
500000.0,26.66979
600000.0,26.962843
700000.0,26.825443
800000.0,26.748127
900000.0,26.825764
1000000.0,26.88752
