steps,returns
1000000,-18.03125
2000000,-18.140625
3000000,-17.71875
4000000,-17.328125
5000000,-17.78125
6000000,-18.46875
7000000,-18.0
8000000,-17.765625
9000000,-18.046875
10000000,-17.71875
