steps,returns
1000000,549.41406
2000000,561.1328
3000000,646.09375
4000000,715.2344
5000000,771.28906
6000000,364.84375
7000000,712.8906
8000000,347.46094
9000000,544.72656
10000000,1109.1797
