steps,returns
5000,8.8671875
10000,8.9140625
15000,9.0546875
20000,9.0
25000,9.21875
30000,9.1171875
35000,9.1484375
40000,9.1640625
45000,9.203125
50000,9.2734375
