steps,returns
10000,86.91406
20000,93.734375
30000,97.75781
40000,103.75
50000,136.65625
60000,149.17188
70000,135.5625
80000,126.03906
90000,119.05469
100000,124.80469
