steps,returns
10000,-500.0
20000,-490.3203
30000,-476.8047
40000,-500.0
50000,-490.21094
60000,-500.0
70000,-500.0
80000,-426.92188
90000,-500.0
100000,-500.0
