steps,returns
5000,30.890625
10000,16.820312
15000,22.3125
20000,23.601562
25000,25.453125
30000,34.851562
35000,45.09375
40000,20.15625
45000,23.914062
50000,132.51562
