steps,returns
1000000,250.0
2000000,301.95312
3000000,504.29688
4000000,695.1172
5000000,620.7031
6000000,692.96875
7000000,1048.4375
8000000,775.0
9000000,625.0
10000000,730.46875
