steps,returns
1000000,17.1875
2000000,18.75
3000000,18.125
4000000,18.125
5000000,531.3281
6000000,142.03125
7000000,28.75
8000000,469.92188
9000000,324.375
10000000,1208.2031
