steps,returns
100000.0,927.7268
200000.0,755.67535
300000.0,700.90515
400000.0,844.4088
500000.0,850.593
600000.0,788.3854
700000.0,754.6466
800000.0,474.00067
900000.0,765.91797
1000000.0,742.9555
