steps,returns
5000,9.0703125
10000,9.3515625
15000,9.28125
20000,9.2578125
25000,9.4609375
30000,9.4140625
35000,9.3515625
40000,9.3203125
45000,9.34375
50000,9.4765625
