steps,returns
5000,8.890625
10000,9.0078125
15000,8.9609375
20000,9.1015625
25000,9.0390625
30000,9.109375
35000,9.015625
40000,9.140625
45000,9.1640625
50000,9.0859375
