steps,returns
100000.0,1028.3958
200000.0,1024.0664
300000.0,1023.58936
400000.0,1019.90283
500000.0,1014.9674
600000.0,1010.6697
700000.0,1000.15283
800000.0,987.7624
900000.0,968.792
1000000.0,940.30566
