steps,returns
1000000,-17.921875
2000000,-17.6875
3000000,-18.03125
4000000,-18.171875
5000000,-17.71875
6000000,-18.125
7000000,-17.984375
8000000,-17.5625
9000000,-18.1875
10000000,-18.0625
