steps,returns
10000,130.85938
20000,182.0
30000,499.78906
40000,42.6875
50000,151.04688
60000,500.0
70000,500.0
80000,500.0
90000,500.0
100000,500.0
