steps,returns
100000.0,628.4264
200000.0,479.82275
300000.0,684.065
400000.0,687.53455
500000.0,1105.596
600000.0,1115.1545
700000.0,1073.7593
800000.0,1273.4364
900000.0,1199.606
1000000.0,1151.8445
