steps,returns
1000000,-17.984375
2000000,-17.90625
3000000,-17.828125
4000000,-17.875
5000000,-18.296875
6000000,-17.828125
7000000,-17.703125
8000000,-18.171875
9000000,-17.34375
10000000,-17.3125
