steps,returns
100000.0,583.93414
200000.0,151.54709
300000.0,-71.7912
400000.0,-1911.3772
500000.0,-4046.7786
600000.0,-2130.5693
700000.0,-2054.2258
800000.0,-1846.386
900000.0,-1846.586
1000000.0,-1863.0697
