steps,returns
5000,9.4296875
10000,9.4765625
15000,11.421875
20000,30.617188
25000,64.41406
30000,177.07812
35000,54.710938
40000,70.53906
45000,55.984375
50000,76.109375
