steps,returns
1000000,-17.328125
2000000,-17.828125
3000000,-17.84375
4000000,-17.65625
5000000,-17.546875
6000000,-18.015625
7000000,-18.0
8000000,-18.15625
9000000,-18.15625
10000000,-18.1875
