steps,returns
1000000,17.8125
2000000,19.0625
3000000,16.875
4000000,163.59375
5000000,394.6875
6000000,265.3125
7000000,87.65625
8000000,252.8125
9000000,434.375
10000000,482.03125
