steps,returns
1000000,-18.171875
2000000,-17.328125
3000000,-18.078125
4000000,-17.515625
5000000,-18.25
6000000,-18.3125
7000000,-17.8125
8000000,-17.859375
9000000,-17.734375
10000000,-17.53125
