steps,returns
1000000,500.58594
2000000,661.3281
3000000,472.26562
4000000,738.8672
5000000,2933.0078
6000000,825.0
7000000,2474.414
8000000,1613.8672
9000000,1584.5703
10000000,1921.875
