steps,returns
10000,141.04688
20000,109.19531
30000,214.71875
40000,500.0
50000,353.29688
60000,500.0
70000,500.0
80000,497.85156
90000,500.0
100000,500.0
