steps,returns
100000.0,961.5918
200000.0,824.93176
300000.0,796.782
400000.0,670.4685
500000.0,200.26767
600000.0,-137.02664
700000.0,-461.24915
800000.0,-1161.3658
900000.0,-2474.5212
1000000.0,-520.431
