steps,returns
10000,436.70312
20000,500.0
30000,500.0
40000,500.0
50000,500.0
60000,500.0
70000,310.0625
80000,500.0
90000,127.00781
100000,500.0
