steps,returns
1000000,453.51562
2000000,315.03906
3000000,154.29688
4000000,150.0
5000000,186.71875
6000000,196.875
7000000,146.09375
8000000,271.28906
9000000,150.0
10000000,421.875
