steps,returns
1000000,-17.671875
2000000,-17.578125
3000000,-17.796875
4000000,-17.421875
5000000,-18.09375
6000000,-17.640625
7000000,-18.078125
8000000,-17.609375
9000000,-17.25
10000000,-17.703125
