{"config": {"hp_config.clip_eps": 0.11154081632030916, "hp_config.ent_coef": 0.4763745057584925, "hp_config.gae_lambda": 0.8893803631856637, "hp_config.learning_rate": 0.017062527421800134, "hp_config.max_grad_norm": 0.6994792753175043, "hp_config.minibatch_size": 128, "hp_config.normalize_advantage": false, "hp_config.vf_clip_eps": 0.19825287042349232, "hp_config.vf_coef": 0.8811031971111616}, "score": 0.0, "budget_used": 128, "total_wallclock_time": -5531.392906427383, "total_optimization_time": 0.012136697769165039}
