steps,returns
10000,208.38281
20000,288.84375
30000,500.0
40000,224.29688
50000,499.91406
60000,500.0
70000,500.0
80000,500.0
90000,500.0
100000,500.0
