steps,returns
10000,65.828125
20000,68.953125
30000,64.375
40000,68.61719
50000,68.99219
60000,69.75
70000,69.27344
80000,80.796875
90000,116.03906
100000,106.75
