steps,returns
1000000,125.0
2000000,337.10938
3000000,514.84375
4000000,712.8906
5000000,500.0
6000000,622.2656
7000000,718.75
8000000,537.8906
9000000,750.0
10000000,747.65625
