steps,returns
100000.0,1178.3586
200000.0,762.86914
300000.0,707.1725
400000.0,630.84973
500000.0,672.1885
600000.0,782.9811
700000.0,778.4906
800000.0,854.17285
900000.0,833.4505
1000000.0,812.8552
