steps,returns
1000000,622.65625
2000000,404.29688
3000000,795.3125
4000000,388.8672
5000000,557.8125
6000000,493.5547
7000000,657.8125
8000000,381.25
9000000,416.9922
10000000,635.9375
