steps,returns
100000.0,853.1029
200000.0,411.20145
300000.0,635.0239
400000.0,866.6803
500000.0,536.3476
600000.0,428.05798
700000.0,466.04648
800000.0,394.3512
900000.0,661.02344
1000000.0,805.8598
