steps,returns
1000000,601.3672
2000000,476.5625
3000000,1704.4922
4000000,598.8281
5000000,554.6875
6000000,765.8203
7000000,786.71875
8000000,738.08594
9000000,759.375
10000000,703.125
