steps,returns
100000.0,1000.2987
200000.0,1016.69446
300000.0,1017.62415
400000.0,1023.70874
500000.0,1006.2501
600000.0,998.86224
700000.0,976.46185
800000.0,920.34106
900000.0,849.02954
1000000.0,791.72766
