steps,returns
100000.0,-0.28956607
200000.0,5.48244
300000.0,319.89886
400000.0,53.51534
500000.0,-11.384721
600000.0,-37.863674
700000.0,122.25429
800000.0,-195.95361
900000.0,-132.08447
1000000.0,-62.2894
