steps,returns
5000,35.585938
10000,75.265625
15000,53.382812
20000,282.1797
25000,237.16406
30000,204.20312
35000,335.57812
40000,164.27344
45000,282.1953
50000,179.71094
