steps,returns
1000000,28.90625
2000000,51.40625
3000000,17.96875
4000000,18.4375
5000000,53.90625
6000000,47.96875
7000000,49.84375
8000000,17.34375
9000000,17.96875
10000000,29.21875
