steps,returns
10000,71.77344
20000,77.88281
30000,84.61719
40000,83.4375
50000,90.0
60000,81.78906
70000,82.171875
80000,89.91406
90000,91.3125
100000,95.85156
