steps,returns
100000.0,979.74554
200000.0,806.895
300000.0,588.4114
400000.0,239.60071
500000.0,-156.82983
600000.0,200.62173
700000.0,365.92188
800000.0,176.20767
900000.0,38.580063
1000000.0,-232.68889
