steps,returns
100000.0,19.333555
200000.0,-157.72617
300000.0,-124.96764
400000.0,18.559187
500000.0,-129.93597
600000.0,-250.36932
700000.0,-527.05444
800000.0,-579.01074
900000.0,-981.78613
1000000.0,-1239.3103
