steps,returns
10000,154.42969
20000,97.99219
30000,9.2734375
40000,9.3671875
50000,9.265625
60000,9.3984375
70000,9.234375
80000,9.3671875
90000,9.3046875
100000,9.40625
