steps,returns
10000,351.03125
20000,500.0
30000,267.2578
40000,500.0
50000,484.53125
60000,500.0
70000,500.0
80000,500.0
90000,500.0
100000,500.0
