steps,returns
1000000,-18.03125
2000000,-17.015625
3000000,-17.9375
4000000,-17.78125
5000000,-18.171875
6000000,-17.953125
7000000,-17.921875
8000000,-18.109375
9000000,-18.453125
10000000,-17.890625
