steps,returns
100000.0,787.20374
200000.0,715.1631
300000.0,698.8755
400000.0,828.05664
500000.0,996.839
600000.0,942.4889
700000.0,923.8518
800000.0,896.8725
900000.0,874.48395
1000000.0,861.14
