steps,returns
100000.0,742.7974
200000.0,810.36255
300000.0,736.8738
400000.0,681.8515
500000.0,771.65753
600000.0,734.90765
700000.0,835.1725
800000.0,1021.9429
900000.0,1446.9615
1000000.0,1207.806
