steps,returns
5000,37.109375
10000,94.4375
15000,73.10156
20000,117.8125
25000,108.5625
30000,146.54688
35000,117.96875
40000,500.0
45000,138.41406
50000,155.19531
