steps,returns
5000,8.9765625
10000,9.0546875
15000,9.09375
20000,9.265625
25000,9.3515625
30000,9.296875
35000,9.2734375
40000,9.3828125
45000,9.328125
50000,9.3203125
