steps,returns
1000000,-17.484375
2000000,-17.859375
3000000,-17.875
4000000,-17.953125
5000000,-17.984375
6000000,-17.59375
7000000,-17.546875
8000000,-17.15625
9000000,-17.921875
10000000,-17.53125
