steps,returns
1000000,17.03125
2000000,27.65625
3000000,28.4375
4000000,17.8125
5000000,54.0625
6000000,17.65625
7000000,28.75
8000000,17.34375
9000000,17.5
10000000,18.4375
