steps,returns
1000000,125.0
2000000,250.0
3000000,330.85938
4000000,357.03125
5000000,650.78125
6000000,289.45312
7000000,405.46875
8000000,742.96875
9000000,787.6953
10000000,766.21094
