steps,returns
100000.0,18.108757
200000.0,17.957756
300000.0,17.852894
400000.0,17.768103
500000.0,17.804893
600000.0,
700000.0,
800000.0,
900000.0,
1000000.0,
