steps,returns
5000,9.3828125
10000,21.484375
15000,20.382812
20000,23.773438
25000,25.453125
30000,306.21094
35000,77.84375
40000,83.671875
45000,25.921875
50000,254.71875
