steps,returns
1000000,-17.875
2000000,-17.84375
3000000,-17.765625
4000000,-18.0
5000000,-17.765625
6000000,-17.890625
7000000,-18.5
8000000,-18.671875
9000000,-18.40625
10000000,-18.609375
