steps,returns
5000,17.851562
10000,325.5078
15000,199.32031
20000,198.98438
25000,155.09375
30000,143.75781
35000,189.17969
40000,181.60938
45000,103.9375
50000,25.609375
