steps,returns
10000,500.0
20000,134.10938
30000,65.53125
40000,500.0
50000,500.0
60000,41.765625
70000,500.0
80000,30.0
90000,280.73438
100000,499.75
