fold,mean_squared_error,mean_absolute_error,phase_index
0,0.020886083905774396,0.13438095416259385,0
1,0.018767361650888697,0.11789903834883916,0
2,0.023663625305126182,0.1418986620652232,0
3,0.026552527029329354,0.15097119600524203,0
4,0.03198608082817529,0.167273166790834,0
