fold,mean_squared_error,mean_absolute_error,phase_index
0,0.029509265209286817,0.15432837038850453,0
1,0.021991652322079416,0.13746170222737228,0
2,0.02066922691992802,0.13083536130761153,0
3,0.029004132257183127,0.15146500246063765,0
4,0.019910471109964963,0.13121975655086074,0
