steps,returns
5000,85.66406
10000,89.234375
15000,88.40625
20000,93.546875
25000,75.53906
30000,59.492188
35000,53.492188
40000,39.382812
45000,21.882812
50000,14.9453125
