steps,returns
5000,91.625
10000,135.78906
15000,97.421875
20000,126.38281
25000,134.67188
30000,500.0
35000,118.90625
40000,95.5
45000,93.42969
50000,93.38281
