steps,returns
100000.0,647.9668
200000.0,620.74756
300000.0,837.70355
400000.0,521.9858
500000.0,492.42468
600000.0,500.24057
700000.0,591.2688
800000.0,533.79675
900000.0,468.58173
1000000.0,527.94
