steps,returns
5000,9.4453125
10000,9.40625
15000,80.07031
20000,25.117188
25000,220.28906
30000,128.63281
35000,124.50781
40000,112.96094
45000,110.078125
50000,110.09375
