steps,returns
1000000,21.875
2000000,156.5625
3000000,66.09375
4000000,127.34375
5000000,127.65625
6000000,16.71875
7000000,117.65625
8000000,581.25
9000000,321.5625
10000000,454.76562
