steps,returns
1000000,17.34375
2000000,303.28125
3000000,96.40625
4000000,420.0
5000000,33.90625
6000000,17.96875
7000000,130.0
8000000,456.09375
9000000,386.40625
10000000,257.5
