steps,returns
1000000,-18.5
2000000,-17.96875
3000000,-18.09375
4000000,-17.9375
5000000,-18.234375
6000000,-18.171875
7000000,-18.1875
8000000,-18.59375
9000000,-18.1875
10000000,-18.109375
