steps,returns
5000,145.25
10000,205.57812
15000,184.89844
20000,500.0
25000,359.34375
30000,131.875
35000,74.765625
40000,500.0
45000,123.11719
50000,429.65625
