steps,returns
5000,9.0390625
10000,9.1171875
15000,9.1484375
20000,9.1796875
25000,9.453125
30000,9.4609375
35000,9.3046875
40000,9.25
45000,9.4296875
50000,9.3046875
