steps,returns
10000,-500.0
20000,-500.0
30000,-500.0
40000,-500.0
50000,-500.0
60000,-500.0
70000,-499.85938
80000,-443.26562
90000,-256.75
100000,-178.32812
