steps,returns
10000,170.94531
20000,119.21094
30000,120.50781
40000,155.40625
50000,156.0
60000,150.49219
70000,178.64062
80000,167.02344
90000,148.5625
100000,172.48438
