steps,returns
10000,-449.33594
20000,-460.53906
30000,-440.5078
40000,-454.28906
50000,-460.3047
60000,-460.96875
70000,-458.78125
80000,-450.16406
90000,-458.3203
100000,-465.35156
