steps,returns
10000,484.65625
20000,434.76562
30000,179.47656
40000,415.4297
50000,500.0
60000,234.38281
70000,499.41406
80000,343.1797
90000,187.19531
100000,175.6875
