steps,returns
5000,8.8046875
10000,8.921875
15000,9.1015625
20000,9.3203125
25000,9.296875
30000,9.2578125
35000,9.3828125
40000,9.25
45000,9.2734375
50000,9.40625
