steps,returns
5000,9.1640625
10000,9.421875
15000,9.390625
20000,9.3359375
25000,9.3125
30000,9.265625
35000,9.3359375
40000,9.4609375
45000,9.3671875
50000,9.328125
