steps,returns
10000,294.35156
20000,354.46875
30000,412.2578
40000,461.85938
50000,500.0
60000,500.0
70000,500.0
80000,500.0
90000,500.0
100000,500.0
