steps,returns
100000.0,662.5082
200000.0,639.197
300000.0,599.8624
400000.0,539.14636
500000.0,516.8501
600000.0,626.07666
700000.0,1001.95996
800000.0,596.1952
900000.0,489.10684
1000000.0,463.08524
