steps,returns
5000,12.484375
10000,95.72656
15000,100.078125
20000,139.38281
25000,500.0
30000,309.85156
35000,120.421875
40000,228.9375
45000,500.0
50000,201.04688
