steps,returns
1000000,182.96875
2000000,398.4375
3000000,146.25
4000000,305.78125
5000000,447.34375
6000000,34.84375
7000000,17.5
8000000,16.40625
9000000,40.46875
10000000,16.71875
