steps,returns
10000,467.58594
20000,144.40625
30000,256.1328
40000,294.0078
50000,334.1953
60000,336.65625
70000,385.96094
80000,345.83594
90000,452.57812
100000,240.54688
