steps,returns
1000000,-17.234375
2000000,-17.96875
3000000,-18.46875
4000000,-17.078125
5000000,-18.0625
6000000,-18.09375
7000000,-17.71875
8000000,-17.546875
9000000,-16.921875
10000000,-18.140625
