steps,returns
5000,9.2734375
10000,9.4375
15000,9.359375
20000,9.328125
25000,9.3359375
30000,10.65625
35000,12.6015625
40000,15.234375
45000,19.101562
50000,28.242188
