steps,returns
1000000,17.5
2000000,39.21875
3000000,276.5625
4000000,38.4375
5000000,19.53125
6000000,17.1875
7000000,36.875
8000000,58.75
9000000,44.84375
10000000,24.53125
