steps,returns
100000.0,1237.844
200000.0,977.53265
300000.0,896.6227
400000.0,899.43835
500000.0,843.4346
600000.0,1008.8404
700000.0,992.3646
800000.0,879.2312
900000.0,1064.7585
1000000.0,1247.783
