steps,returns
100000.0,152.50745
200000.0,149.68987
300000.0,152.15828
400000.0,150.77377
500000.0,149.86029
600000.0,150.45345
700000.0,150.68614
800000.0,151.21597
900000.0,151.67438
1000000.0,152.23744
