steps,returns
1000000,-17.734375
2000000,-17.875
3000000,-17.75
4000000,-17.890625
5000000,-18.53125
6000000,-18.3125
7000000,-17.96875
8000000,-17.578125
9000000,-17.75
10000000,-17.78125
