steps,returns
100000.0,299.10352
200000.0,698.01447
300000.0,785.2644
400000.0,746.8882
500000.0,749.00854
600000.0,903.0001
700000.0,1052.8113
800000.0,1117.8574
900000.0,1324.8055
1000000.0,1386.7646
