steps,returns
100000.0,346.18622
200000.0,-1365.133
300000.0,-849.08453
400000.0,-2373.8625
500000.0,-3195.9092
600000.0,-4435.9795
700000.0,-1027.7131
800000.0,-591.8414
900000.0,-699.57495
1000000.0,-682.7401
