steps,returns
100000.0,834.3099
200000.0,1005.69214
300000.0,836.933
400000.0,1205.3401
500000.0,883.4988
600000.0,920.0159
700000.0,819.9794
800000.0,812.14935
900000.0,774.16504
1000000.0,689.78644
