steps,returns
10000,9.328125
20000,9.2421875
30000,9.28125
40000,9.390625
50000,9.328125
60000,9.1875
70000,9.3359375
80000,9.2890625
90000,9.328125
100000,9.2734375
