steps,returns
5000,8.8125
10000,8.875
15000,8.859375
20000,9.0078125
25000,9.0859375
30000,8.9140625
35000,8.9765625
40000,9.1171875
45000,9.0546875
50000,9.21875
