steps,returns
1000000,-17.984375
2000000,-17.84375
3000000,-18.015625
4000000,-18.4375
5000000,-17.78125
6000000,-18.046875
7000000,-18.109375
8000000,-18.171875
9000000,-17.15625
10000000,-17.625
