steps,returns
100000.0,316.79095
200000.0,921.1306
300000.0,891.83417
400000.0,881.10034
500000.0,847.6976
600000.0,821.57684
700000.0,793.91516
800000.0,780.058
900000.0,786.37805
1000000.0,848.985
