steps,returns
100000.0,106.669815
200000.0,108.68529
300000.0,109.12367
400000.0,108.508255
500000.0,107.79093
600000.0,107.65158
700000.0,107.36934
800000.0,107.85029
900000.0,107.58992
1000000.0,107.611496
