steps,returns
100000.0,354.50012
200000.0,470.25018
300000.0,341.44293
400000.0,715.6499
500000.0,725.1157
600000.0,602.3849
700000.0,504.33234
800000.0,505.20392
900000.0,562.4155
1000000.0,574.0292
