steps,returns
5000,34.984375
10000,35.585938
15000,40.421875
20000,42.554688
25000,47.648438
30000,48.75
35000,52.554688
40000,46.03125
45000,52.992188
50000,52.929688
