steps,returns
5000,9.3515625
10000,16.1875
15000,18.273438
20000,42.953125
25000,104.61719
30000,54.585938
35000,87.92969
40000,86.84375
45000,84.66406
50000,124.36719
