steps,returns
100000.0,-136.6868
200000.0,-55.742416
300000.0,-28.264488
400000.0,-14.607983
500000.0,-10.263468
600000.0,-3.7006574
700000.0,1.371237
800000.0,1.1952722
900000.0,0.96631783
1000000.0,0.93258214
