steps,returns
100000.0,253.02383
200000.0,823.1562
300000.0,841.0925
400000.0,811.834
500000.0,759.2407
600000.0,753.748
700000.0,751.6797
800000.0,704.91174
900000.0,759.22894
1000000.0,773.7001
