steps,returns
1000000,-18.078125
2000000,-18.09375
3000000,-18.1875
4000000,-17.75
5000000,-18.203125
6000000,-18.078125
7000000,-18.203125
8000000,-17.703125
9000000,-18.0
10000000,-17.9375
