steps,returns
10000,479.57812
20000,426.48438
30000,202.55469
40000,196.90625
50000,327.71875
60000,196.44531
70000,500.0
80000,419.60938
90000,466.90625
100000,500.0
