steps,returns
100000.0,879.39905
200000.0,673.14966
300000.0,707.3253
400000.0,593.4138
500000.0,-6824.6494
600000.0,-4737.576
700000.0,-4361.2686
800000.0,-4131.086
900000.0,-3698.8384
1000000.0,-2728.5276
