steps,returns
100000.0,858.6207
200000.0,325.75592
300000.0,193.68526
400000.0,-151.88539
500000.0,-1528.1013
600000.0,-4582.3047
700000.0,-5730.479
800000.0,-8738.28
900000.0,-11937.252
1000000.0,-14932.08
