steps,returns
100000.0,943.37866
200000.0,794.1064
300000.0,674.30676
400000.0,519.96924
500000.0,613.4319
600000.0,585.5016
700000.0,480.81317
800000.0,512.80054
900000.0,656.7314
1000000.0,691.1016
