steps,returns
100000.0,20.841423
200000.0,17.96202
300000.0,22.422585
400000.0,10.33429
500000.0,13.41984
600000.0,22.003132
700000.0,19.889818
800000.0,19.41213
900000.0,18.747162
1000000.0,24.77939
