steps,returns
1000000,-18.28125
2000000,-18.078125
3000000,-18.046875
4000000,-18.171875
5000000,-18.109375
6000000,-17.703125
7000000,-17.890625
8000000,-17.71875
9000000,-18.359375
10000000,-17.78125
