steps,returns
1000000,275.0
2000000,250.0
3000000,281.83594
4000000,594.1406
5000000,637.1094
6000000,383.98438
7000000,726.7578
8000000,603.90625
9000000,688.47656
10000000,375.0
