steps,returns
100000.0,-6.763753
200000.0,-2.939766
300000.0,-4.4507914
400000.0,-2.400458
500000.0,-4.1354523
600000.0,
700000.0,
800000.0,
900000.0,
1000000.0,
