steps,returns
5000,9.515625
10000,60.3125
15000,17.429688
20000,60.890625
25000,14.9296875
30000,190.70312
35000,41.9375
40000,57.640625
45000,130.58594
50000,111.52344
