steps,returns
10000,109.90625
20000,109.71875
30000,103.234375
40000,112.89844
50000,122.77344
60000,110.359375
70000,122.60156
80000,129.49219
90000,140.67969
100000,141.78125
