steps,returns
5000,248.07812
10000,73.28906
15000,23.03125
20000,10.984375
25000,13.9765625
30000,117.1875
35000,12.09375
40000,10.3046875
45000,13.3046875
50000,24.5625
