steps,returns
1000000,-17.578125
2000000,-18.171875
3000000,-18.234375
4000000,-17.375
5000000,-17.421875
6000000,-17.828125
7000000,-17.53125
8000000,-17.796875
9000000,-17.125
10000000,-17.1875
