steps,returns
100000.0,446.886
200000.0,48.48925
300000.0,405.4258
400000.0,1084.2732
500000.0,1352.3739
600000.0,1786.0029
700000.0,1272.5388
800000.0,909.3996
900000.0,285.90063
1000000.0,-394.2807
