steps,returns
100000.0,389.31503
200000.0,556.11755
300000.0,578.5303
400000.0,514.2766
500000.0,371.3792
600000.0,288.74408
700000.0,772.6315
800000.0,255.79424
900000.0,142.58876
1000000.0,124.267296
