steps,returns
1000000,-18.15625
2000000,-18.046875
3000000,-18.28125
4000000,-17.859375
5000000,-17.890625
6000000,-17.96875
7000000,-17.984375
8000000,-18.734375
9000000,-18.328125
10000000,-17.65625
