steps,returns
10000,92.69531
20000,214.29688
30000,252.80469
40000,23.125
50000,360.17188
60000,500.0
70000,374.35938
80000,500.0
90000,101.94531
100000,500.0
