steps,returns
100000.0,-1.5733132
200000.0,155.85732
300000.0,-118.9932
400000.0,-259.00418
500000.0,-304.3999
600000.0,-504.52728
700000.0,-1140.9663
800000.0,-1363.2006
900000.0,-1411.314
1000000.0,-1435.8097
