steps,returns
10000,445.71875
20000,442.53125
30000,491.4297
40000,500.0
50000,500.0
60000,500.0
70000,500.0
80000,500.0
90000,500.0
100000,500.0
