steps,returns
100000.0,713.02924
200000.0,888.7112
300000.0,1051.1135
400000.0,947.8661
500000.0,1137.3447
600000.0,1004.15955
700000.0,944.3316
800000.0,946.51526
900000.0,918.11365
1000000.0,963.6891
