steps,returns
10000,-500.0
20000,-500.0
30000,-500.0
40000,-499.3828
50000,-500.0
60000,-500.0
70000,-500.0
80000,-499.17188
90000,-500.0
100000,-434.16406
