steps,returns
1000000,250.0
2000000,177.34375
3000000,175.0
4000000,656.83594
5000000,584.375
6000000,648.4375
7000000,650.0
8000000,559.1797
9000000,626.5625
10000000,706.0547
