steps,returns
10000,194.26562
20000,271.6172
30000,143.89844
40000,117.85156
50000,157.5
60000,463.5547
70000,114.39844
80000,121.71875
90000,489.22656
100000,232.5
