steps,returns
1000000,669.53125
2000000,717.1875
3000000,651.9531
4000000,633.9844
5000000,560.15625
6000000,462.6953
7000000,717.96875
8000000,668.3594
9000000,504.8828
10000000,478.125
