steps,returns
100000.0,1011.71124
200000.0,1020.81946
300000.0,1023.1549
400000.0,1026.4055
500000.0,1036.5962
600000.0,1037.5662
700000.0,1062.0646
800000.0,1039.7327
900000.0,1038.1809
1000000.0,1027.8958
