steps,returns
100000.0,1017.1068
200000.0,953.652
300000.0,765.11597
400000.0,479.88428
500000.0,189.07161
600000.0,111.38861
700000.0,53.876198
800000.0,169.50897
900000.0,-46.534977
1000000.0,-199.24158
