steps,returns
5000,19.445312
10000,77.109375
15000,259.65625
20000,303.97656
25000,136.52344
30000,99.671875
35000,115.83594
40000,132.82031
45000,118.625
50000,500.0
