steps,returns
10000,-452.4922
20000,-453.21094
30000,-440.03125
40000,-428.75
50000,-420.45312
60000,-315.125
70000,-324.28906
80000,-162.89062
90000,-204.63281
100000,-238.09375
