steps,returns
100000.0,9.324408
200000.0,8.674214
300000.0,8.479525
400000.0,8.449544
500000.0,8.563267
600000.0,8.393001
700000.0,8.353905
800000.0,8.337988
900000.0,8.35181
1000000.0,8.361028
