steps,returns
1000000,17.65625
2000000,16.875
3000000,47.03125
4000000,17.8125
5000000,280.625
6000000,17.1875
7000000,36.09375
8000000,124.84375
9000000,415.54688
10000000,85.0
