steps,returns
1000000,17.8125
2000000,17.03125
3000000,50.625
4000000,34.375
5000000,47.03125
6000000,31.40625
7000000,41.40625
8000000,27.8125
9000000,49.375
10000000,17.34375
