steps,returns
100000.0,1023.61005
200000.0,1022.51294
300000.0,1027.8784
400000.0,1022.86536
500000.0,1018.5952
600000.0,1017.3689
700000.0,1016.7854
800000.0,1011.7891
900000.0,1009.7413
1000000.0,1007.885
