steps,returns
1000000,-18.09375
2000000,-17.53125
3000000,-17.796875
4000000,-17.703125
5000000,-18.046875
6000000,-18.203125
7000000,-18.125
8000000,-18.25
9000000,-17.515625
10000000,-18.078125
