steps,returns
10000,116.97656
20000,122.640625
30000,138.33594
40000,150.67188
50000,168.05469
60000,170.77344
70000,176.17188
80000,219.14062
90000,223.14062
100000,266.1953
