steps,returns
1000000,-18.0625
2000000,-17.59375
3000000,-18.046875
4000000,-18.359375
5000000,-18.359375
6000000,-17.96875
7000000,-17.96875
8000000,-17.953125
9000000,-18.15625
10000000,-18.359375
