steps,returns
100000.0,601.92554
200000.0,671.42596
300000.0,679.2841
400000.0,720.21936
500000.0,749.67834
600000.0,1008.551
700000.0,1124.9419
800000.0,1176.5288
900000.0,1102.6038
1000000.0,1235.3733
