steps,returns
100000.0,472.46133
200000.0,445.1265
300000.0,499.7404
400000.0,534.20435
500000.0,672.15967
600000.0,675.7162
700000.0,773.5943
800000.0,679.7299
900000.0,757.5857
1000000.0,-408.19135
