steps,returns
10000,89.05469
20000,122.34375
30000,119.97656
40000,150.42969
50000,184.58594
60000,212.125
70000,258.2422
80000,298.89844
90000,328.7578
100000,351.35156
