steps,returns
1000000,49.375
2000000,50.625
3000000,17.03125
4000000,18.125
5000000,15.625
6000000,284.53125
7000000,565.5469
8000000,17.03125
9000000,552.8125
10000000,140.625
