steps,returns
5000,13.234375
10000,76.15625
15000,126.046875
20000,359.875
25000,189.86719
30000,500.0
35000,500.0
40000,104.41406
45000,120.71875
50000,131.32812
