steps,returns
1000000,125.0
2000000,275.0
3000000,340.4297
4000000,589.64844
5000000,411.52344
6000000,597.65625
7000000,773.6328
8000000,885.15625
9000000,766.0156
10000000,701.1719
