steps,returns
1000000,150.0
2000000,150.0
3000000,250.0
4000000,150.0
5000000,175.0
6000000,274.21875
7000000,307.42188
8000000,125.0
9000000,221.875
10000000,341.9922
