steps,returns
100000.0,513.4603
200000.0,507.03983
300000.0,594.1543
400000.0,592.8146
500000.0,986.8105
600000.0,985.297
700000.0,1108.7222
800000.0,1073.6984
900000.0,959.75635
1000000.0,759.13696
