steps,returns
10000,-500.0
20000,-500.0
30000,-500.0
40000,-397.16406
50000,-500.0
60000,-500.0
70000,-396.47656
80000,-500.0
90000,-500.0
100000,-500.0
