steps,returns
1000000,391.40625
2000000,691.21094
3000000,699.02344
4000000,1287.8906
5000000,752.9297
6000000,810.15625
7000000,478.71094
8000000,569.53125
9000000,684.7656
10000000,753.125
