steps,returns
100000.0,-1570.6779
200000.0,-1114.2106
300000.0,-977.8336
400000.0,-359.46295
500000.0,-541.8379
600000.0,-709.928
700000.0,-651.42267
800000.0,-396.32184
900000.0,-683.8108
1000000.0,-678.80164
