steps,returns
100000.0,463.19562
200000.0,427.42758
300000.0,400.1178
400000.0,412.0855
500000.0,427.83075
600000.0,481.92902
700000.0,533.0189
800000.0,718.4552
900000.0,887.55426
1000000.0,915.1217
