steps,returns
1000000,-17.703125
2000000,-17.953125
3000000,-17.78125
4000000,-17.546875
5000000,-17.1875
6000000,-17.515625
7000000,-17.015625
8000000,-17.25
9000000,-17.09375
10000000,-17.0
