steps,returns
100000.0,469.08777
200000.0,451.70364
300000.0,503.94965
400000.0,532.1455
500000.0,902.24207
600000.0,912.214
700000.0,827.6706
800000.0,455.83896
900000.0,148.72357
1000000.0,-853.1221
