steps,returns
100000.0,796.14154
200000.0,913.9618
300000.0,507.78445
400000.0,529.96606
500000.0,577.2574
600000.0,415.8501
700000.0,396.7071
800000.0,514.83997
900000.0,374.26007
1000000.0,818.3039
