steps,returns
100000.0,15.625256
200000.0,212.08795
300000.0,271.45895
400000.0,613.14185
500000.0,541.05615
600000.0,809.20044
700000.0,796.31683
800000.0,918.54956
900000.0,1008.73486
1000000.0,1111.2052
