steps,returns
5000,9.2890625
10000,15.8984375
15000,22.179688
20000,20.125
25000,21.828125
30000,14.7890625
35000,49.484375
40000,28.359375
45000,61.90625
50000,85.46094
