steps,returns
1000000,17.8125
2000000,17.03125
3000000,50.625
4000000,18.125
5000000,15.625
6000000,31.40625
7000000,51.71875
8000000,43.125
9000000,17.8125
10000000,49.375
