steps,returns
5000,37.703125
10000,62.664062
15000,296.03906
20000,297.65625
25000,226.61719
30000,281.14844
35000,178.17969
40000,239.8125
45000,133.70312
50000,170.05469
