steps,returns
1000000,421.09375
2000000,229.6875
3000000,215.23438
4000000,260.7422
5000000,248.4375
6000000,300.0
7000000,267.3828
8000000,305.66406
9000000,150.0
10000000,150.0
