steps,returns
5000,9.375
10000,116.109375
15000,145.71875
20000,154.85156
25000,59.132812
30000,103.83594
35000,378.5547
40000,97.765625
45000,97.84375
50000,113.42969
