steps,returns
1000000,150.0
2000000,150.0
3000000,250.0
4000000,350.0
5000000,275.0
6000000,250.0
7000000,361.91406
8000000,255.27344
9000000,383.98438
10000000,280.46875
