steps,returns
10000,-204.84375
20000,-271.71875
30000,-382.72656
40000,-458.34375
50000,-500.0
60000,-500.0
70000,-500.0
80000,-500.0
90000,-500.0
100000,-500.0
