steps,returns
1000000,250.0
2000000,390.23438
3000000,1041.4062
4000000,702.7344
5000000,902.53906
6000000,1696.0938
7000000,883.2031
8000000,948.0469
9000000,479.29688
10000000,972.85156
