steps,returns
100000.0,-2.6285963
200000.0,140.7114
300000.0,-152.27948
400000.0,-253.24979
500000.0,-376.15173
600000.0,-525.23755
700000.0,-858.3469
800000.0,-1190.2394
900000.0,-953.1058
1000000.0,-1291.7148
