steps,returns
100000.0,1024.6677
200000.0,1014.2477
300000.0,1011.2346
400000.0,996.5038
500000.0,973.5013
600000.0,950.70593
700000.0,918.2942
800000.0,873.80963
900000.0,811.4398
1000000.0,736.6338
