steps,returns
5000,89.84375
10000,48.210938
15000,21.15625
20000,12.78125
25000,31.429688
30000,9.3671875
35000,9.3671875
40000,12.4296875
45000,14.5859375
50000,17.640625
