steps,returns
5000,9.4296875
10000,23.46875
15000,18.773438
20000,15.6796875
25000,59.0
30000,93.82031
35000,238.89062
40000,121.53906
45000,138.21875
50000,150.03125
