steps,returns
100000.0,705.7281
200000.0,770.7207
300000.0,2076.6504
400000.0,1798.0897
500000.0,478.97955
600000.0,302.35547
700000.0,227.08646
800000.0,227.42442
900000.0,243.05527
1000000.0,249.98547
