steps,returns
10000,147.83594
20000,217.77344
30000,109.77344
40000,400.2578
50000,500.0
60000,380.58594
70000,467.4297
80000,356.0547
90000,298.9375
100000,172.66406
