steps,returns
10000,461.67188
20000,158.66406
30000,500.0
40000,351.10938
50000,500.0
60000,500.0
70000,500.0
80000,500.0
90000,500.0
100000,500.0
