steps,returns
1000000,-18.375
2000000,-18.0
3000000,-18.171875
4000000,-18.125
5000000,-17.765625
6000000,-17.46875
7000000,-18.0
8000000,-17.375
9000000,-18.25
10000000,-17.375
