steps,returns
10000,238.32031
20000,189.5
30000,499.3125
40000,500.0
50000,500.0
60000,500.0
70000,500.0
80000,500.0
90000,488.03125
100000,485.6953
