steps,returns
10000,399.66406
20000,372.1172
30000,383.29688
40000,441.48438
50000,459.10938
60000,500.0
70000,500.0
80000,500.0
90000,500.0
100000,500.0
