steps,returns
10000,421.7578
20000,341.53125
30000,465.72656
40000,500.0
50000,183.66406
60000,445.73438
70000,365.35938
80000,500.0
90000,500.0
100000,224.51562
