steps,returns
1000000,-17.9375
2000000,-17.96875
3000000,-18.53125
4000000,-17.671875
5000000,-17.859375
6000000,-18.359375
7000000,-17.40625
8000000,-18.28125
9000000,-18.109375
10000000,-17.640625
