steps,returns
100000.0,591.3867
200000.0,872.4491
300000.0,666.04236
400000.0,1192.7883
500000.0,1236.7285
600000.0,1182.9607
700000.0,801.95264
800000.0,368.88437
900000.0,260.49744
1000000.0,128.85904
