steps,returns
100000.0,-0.9522244
200000.0,-0.23188183
300000.0,1.0346874
400000.0,4.4233274
500000.0,622.5314
600000.0,76.13721
700000.0,9.608903
800000.0,70.275406
900000.0,33.41844
1000000.0,-34.234116
