steps,returns
5000,47.070312
10000,54.265625
15000,48.726562
20000,44.273438
25000,41.96875
30000,41.398438
35000,22.5625
40000,17.054688
45000,9.4453125
50000,9.4296875
