steps,returns
5000,80.97656
10000,79.859375
15000,82.11719
20000,65.796875
25000,55.210938
30000,52.085938
35000,50.132812
40000,48.351562
45000,42.429688
50000,39.40625
