steps,returns
100000.0,453.55865
200000.0,-207.3219
300000.0,-856.9595
400000.0,-3793.436
500000.0,-2492.3887
600000.0,-1325.4917
700000.0,-843.26196
800000.0,-704.21075
900000.0,-669.72815
1000000.0,-681.19794
