steps,returns
1000000,358.39844
2000000,451.5625
3000000,890.8203
4000000,876.7578
5000000,721.28906
6000000,1699.8047
7000000,2855.4688
8000000,2151.3672
9000000,1672.0703
10000000,1003.71094
