steps,returns
1000000,40.78125
2000000,38.90625
3000000,17.5
4000000,17.96875
5000000,15.625
6000000,49.21875
7000000,16.875
8000000,50.15625
9000000,41.875
10000000,17.96875
