steps,returns
10000,174.96875
20000,163.38281
30000,187.60156
40000,234.6875
50000,266.71875
60000,304.6172
70000,421.6328
80000,437.32812
90000,435.10938
100000,480.9453
