steps,returns
10000,144.33594
20000,153.59375
30000,490.59375
40000,486.60938
50000,202.21875
60000,127.890625
70000,217.21094
80000,224.61719
90000,460.125
100000,500.0
