steps,returns
1000000,-17.890625
2000000,-17.9375
3000000,-17.921875
4000000,-18.46875
5000000,-18.15625
6000000,-17.875
7000000,-18.125
8000000,-18.21875
9000000,-17.703125
10000000,-18.25
