steps,returns
1000000,476.40625
2000000,963.0469
3000000,1477.4219
4000000,2196.4844
5000000,1034.375
6000000,319.76562
7000000,2396.25
8000000,2915.9375
9000000,3011.4844
10000000,4937.6562
