steps,returns
1000000,-18.25
2000000,-18.75
3000000,-18.09375
4000000,-18.328125
5000000,-17.671875
6000000,-17.140625
7000000,-17.015625
8000000,-17.5625
9000000,-17.84375
10000000,-18.625
