steps,returns
100000.0,-340.34607
200000.0,-575.26013
300000.0,-694.8851
400000.0,-1445.3018
500000.0,-1572.0913
600000.0,-1839.8727
700000.0,-2315.6577
800000.0,-2601.7952
900000.0,-3229.4546
1000000.0,-3970.2864
