steps,returns
10000,215.00781
20000,156.72656
30000,376.95312
40000,500.0
50000,493.85938
60000,500.0
70000,500.0
80000,490.85938
90000,272.71875
100000,500.0
