steps,returns
10000,-500.0
20000,-500.0
30000,-500.0
40000,-500.0
50000,-497.3828
60000,-492.75
70000,-488.14844
80000,-480.35938
90000,-500.0
100000,-500.0
