steps,returns
100000.0,575.079
200000.0,937.06323
300000.0,952.76215
400000.0,576.97864
500000.0,447.1603
600000.0,384.17267
700000.0,354.09525
800000.0,330.42834
900000.0,310.70108
1000000.0,300.97067
