steps,returns
1000000,-17.6875
2000000,-17.828125
3000000,-17.53125
4000000,-17.625
5000000,-17.34375
6000000,-17.78125
7000000,-17.328125
8000000,-15.671875
9000000,-14.984375
10000000,-15.703125
