steps,returns
100000.0,1012.3641
200000.0,977.7777
300000.0,947.85156
400000.0,882.6431
500000.0,748.0179
600000.0,632.9017
700000.0,496.99533
800000.0,315.25348
900000.0,-30.522532
1000000.0,-68.7749
