steps,returns
10000,-105.13281
20000,-500.0
30000,-500.0
40000,-360.8672
50000,-500.0
60000,-317.85938
70000,-500.0
80000,-500.0
90000,-500.0
100000,-111.03125
