steps,returns
1000000,332.8125
2000000,150.0
3000000,254.29688
4000000,230.46875
5000000,282.42188
6000000,225.0
7000000,286.32812
8000000,454.10156
9000000,271.6797
10000000,299.02344
