steps,returns
1000000,577.34375
2000000,256.64062
3000000,259.375
4000000,150.0
5000000,150.0
6000000,150.0
7000000,150.0
8000000,150.0
9000000,125.0
10000000,150.0
