steps,returns
100000.0,977.6927
200000.0,957.71533
300000.0,884.6966
400000.0,810.0962
500000.0,739.6566
600000.0,1554.794
700000.0,1685.4656
800000.0,1113.2087
900000.0,-8.955325
1000000.0,-2279.9668
