steps,returns
100000.0,-189.97379
200000.0,-96.277504
300000.0,-69.58487
400000.0,-51.417965
500000.0,-38.279495
600000.0,-31.254944
700000.0,-27.048302
800000.0,-24.50808
900000.0,-22.36482
1000000.0,-21.491947
