steps,returns
100000.0,-0.3009657
200000.0,0.72834265
300000.0,1.6853685
400000.0,3.7029161
500000.0,20.610847
600000.0,617.89905
700000.0,982.55707
800000.0,30.012024
900000.0,33.995922
1000000.0,93.768326
