steps,returns
1000000,250.0
2000000,225.0
3000000,300.0
4000000,299.41406
5000000,350.0
6000000,522.85156
7000000,771.28906
8000000,747.65625
9000000,675.0
10000000,636.52344
