steps,returns
100000.0,1010.72095
200000.0,1015.6288
300000.0,1021.13806
400000.0,1018.29224
500000.0,1011.5039
600000.0,1025.615
700000.0,1016.5387
800000.0,1012.9356
900000.0,1001.2844
1000000.0,997.4942
