steps,returns
100000.0,886.9221
200000.0,547.4391
300000.0,477.57996
400000.0,319.10852
500000.0,-333.18875
600000.0,-1216.9598
700000.0,-3889.3792
800000.0,-3796.9302
900000.0,-4148.7803
1000000.0,-3962.648
