steps,returns
1000000,17.8125
2000000,42.34375
3000000,16.875
4000000,60.9375
5000000,74.0625
6000000,16.40625
7000000,18.4375
8000000,439.29688
9000000,43.75
10000000,463.35938
