steps,returns
1000000,17.8125
2000000,17.03125
3000000,24.6875
4000000,23.28125
5000000,15.625
6000000,33.4375
7000000,150.0
8000000,19.6875
9000000,323.20312
10000000,1028.75
