steps,returns
1000000,359.96094
2000000,791.40625
3000000,360.54688
4000000,584.375
5000000,705.27344
6000000,840.625
7000000,657.03125
8000000,823.8281
9000000,574.8047
10000000,561.71875
