steps,returns
5000,9.421875
10000,24.0625
15000,155.63281
20000,104.22656
25000,164.30469
30000,146.80469
35000,500.0
40000,115.08594
45000,107.671875
50000,120.99219
