steps,returns
10000,127.234375
20000,112.140625
30000,124.49219
40000,97.90625
50000,109.25781
60000,115.140625
70000,109.546875
80000,105.88281
90000,102.625
100000,101.953125
