steps,returns
10000,123.515625
20000,120.61719
30000,154.17969
40000,189.49219
50000,236.23438
60000,250.74219
70000,280.8828
80000,388.8203
90000,424.09375
100000,396.34375
