steps,returns
5000,500.0
10000,470.85938
15000,475.35156
20000,351.60156
25000,220.00781
30000,154.95312
35000,108.86719
40000,53.679688
45000,25.921875
50000,15.8828125
