steps,returns
5000,9.4609375
10000,9.453125
15000,9.375
20000,9.2734375
25000,9.3984375
30000,9.4296875
35000,9.3515625
40000,9.21875
45000,9.4453125
50000,9.296875
