steps,returns
10000,153.17969
20000,9.375
30000,195.75
40000,116.21094
50000,143.57812
60000,42.773438
70000,30.625
80000,56.359375
90000,27.414062
100000,249.83594
