steps,returns
5000,9.3203125
10000,9.375
15000,9.4140625
20000,9.1640625
25000,9.296875
30000,9.375
35000,9.2890625
40000,9.2421875
45000,9.453125
50000,9.375
