steps,returns
100000.0,540.19666
200000.0,490.44293
300000.0,1225.38
400000.0,1230.2393
500000.0,1212.3857
600000.0,1236.8525
700000.0,1330.6265
800000.0,1408.1572
900000.0,1299.9486
1000000.0,1298.168
