steps,returns
5000,9.390625
10000,9.3671875
15000,9.2734375
20000,14.7421875
25000,13.7421875
30000,14.5390625
35000,19.21875
40000,22.90625
45000,34.898438
50000,24.21875
