steps,returns
10000,248.27344
20000,253.49219
30000,190.54688
40000,500.0
50000,432.35938
60000,303.09375
70000,500.0
80000,500.0
90000,500.0
100000,500.0
