steps,returns
10000,481.54688
20000,319.8672
30000,391.02344
40000,406.3203
50000,233.27344
60000,482.2422
70000,500.0
80000,500.0
90000,500.0
100000,439.375
