steps,returns
100000.0,482.4831
200000.0,495.27362
300000.0,499.81677
400000.0,540.90466
500000.0,907.1106
600000.0,784.7264
700000.0,767.83813
800000.0,655.1006
900000.0,519.6228
1000000.0,623.53937
