steps,returns
100000.0,682.9698
200000.0,640.20917
300000.0,609.80115
400000.0,599.586
500000.0,595.61945
600000.0,591.80225
700000.0,590.8469
800000.0,589.72095
900000.0,589.02625
1000000.0,588.9276
