steps,returns
100000.0,529.51575
200000.0,498.24786
300000.0,510.4917
400000.0,464.25015
500000.0,535.677
600000.0,485.36966
700000.0,516.2405
800000.0,523.37585
900000.0,507.90988
1000000.0,551.6227
