steps,returns
1000000,-18.0625
2000000,-17.96875
3000000,-18.53125
4000000,-18.109375
5000000,-17.265625
6000000,-18.015625
7000000,-17.34375
8000000,-17.609375
9000000,-18.125
10000000,-17.703125
