steps,returns
5000,9.34375
10000,9.4140625
15000,29.734375
20000,25.46875
25000,18.890625
30000,17.09375
35000,19.070312
40000,72.390625
45000,135.03125
50000,124.00781
