steps,returns
10000,188.54688
20000,378.3125
30000,433.53906
40000,468.09375
50000,500.0
60000,500.0
70000,500.0
80000,500.0
90000,500.0
100000,500.0
