steps,returns
100000.0,928.3646
200000.0,655.1683
300000.0,753.2916
400000.0,755.49603
500000.0,738.07715
600000.0,790.9181
700000.0,845.4189
800000.0,849.91565
900000.0,847.1896
1000000.0,895.1229
