steps,returns
100000.0,-36.98734
200000.0,-574.95557
300000.0,-673.0827
400000.0,-663.6283
500000.0,-663.78235
600000.0,-658.6078
700000.0,-672.1051
800000.0,-676.46234
900000.0,-675.5381
1000000.0,-676.32104
