steps,returns
10000,-500.0
20000,-500.0
30000,-500.0
40000,-500.0
50000,-500.0
60000,-500.0
70000,-500.0
80000,-104.38281
90000,-227.60938
100000,-111.046875
