steps,returns
100000.0,-1.2898228
200000.0,-1.5077894
300000.0,-3.9450068
400000.0,44.07427
500000.0,-60.61859
600000.0,-162.11682
700000.0,-267.54352
800000.0,-325.30582
900000.0,-386.37122
1000000.0,-961.10547
