steps,returns
100000.0,639.7733
200000.0,501.08182
300000.0,515.14526
400000.0,496.57013
500000.0,506.9798
600000.0,555.09
700000.0,605.9314
800000.0,613.94434
900000.0,698.59314
1000000.0,767.976
