steps,returns
100000.0,23.476238
200000.0,0.26474315
300000.0,126.71829
400000.0,722.18066
500000.0,853.4398
600000.0,1012.597
700000.0,1106.5072
800000.0,1152.4161
900000.0,1299.1603
1000000.0,1334.7983
