steps,returns
100000.0,-671.8015
200000.0,-630.84784
300000.0,-603.60315
400000.0,-597.6878
500000.0,-592.75183
600000.0,-590.41547
700000.0,-588.35266
800000.0,-582.8815
900000.0,-583.4779
1000000.0,-576.7751
