steps,returns
10000,264.0
20000,365.07812
30000,349.625
40000,405.59375
50000,413.39844
60000,407.51562
70000,403.41406
80000,477.97656
90000,500.0
100000,500.0
