steps,returns
1000000,17.65625
2000000,27.96875
3000000,16.71875
4000000,17.8125
5000000,36.5625
6000000,43.75
7000000,43.59375
8000000,27.65625
9000000,17.34375
10000000,17.65625
