steps,returns
1000000,-18.234375
2000000,-18.171875
3000000,-18.484375
4000000,-17.75
5000000,-17.71875
6000000,-17.5625
7000000,-17.984375
8000000,-17.71875
9000000,-17.671875
10000000,-17.71875
