steps,returns
10000,499.96875
20000,480.59375
30000,497.73438
40000,500.0
50000,500.0
60000,142.74219
70000,490.52344
80000,493.83594
90000,500.0
100000,177.10938
