steps,returns
1000000,77.03125
2000000,175.9375
3000000,19.84375
4000000,417.65625
5000000,16.71875
6000000,658.0469
7000000,399.375
8000000,74.84375
9000000,834.375
10000000,723.5156
