steps,returns
100000.0,910.30225
200000.0,889.54694
300000.0,853.8449
400000.0,696.42004
500000.0,830.15173
600000.0,777.1856
700000.0,739.89056
800000.0,628.9546
900000.0,621.5066
1000000.0,597.5989
