steps,returns
1000000,125.0
2000000,150.0
3000000,150.0
4000000,150.0
5000000,337.89062
6000000,150.0
7000000,326.5625
8000000,275.0
9000000,293.75
10000000,395.70312
