steps,returns
10000,483.52344
20000,207.59375
30000,209.67969
40000,500.0
50000,498.98438
60000,486.10938
70000,494.41406
80000,299.3203
90000,420.89844
100000,499.96875
