steps,returns
100000.0,705.28125
200000.0,420.61597
300000.0,50.189625
400000.0,-257.24298
500000.0,-349.97632
600000.0,-452.29468
700000.0,-870.7018
800000.0,-1497.087
900000.0,-2823.135
1000000.0,-3342.207
