steps,returns
100000.0,418.51575
200000.0,362.46518
300000.0,669.4723
400000.0,806.2088
500000.0,827.2156
600000.0,675.0499
700000.0,743.72644
800000.0,1641.8499
900000.0,1684.019
1000000.0,2420.4248
