steps,returns
1000000,-17.734375
2000000,-18.203125
3000000,-17.484375
4000000,-17.21875
5000000,-17.265625
6000000,-17.765625
7000000,-17.5
8000000,-18.109375
9000000,-18.0625
10000000,-17.84375
