steps,returns
1000000,-17.90625
2000000,-18.109375
3000000,-18.03125
4000000,-17.78125
5000000,-17.96875
6000000,-18.109375
7000000,-18.234375
8000000,-18.09375
9000000,-18.25
10000000,-17.921875
