steps,returns
100000.0,1028.0415
200000.0,1002.66626
300000.0,965.13635
400000.0,892.15137
500000.0,817.7942
600000.0,640.3884
700000.0,500.06247
800000.0,350.9223
900000.0,-91.642944
1000000.0,-461.39484
