steps,returns
12000,-178.10938
24000,-200.0
36000,-200.0
48000,-200.0
60000,-200.0
72000,-200.0
84000,-199.6875
96000,-200.0
108000,-154.86719
120000,-166.35938
