steps,returns
1000000,-17.9375
2000000,-17.734375
3000000,-18.234375
4000000,-18.40625
5000000,-18.171875
6000000,-18.078125
7000000,-18.15625
8000000,-18.203125
9000000,-18.25
10000000,-18.0625
