steps,returns
5000,76.14844
10000,84.8125
15000,83.10156
20000,84.02344
25000,86.74219
30000,89.96875
35000,90.47656
40000,87.40625
45000,87.9375
50000,93.03906
