steps,returns
1000000,-18.21875
2000000,-17.859375
3000000,-18.15625
4000000,-18.078125
5000000,-17.609375
6000000,-17.609375
7000000,-17.859375
8000000,-18.28125
9000000,-18.03125
10000000,-17.921875
