steps,returns
10000,135.04688
20000,500.0
30000,500.0
40000,500.0
50000,500.0
60000,431.35938
70000,455.52344
80000,128.41406
90000,134.00781
100000,500.0
