steps,returns
1000000,282.6172
2000000,504.6875
3000000,632.22656
4000000,751.5625
5000000,565.2344
6000000,722.65625
7000000,3504.4922
8000000,1793.3594
9000000,3406.0547
10000000,1941.6016
