steps,returns
1000000,-17.953125
2000000,-17.96875
3000000,-17.640625
4000000,-18.015625
5000000,-17.53125
6000000,-17.859375
7000000,-17.59375
8000000,-18.296875
9000000,-17.609375
10000000,-18.0625
