steps,returns
5000,71.546875
10000,50.65625
15000,45.359375
20000,25.367188
25000,19.273438
30000,19.445312
35000,20.492188
40000,39.65625
45000,29.71875
50000,47.757812
