steps,returns
1000000,150.0
2000000,125.0
3000000,338.47656
4000000,295.89844
5000000,227.73438
6000000,365.4297
7000000,269.14062
8000000,235.35156
9000000,294.92188
10000000,225.0
