steps,returns
10000,21.601562
20000,42.625
30000,124.11719
40000,117.88281
50000,49.867188
60000,27.5
70000,70.296875
80000,9.3515625
90000,9.4765625
100000,9.90625
