steps,returns
100000.0,-0.39891392
200000.0,0.8301365
300000.0,337.60663
400000.0,21.550957
500000.0,-48.816254
600000.0,-151.07877
700000.0,-197.35004
800000.0,-255.6239
900000.0,-400.4361
1000000.0,-636.81665
