steps,returns
5000,87.609375
10000,81.46875
15000,81.890625
20000,79.234375
25000,79.69531
30000,81.02344
35000,83.35156
40000,86.8125
45000,87.078125
50000,88.296875
