steps,returns
100000.0,190.8252
200000.0,816.70544
300000.0,1034.7065
400000.0,971.10767
500000.0,775.99066
600000.0,386.60272
700000.0,-90.46501
800000.0,-1223.0259
900000.0,-3987.7656
1000000.0,-29204.447
