steps,returns
10000,335.90625
20000,437.9922
30000,422.28125
40000,425.6797
50000,421.71094
60000,500.0
70000,499.51562
80000,500.0
90000,500.0
100000,500.0
