steps,returns
10000,124.640625
20000,265.41406
30000,477.9922
40000,86.46875
50000,10.8359375
60000,12.484375
70000,500.0
80000,109.25
90000,9.34375
100000,9.2890625
