steps,returns
1000000,-18.21875
2000000,-18.484375
3000000,-18.3125
4000000,-18.328125
5000000,-17.84375
6000000,-18.0625
7000000,-17.90625
8000000,-17.703125
9000000,-18.015625
10000000,-18.015625
