steps,returns
10000,432.76562
20000,499.8828
30000,481.3203
40000,488.8828
50000,497.64062
60000,201.78125
70000,498.89062
80000,469.75
90000,192.10938
100000,194.39062
