steps,returns
100000,-200.0
200000,-194.80469
300000,-200.0
400000,-200.0
500000,-200.0
600000,-200.0
700000,-200.0
800000,-143.27344
900000,-200.0
1000000,-200.0
