steps,returns
1000000,-17.625
2000000,-17.875
3000000,-18.09375
4000000,-18.046875
5000000,-18.171875
6000000,-18.640625
7000000,-18.421875
8000000,-18.125
9000000,-17.796875
10000000,-17.65625
