steps,returns
5000,409.375
10000,499.5
15000,378.16406
20000,392.73438
25000,388.60156
30000,301.92188
35000,263.0
40000,218.76562
45000,221.88281
50000,186.29688
