steps,returns
1000000,265.8203
2000000,486.52344
3000000,279.8828
4000000,176.36719
5000000,324.02344
6000000,287.89062
7000000,382.6172
8000000,467.57812
9000000,305.46875
10000000,250.0
