steps,returns
1000000,285.35156
2000000,309.375
3000000,150.0
4000000,271.09375
5000000,455.66406
6000000,500.97656
7000000,815.625
8000000,530.46875
9000000,330.46875
10000000,75.0
