steps,returns
1000000,28.59375
2000000,40.9375
3000000,49.21875
4000000,46.71875
5000000,16.09375
6000000,17.65625
7000000,49.0625
8000000,28.59375
9000000,28.125
10000000,29.21875
