steps,returns
100000.0,164.59999
200000.0,170.6777
300000.0,174.51894
400000.0,176.09424
500000.0,177.0061
600000.0,177.77124
700000.0,178.25188
800000.0,178.21916
900000.0,179.15398
1000000.0,180.1795
