steps,returns
100000.0,799.4149
200000.0,704.2555
300000.0,764.39026
400000.0,780.3106
500000.0,808.79663
600000.0,919.8992
700000.0,943.1305
800000.0,930.05646
900000.0,917.1119
1000000.0,909.4199
