steps,returns
1000000,-17.65625
2000000,-18.234375
3000000,-17.953125
4000000,-17.6875
5000000,-17.53125
6000000,-17.984375
7000000,-17.953125
8000000,-18.34375
9000000,-17.90625
10000000,-18.359375
