steps,returns
1000000,17.34375
2000000,105.78125
3000000,404.60938
4000000,33.90625
5000000,110.0
6000000,354.14062
7000000,952.5781
8000000,1221.0938
9000000,324.375
10000000,810.46875
