steps,returns
1000000,-16.5625
2000000,-18.234375
3000000,-18.09375
4000000,-17.9375
5000000,-17.6875
6000000,-18.484375
7000000,-18.203125
8000000,-18.171875
9000000,-18.640625
10000000,-18.21875
