steps,returns
10000,-481.125
20000,-500.0
30000,-500.0
40000,-213.83594
50000,-261.17188
60000,-471.8828
70000,-500.0
80000,-500.0
90000,-500.0
100000,-500.0
