steps,returns
10000,59.898438
20000,82.703125
30000,135.91406
40000,187.24219
50000,402.1953
60000,454.1328
70000,434.71875
80000,411.54688
90000,430.8672
100000,441.9922
