steps,returns
1000000,-18.03125
2000000,-17.734375
3000000,-17.9375
4000000,-17.84375
5000000,-18.765625
6000000,-18.328125
7000000,-18.0
8000000,-18.21875
9000000,-18.109375
10000000,-17.390625
