steps,returns
100000.0,1016.4016
200000.0,1032.593
300000.0,996.6167
400000.0,997.6499
500000.0,1008.14594
600000.0,1014.5109
700000.0,1022.04736
800000.0,1064.4008
900000.0,1096.0176
1000000.0,1108.6216
