steps,returns
1000000,-18.359375
2000000,-17.4375
3000000,-18.296875
4000000,-17.9375
5000000,-17.671875
6000000,-17.5
7000000,-17.609375
8000000,-18.015625
9000000,-18.046875
10000000,-17.84375
