steps,returns
1000000,125.0
2000000,125.0
3000000,268.75
4000000,250.0
5000000,262.89062
6000000,621.28906
7000000,298.2422
8000000,525.97656
9000000,730.27344
10000000,559.7656
