steps,returns
5000,11.6015625
10000,121.515625
15000,132.89062
20000,123.3125
25000,147.96094
30000,110.890625
35000,100.6875
40000,107.140625
45000,500.0
50000,500.0
