steps,returns
5000,84.515625
10000,98.484375
15000,115.24219
20000,135.01562
25000,152.11719
30000,174.92969
35000,192.64062
40000,208.20312
45000,229.61719
50000,236.60156
