steps,returns
10000,69.21094
20000,103.77344
30000,175.02344
40000,330.85156
50000,441.72656
60000,306.01562
70000,345.0078
80000,417.28906
90000,473.66406
100000,469.32812
