steps,returns
100000.0,953.4319
200000.0,695.4045
300000.0,758.4729
400000.0,988.1979
500000.0,1019.4214
600000.0,972.6835
700000.0,972.29065
800000.0,955.7833
900000.0,886.63354
1000000.0,867.02277
