steps,returns
1000000,377.14844
2000000,419.92188
3000000,458.0078
4000000,668.16406
5000000,669.1406
6000000,796.6797
7000000,2496.289
8000000,2464.0625
9000000,1546.0938
10000000,1613.4766
