steps,returns
1000000,-18.453125
2000000,-18.21875
3000000,-17.859375
4000000,-17.59375
5000000,-17.28125
6000000,-17.859375
7000000,-17.59375
8000000,-17.4375
9000000,-18.09375
10000000,-17.640625
