steps,returns
100000.0,240.97128
200000.0,202.64395
300000.0,199.94333
400000.0,195.83037
500000.0,194.97269
600000.0,194.64761
700000.0,196.12622
800000.0,192.99307
900000.0,194.00128
1000000.0,193.0574
