steps,returns
5000,8.90625
10000,8.8671875
15000,8.8359375
20000,8.9453125
25000,8.8984375
30000,9.0234375
35000,8.9375
40000,9.046875
45000,9.0390625
50000,8.9921875
