steps,returns
10000,-450.6875
20000,-421.875
30000,-418.75
40000,-394.6328
50000,-389.48438
60000,-384.27344
70000,-391.46094
80000,-294.8828
90000,-242.24219
100000,-188.10156
