steps,returns
100000.0,92.89329
200000.0,-882.26746
300000.0,-585.1729
400000.0,-1129.4922
500000.0,-585.6481
600000.0,-676.18896
700000.0,-647.1935
800000.0,-617.3854
900000.0,-880.48926
1000000.0,-1048.1482
