steps,returns
5000,9.3359375
10000,9.296875
15000,9.4375
20000,26.046875
25000,14.734375
30000,58.8125
35000,32.445312
40000,10.34375
45000,25.148438
50000,21.671875
