steps,returns
1000000,377.73438
2000000,286.71875
3000000,995.89844
4000000,783.59375
5000000,491.60156
6000000,946.6797
7000000,909.7656
8000000,746.6797
9000000,1391.7969
10000000,943.9453
