steps,returns
100000.0,846.6123
200000.0,863.71356
300000.0,1196.3633
400000.0,1156.9211
500000.0,637.34595
600000.0,563.99
700000.0,541.9452
800000.0,1017.7269
900000.0,1025.3198
1000000.0,1000.6725
