steps,returns
5000,78.53906
10000,85.015625
15000,97.36719
20000,108.828125
25000,115.03906
30000,129.77344
35000,136.49219
40000,147.00781
45000,163.58594
50000,175.5625
