steps,returns
10000,446.42188
20000,500.0
30000,490.0625
40000,472.4922
50000,500.0
60000,500.0
70000,153.07812
80000,467.39844
90000,266.0547
100000,139.35156
