steps,returns
100000.0,889.46204
200000.0,894.57
300000.0,851.7889
400000.0,795.4678
500000.0,761.58264
600000.0,827.6013
700000.0,1055.2166
800000.0,1028.1382
900000.0,973.4578
1000000.0,859.7105
