steps,returns
12000,-200.0
24000,-200.0
36000,-200.0
48000,-200.0
60000,-198.33594
72000,-200.0
84000,-200.0
96000,-200.0
108000,-199.28906
120000,-156.21094
