steps,returns
100000.0,1022.8402
200000.0,989.345
300000.0,940.83167
400000.0,833.9453
500000.0,580.2094
600000.0,400.18124
700000.0,-47.95094
800000.0,-496.15
900000.0,-1162.61
1000000.0,-1679.0609
