steps,returns
1000000,17.8125
2000000,17.03125
3000000,41.71875
4000000,18.125
5000000,36.09375
6000000,43.90625
7000000,17.5
8000000,17.1875
9000000,17.8125
10000000,17.34375
