steps,returns
1000000,310.9375
2000000,244.92188
3000000,233.78906
4000000,435.54688
5000000,282.8125
6000000,456.0547
7000000,718.3594
8000000,595.1172
9000000,704.8828
10000000,703.125
