steps,returns
100000.0,818.0655
200000.0,999.03516
300000.0,1023.0742
400000.0,993.1406
500000.0,954.1369
600000.0,917.06433
700000.0,1010.516
800000.0,1427.8337
900000.0,1527.385
1000000.0,1291.846
