steps,returns
100000.0,132.39735
200000.0,163.08025
300000.0,186.70969
400000.0,158.87723
500000.0,183.7626
600000.0,
700000.0,
800000.0,
900000.0,
1000000.0,
