steps,returns
100000.0,876.2162
200000.0,647.4727
300000.0,676.1791
400000.0,820.0408
500000.0,832.5634
600000.0,947.15106
700000.0,936.72266
800000.0,925.6161
900000.0,917.0581
1000000.0,909.2608
