steps,returns
5000,9.4765625
10000,33.960938
15000,91.296875
20000,168.28125
25000,113.86719
30000,68.50781
35000,132.21875
40000,317.9453
45000,100.90625
50000,92.02344
