steps,returns
1000000,280.9375
2000000,167.8125
3000000,118.59375
4000000,1548.4375
5000000,360.15625
6000000,267.03125
7000000,20.78125
8000000,1388.5938
9000000,16.875
10000000,18.4375
