steps,returns
100000.0,575.8638
200000.0,244.43631
300000.0,-320.73248
400000.0,-2290.8374
500000.0,-4016.7502
600000.0,-11158.029
700000.0,-29228.324
800000.0,-113611.56
900000.0,-640260.75
1000000.0,-708134.0
