steps,returns
100000.0,998.82056
200000.0,1015.5428
300000.0,1008.908
400000.0,1009.3367
500000.0,1011.11224
600000.0,1008.0414
700000.0,1009.3164
800000.0,972.0129
900000.0,924.5879
1000000.0,836.6827
