steps,returns
10000,288.14844
20000,500.0
30000,500.0
40000,500.0
50000,500.0
60000,500.0
70000,152.41406
80000,209.96094
90000,170.03125
100000,500.0
