steps,returns
100000.0,933.1229
200000.0,978.0967
300000.0,441.52368
400000.0,177.90318
500000.0,316.53876
600000.0,657.86316
700000.0,666.27246
800000.0,692.1133
900000.0,921.0287
1000000.0,1152.9199
