steps,returns
1000000,243.35938
2000000,242.38281
3000000,221.67969
4000000,563.28125
5000000,364.0625
6000000,489.84375
7000000,742.1875
8000000,710.35156
9000000,874.41406
10000000,642.3828
