steps,returns
5000,9.3671875
10000,16.390625
15000,96.5625
20000,47.5625
25000,71.47656
30000,19.125
35000,114.484375
40000,103.49219
45000,500.0
50000,475.54688
