steps,returns
1000000,250.0
2000000,499.02344
3000000,575.0
4000000,702.14844
5000000,791.9922
6000000,623.6328
7000000,553.3203
8000000,877.7344
9000000,1017.77344
10000000,910.7422
