steps,returns
10000,69.08594
20000,112.07031
30000,191.65625
40000,395.70312
50000,490.1953
60000,475.6875
70000,423.1797
80000,458.6328
90000,439.78125
100000,449.65625
