steps,returns
100000.0,702.69775
200000.0,750.7717
300000.0,790.59924
400000.0,744.6062
500000.0,801.2975
600000.0,774.0324
700000.0,723.8574
800000.0,709.46765
900000.0,707.0783
1000000.0,713.39294
