steps,returns
10000,219.46875
20000,282.3203
30000,403.125
40000,228.5
50000,333.53906
60000,498.58594
70000,237.48438
80000,500.0
90000,500.0
100000,500.0
