steps,returns
1000000,-17.765625
2000000,-17.640625
3000000,-17.734375
4000000,-17.140625
5000000,-17.25
6000000,-18.078125
7000000,-18.40625
8000000,-18.125
9000000,-17.28125
10000000,-17.0625
