steps,returns
5000,45.320312
10000,55.460938
15000,62.476562
20000,64.21094
25000,64.453125
30000,68.34375
35000,63.59375
40000,66.21875
45000,61.515625
50000,65.55469
