steps,returns
10000,145.78125
20000,24.515625
30000,452.7422
40000,500.0
50000,34.335938
60000,500.0
70000,500.0
80000,500.0
90000,187.32812
100000,325.66406
