steps,returns
1000000,-18.15625
2000000,-17.671875
3000000,-17.5
4000000,-17.75
5000000,-18.09375
6000000,-17.4375
7000000,-17.984375
8000000,-17.9375
9000000,-18.171875
10000000,-17.84375
