steps,returns
100000.0,537.2108
200000.0,464.90903
300000.0,51.15316
400000.0,-2225.678
500000.0,-6580.7764
600000.0,-5761.4814
700000.0,-4597.5737
800000.0,-4785.144
900000.0,-4419.766
1000000.0,-4407.8633
