steps,returns
100000.0,-176.71182
200000.0,-229.51346
300000.0,-227.77396
400000.0,-227.09695
500000.0,
600000.0,
700000.0,
800000.0,
900000.0,
1000000.0,
