steps,returns
5000,42.023438
10000,49.1875
15000,55.328125
20000,55.046875
25000,55.265625
30000,53.390625
35000,49.945312
40000,45.773438
45000,43.976562
50000,41.554688
