steps,returns
5000,67.9375
10000,71.39844
15000,71.41406
20000,77.46094
25000,76.625
30000,77.50781
35000,79.38281
40000,77.35156
45000,76.25781
50000,82.625
