steps,returns
100000.0,-0.6683422
200000.0,0.40715075
300000.0,1.5763954
400000.0,4.7022023
500000.0,71.693756
600000.0,831.46387
700000.0,80.847046
800000.0,5.9190307
900000.0,25.186638
1000000.0,-31.780605
