steps,returns
1000000,17.8125
2000000,16.71875
3000000,16.875
4000000,192.34375
5000000,266.09375
6000000,16.40625
7000000,87.5
8000000,165.3125
9000000,17.5
10000000,476.5625
