steps,returns
10000,80.625
20000,72.42969
30000,130.75
40000,48.703125
50000,82.16406
60000,106.35156
70000,165.08594
80000,344.85156
90000,297.70312
100000,311.21875
