steps,returns
1000000,-17.96875
2000000,-17.296875
3000000,-16.203125
4000000,-17.15625
5000000,-16.296875
6000000,-15.859375
7000000,-16.3125
8000000,-16.234375
9000000,-13.265625
10000000,-15.453125
