steps,returns
5000,9.3984375
10000,9.390625
15000,10.0546875
20000,11.1171875
25000,20.171875
30000,207.51562
35000,45.507812
40000,179.69531
45000,139.53906
50000,144.35938
