steps,returns
5000,9.0390625
10000,9.390625
15000,9.3046875
20000,9.34375
25000,9.265625
30000,9.40625
35000,10.3359375
40000,12.5390625
45000,15.5234375
50000,26.625
