steps,returns
100000.0,-81.35522
200000.0,-392.32294
300000.0,-881.1793
400000.0,-1712.1255
500000.0,-2129.9956
600000.0,-3960.4294
700000.0,-4740.2173
800000.0,-6156.31
900000.0,-11658.124
1000000.0,-12788.55
