steps,returns
100000.0,101.73586
200000.0,95.49234
300000.0,96.110794
400000.0,105.60998
500000.0,90.40979
600000.0,85.86028
700000.0,97.107315
800000.0,89.93204
900000.0,98.610855
1000000.0,90.79993
