steps,returns
5000,9.328125
10000,59.304688
15000,239.05469
20000,322.73438
25000,474.8672
30000,251.77344
35000,228.89062
40000,198.05469
45000,341.9375
50000,500.0
