steps,returns
12000,-200.0
24000,-200.0
36000,-200.0
48000,-136.64062
60000,-200.0
72000,-200.0
84000,-200.0
96000,-111.734375
108000,-193.84375
120000,-175.4375
