steps,returns
1000000,-18.109375
2000000,-17.828125
3000000,-17.859375
4000000,-17.828125
5000000,-17.78125
6000000,-17.75
7000000,-17.53125
8000000,-17.703125
9000000,-18.0625
10000000,-17.3125
