steps,returns
100000.0,1016.48047
200000.0,1020.2206
300000.0,1018.944
400000.0,1015.74585
500000.0,1015.4664
600000.0,1014.17566
700000.0,1012.9584
800000.0,1007.45386
900000.0,1000.5438
1000000.0,992.5891
