steps,returns
100000.0,78.24987
200000.0,82.753624
300000.0,84.1004
400000.0,82.9099
500000.0,82.28185
600000.0,82.683
700000.0,82.06518
800000.0,81.48631
900000.0,82.5988
1000000.0,82.44348
