steps,returns
1000000,627.14844
2000000,526.7578
3000000,718.16406
4000000,1447.8516
5000000,594.72656
6000000,926.1719
7000000,794.1406
8000000,1860.5469
9000000,2658.789
10000000,1494.5312
