steps,returns
100000.0,532.3065
200000.0,511.18463
300000.0,389.30914
400000.0,548.7206
500000.0,174.94547
600000.0,77.11765
700000.0,-0.11793232
800000.0,-243.29639
900000.0,-319.20905
1000000.0,-248.59805
