steps,returns
1000000,-17.71875
2000000,-17.84375
3000000,-17.859375
4000000,-17.4375
5000000,-18.203125
6000000,-18.5
7000000,-18.171875
8000000,-17.890625
9000000,-18.546875
10000000,-18.296875
