steps,returns
10000,-500.0
20000,-500.0
30000,-500.0
40000,-500.0
50000,-93.96094
60000,-500.0
70000,-500.0
80000,-500.0
90000,-358.91406
100000,-500.0
