steps,returns
100000.0,346.47363
200000.0,395.25946
300000.0,416.4456
400000.0,412.48926
500000.0,411.4626
600000.0,386.41364
700000.0,424.0995
800000.0,480.86316
900000.0,534.3639
1000000.0,538.86383
