steps,returns
100000.0,1077.6526
200000.0,720.1493
300000.0,834.98315
400000.0,986.54785
500000.0,976.9192
600000.0,903.9646
700000.0,904.34106
800000.0,893.7515
900000.0,903.85406
1000000.0,1011.401
